experiment_id,parameter,count,min,max,mean,std,p01,p05,p50,p95,p99,abs_max,starting_value,ending_value
ALL,direction_state:bias,13875,-5.0,5.0,0.09571497820462202,1.1731194657802144,-4.0314563910028784,-1.4546989171177271,-0.017153652671002367,1.971620789432279,4.026442641168193,5.0,0.0,-3.192667564253746
ALL,direction_state:directional_volume,13875,-5.0,5.0,-0.09052654816980127,1.4006328453414023,-5.0,-2.895170695712536,0.0,2.016096919926272,4.1269167020151984,5.0,0.0,-0.14842081980850033
ALL,direction_state:directional_volume^2,9250,-5.0,5.0,-0.08452757049580503,1.8451843479883074,-5.0,-2.71070448480609,0.0,4.125925152679571,5.0,5.0,0.0,1.548090058016444
ALL,direction_state:directional_volume^3,4625,-5.0,5.0,1.4052853250423687,2.3111611426987015,-5.0,-3.0594332509130076,1.5578185784692151,4.970727139841809,5.0,5.0,0.0,3.766827072393174
ALL,direction_state:price_acceleration,13875,-5.0,5.0,-0.4204060617449291,1.8125554201820364,-5.0,-4.468304742337158,-0.0058634592572646815,1.9427118867864928,5.0,5.0,0.0,-0.6908233096451775
ALL,direction_state:price_acceleration^2,9250,-5.0,5.0,0.1725877824331733,2.5448912441408607,-5.0,-4.914598697778154,0.0,4.885648014756202,5.0,5.0,0.0,-1.097009628565478
ALL,direction_state:price_acceleration^3,4625,-5.0,5.0,-0.14052247632173862,3.196700105418249,-5.0,-4.99997582295294,-0.043194372113598334,5.0,5.0,5.0,0.0,-3.103744365882788
ALL,direction_state:price_displacement,13875,-5.0,5.0,0.0019592226354311565,1.5058264951757696,-5.0,-3.6776291529494354,0.19899221660741193,2.1290981472133663,5.0,5.0,0.0,-1.0162007461088844
ALL,direction_state:price_displacement^2,9250,-5.0,5.0,-0.1771817107250391,2.203618220769328,-5.0,-4.908604544673358,-0.06185600346234854,4.584485950200736,5.0,5.0,0.0,-4.074715913836864
ALL,direction_state:price_displacement^3,4625,-5.0,5.0,0.3480331875961669,2.7215356692244224,-5.0,-4.983835496086396,0.07331144639948974,4.999771762874062,5.0,5.0,0.0,-2.543480097290486
ALL,direction_state:price_velocity,13875,-5.0,5.0,-0.0001370102596353824,1.5479181611946964,-5.0,-3.7166781317955078,0.20689161689693575,2.1930342519856616,5.0,5.0,0.0,-3.0149806382518367
ALL,direction_state:price_velocity^2,9250,-5.0,5.0,-0.18322467365970904,2.2217747481980004,-5.0,-4.909765374158465,-0.06521762011351548,4.586266421438505,5.0,5.0,0.0,-4.381960780429507
ALL,direction_state:price_velocity^3,4625,-5.0,5.0,0.3563602365146555,2.768393539584671,-5.0,-4.984542661588988,0.06978301044175012,5.0,5.0,5.0,0.0,-4.444846233159644
ALL,direction_state:price_velocity_x_acceleration,13875,-5.0,5.0,-0.0027225712186342197,1.4953255134083165,-5.0,-2.8399816773146314,0.0,2.3527857996184793,5.0,5.0,0.0,-3.194321404941703
ALL,direction_state:relative_volume,13875,-5.0,5.0,-0.06901185858590819,1.1628718705412804,-4.364567984519855,-3.598315905316809,0.0,1.521362721320325,1.649978320598297,5.0,0.0,-0.10023821408496938
ALL,direction_state:relative_volume^2,9250,-0.3834040955574122,5.0,0.8586826516882285,1.695697212039399,-0.27151103037886387,-0.21293725935333838,0.0,4.7218923661855525,4.916034488894704,5.0,0.0,3.4046349588462554
ALL,direction_state:relative_volume^3,4625,-0.8449104868846922,0.11257139030131023,-0.3050665712143429,0.35708011472590867,-0.797482494030051,-0.787500500050788,-0.0006574800795277336,0.07374514889920473,0.09013103850844906,0.8449104868846922,0.0,-0.7055632522263995
ALL,direction_state:relative_volume_x_price_velocity,13875,-5.0,5.0,-0.09908491553949784,0.9859764359637707,-3.4014055110938672,-1.8589502958079385,0.0,0.6708727474906191,3.5804171235733944,5.0,0.0,0.5059857673640373
ALL,direction_state:spread,13875,0.0,0.0,0.0,0.0,0.0,0.0,0.0,0.0,0.0,0.0,0.0,0.0
ALL,direction_state:spread^2,9250,0.0,0.0,0.0,0.0,0.0,0.0,0.0,0.0,0.0,0.0,0.0,0.0
ALL,direction_state:spread^3,4625,0.0,0.0,0.0,0.0,0.0,0.0,0.0,0.0,0.0,0.0,0.0,0.0
ALL,direction_state:spread_change,13875,0.0,0.0,0.0,0.0,0.0,0.0,0.0,0.0,0.0,0.0,0.0,0.0
ALL,direction_state:spread_change^2,9250,0.0,0.0,0.0,0.0,0.0,0.0,0.0,0.0,0.0,0.0,0.0,0.0
ALL,direction_state:spread_change^3,4625,0.0,0.0,0.0,0.0,0.0,0.0,0.0,0.0,0.0,0.0,0.0,0.0
ALL,direction_state:volume_density,13875,-5.0,5.0,-0.06537016784016186,1.1671658854614122,-4.368697947879168,-3.602815002220432,0.0,1.5476499092924807,1.675341722875681,5.0,0.0,-0.07705042234286949
ALL,direction_state:volume_density^2,9250,-0.36837855538117154,5.0,0.8556304474496187,1.69220892522168,-0.26470374338294794,-0.2025203287275243,0.0,4.723148538707117,4.917127649822539,5.0,0.0,3.3846838134084534
ALL,direction_state:volume_density^3,4625,-1.0537901115176231,0.10837350032381488,-0.40744935511122193,0.46447521639020806,-1.025059213434228,-1.0015020177185778,-0.0008584229299680008,0.07168478649719408,0.0869290065934202,1.0537901115176231,0.0,-0.9284796245914637
ALL,direction_state:volume_density_x_price_displacement,13875,-5.0,5.0,-0.07564214090192116,0.9965139311599133,-3.4073578006499576,-1.8692740452677543,0.0,1.2035980352277325,3.568391989912968,5.0,0.0,1.5318058255153235
ALL,direction_state:volume_log,13875,-5.0,5.0,-0.27828887789178225,0.9883576934718455,-3.1650597070871704,-1.9875634320399793,-0.002000167668329489,0.7235022364937622,3.0366328276189463,5.0,0.0,-1.8502378518669176
ALL,direction_state:volume_log^2,9250,-0.9738223206919596,5.0,1.085598052324385,1.9913901677060004,-0.9048526036523399,-0.6519399298704375,0.0,4.746600681443148,4.838402614218674,5.0,0.0,4.67517359696773
ALL,direction_state:volume_log^3,4625,-0.35946622409158324,5.0,2.373122227417491,2.219144717075831,-0.2803853065186528,-0.2602860098661068,2.005940205611098,4.7840115999281085,4.808245794830716,5.0,0.0,4.491192021061216
ALL,direction_state:volume_log_x_price_displacement,13875,-5.0,5.0,-0.1204017871550091,1.5530492399069167,-4.740458726347162,-2.092271921061535,0.0,3.8410998341007017,4.753949008817203,5.0,0.0,2.8694859339964425
ALL,direction_state:volume_movement_abs,13875,-5.0,5.0,0.04230530323337112,1.627426523931154,-4.835224795963818,-3.9008983904274532,0.0,2.7434352184188677,5.0,5.0,0.0,-0.5480407256677396
ALL,direction_state:volume_movement_abs^2,9250,-5.0,5.0,0.1776900629665816,2.092206486094618,-5.0,-4.75760291583919,0.025363247921551774,4.882962322153663,5.0,5.0,0.0,-2.3536174781926777
ALL,direction_state:volume_movement_abs^3,4625,-5.0,5.0,0.2955466809995606,2.661921056599178,-5.0,-4.923986370903891,0.0,4.999925,5.0,5.0,0.0,-1.0707685642043443
ALL,direction_state:volume_movement_signed,13875,-5.0,5.0,-0.13420829922283084,1.3729923098165753,-4.6948144387361905,-3.4415956072323515,0.0,1.5580189098825588,4.922362249192422,5.0,0.0,-0.5480407256677396
ALL,direction_state:volume_movement_signed^2,9250,-5.0,5.0,-0.09980778125353458,2.0520701272317337,-5.0,-4.895687908296231,0.0,4.7793188526338,5.0,5.0,0.0,-2.3536174781926777
ALL,direction_state:volume_movement_signed^3,4625,-5.0,5.0,0.4905611438420485,2.5873514583765846,-5.0,-4.961275047152817,0.0,4.999254923738245,5.0,5.0,0.0,-1.0707685642043443
ALL,forward_half_life:bias,13875,-5.0,5.0,4.720655362487397,1.0599820906779367,0.0,2.9555398679367704,5.0,5.0,5.0,5.0,0.0,0.24068366543765823
ALL,forward_half_life:directional_volume,13875,-5.0,5.0,1.636258873118098,3.1923658355497264,-5.0,-5.0,1.5445212346134483,5.0,5.0,5.0,0.0,-0.026321258108273793
ALL,forward_half_life:directional_volume^2,9250,-5.0,5.0,3.5698891597455353,2.2786625882498006,-2.006547159588206,0.0,5.0,5.0,5.0,5.0,0.0,3.1111763410575866
ALL,forward_half_life:directional_volume^3,4625,-5.0,5.0,0.7732992964658945,3.5752012560285764,-5.0,-5.0,0.0,5.0,5.0,5.0,0.0,1.9102093931530186
ALL,forward_half_life:price_acceleration,13875,-5.0,5.0,-0.840008557119338,3.2844232156789084,-5.0,-5.0,-1.2529729661978637,5.0,5.0,5.0,0.0,-0.6690919217513567
ALL,forward_half_life:price_acceleration^2,9250,-5.0,5.0,4.213012908997614,2.032198946966556,-4.924514612334823,-0.12212831268572522,5.0,5.0,5.0,5.0,0.0,1.4118403139362632
ALL,forward_half_life:price_acceleration^3,4625,-5.0,5.0,-0.0703560809080244,3.8121316659428954,-5.0,-5.0,-0.17908814507099535,5.0,5.0,5.0,0.0,-2.1498478299002177
ALL,forward_half_life:price_displacement,13875,-5.0,5.0,-0.3448851120646234,3.480343959758675,-5.0,-5.0,-0.27800363432872865,5.0,5.0,5.0,0.0,-0.8819076635369324
ALL,forward_half_life:price_displacement^2,9250,-5.0,5.0,4.039390067708112,2.238171221279609,-5.0,-1.400660697130761,5.0,5.0,5.0,5.0,0.0,-3.9687617016373165
ALL,forward_half_life:price_displacement^3,4625,-5.0,5.0,0.1587160037054913,3.7793648022997655,-5.0,-5.0,0.21366772056306793,5.0,5.0,5.0,0.0,-2.0891612321301234
ALL,forward_half_life:price_velocity,13875,-5.0,5.0,-0.512216961391399,3.476293204505027,-5.0,-5.0,-0.5044668300150723,5.0,5.0,5.0,0.0,-1.6148768029433578
ALL,forward_half_life:price_velocity^2,9250,-5.0,5.0,4.008470509188808,2.3048492676454653,-5.0,-1.8005590214163976,5.0,5.0,5.0,5.0,0.0,-4.747785136398116
ALL,forward_half_life:price_velocity^3,4625,-5.0,5.0,0.15075613383518865,3.8024321514293358,-5.0,-5.0,0.18786950251338524,5.0,5.0,5.0,0.0,-4.410817496169996
ALL,forward_half_life:price_velocity_x_acceleration,13875,-5.0,5.0,1.1993288052334532,2.386163587240866,-4.990041727514466,-0.7896460800626045,0.0,5.0,5.0,5.0,0.0,-0.8712233182331698
ALL,forward_half_life:relative_volume,13875,-5.0,5.0,-3.8272611716825593,2.0731837271082054,-5.0,-5.0,-5.0,0.0,0.0,5.0,0.0,-4.378904994807906
ALL,forward_half_life:relative_volume^2,9250,-2.3774285536650934,5.0,3.490369638672126,2.1438485552752478,0.0,0.0,5.0,5.0,5.0,5.0,0.0,4.87491381429085
ALL,forward_half_life:relative_volume^3,4625,-5.0,0.0,-2.6158809755484658,2.1075937567694254,-5.0,-5.0,-2.2252516049984625,0.0,0.0,5.0,0.0,-4.9662748175113745
ALL,forward_half_life:relative_volume_x_price_velocity,13875,-5.0,5.0,0.09141583273511787,1.8488690154564618,-5.0,-3.0694240593541955,0.0,3.982471532135391,5.0,5.0,0.0,-2.3067152757410887
ALL,forward_half_life:spread,13875,0.0,0.0,0.0,0.0,0.0,0.0,0.0,0.0,0.0,0.0,0.0,0.0
ALL,forward_half_life:spread^2,9250,0.0,0.0,0.0,0.0,0.0,0.0,0.0,0.0,0.0,0.0,0.0,0.0
ALL,forward_half_life:spread^3,4625,0.0,0.0,0.0,0.0,0.0,0.0,0.0,0.0,0.0,0.0,0.0,0.0
ALL,forward_half_life:spread_change,13875,0.0,0.0,0.0,0.0,0.0,0.0,0.0,0.0,0.0,0.0,0.0,0.0
ALL,forward_half_life:spread_change^2,9250,0.0,0.0,0.0,0.0,0.0,0.0,0.0,0.0,0.0,0.0,0.0,0.0
ALL,forward_half_life:spread_change^3,4625,0.0,0.0,0.0,0.0,0.0,0.0,0.0,0.0,0.0,0.0,0.0,0.0
ALL,forward_half_life:volume_density,13875,-5.0,5.0,-3.823872700931344,2.0752430220000915,-5.0,-5.0,-5.0,0.0,0.0,5.0,0.0,-4.377669003569014
ALL,forward_half_life:volume_density^2,9250,-3.63968346093215,5.0,3.4360215914623726,2.1943652200725245,-1.0059999656727117,0.0,5.0,5.0,5.0,5.0,0.0,4.874416255905699
ALL,forward_half_life:volume_density^3,4625,-5.0,0.0,-2.5904263748417575,2.12609776474171,-5.0,-5.0,-2.092140350838991,0.0,0.0,5.0,0.0,-4.965893087547929
ALL,forward_half_life:volume_density_x_price_displacement,13875,-5.0,5.0,0.044713163190361845,1.8547111212798169,-5.0,-3.266071211819678,0.0,3.883547836909053,5.0,5.0,0.0,-3.0113929646699824
ALL,forward_half_life:volume_log,13875,-5.0,5.0,-3.7730744245997987,2.057699668623854,-5.0,-5.0,-5.0,0.0,0.0,5.0,0.0,-4.2150080532854135
ALL,forward_half_life:volume_log^2,9250,-5.0,5.0,2.670306198885861,2.4395751098696143,-3.4671578029888694,-0.7269884760552703,3.3813186560695403,5.0,5.0,5.0,0.0,1.8382137241563705
ALL,forward_half_life:volume_log^3,4625,-5.0,5.0,-1.9307036719266986,3.3505796553297262,-5.0,-5.0,-3.8098628904998018,4.018339547116031,4.4975860839554676,5.0,0.0,3.371093635507816
ALL,forward_half_life:volume_log_x_price_displacement,13875,-5.0,5.0,-0.1946503074162025,1.9228684903748523,-5.0,-4.567241949060299,0.0,3.591282088452819,5.0,5.0,0.0,-0.38834788613267446
ALL,forward_half_life:volume_movement_abs,13875,-5.0,5.0,-0.3334460070322239,3.2855542115147185,-5.0,-5.0,0.0,5.0,5.0,5.0,0.0,-0.3696939743208752
ALL,forward_half_life:volume_movement_abs^2,9250,-5.0,5.0,2.933765928521632,2.7643905954040937,-5.0,-2.2830271887291844,5.0,5.0,5.0,5.0,0.0,-2.362380154336043
ALL,forward_half_life:volume_movement_abs^3,4625,-5.0,5.0,-0.13613465518329393,3.530986236148579,-5.0,-5.0,0.0,5.0,5.0,5.0,0.0,-2.1069993075055455
ALL,forward_half_life:volume_movement_signed,13875,-5.0,5.0,-0.2703727104698564,3.197391496499565,-5.0,-5.0,0.0,5.0,5.0,5.0,0.0,-0.3696939743208752
ALL,forward_half_life:volume_movement_signed^2,9250,-5.0,5.0,3.0323724531919343,2.689913302278029,-5.0,-1.3340749360838615,5.0,5.0,5.0,5.0,0.0,-2.362380154336043
ALL,forward_half_life:volume_movement_signed^3,4625,-5.0,5.0,-0.23336534828717,3.4874737939586353,-5.0,-5.0,0.0,5.0,5.0,5.0,0.0,-2.1069993075055455
ALL,magnitude_state:bias,13875,-5.0,5.0,0.45927815423352153,1.1909243323289855,-4.00922542407632,-1.5527511248061845,0.516735123505675,2.087698349979866,4.257790822800212,5.0,0.0,2.978453340581296
ALL,magnitude_state:directional_volume,13875,-5.0,5.0,0.13039141800718246,1.3749620604591286,-4.266225497537544,-1.8623537729566684,0.0,2.9792612027940772,4.242546389674045,5.0,0.0,0.42052660719196877
ALL,magnitude_state:directional_volume^2,9250,-5.0,5.0,-0.36914768820156246,1.7275709897448102,-5.0,-3.726403268225639,0.0,1.9997292959392252,5.0,5.0,0.0,-1.7577411796636717
ALL,magnitude_state:directional_volume^3,4625,-5.0,5.0,-1.4189841518008735,2.295841572296312,-5.0,-4.971531552808362,-1.5230909331711433,3.181502061485215,5.0,5.0,0.0,-3.679651240436339
ALL,magnitude_state:price_acceleration,13875,-5.0,5.0,0.11935430641123768,1.9120899517920271,-5.0,-4.0780311736717705,0.0,4.361233573287573,5.0,5.0,0.0,0.9313310969211976
ALL,magnitude_state:price_acceleration^2,9250,-5.0,5.0,-0.06768553631180421,2.5808980611119816,-5.0,-4.91444017685066,0.0,4.890905164334055,5.0,5.0,0.0,-0.2852300690213156
ALL,magnitude_state:price_acceleration^3,4625,-5.0,5.0,0.23068497646299285,3.1937640408793855,-5.0,-5.0,0.0,5.0,5.0,5.0,0.0,2.8380097871735486
ALL,magnitude_state:price_displacement,13875,-5.0,5.0,-0.022496610993931892,1.5160577107942503,-5.0,-3.4518164199217347,-0.015290322018129902,2.721879923241476,5.0,5.0,0.0,1.2517797207447643
ALL,magnitude_state:price_displacement^2,9250,-5.0,5.0,-0.18750592450244852,2.204833980768185,-5.0,-4.884531217965279,0.14540958318837,4.034758449413635,5.0,5.0,0.0,4.0297713049983885
ALL,magnitude_state:price_displacement^3,4625,-5.0,5.0,-0.38688658857907954,2.7478235925014145,-5.0,-4.994060201022426,-0.11651494613216329,4.996459983118596,5.0,5.0,0.0,2.2618745307579937
ALL,magnitude_state:price_velocity,13875,-5.0,5.0,0.013426318208009467,1.5566647291220133,-5.0,-3.31892283829073,-0.011489764871439318,3.214861933893867,5.0,5.0,0.0,3.2810169295434437
ALL,magnitude_state:price_velocity^2,9250,-5.0,5.0,-0.18017954890743723,2.2367278442032337,-5.0,-4.885508233970091,0.1470690374176053,4.249496386931349,5.0,5.0,0.0,4.807973268550823
ALL,magnitude_state:price_velocity^3,4625,-5.0,5.0,-0.39877033330742623,2.794110055335161,-5.0,-4.997710734582745,-0.11651822253296595,4.996459983118596,5.0,5.0,0.0,4.392067719281591
ALL,magnitude_state:price_velocity_x_acceleration,13875,-5.0,5.0,-0.011867200326498281,1.536310470971349,-5.0,-3.3201429662991275,0.0,2.12183219403727,5.0,5.0,0.0,2.710111248245458
ALL,magnitude_state:relative_volume,13875,-5.0,5.0,0.26246531586205596,1.149305105508614,-1.3466106667155273,-0.8672521969820906,-0.05522605212355895,3.5693540652490348,4.384311597033471,5.0,0.0,-0.10047524652904195
ALL,magnitude_state:relative_volume^2,9250,-5.0,0.5182487543257283,-0.8918554646683469,1.6678053630711824,-4.919222279669581,-4.714362591121754,0.0,0.18107546697483956,0.33854036984655045,5.0,0.0,-3.3527687123826735
ALL,magnitude_state:relative_volume^3,4625,-0.15045494323737812,0.8801726444074924,0.31814240740417676,0.3681000121091552,-0.11559435970077948,-0.09849378748645093,0.008323717028085337,0.7975550700777396,0.8202457917660696,0.8801726444074924,0.0,0.7628770771683026
ALL,magnitude_state:relative_volume_x_price_velocity,13875,-5.0,5.0,-0.09622072219892573,1.027697318277273,-3.843868032050993,-1.7856772366607896,0.0,1.3737662427800903,3.3710048301648987,5.0,0.0,-1.5055897601062838
ALL,magnitude_state:spread,13875,0.0,0.0,0.0,0.0,0.0,0.0,0.0,0.0,0.0,0.0,0.0,0.0
ALL,magnitude_state:spread^2,9250,0.0,0.0,0.0,0.0,0.0,0.0,0.0,0.0,0.0,0.0,0.0,0.0
ALL,magnitude_state:spread^3,4625,0.0,0.0,0.0,0.0,0.0,0.0,0.0,0.0,0.0,0.0,0.0,0.0
ALL,magnitude_state:spread_change,13875,0.0,0.0,0.0,0.0,0.0,0.0,0.0,0.0,0.0,0.0,0.0,0.0
ALL,magnitude_state:spread_change^2,9250,0.0,0.0,0.0,0.0,0.0,0.0,0.0,0.0,0.0,0.0,0.0,0.0
ALL,magnitude_state:spread_change^3,4625,0.0,0.0,0.0,0.0,0.0,0.0,0.0,0.0,0.0,0.0,0.0,0.0
ALL,magnitude_state:volume_density,13875,-5.0,5.0,0.26754294839667864,1.1550653018890584,-1.3720141528632022,-0.8713883418877832,-0.053136558976861,3.5733179414709495,4.388280228985785,5.0,0.0,-0.12290824395152149
ALL,magnitude_state:volume_density^2,9250,-5.0,0.5157339632525388,-0.8920016738364487,1.6627978203315292,-4.920275290111802,-4.715551596028879,0.0,0.17813560685103036,0.3365155037300553,5.0,0.0,-3.333018946861867
ALL,magnitude_state:volume_density^3,4625,-0.14976189442642615,1.1023160687606444,0.41987704259994735,0.4754960554054165,-0.11528546791864677,-0.09838229977184047,0.010126206345888542,1.014778594674846,1.0316472325746062,1.1023160687606444,0.0,0.9808172441704027
ALL,magnitude_state:volume_density_x_price_displacement,13875,-5.0,5.0,-0.09388347946801785,1.0483961991703323,-3.8356467273072004,-1.8626262394044009,0.0,1.5752538128956137,3.377604637863547,5.0,0.0,-1.990709760361275
ALL,magnitude_state:volume_log,13875,-5.0,5.0,-0.08169043165985458,1.0165110731523532,-1.8183208786170484,-1.5037648570957995,-0.09728632470128389,1.8869341583257526,3.11443633203329,5.0,0.0,1.5746220444134502
ALL,magnitude_state:volume_log^2,9250,-5.0,0.6980535958856665,-1.169550421665153,1.9229054395570762,-4.846272637110925,-4.720972150497751,-0.049600748513377285,0.13286718701218841,0.4963266690679175,5.0,0.0,-4.683857484103421
ALL,magnitude_state:volume_log^3,4625,-5.0,0.038511744332869614,-2.246365509044442,2.1773208624338705,-4.81744090699591,-4.784768422648235,-0.7426500961219743,0.0,0.0,5.0,0.0,-4.283788930386555
ALL,magnitude_state:volume_log_x_price_displacement,13875,-5.0,5.0,-0.604268549405106,1.4058007456144204,-4.853386657775907,-4.4094548613517945,0.0,0.06202269926702177,0.941852464730589,5.0,0.0,-3.1538267504758517
ALL,magnitude_state:volume_movement_abs,13875,-5.0,5.0,0.04770077828615332,1.6273968261462077,-5.0,-3.188182738506972,0.0,2.6003549011844256,4.832271799428319,5.0,0.0,0.7349513686806289
ALL,magnitude_state:volume_movement_abs^2,9250,-5.0,5.0,-0.24657948934020957,2.0632801565014764,-5.0,-4.88142146036234,0.0,2.767143797293546,5.0,5.0,0.0,2.9068961739498267
ALL,magnitude_state:volume_movement_abs^3,4625,-5.0,5.0,-0.3417661341420641,2.628981453633561,-5.0,-4.999265877418153,0.0,4.9916479145974915,5.0,5.0,0.0,1.2921175140547894
ALL,magnitude_state:volume_movement_signed,13875,-5.0,5.0,-0.1351390151361435,1.400385127341189,-5.0,-2.848041691169143,0.0,1.679280409607355,4.822145523325728,5.0,0.0,0.7349513686806289
ALL,magnitude_state:volume_movement_signed^2,9250,-5.0,5.0,-0.2737650255883996,2.0263341486479107,-5.0,-4.885852527917243,0.0,2.9368983984095314,5.0,5.0,0.0,2.9068961739498267
ALL,magnitude_state:volume_movement_signed^3,4625,-5.0,5.0,-0.3841622424803894,2.5909935270997013,-5.0,-4.9956464234097,0.0,4.985395033817979,5.0,5.0,0.0,1.2921175140547894
ALL,observation_half_life:bias,13875,-5.0,5.0,4.463025960941828,1.4120495558226642,-1.1397775983787768,0.8993545914848056,5.0,5.0,5.0,5.0,0.0,-0.1291258484517278
ALL,observation_half_life:directional_volume,13875,-5.0,5.0,1.5492250629618645,3.0786993788221717,-5.0,-5.0,1.238038142316438,5.0,5.0,5.0,0.0,0.5750268761303304
ALL,observation_half_life:directional_volume^2,9250,-5.0,5.0,3.4642001765670476,2.277026174378829,-4.628951278361692,0.0,5.0,5.0,5.0,5.0,0.0,4.220130160816776
ALL,observation_half_life:directional_volume^3,4625,-5.0,5.0,0.7954249546467879,3.4920032449519973,-5.0,-5.0,0.0,5.0,5.0,5.0,0.0,2.5756471162771852
ALL,observation_half_life:price_acceleration,13875,-5.0,5.0,-0.717029597378795,3.268214664030577,-5.0,-5.0,-0.8858414316167904,5.0,5.0,5.0,0.0,-1.972528241097121
ALL,observation_half_life:price_acceleration^2,9250,-5.0,5.0,3.73973526438558,2.5566863524964294,-4.997551158164604,-2.7870857088385996,5.0,5.0,5.0,5.0,0.0,0.8154139678922485
ALL,observation_half_life:price_acceleration^3,4625,-5.0,5.0,0.18228128275998917,3.748097548370223,-5.0,-5.0,0.15817387171851166,5.0,5.0,5.0,0.0,-2.5936539539556316
ALL,observation_half_life:price_displacement,13875,-5.0,5.0,-0.18760912619687475,3.427826555260978,-5.0,-5.0,0.0,5.0,5.0,5.0,0.0,-1.3468477585161196
ALL,observation_half_life:price_displacement^2,9250,-5.0,5.0,3.710987297371741,2.4669086485417013,-5.0,-2.1105026113091556,5.0,5.0,5.0,5.0,0.0,-4.2004971326669
ALL,observation_half_life:price_displacement^3,4625,-5.0,5.0,-0.048793265070653825,3.7180575301519907,-5.0,-5.0,-0.09525217562324916,5.0,5.0,5.0,0.0,-1.9499090749865482
ALL,observation_half_life:price_velocity,13875,-5.0,5.0,-0.3507461147183677,3.4384744093419872,-5.0,-5.0,-0.0834686009911482,5.0,5.0,5.0,0.0,-3.8739721277658625
ALL,observation_half_life:price_velocity^2,9250,-5.0,5.0,3.708214102372812,2.488419839760108,-5.0,-2.2151390219204106,5.0,5.0,5.0,5.0,0.0,-4.342087616824164
ALL,observation_half_life:price_velocity^3,4625,-5.0,5.0,-0.03342618478370917,3.73278012496683,-5.0,-5.0,-0.06660686481490785,5.0,5.0,5.0,0.0,-4.3374700720406345
ALL,observation_half_life:price_velocity_x_acceleration,13875,-5.0,5.0,0.8189681306534213,2.314487852636993,-5.0,-1.923693014096052,0.0,5.0,5.0,5.0,0.0,-2.0479415514287878
ALL,observation_half_life:relative_volume,13875,-5.0,5.0,-3.6106846078379253,2.2383273278164753,-5.0,-5.0,-5.0,0.0,2.770725112462972,5.0,0.0,-3.3392182474989043
ALL,observation_half_life:relative_volume^2,9250,-3.6556765744791146,5.0,2.8659329935622013,2.364392010494259,-2.4442177337831166,-1.2428609342617352,3.582246991749481,5.0,5.0,5.0,0.0,-1.0427456357507574
ALL,observation_half_life:relative_volume^3,4625,-5.0,0.2554783055607557,-1.987618145292419,2.141945198825327,-5.0,-5.0,-0.874582618736937,0.0225272558480607,0.2056927016674719,5.0,0.0,-0.1363121214270642
ALL,observation_half_life:relative_volume_x_price_velocity,13875,-5.0,5.0,-0.003915522118697559,1.7288184949859344,-5.0,-3.75389976538772,0.0,3.0522100888553623,5.0,5.0,0.0,-2.8316966767404206
ALL,observation_half_life:spread,13875,0.0,0.0,0.0,0.0,0.0,0.0,0.0,0.0,0.0,0.0,0.0,0.0
ALL,observation_half_life:spread^2,9250,0.0,0.0,0.0,0.0,0.0,0.0,0.0,0.0,0.0,0.0,0.0,0.0
ALL,observation_half_life:spread^3,4625,0.0,0.0,0.0,0.0,0.0,0.0,0.0,0.0,0.0,0.0,0.0,0.0
ALL,observation_half_life:spread_change,13875,0.0,0.0,0.0,0.0,0.0,0.0,0.0,0.0,0.0,0.0,0.0,0.0
ALL,observation_half_life:spread_change^2,9250,0.0,0.0,0.0,0.0,0.0,0.0,0.0,0.0,0.0,0.0,0.0,0.0
ALL,observation_half_life:spread_change^3,4625,0.0,0.0,0.0,0.0,0.0,0.0,0.0,0.0,0.0,0.0,0.0,0.0
ALL,observation_half_life:volume_density,13875,-5.0,5.0,-3.607796901374626,2.239480318193202,-5.0,-5.0,-5.0,0.0,2.7779607160690754,5.0,0.0,-3.369041918075356
ALL,observation_half_life:volume_density^2,9250,-4.699106320916156,5.0,2.752222996684846,2.5229882627410394,-3.4996072637489792,-2.2648707993844073,3.588847949001779,5.0,5.0,5.0,0.0,-2.059337395249475
ALL,observation_half_life:volume_density^3,4625,-5.0,0.4785101651640178,-1.9303678574510716,2.1701227407970407,-5.0,-5.0,-0.8155739588508033,0.24148598539524566,0.4308066787505267,5.0,0.0,0.08164509979633477
ALL,observation_half_life:volume_density_x_price_displacement,13875,-5.0,5.0,-0.036083066448211985,1.7330828510589686,-5.0,-3.861442297806128,0.0,2.685191974896291,5.0,5.0,0.0,-3.6626665283057083
ALL,observation_half_life:volume_log,13875,-5.0,5.0,-3.3177853921726297,2.5112452216599914,-5.0,-5.0,-5.0,1.1910923543709917,2.92975261517093,5.0,0.0,-0.28683196433584346
ALL,observation_half_life:volume_log^2,9250,-5.0,5.0,2.3844286202626135,2.9194548374395914,-4.695780774007962,-4.222824102515182,3.4550778066244168,5.0,5.0,5.0,0.0,-4.150653480139946
ALL,observation_half_life:volume_log^3,4625,-5.0,4.787856548968013,-2.391034378826265,3.1721358370782284,-5.0,-5.0,-4.586209382681535,4.209690526938707,4.441908708913465,5.0,0.0,-4.601110492929974
ALL,observation_half_life:volume_log_x_price_displacement,13875,-5.0,5.0,-0.31782239112762256,2.0076036943714293,-5.0,-4.47472969625231,0.0,3.594059198640495,5.0,5.0,0.0,-2.3390784590205267
ALL,observation_half_life:volume_movement_abs,13875,-5.0,5.0,-0.4629511265104256,3.3102606711433196,-5.0,-5.0,0.0,5.0,5.0,5.0,0.0,-0.37973027248669855
ALL,observation_half_life:volume_movement_abs^2,9250,-5.0,5.0,2.5808400678275802,2.8612492065169417,-5.0,-2.8353185781741748,4.902433000192953,5.0,5.0,5.0,0.0,-2.2992652365714568
ALL,observation_half_life:volume_movement_abs^3,4625,-5.0,5.0,-0.27016301655533875,3.4507599345408986,-5.0,-5.0,0.0,5.0,5.0,5.0,0.0,-1.270711015687363
ALL,observation_half_life:volume_movement_signed,13875,-5.0,5.0,-0.06554739249457452,3.163791943210031,-5.0,-5.0,0.0,5.0,5.0,5.0,0.0,-0.37973027248669855
ALL,observation_half_life:volume_movement_signed^2,9250,-5.0,5.0,2.660318236935558,2.815176032899819,-5.0,-2.278089890315454,5.0,5.0,5.0,5.0,0.0,-2.2992652365714568
ALL,observation_half_life:volume_movement_signed^3,4625,-5.0,5.0,-0.4186405315980116,3.380451417865724,-5.0,-5.0,0.0,5.0,5.0,5.0,0.0,-1.270711015687363
ALL,persistence:bias,13875,-5.0,5.0,0.2523518001432146,1.2142486028200086,-4.281645145675516,-1.8036262484029795,0.188323126556121,1.9142106897153337,4.050206518915881,5.0,0.0,2.601179275317271
ALL,persistence:directional_volume,13875,-5.0,5.0,0.18947286353354875,1.3718564179538977,-3.877451026139355,-1.8977393506801135,0.0,3.0543569826217056,4.343398589568998,5.0,0.0,0.43707150067737377
ALL,persistence:directional_volume^2,9250,-5.0,5.0,-0.22692602672133935,1.7093066838444948,-5.0,-3.8576892467260446,0.0,2.268317197099822,5.0,5.0,0.0,-1.7282797074224117
ALL,persistence:directional_volume^3,4625,-5.0,5.0,-1.3242934625348801,2.362440179978429,-5.0,-4.971105475891579,-1.4329258499015558,3.719645644055462,5.0,5.0,0.0,-3.758508866867067
ALL,persistence:price_acceleration,13875,-5.0,5.0,0.2507444893947045,1.7883122722146865,-5.0,-3.154537896474401,0.00046959229194587114,4.409935633325875,5.0,5.0,0.0,0.9419673855751803
ALL,persistence:price_acceleration^2,9250,-5.0,5.0,-0.13045596810087953,2.5244328432249765,-5.0,-4.880019625204201,0.005661287906643409,4.901922778722817,5.0,5.0,0.0,-0.7713385608709331
ALL,persistence:price_acceleration^3,4625,-5.0,5.0,0.3231349440121251,3.086099635548769,-5.0,-4.999986374717986,0.026444018227396438,5.0,5.0,5.0,0.0,2.626687842291021
ALL,persistence:price_displacement,13875,-5.0,5.0,0.07409699320157667,1.3337547313673204,-5.0,-1.8348809848769683,0.0002344682497575026,2.6881400993872346,5.0,5.0,0.0,1.2072496845000604
ALL,persistence:price_displacement^2,9250,-5.0,5.0,-0.1592498634006676,2.1216311787575695,-5.0,-4.788548765491587,0.019685243931600337,4.351468737071483,5.0,5.0,0.0,4.009709628296294
ALL,persistence:price_displacement^3,4625,-5.0,5.0,-0.41955433675371934,2.6891003453235807,-5.0,-4.996120232403894,-0.06292136324988291,4.992912325822791,5.0,5.0,0.0,2.2440135185030154
ALL,persistence:price_velocity,13875,-5.0,5.0,0.10407382947069022,1.3747997745780327,-5.0,-1.8790722623117513,0.00030435412393942514,3.1707399500465216,5.0,5.0,0.0,3.268039308454637
ALL,persistence:price_velocity^2,9250,-5.0,5.0,-0.13623160093944603,2.1536211688628955,-5.0,-4.791504925373414,0.02126868467047196,4.597066750412273,5.0,5.0,0.0,4.814436843582595
ALL,persistence:price_velocity^3,4625,-5.0,5.0,-0.4379055066784327,2.733673747560788,-5.0,-4.998352186706412,-0.0675251373452314,4.993188379704071,5.0,5.0,0.0,4.382588547944979
ALL,persistence:price_velocity_x_acceleration,13875,-5.0,5.0,-0.051206376021745055,1.441900039011569,-5.0,-3.2062120514196257,0.0,1.8596200053681158,5.0,5.0,0.0,2.384091254486543
ALL,persistence:relative_volume,13875,-5.0,5.0,0.21511440162542658,1.1458272766171271,-1.8044168307469945,-1.0214565650931122,-0.01283008502357349,3.5452748042641002,4.370653202724499,5.0,0.0,0.09366117577999623
ALL,persistence:relative_volume^2,9250,-5.0,0.43119405758985885,-0.8907441226527543,1.6716576617957366,-4.918110780786501,-4.71185353267945,0.0,0.19844106304837847,0.2529072344587907,5.0,0.0,-3.3893060110536553
ALL,persistence:relative_volume^3,4625,-0.11941444428200407,0.9273402665134133,0.3386620020028888,0.3743833096926445,-0.08132168601124294,-0.06302333582845401,0.04142381679848442,0.818030572975469,0.8484044168191974,0.9273402665134133,0.0,0.8146365665973629
ALL,persistence:relative_volume_x_price_velocity,13875,-5.0,5.0,-0.03684107207112279,0.9821570494673,-3.7711235040784707,-1.7612748091819022,0.0,1.7847080354820541,3.3930845556522478,5.0,0.0,-1.5294773195950138
ALL,persistence:spread,13875,0.0,0.0,0.0,0.0,0.0,0.0,0.0,0.0,0.0,0.0,0.0,0.0
ALL,persistence:spread^2,9250,0.0,0.0,0.0,0.0,0.0,0.0,0.0,0.0,0.0,0.0,0.0,0.0
ALL,persistence:spread^3,4625,0.0,0.0,0.0,0.0,0.0,0.0,0.0,0.0,0.0,0.0,0.0,0.0
ALL,persistence:spread_change,13875,0.0,0.0,0.0,0.0,0.0,0.0,0.0,0.0,0.0,0.0,0.0,0.0
ALL,persistence:spread_change^2,9250,0.0,0.0,0.0,0.0,0.0,0.0,0.0,0.0,0.0,0.0,0.0,0.0
ALL,persistence:spread_change^3,4625,0.0,0.0,0.0,0.0,0.0,0.0,0.0,0.0,0.0,0.0,0.0,0.0
ALL,persistence:volume_density,13875,-5.0,5.0,0.21702609016759428,1.14903838755242,-1.819952023896868,-1.038449929899311,-0.012733708252681388,3.5496428007052594,4.374798359198849,5.0,0.0,0.07079582803563396
ALL,persistence:volume_density^2,9250,-5.0,0.41373712973407223,-0.8898038227934242,1.6670981775357567,-4.919162130746215,-4.713106249115407,0.0,0.20180811930038678,0.24923053209969873,5.0,0.0,-3.3694863747461707
ALL,persistence:volume_density^3,4625,-0.11516592650374768,1.153107037123859,0.44135225841334486,0.4820973584820287,-0.07764123698938453,-0.05913445852781536,0.04330509016893557,1.0346488265136855,1.058408601549867,1.153107037123859,0.0,1.036176409150635
ALL,persistence:volume_density_x_price_displacement,13875,-5.0,5.0,-0.0444887847003765,0.9935841054675618,-3.7585280432147905,-1.7924299453542867,0.0,1.790232190068867,3.3992027974879164,5.0,0.0,-1.8824883257803469
ALL,persistence:volume_log,13875,-5.0,5.0,0.06606900929621508,1.003611931341861,-3.0265816203153895,-1.3239164258034788,-0.012752474425269871,1.8993924439204666,3.147260993243324,5.0,0.0,1.8302467070926145
ALL,persistence:volume_log^2,9250,-5.0,0.22826834742604485,-1.1290303437747033,1.9513373331721309,-4.846033315757369,-4.739699680974423,0.0,0.12702464984899892,0.1754860791563917,5.0,0.0,-4.698231531008546
ALL,persistence:volume_log^3,4625,-5.0,0.07240308080921555,-2.4166582241365866,2.0832962505261157,-4.824056107020993,-4.787294650901455,-1.942964553215961,0.0,0.0038488814232609525,5.0,0.0,-4.252567048850659
ALL,persistence:volume_log_x_price_displacement,13875,-5.0,5.0,-0.22322269165632852,1.2399161122773474,-4.764686906449264,-3.904578110543257,0.0,0.7083464332719488,2.72908135914435,5.0,0.0,-3.123650664279971
ALL,persistence:volume_movement_abs,13875,-5.0,5.0,-0.031171414484309518,1.4886776881610004,-5.0,-2.724740575014351,0.0,2.120651563507687,4.810242401776158,5.0,0.0,0.6947625635615206
ALL,persistence:volume_movement_abs^2,9250,-5.0,5.0,-0.26550176011797266,2.0444979863808306,-5.0,-4.882408134142943,0.0,2.8532764200849483,5.0,5.0,0.0,2.8353381440550844
ALL,persistence:volume_movement_abs^3,4625,-5.0,5.0,-0.37057105054274475,2.6270599247718964,-5.0,-4.999925,0.0,4.9252974264527785,5.0,5.0,0.0,1.4408400597260165
ALL,persistence:volume_movement_signed,13875,-5.0,5.0,0.016070326498965247,1.2480889622882476,-4.9999445,-1.6636339804001659,0.0,1.8711131748364624,4.7103902349323805,5.0,0.0,0.6947625635615206
ALL,persistence:volume_movement_signed^2,9250,-5.0,5.0,-0.2388748101047535,2.0134021315708797,-5.0,-4.81106209719845,0.0,3.347947632184184,5.0,5.0,0.0,2.8353381440550844
ALL,persistence:volume_movement_signed^3,4625,-5.0,5.0,-0.4137249867880048,2.5796189576730306,-5.0,-4.997317655449047,0.0,4.992075643168307,5.0,5.0,0.0,1.4408400597260165
ALL,perturbation_state:bias,13875,-5.0,5.0,-0.08212638950922929,1.164816913407881,-4.259483650835702,-1.818184871762769,0.018967261295137962,1.740430316088727,3.9328161524241945,5.0,0.0,-2.5931150870113404
ALL,perturbation_state:directional_volume,13875,-5.0,5.0,-0.1783096124626562,1.364415942289843,-4.291994330690773,-2.944241428984539,-0.002363804103717628,2.0370774467425306,4.149704002689842,5.0,0.0,-0.4217446582028099
ALL,perturbation_state:directional_volume^2,9250,-5.0,5.0,0.3793827244183865,1.7190330405652543,-5.0,-1.9904128349906345,0.0,4.085343595352026,5.0,5.0,0.0,1.7556325395018162
ALL,perturbation_state:directional_volume^3,4625,-5.0,5.0,1.3776547579884488,2.32436393331847,-5.0,-3.187647004570351,1.4692185701765565,4.971217007636898,5.0,5.0,0.0,3.7671597084168464
ALL,perturbation_state:price_acceleration,13875,-5.0,5.0,-0.252225232698047,1.8164602238865042,-5.0,-4.284911796228493,-0.010842927294732999,4.0309137142619305,5.0,5.0,0.0,-0.9661916277024453
ALL,perturbation_state:price_acceleration^2,9250,-5.0,5.0,0.012204496256410714,2.5228429515465423,-5.0,-4.9012276922494875,0.02982750515546192,4.881684296333067,5.0,5.0,0.0,0.5908612340809087
ALL,perturbation_state:price_acceleration^3,4625,-5.0,5.0,-0.08731684583224104,3.123941322416393,-5.0,-5.0,0.0,5.0,5.0,5.0,0.0,-2.6953567953970725
ALL,perturbation_state:price_displacement,13875,-5.0,5.0,0.04224487185161996,1.3469859858038833,-5.0,-2.1423255859030705,0.022588804384423712,2.2699899202488707,5.0,5.0,0.0,-1.1628181281031824
ALL,perturbation_state:price_displacement^2,9250,-5.0,5.0,0.2905369553428353,2.1419833690860637,-5.0,-4.189143325161231,0.014521361566099572,4.808935078039274,5.0,5.0,0.0,-4.022108769618984
ALL,perturbation_state:price_displacement^3,4625,-5.0,5.0,0.416521701277814,2.6952247485787626,-5.0,-4.9862962248527225,0.07987724459435853,4.997383364338032,5.0,5.0,0.0,-2.294744629033004
ALL,perturbation_state:price_velocity,13875,-5.0,5.0,0.02570283794281536,1.3914456590938993,-5.0,-2.62362341411285,0.023356822682940873,2.25365314863719,5.0,5.0,0.0,-3.2712368100572067
ALL,perturbation_state:price_velocity^2,9250,-5.0,5.0,0.280189616497841,2.1602473792748174,-5.0,-4.448643611220833,0.013799420723310266,4.808935078039274,5.0,5.0,0.0,-4.817952244392103
ALL,perturbation_state:price_velocity^3,4625,-5.0,5.0,0.4338143561397565,2.739771060498671,-5.0,-4.986493500027368,0.08178119328996189,4.999919186269537,5.0,5.0,0.0,-4.394981963620592
ALL,perturbation_state:price_velocity_x_acceleration,13875,-5.0,5.0,-0.053155749339321955,1.4026910874657004,-5.0,-1.9872600807270804,0.0,1.5061836369828467,5.0,5.0,0.0,-2.4632605513946384
ALL,perturbation_state:relative_volume,13875,-5.0,5.0,-0.2981740442567862,1.1435360320596464,-4.391827884797667,-3.631061313643112,0.0,0.7761312162244806,1.2430639318511196,5.0,0.0,-0.12347817480490758
ALL,perturbation_state:relative_volume^2,9250,-0.473544378589728,5.0,0.891584028545441,1.6798602856813258,-0.31287315219439243,-0.2280383439509237,0.0,4.727060454265141,4.920201083927006,5.0,0.0,3.39438330973587
ALL,perturbation_state:relative_volume^3,4625,-0.9047958723552482,0.1378306751941048,-0.3152607217108679,0.3715078108286844,-0.8120952977258699,-0.7935556384172485,0.0,0.09185557214902977,0.1037186495936501,0.9047958723552482,0.0,-0.7930277825909291
ALL,perturbation_state:relative_volume_x_price_velocity,13875,-5.0,5.0,0.14231138318713663,0.9679755690811271,-3.3733511880630536,-0.36861117708760716,0.0,1.787081460169411,3.7445233441173342,5.0,0.0,1.566112924610331
ALL,perturbation_state:spread,13875,0.0,0.0,0.0,0.0,0.0,0.0,0.0,0.0,0.0,0.0,0.0,0.0
ALL,perturbation_state:spread^2,9250,0.0,0.0,0.0,0.0,0.0,0.0,0.0,0.0,0.0,0.0,0.0,0.0
ALL,perturbation_state:spread^3,4625,0.0,0.0,0.0,0.0,0.0,0.0,0.0,0.0,0.0,0.0,0.0,0.0
ALL,perturbation_state:spread_change,13875,0.0,0.0,0.0,0.0,0.0,0.0,0.0,0.0,0.0,0.0,0.0,0.0
ALL,perturbation_state:spread_change^2,9250,0.0,0.0,0.0,0.0,0.0,0.0,0.0,0.0,0.0,0.0,0.0,0.0
ALL,perturbation_state:spread_change^3,4625,0.0,0.0,0.0,0.0,0.0,0.0,0.0,0.0,0.0,0.0,0.0,0.0
ALL,perturbation_state:volume_density,13875,-5.0,5.0,-0.29858867717723225,1.147124600322226,-4.395746456007252,-3.635165447815528,0.0,0.7905462083603665,1.2646245678758559,5.0,0.0,-0.10062061442854807
ALL,perturbation_state:volume_density^2,9250,-0.46631609785344585,5.0,0.8898528392756715,1.6757789823402125,-0.31206696300178816,-0.23144035818388142,0.0,4.728242088095048,4.92124002949593,5.0,0.0,3.374570218619147
ALL,perturbation_state:volume_density^3,4625,-1.1286069610016702,0.13604352860388097,-0.41635587249738765,0.47855532522615146,-1.024133313821592,-1.00993371663521,0.0,0.09028685545897548,0.10267418801532817,1.1286069610016702,0.0,-1.0126231616958863
ALL,perturbation_state:volume_density_x_price_displacement,13875,-5.0,5.0,0.15033922655154028,0.9790298090799695,-3.3799715841145663,-0.3608478579529295,0.0,1.813848912697902,3.7288427376082423,5.0,0.0,1.8852976126704037
ALL,perturbation_state:volume_log,13875,-5.0,5.0,-0.1761678258163926,0.9041927814402875,-3.1894041935066633,-1.9860477205094287,0.0,0.8640115665635977,1.8817604174726021,5.0,0.0,-1.8573047698563587
ALL,perturbation_state:volume_log^2,9250,-0.9597179914656935,5.0,1.0254843246158203,2.0095852656886226,-0.8908668859195455,-0.6587010597093246,0.0,4.758564203434723,4.848323563504952,5.0,0.0,4.6989925065590015
ALL,perturbation_state:volume_log^3,4625,-0.38367850686874616,5.0,2.1873005327251116,2.2274984736427723,-0.30599297568497547,-0.27783548430741906,0.8518251265622678,4.781346601650752,4.814491482673123,5.0,0.0,4.252584338941088
ALL,perturbation_state:volume_log_x_price_displacement,13875,-5.0,5.0,0.3091547108707843,1.1426796219251678,-0.8459261515315976,-0.5059016473995432,0.0,3.9078361988536408,4.771566708518236,5.0,0.0,3.1172500696257086
ALL,perturbation_state:volume_movement_abs,13875,-5.0,5.0,-0.1622299978312986,1.4497048929083034,-4.835251422341484,-2.587428319724208,0.0,2.4305614830654787,5.0,5.0,0.0,-0.7051650857183972
ALL,perturbation_state:volume_movement_abs^2,9250,-5.0,5.0,0.2956188419305912,2.0425907372944385,-5.0,-2.654431720371175,0.0,4.884166005780201,5.0,5.0,0.0,-2.782778435034163
ALL,perturbation_state:volume_movement_abs^3,4625,-5.0,5.0,0.33339055612050317,2.598476961016935,-5.0,-4.925210413709282,0.0,4.999844928441398,5.0,5.0,0.0,-1.3799324041435392
ALL,perturbation_state:volume_movement_signed,13875,-5.0,5.0,0.0514958992831125,1.2515026217819707,-4.686594274862184,-1.7837329872549355,0.0,2.050886269981784,4.999925,5.0,0.0,-0.7051650857183972
ALL,perturbation_state:volume_movement_signed^2,9250,-5.0,5.0,0.3439017022247229,1.9962753946562646,-5.0,-2.711730119135245,0.0,4.842760839092524,5.0,5.0,0.0,-2.782778435034163
ALL,perturbation_state:volume_movement_signed^3,4625,-5.0,5.0,0.4702359729808965,2.5522923252705265,-5.0,-4.962143786932049,0.0,4.995581932675446,5.0,5.0,0.0,-1.3799324041435392
ALL,reinforcement:bias,13875,-5.0,5.0,-0.10281442956577981,1.2042666344812414,-4.4202404564039774,-2.163570162097684,0.0026635927471153373,1.5146210815631784,3.6687292570130463,5.0,0.0,2.594294286714846
ALL,reinforcement:directional_volume,13875,-5.0,5.0,0.2220619919188836,1.3637452931132983,-3.933574051677951,-1.7997619996518959,0.0,2.9577232973681205,4.562133495637427,5.0,0.0,0.37503931077325176
ALL,reinforcement:directional_volume^2,9250,-5.0,5.0,-0.16027661688077188,1.7188118006446682,-5.0,-3.8495330222936373,0.0,2.025613287747941,5.0,5.0,0.0,-1.7876159857578562
ALL,reinforcement:directional_volume^3,4625,-5.0,5.0,-1.3185845433777128,2.366398169200041,-5.0,-4.971841465693626,-1.4039247815799847,3.7252539863254888,5.0,5.0,0.0,-3.687244057857222
ALL,reinforcement:price_acceleration,13875,-5.0,5.0,0.3031987369847548,1.8493147727432067,-5.0,-2.97558873123759,-0.018262028409769385,4.5082798266801225,5.0,5.0,0.0,0.9399033192978243
ALL,reinforcement:price_acceleration^2,9250,-5.0,5.0,-0.419580264580875,2.5352300900139335,-5.0,-4.9482134676509375,-0.06123330040452804,4.863479238354875,5.0,5.0,0.0,-0.8702355464061019
ALL,reinforcement:price_acceleration^3,4625,-5.0,5.0,0.28384230098381275,3.1667416201578984,-5.0,-5.0,0.013384814670536628,5.0,5.0,5.0,0.0,2.602833245873726
ALL,reinforcement:price_displacement,13875,-5.0,5.0,0.1575446220945063,1.3487489993032309,-5.0,-1.9873273791798374,0.014549129754258861,2.750788561790388,5.0,5.0,0.0,1.2382291779893324
ALL,reinforcement:price_displacement^2,9250,-5.0,5.0,-0.015505505974147963,2.1618896192209376,-5.0,-4.800636065347973,0.03735805612423336,4.388268234624546,5.0,5.0,0.0,3.9863105819995477
ALL,reinforcement:price_displacement^3,4625,-5.0,5.0,-0.40798210374087557,2.7314940150771974,-5.0,-4.995490244571055,-0.13219942209203728,4.994669329699403,5.0,5.0,0.0,2.2349377633062515
ALL,reinforcement:price_velocity,13875,-5.0,5.0,0.1900696375765399,1.3881138719264072,-5.0,-1.8894848411295173,0.01781699770155804,3.2036533440634973,5.0,5.0,0.0,3.2653365545041115
ALL,reinforcement:price_velocity^2,9250,-5.0,5.0,0.0035968022053397904,2.189239995852473,-5.0,-4.800852766824345,0.038336766291132036,4.597437368788176,5.0,5.0,0.0,4.80146559705466
ALL,reinforcement:price_velocity^3,4625,-5.0,5.0,-0.431181783679681,2.774674324982112,-5.0,-4.9966200852958504,-0.1347458116824568,4.994878717065315,5.0,5.0,0.0,4.386035800338564
ALL,reinforcement:price_velocity_x_acceleration,13875,-5.0,5.0,0.09791483212437739,1.5146047195025734,-5.0,-1.8405330417606633,0.0,3.450458086435884,5.0,5.0,0.0,2.2930697128051265
ALL,reinforcement:relative_volume,13875,-5.0,5.0,0.18595467419518802,1.1756916547140444,-2.137642013368321,-1.3262213216298853,0.0,3.6188626738612637,4.388630197340339,5.0,0.0,0.1405309348508965
ALL,reinforcement:relative_volume^2,9250,-5.0,0.37642871962666624,-0.8837409469564567,1.681463101892228,-4.9197638808812405,-4.725407402223311,0.0,0.22587611767802482,0.2811112024006821,5.0,0.0,-3.4023142388116363
ALL,reinforcement:relative_volume^3,4625,-0.10363924121160686,0.9386243684398107,0.34517487862811896,0.3788575086574058,-0.06944455607154637,-0.05256663719260303,0.04231239384045373,0.8306486939183935,0.8525697793901532,0.9386243684398107,0.0,0.8295412474633354
ALL,reinforcement:relative_volume_x_price_velocity,13875,-5.0,5.0,-0.06366821460994486,0.9936045486864672,-3.6993422475276034,-1.7983956646975878,0.0,0.9620061793719563,3.373077039127629,5.0,0.0,-1.1814565228645606
ALL,reinforcement:spread,13875,0.0,0.0,0.0,0.0,0.0,0.0,0.0,0.0,0.0,0.0,0.0,0.0
ALL,reinforcement:spread^2,9250,0.0,0.0,0.0,0.0,0.0,0.0,0.0,0.0,0.0,0.0,0.0,0.0
ALL,reinforcement:spread^3,4625,0.0,0.0,0.0,0.0,0.0,0.0,0.0,0.0,0.0,0.0,0.0,0.0
ALL,reinforcement:spread_change,13875,0.0,0.0,0.0,0.0,0.0,0.0,0.0,0.0,0.0,0.0,0.0,0.0
ALL,reinforcement:spread_change^2,9250,0.0,0.0,0.0,0.0,0.0,0.0,0.0,0.0,0.0,0.0,0.0,0.0
ALL,reinforcement:spread_change^3,4625,0.0,0.0,0.0,0.0,0.0,0.0,0.0,0.0,0.0,0.0,0.0,0.0
ALL,reinforcement:volume_density,13875,-5.0,5.0,0.18653392543011527,1.1794448361926313,-2.1560824530391254,-1.3514725487965964,0.0,3.6230045649721268,4.392747223240088,5.0,0.0,0.1174552622043646
ALL,reinforcement:volume_density^2,9250,-5.0,0.3599197463367796,-0.8823752772936576,1.6771428229211702,-4.920804670244765,-4.726583734985745,0.0,0.22966620518356684,0.2852598734925267,5.0,0.0,-3.3824277537987846
ALL,reinforcement:volume_density^3,4625,-0.09957543616909437,1.1637343007362313,0.44738796441715073,0.48618154627626115,-0.06584514035276656,-0.049216014159176494,0.04551874910824454,1.048808352529107,1.0627396650870127,1.1637343007362313,0.0,1.0504085361295659
ALL,reinforcement:volume_density_x_price_displacement,13875,-5.0,5.0,-0.07432796317554649,1.0028786767269688,-3.6846112455306175,-1.815237082133267,0.0,0.9145917537166959,3.3797042441707963,5.0,0.0,-1.8094036114099858
ALL,reinforcement:volume_log,13875,-5.0,5.0,0.14017141172189643,0.9858244733089792,-2.7803929602815147,-1.3335658471281218,0.0,1.980997415849352,3.185052303078063,5.0,0.0,1.901051278872403
ALL,reinforcement:volume_log^2,9250,-5.0,0.20541091373207293,-1.14472611790853,1.9479562731310223,-4.847746575404642,-4.758966568801448,-0.011151621534812105,0.07916938304511595,0.1187083472524315,5.0,0.0,-4.697380149116293
ALL,reinforcement:volume_log^3,4625,-5.0,0.07873849554034214,-2.398077145427413,2.075865100232502,-4.815967808823967,-4.781797124537658,-1.7929100039046963,0.0,0.003180164261302646,5.0,0.0,-4.248737849311326
ALL,reinforcement:volume_log_x_price_displacement,13875,-5.0,5.0,-0.20630296691025543,1.2741502423216182,-4.771534079993662,-3.908491104946927,0.0,0.7811449952285049,2.9423843016719218,5.0,0.0,-3.0873231044398977
ALL,reinforcement:volume_movement_abs,13875,-5.0,5.0,0.05444285371604026,1.516062873656388,-5.0,-2.4914784879776306,0.0,2.71133927491285,4.834048787873679,5.0,0.0,0.7030764658536122
ALL,reinforcement:volume_movement_abs^2,9250,-5.0,5.0,-0.38252721890251357,2.0001078375640953,-5.0,-4.890628769210042,-0.005442415983830296,3.26558520953423,5.0,5.0,0.0,2.8431882441391165
ALL,reinforcement:volume_movement_abs^3,4625,-5.0,5.0,-0.3729325303275987,2.639594126216144,-5.0,-4.999951861632531,0.0,4.931807539499951,5.0,5.0,0.0,1.4659988923686111
ALL,reinforcement:volume_movement_signed,13875,-5.0,5.0,0.06242873974674863,1.2507114065900404,-5.0,-1.8475341765671616,0.0,1.797167166653553,4.714646267899191,5.0,0.0,0.7030764658536122
ALL,reinforcement:volume_movement_signed^2,9250,-5.0,5.0,-0.11753487361051096,1.9971136982892987,-5.0,-4.812802566643602,0.0,3.4039620312630343,5.0,5.0,0.0,2.8431882441391165
ALL,reinforcement:volume_movement_signed^3,4625,-5.0,5.0,-0.42883024992098484,2.591497854124049,-5.0,-4.9983088792729236,0.0,4.992131496932607,5.0,5.0,0.0,1.4659988923686111
ALL,reversal_tendency:bias,13875,-5.0,5.0,0.26929680410518675,1.1602980461667367,-3.7537982899406956,-1.3427818474426485,0.12943477968863723,2.1406464591172734,3.844996846739336,5.0,0.0,-2.5952395796144905
ALL,reversal_tendency:directional_volume,13875,-5.0,5.0,-0.20351946305419544,1.3414773251164627,-4.749970143099028,-2.926990333402793,0.0,1.8476673834781725,3.9095986082156085,5.0,0.0,-0.32228682210013143
ALL,reversal_tendency:directional_volume^2,9250,-5.0,5.0,0.1636614864110712,1.702917810362341,-5.0,-1.9735657093191032,0.0,4.221040933240129,5.0,5.0,0.0,1.8197600213549439
ALL,reversal_tendency:directional_volume^3,4625,-5.0,5.0,1.3251681018344954,2.3597929427312683,-5.0,-3.4929897201086035,1.3864278687225375,4.9708288894211,5.0,5.0,0.0,3.6690279935209458
ALL,reversal_tendency:price_acceleration,13875,-5.0,5.0,-0.5843879700160884,1.801057641919457,-5.0,-4.531882049687261,-0.022877947606140946,1.7491893342709186,5.0,5.0,0.0,-0.9594074471460893
ALL,reversal_tendency:price_acceleration^2,9250,-5.0,5.0,0.3021141037374947,2.530073323238613,-5.0,-4.877528487372729,0.11386502447670965,4.914386677537578,5.0,5.0,0.0,0.6275120177017369
ALL,reversal_tendency:price_acceleration^3,4625,-5.0,5.0,-0.07238776581662786,3.1609713035106393,-5.0,-5.0,0.0,5.0,5.0,5.0,0.0,-2.6694802213581004
ALL,reversal_tendency:price_displacement,13875,-5.0,5.0,-0.09679173916654303,1.330522589248706,-5.0,-2.2337219008896554,0.007634827758141645,1.8190641630437026,5.0,5.0,0.0,-1.2025487527279526
ALL,reversal_tendency:price_displacement^2,9250,-5.0,5.0,-0.09127753837441827,2.0742368191059293,-5.0,-4.57422151704568,-0.03601160904504529,4.599005066214403,5.0,5.0,0.0,-4.055491233067055
ALL,reversal_tendency:price_displacement^3,4625,-5.0,5.0,0.4270870970807888,2.7228248334608582,-5.0,-4.991082401829904,0.1032005709144434,4.998702446944754,5.0,5.0,0.0,-2.261237777845409
ALL,reversal_tendency:price_velocity,13875,-5.0,5.0,-0.11117008643684773,1.3747509915527794,-5.0,-2.7247608320219134,0.008238497915473871,1.8921675379973864,5.0,5.0,0.0,-3.2997795777238776
ALL,reversal_tendency:price_velocity^2,9250,-5.0,5.0,-0.08902286192705944,2.107215019816994,-5.0,-4.648403099463653,-0.0352653624636288,4.601535693478892,5.0,5.0,0.0,-4.832420249839062
ALL,reversal_tendency:price_velocity^3,4625,-5.0,5.0,0.4467530189009202,2.766802014755956,-5.0,-4.986236962418529,0.10750355552184405,4.999925,5.0,5.0,0.0,-4.3823047097880155
ALL,reversal_tendency:price_velocity_x_acceleration,13875,-5.0,5.0,-0.0196384945254099,1.4141800342944557,-5.0,-2.737234174765388,0.0,1.7263576134578036,5.0,5.0,0.0,-2.4403834926975447
ALL,reversal_tendency:relative_volume,13875,-5.0,5.0,-0.02643384239136452,1.237891732088376,-4.401317699710048,-3.6452104742415408,-0.0018785263484934235,1.962399669808338,2.286976170784715,5.0,0.0,-0.21551384505187002
ALL,reversal_tendency:relative_volume^2,9250,-0.46381824237391756,5.0,0.8473547513337817,1.704144315342973,-0.3043960465896248,-0.27326760035149394,0.0,4.730163410053047,4.9212327511931315,5.0,0.0,3.4194202703898964
ALL,reversal_tendency:relative_volume^3,4625,-0.9033677257614704,0.13542136668554117,-0.32411351964346397,0.37346797503658363,-0.8298647365504588,-0.80043826871141,-0.003509859034261066,0.08836209085732777,0.10241378714627675,0.9033677257614704,0.0,-0.7984023374831357
ALL,reversal_tendency:relative_volume_x_price_velocity,13875,-5.0,5.0,-0.043563675833522456,0.9685041286198374,-3.392502194578643,-1.777281290324766,0.0,1.0973105608126215,3.6734497195979627,5.0,0.0,1.0372483925708924
ALL,reversal_tendency:spread,13875,0.0,0.0,0.0,0.0,0.0,0.0,0.0,0.0,0.0,0.0,0.0,0.0
ALL,reversal_tendency:spread^2,9250,0.0,0.0,0.0,0.0,0.0,0.0,0.0,0.0,0.0,0.0,0.0,0.0
ALL,reversal_tendency:spread^3,4625,0.0,0.0,0.0,0.0,0.0,0.0,0.0,0.0,0.0,0.0,0.0,0.0
ALL,reversal_tendency:spread_change,13875,0.0,0.0,0.0,0.0,0.0,0.0,0.0,0.0,0.0,0.0,0.0,0.0
ALL,reversal_tendency:spread_change^2,9250,0.0,0.0,0.0,0.0,0.0,0.0,0.0,0.0,0.0,0.0,0.0,0.0
ALL,reversal_tendency:spread_change^3,4625,0.0,0.0,0.0,0.0,0.0,0.0,0.0,0.0,0.0,0.0,0.0,0.0
ALL,reversal_tendency:volume_density,13875,-5.0,5.0,-0.02509253143373027,1.2409842870750523,-4.405212914040144,-3.6496700746060737,-0.0020437505757806363,1.9807225194926104,2.298611732346582,5.0,0.0,-0.19242177238492023
ALL,reversal_tendency:volume_density^2,9250,-0.4511557597418573,5.0,0.845179594028996,1.700173465442108,-0.29925460337431253,-0.2749509260294569,0.0,4.731327114464024,4.922256511219615,5.0,0.0,3.3995289726826927
ALL,reversal_tendency:volume_density^3,4625,-1.128092895175383,0.13235458034550782,-0.4261821119824644,0.4807170319943331,-1.0399471472830535,-1.0200696125145066,-0.003609594965413043,0.08558323745954671,0.09961901075956206,1.128092895175383,0.0,-1.0188840345713917
ALL,reversal_tendency:volume_density_x_price_displacement,13875,-5.0,5.0,-0.02862714015102078,0.9805957663475923,-3.3994653895697162,-1.7894278356972204,0.0,1.3262890037340005,3.6788371655222893,5.0,0.0,1.7833516804058602
ALL,reversal_tendency:volume_log,13875,-5.0,5.0,-0.12263840897303768,1.010901738263446,-3.1936419083426544,-2.0144744618817687,-0.001851889298587083,1.4717996207401791,2.479849810461677,5.0,0.0,-1.977766584381272
ALL,reversal_tendency:volume_log^2,9250,-0.24142339075672456,5.0,1.1333190623442952,1.948797555556999,-0.08474966001064213,-0.04158414394950869,0.009145335523717157,4.765584699524565,4.850772351783856,5.0,0.0,4.69804828034208
ALL,reversal_tendency:volume_log^3,4625,-0.04424676704997987,5.0,2.3793046894567973,2.079045419051587,-0.0003884563581913298,0.0,1.4926899092636303,4.780475889748051,4.8142705086434345,5.0,0.0,4.249576813219794
ALL,reversal_tendency:volume_log_x_price_displacement,13875,-5.0,5.0,0.1416916777711567,1.2113620749246512,-1.670620427070871,-1.0273757295064077,0.0,3.8988358122380236,4.77180622191309,5.0,0.0,3.0729063050979177
ALL,reversal_tendency:volume_movement_abs,13875,-5.0,5.0,0.12245931824440696,1.4693461670001098,-4.798353939600467,-2.0421053521781594,0.0,2.7837902628599744,5.0,5.0,0.0,-0.6803536347766809
ALL,reversal_tendency:volume_movement_abs^2,9250,-5.0,5.0,0.27751710520841594,1.9278970549311363,-5.0,-3.3394637961128275,0.0,4.8938292616046075,5.0,5.0,0.0,-2.7861618352882123
ALL,reversal_tendency:volume_movement_abs^3,4625,-5.0,5.0,0.37324489523169524,2.593576365282005,-5.0,-4.783961832320753,0.0,4.999923553954879,5.0,5.0,0.0,-1.3765022382625574
ALL,reversal_tendency:volume_movement_signed,13875,-5.0,5.0,-0.13721715771243764,1.2265061041633083,-4.6986365347441605,-1.9580283439198465,0.0,1.4308165704972142,4.930601842874791,5.0,0.0,-0.6803536347766809
ALL,reversal_tendency:volume_movement_signed^2,9250,-5.0,5.0,-0.0192059648974952,1.9106662057521995,-5.0,-3.553514759141739,0.0,4.788944729022222,5.0,5.0,0.0,-2.7861618352882123
ALL,reversal_tendency:volume_movement_signed^3,4625,-5.0,5.0,0.4187085329182096,2.57316217413478,-5.0,-4.9712417397626565,0.0,4.998231065128736,5.0,5.0,0.0,-1.3765022382625574
ALL,strength:bias,13875,-5.0,5.0,0.1354392545334752,1.17363639376868,-4.195416355706059,-1.811633386386929,0.41330011748620177,1.5085179463427518,3.7740055539526423,5.0,0.0,2.843839750455439
ALL,strength:directional_volume,13875,-5.0,5.0,0.1972571411649258,1.3479537075410162,-3.9717337441540703,-1.8158894255944165,0.0,3.028090638450847,4.649720701473418,5.0,0.0,0.5173107396115527
ALL,strength:directional_volume^2,9250,-5.0,5.0,-0.016960323696963334,1.7001667969642547,-5.0,-3.817140662971136,0.07938422424898203,2.283371377869987,5.0,5.0,0.0,-1.546206272470061
ALL,strength:directional_volume^3,4625,-5.0,5.0,-1.3337125000822825,2.359627096969644,-5.0,-4.971193265205139,-1.4546447794966229,3.729161492052908,5.0,5.0,0.0,-3.70173916506739
ALL,strength:price_acceleration,13875,-5.0,5.0,0.39932931625254287,1.828605920978232,-5.0,-2.278678160260289,0.005164835221259703,4.530804380762031,5.0,5.0,0.0,0.8461054597032337
ALL,strength:price_acceleration^2,9250,-5.0,5.0,-0.3569685319959741,2.5334671984774215,-5.0,-4.94772920784823,0.0028652507773401187,4.89029176389695,5.0,5.0,0.0,-0.8033036547963369
ALL,strength:price_acceleration^3,4625,-5.0,5.0,0.33226386016784915,3.12962955519577,-5.0,-5.0,0.08037138365767899,5.0,5.0,5.0,0.0,2.560822544977219
ALL,strength:price_displacement,13875,-5.0,5.0,0.19055645025829518,1.3213490412494782,-4.950590400120715,-1.5736419444471967,0.01164697275320665,2.7728819973898777,5.0,5.0,0.0,1.1817030167872318
ALL,strength:price_displacement^2,9250,-5.0,5.0,0.1116802962211522,2.0699793415485304,-5.0,-4.595241729560904,0.09956267773431308,4.780253645968866,5.0,5.0,0.0,4.012314511024014
ALL,strength:price_displacement^3,4625,-5.0,5.0,-0.4017788642544934,2.7242606050871836,-5.0,-4.998161868347718,-0.09011834484342578,4.993447541073895,5.0,5.0,0.0,2.2488155014539593
ALL,strength:price_velocity,13875,-5.0,5.0,0.2299362161005036,1.3549523973322013,-4.951587733997526,-1.470461625735977,0.012151817907901577,3.2038790831163806,5.0,5.0,0.0,3.1250068754836398
ALL,strength:price_velocity^2,9250,-5.0,5.0,0.11340233260558943,2.0830082240118326,-5.0,-4.596536542330929,0.09923379411564996,4.814273484304132,5.0,5.0,0.0,4.814273484304132
ALL,strength:price_velocity^3,4625,-5.0,5.0,-0.4205080210043459,2.768817360888456,-5.0,-4.998943271427539,-0.09417474841368573,4.993684575686061,5.0,5.0,0.0,4.376299149357562
ALL,strength:price_velocity_x_acceleration,13875,-5.0,5.0,-0.13045367889508247,1.3964897149544815,-5.0,-2.969074535454908,0.0,0.8658019144097128,5.0,5.0,0.0,2.336695807537817
ALL,strength:relative_volume,13875,-5.0,5.0,-0.020898568339658027,1.2454568526687988,-2.833622937973019,-1.716513119594366,-0.07864405973673702,3.5616299745162685,4.359904075151416,5.0,0.0,-0.003383253006880055
ALL,strength:relative_volume^2,9250,-5.0,0.42156748855516357,-0.8487301218370945,1.695676523664274,-4.916672506064234,-4.711840804897205,0.0,0.3235367852856966,0.38421929147219724,5.0,0.0,-3.3762128162101748
ALL,strength:relative_volume^3,4625,-0.08598421067337514,0.9458292851758356,0.3383926251364832,0.375562647976493,-0.061621332973550005,-0.051227616360269415,0.054658576554473856,0.829491892946316,0.8407478935626109,0.9458292851758356,0.0,0.8318013629145284
ALL,strength:relative_volume_x_price_velocity,13875,-5.0,5.0,0.08868152082714968,1.0030213783124102,-3.7244002305378703,-0.3392879408140501,0.0,1.8095938115890826,3.4034917573199066,5.0,0.0,-1.3235386917482739
ALL,strength:spread,13875,0.0,0.0,0.0,0.0,0.0,0.0,0.0,0.0,0.0,0.0,0.0,0.0
ALL,strength:spread^2,9250,0.0,0.0,0.0,0.0,0.0,0.0,0.0,0.0,0.0,0.0,0.0,0.0
ALL,strength:spread^3,4625,0.0,0.0,0.0,0.0,0.0,0.0,0.0,0.0,0.0,0.0,0.0,0.0
ALL,strength:spread_change,13875,0.0,0.0,0.0,0.0,0.0,0.0,0.0,0.0,0.0,0.0,0.0,0.0
ALL,strength:spread_change^2,9250,0.0,0.0,0.0,0.0,0.0,0.0,0.0,0.0,0.0,0.0,0.0,0.0
ALL,strength:spread_change^3,4625,0.0,0.0,0.0,0.0,0.0,0.0,0.0,0.0,0.0,0.0,0.0,0.0
ALL,strength:volume_density,13875,-5.0,5.0,-0.0221414719890949,1.249457832863537,-2.849375557051459,-1.73343234764817,-0.07881134339284265,3.5657050960906718,4.364245046587257,5.0,0.0,-0.026212361610352994
ALL,strength:volume_density^2,9250,-5.0,0.423378456821266,-0.846680804406741,1.6917706194743383,-4.91775344249369,-4.713043985201071,0.0,0.3270912916577146,0.38783436684074557,5.0,0.0,-3.3563955443429427
ALL,strength:volume_density^3,4625,-0.08417534458857148,1.172045241628459,0.44093065881159893,0.4832351788005214,-0.05900370421961226,-0.04956392868388507,0.05579835589332848,1.0550393833636909,1.0645466517703623,1.172045241628459,0.0,1.053787455196519
ALL,strength:volume_density_x_price_displacement,13875,-5.0,5.0,0.07941146435803784,1.0151897744658274,-3.72714988523119,-0.3579574014820219,0.0,1.8221456810636747,3.4103317755125517,5.0,0.0,-1.8639850982265067
ALL,strength:volume_log,13875,-5.0,5.0,0.06718272108680705,0.9952111917591795,-2.62472684735077,-1.4485913202310103,-0.046199230200341224,1.885772342571891,3.1715020165680685,5.0,0.0,1.7282352405898247
ALL,strength:volume_log^2,9250,-5.0,0.28076225321644677,-1.1313252488831118,1.9466656440909893,-4.842371997817056,-4.739623779226332,-0.003914026948841664,0.06863183458255032,0.20342193051095664,5.0,0.0,-4.690596388593053
ALL,strength:volume_log^3,4625,-5.0,0.08715095415565538,-2.389305991910486,2.0908475468506302,-4.82037429066907,-4.785329626112693,-1.6773909055652565,0.0,0.005709424353139582,5.0,0.0,-4.28040368034316
ALL,strength:volume_log_x_price_displacement,13875,-5.0,5.0,-0.1502792671133582,1.29185577761488,-4.764766970387589,-3.905571035420539,0.0,1.0497132934949314,3.222867575453525,5.0,0.0,-3.084263020459821
ALL,strength:volume_movement_abs,13875,-5.0,5.0,-0.23383440791130364,1.4457590463848087,-5.0,-2.8287693974776347,-0.0013180529429751594,2.084827678504542,4.589400222737697,5.0,0.0,0.6691776751383645
ALL,strength:volume_movement_abs^2,9250,-5.0,5.0,-0.2684626147591874,1.9742373323786733,-5.0,-4.886835481328836,-0.027942309236969578,3.379713071169976,5.0,5.0,0.0,2.8859417627917834
ALL,strength:volume_movement_abs^3,4625,-5.0,5.0,-0.32954873786334654,2.6496587017139697,-5.0,-4.9999958120581995,0.0,4.933704593155264,5.0,5.0,0.0,1.5196747079805257
ALL,strength:volume_movement_signed,13875,-5.0,5.0,0.14973667535649368,1.2310758444869618,-4.845640205656205,-1.3099992725000251,0.0,2.1704727629926017,4.721884576278123,5.0,0.0,0.6691776751383645
ALL,strength:volume_movement_signed^2,9250,-5.0,5.0,0.040789794350450846,1.952187069483951,-5.0,-4.784685431565036,0.0,3.9641195581069986,5.0,5.0,0.0,2.8859417627917834
ALL,strength:volume_movement_signed^3,4625,-5.0,5.0,-0.4128367951811784,2.59319720779727,-5.0,-4.998227172460895,0.0,4.992359753008155,5.0,5.0,0.0,1.5196747079805257
ALL,uncertainty:bias,13875,-5.0,5.0,0.364704573663134,1.1592604676457126,-4.108203239185263,-1.7005195659957757,0.42058556988477525,1.8410563847300117,4.192221998577026,5.0,0.0,2.8450543615203
ALL,uncertainty:directional_volume,13875,-5.0,5.0,0.18538717265371585,1.367188940834654,-4.120506962834199,-1.8692970457781501,0.0,2.995919664047765,4.23041776051469,5.0,0.0,0.43576363533010326
ALL,uncertainty:directional_volume^2,9250,-5.0,5.0,-0.37264303501335017,1.7562270539547535,-5.0,-3.913592914750604,0.0,2.0623136791727563,5.0,5.0,0.0,-1.6532327003168827
ALL,uncertainty:directional_volume^3,4625,-5.0,5.0,-1.3230230361957247,2.3647066948655024,-5.0,-4.971772445814778,-1.4509397564270299,3.748913390769771,5.0,5.0,0.0,-3.7803516429109703
ALL,uncertainty:price_acceleration,13875,-5.0,5.0,0.1933902133600052,1.7984316486774485,-5.0,-3.725257971143421,0.005949403742492621,4.371119733875262,5.0,5.0,0.0,0.9197551542311163
ALL,uncertainty:price_acceleration^2,9250,-5.0,5.0,-0.08809147614743425,2.5597066086984483,-5.0,-4.9185549760294816,0.021133137727841648,4.899693328544965,5.0,5.0,0.0,-0.7165925554379662
ALL,uncertainty:price_acceleration^3,4625,-5.0,5.0,0.3505850662629076,3.122396127001521,-5.0,-5.0,0.05535924302598873,5.0,5.0,5.0,0.0,2.6828588214684896
ALL,uncertainty:price_displacement,13875,-5.0,5.0,0.005289786932637911,1.423920231176476,-5.0,-2.7637557330050475,0.003363996943887563,2.6752053409356504,5.0,5.0,0.0,1.327836488380329
ALL,uncertainty:price_displacement^2,9250,-5.0,5.0,-0.25907918357824844,2.143445728971018,-5.0,-4.8615099743075705,0.0181472258598041,3.775542140759643,5.0,5.0,0.0,3.997899904805612
ALL,uncertainty:price_displacement^3,4625,-5.0,5.0,-0.41794766341597644,2.7265893750932095,-5.0,-4.998846913877387,-0.10273277866292749,4.993666904063153,5.0,5.0,0.0,2.282491564421508
ALL,uncertainty:price_velocity,13875,-5.0,5.0,0.04037602260167145,1.4674184765916538,-5.0,-2.7637557330050475,0.0037239389078935216,3.2328846132415983,5.0,5.0,0.0,3.254368836987719
ALL,uncertainty:price_velocity^2,9250,-5.0,5.0,-0.24084319436341262,2.180774938010747,-5.0,-4.8617603613090825,0.019481929904545992,4.07306626580829,5.0,5.0,0.0,4.814100685251005
ALL,uncertainty:price_velocity^3,4625,-5.0,5.0,-0.4370716085949467,2.7698245157127612,-5.0,-4.999925,-0.11174672265338262,4.9938382034472175,5.0,5.0,0.0,4.398079143031195
ALL,uncertainty:price_velocity_x_acceleration,13875,-5.0,5.0,0.011640945967697604,1.4470662618420846,-5.0,-2.3150994900519963,0.0,2.2358484443488535,5.0,5.0,0.0,2.482446355818801
ALL,uncertainty:relative_volume,13875,-5.0,5.0,0.2692353134272003,1.1140158235496567,-1.2200293146068373,-0.7749554490034868,-0.04775263263412547,3.5656003453627614,4.363788679427997,5.0,0.0,-0.014048997101918849
ALL,uncertainty:relative_volume^2,9250,-5.0,0.3654565009121369,-0.8952761891244142,1.6693407098346313,-4.916976050622514,-4.712645853842183,0.0,0.1610176679282021,0.22666686473440567,5.0,0.0,-3.371317405536337
ALL,uncertainty:relative_volume^3,4625,-0.09709080549583213,0.9422906826637021,0.3331638525536403,0.37353248698834024,-0.06901290612709492,-0.06073741797796707,0.04882004983615333,0.8258543438988573,0.8362565252253552,0.9422906826637021,0.0,0.8266108619141226
ALL,uncertainty:relative_volume_x_price_velocity,13875,-5.0,5.0,-0.0831308654788291,1.0140798309128158,-3.757199639819143,-1.7871826874510541,0.0,1.4228025241161852,3.4009778843079217,5.0,0.0,-1.4955257409945144
ALL,uncertainty:spread,13875,0.0,0.0,0.0,0.0,0.0,0.0,0.0,0.0,0.0,0.0,0.0,0.0
ALL,uncertainty:spread^2,9250,0.0,0.0,0.0,0.0,0.0,0.0,0.0,0.0,0.0,0.0,0.0,0.0
ALL,uncertainty:spread^3,4625,0.0,0.0,0.0,0.0,0.0,0.0,0.0,0.0,0.0,0.0,0.0,0.0
ALL,uncertainty:spread_change,13875,0.0,0.0,0.0,0.0,0.0,0.0,0.0,0.0,0.0,0.0,0.0,0.0
ALL,uncertainty:spread_change^2,9250,0.0,0.0,0.0,0.0,0.0,0.0,0.0,0.0,0.0,0.0,0.0,0.0
ALL,uncertainty:spread_change^3,4625,0.0,0.0,0.0,0.0,0.0,0.0,0.0,0.0,0.0,0.0,0.0,0.0
ALL,uncertainty:volume_density,13875,-5.0,5.0,0.2726649069443883,1.1173729844911149,-1.2224120998590569,-0.786354009311747,-0.046847419041903336,3.5696944522080174,4.367874455776793,5.0,0.0,-0.0366833753209905
ALL,uncertainty:volume_density^2,9250,-5.0,0.36200411848868086,-0.8949230151088376,1.664520002127075,-4.918056775381968,-4.7138619871482055,0.0,0.1533519108565054,0.2200292950409398,5.0,0.0,-3.3515577894246427
ALL,uncertainty:volume_density^3,4625,-0.09540352081481913,1.1684835184183795,0.43567860849585643,0.4810782054228352,-0.06767894201676936,-0.05885334957337234,0.049416333369574655,1.0498068438839503,1.0595026038106397,1.1684835184183795,0.0,1.0485878727319367
ALL,uncertainty:volume_density_x_price_displacement,13875,-5.0,5.0,-0.08842492360540317,1.0198881449491644,-3.7456385292170666,-1.8176100566925202,0.0,1.3784386047082777,3.4078214167960033,5.0,0.0,-1.9131863551543602
ALL,uncertainty:volume_log,13875,-5.0,5.0,0.019347834693327574,1.0015323457472036,-2.692276571865595,-1.5913817805617563,-0.07878053507734732,1.887194996856907,3.1726122030814867,5.0,0.0,1.7023973920414823
ALL,uncertainty:volume_log^2,9250,-5.0,0.23807409360733264,-1.1336138853554123,1.9462503378861886,-4.842643071208283,-4.738993140469357,-0.017988786444322412,0.08223412047562802,0.1620669244312619,5.0,0.0,-4.689842117028538
ALL,uncertainty:volume_log^3,4625,-5.0,0.08487606222797242,-2.4076433736581664,2.07928229205785,-4.8205876065148265,-4.785295554776031,-1.7316453242253103,0.0,0.003397333822393796,5.0,0.0,-4.28402791987655
ALL,uncertainty:volume_log_x_price_displacement,13875,-5.0,5.0,-0.3056782658939418,1.312533480410921,-4.766589958758132,-3.9109728085858504,0.0,0.05595031613281549,3.1793959870558055,5.0,0.0,-3.139193409439039
ALL,uncertainty:volume_movement_abs,13875,-5.0,5.0,-0.02862123147670106,1.5770006507589645,-5.0,-3.439705921700278,-0.012252538253030855,2.53773175542881,4.826250865001431,5.0,0.0,0.7777568082089251
ALL,uncertainty:volume_movement_abs^2,9250,-5.0,5.0,-0.3386581359769358,2.0712591560259868,-5.0,-4.887368488549298,0.0,2.630271354739433,5.0,5.0,0.0,2.9309073382846895
ALL,uncertainty:volume_movement_abs^3,4625,-5.0,5.0,-0.33512588735855764,2.659797350399035,-5.0,-5.0,0.0,4.923971075062398,5.0,5.0,0.0,1.4085275439607385
ALL,uncertainty:volume_movement_signed,13875,-5.0,5.0,-0.07872228976011225,1.3265615893415996,-5.0,-2.8554048063896023,0.0,1.7649458111197893,4.71246127931701,5.0,0.0,0.7777568082089251
ALL,uncertainty:volume_movement_signed^2,9250,-5.0,5.0,-0.3373401569536652,2.032533001466776,-5.0,-4.8734293658742995,0.0,2.7491465311938295,5.0,5.0,0.0,2.9309073382846895
ALL,uncertainty:volume_movement_signed^3,4625,-5.0,5.0,-0.4203578222435792,2.599116499821668,-5.0,-4.998936585928707,0.0,4.99245828275716,5.0,5.0,0.0,1.4085275439607385
A_n1,direction_state:bias,925,-0.7445539548596952,0.1850727051960393,-0.11319183827943792,0.18092414919946712,-0.7016611891040114,-0.6459483653206097,-0.06725304002849043,0.05787802642165088,0.08686134641599616,0.7445539548596952,0.0,-0.41959638910395236
A_n1,direction_state:directional_volume,925,0.0,0.0,0.0,0.0,0.0,0.0,0.0,0.0,0.0,0.0,0.0,0.0
A_n1,direction_state:price_acceleration,925,-1.2485894502742612,1.0322895159954595,0.11558900403283415,0.3511699806445122,-0.6789187842562642,-0.3849436352105998,0.06361622291984131,0.8835939175520856,0.9586337487640366,1.2485894502742612,0.0,-0.1052666614715544
A_n1,direction_state:price_displacement,925,-1.2197275030718915,1.2209419047197834,0.2850492339547573,0.27026191944245515,-0.6232853217256764,-0.4893733583144962,0.3762707056085929,0.4711051074340636,0.4908653225501399,1.2209419047197834,0.0,0.2845220197694276
A_n1,direction_state:price_velocity,925,-1.2197275030718915,1.2209419047197834,0.29315371964559417,0.2758362060228455,-0.6232853217256764,-0.4893733583144962,0.38361363765858325,0.5002613174190258,0.5789477218101327,1.2209419047197834,0.0,0.5916384692704106
A_n1,direction_state:price_velocity_x_acceleration,925,0.0,0.0,0.0,0.0,0.0,0.0,0.0,0.0,0.0,0.0,0.0,0.0
A_n1,direction_state:relative_volume,925,0.0,0.0,0.0,0.0,0.0,0.0,0.0,0.0,0.0,0.0,0.0,0.0
A_n1,direction_state:relative_volume_x_price_velocity,925,0.0,0.0,0.0,0.0,0.0,0.0,0.0,0.0,0.0,0.0,0.0,0.0
A_n1,direction_state:spread,925,0.0,0.0,0.0,0.0,0.0,0.0,0.0,0.0,0.0,0.0,0.0,0.0
A_n1,direction_state:spread_change,925,0.0,0.0,0.0,0.0,0.0,0.0,0.0,0.0,0.0,0.0,0.0,0.0
A_n1,direction_state:volume_density,925,0.0,0.0,0.0,0.0,0.0,0.0,0.0,0.0,0.0,0.0,0.0,0.0
A_n1,direction_state:volume_density_x_price_displacement,925,0.0,0.0,0.0,0.0,0.0,0.0,0.0,0.0,0.0,0.0,0.0,0.0
A_n1,direction_state:volume_log,925,0.0,0.0,0.0,0.0,0.0,0.0,0.0,0.0,0.0,0.0,0.0,0.0
A_n1,direction_state:volume_log_x_price_displacement,925,0.0,0.0,0.0,0.0,0.0,0.0,0.0,0.0,0.0,0.0,0.0,0.0
A_n1,direction_state:volume_movement_abs,925,0.0,0.0,0.0,0.0,0.0,0.0,0.0,0.0,0.0,0.0,0.0,0.0
A_n1,direction_state:volume_movement_signed,925,0.0,0.0,0.0,0.0,0.0,0.0,0.0,0.0,0.0,0.0,0.0,0.0
A_n1,forward_half_life:bias,925,0.0,5.0,4.93550916,0.5536191062611757,0.0,5.0,5.0,5.0,5.0,5.0,0.0,5.0
A_n1,forward_half_life:directional_volume,925,0.0,0.0,0.0,0.0,0.0,0.0,0.0,0.0,0.0,0.0,0.0,0.0
A_n1,forward_half_life:price_acceleration,925,-5.0,5.0,-1.9160515261998785,2.115660821033028,-5.0,-4.935390469691595,-1.993574786128937,1.931945869933077,3.271639994558716,5.0,0.0,-4.120396795703141
A_n1,forward_half_life:price_displacement,925,-5.0,5.0,0.3241246341478644,3.384993203549554,-5.0,-5.0,0.7956263814001969,5.0,5.0,5.0,0.0,-0.18110696908272295
A_n1,forward_half_life:price_velocity,925,-5.0,5.0,0.17614049441946672,3.3796674565011124,-5.0,-5.0,0.5213424084011082,5.0,5.0,5.0,0.0,-5.0
A_n1,forward_half_life:price_velocity_x_acceleration,925,0.0,0.0,0.0,0.0,0.0,0.0,0.0,0.0,0.0,0.0,0.0,0.0
A_n1,forward_half_life:relative_volume,925,0.0,0.0,0.0,0.0,0.0,0.0,0.0,0.0,0.0,0.0,0.0,0.0
A_n1,forward_half_life:relative_volume_x_price_velocity,925,0.0,0.0,0.0,0.0,0.0,0.0,0.0,0.0,0.0,0.0,0.0,0.0
A_n1,forward_half_life:spread,925,0.0,0.0,0.0,0.0,0.0,0.0,0.0,0.0,0.0,0.0,0.0,0.0
A_n1,forward_half_life:spread_change,925,0.0,0.0,0.0,0.0,0.0,0.0,0.0,0.0,0.0,0.0,0.0,0.0
A_n1,forward_half_life:volume_density,925,0.0,0.0,0.0,0.0,0.0,0.0,0.0,0.0,0.0,0.0,0.0,0.0
A_n1,forward_half_life:volume_density_x_price_displacement,925,0.0,0.0,0.0,0.0,0.0,0.0,0.0,0.0,0.0,0.0,0.0,0.0
A_n1,forward_half_life:volume_log,925,0.0,0.0,0.0,0.0,0.0,0.0,0.0,0.0,0.0,0.0,0.0,0.0
A_n1,forward_half_life:volume_log_x_price_displacement,925,0.0,0.0,0.0,0.0,0.0,0.0,0.0,0.0,0.0,0.0,0.0,0.0
A_n1,forward_half_life:volume_movement_abs,925,0.0,0.0,0.0,0.0,0.0,0.0,0.0,0.0,0.0,0.0,0.0,0.0
A_n1,forward_half_life:volume_movement_signed,925,0.0,0.0,0.0,0.0,0.0,0.0,0.0,0.0,0.0,0.0,0.0,0.0
A_n1,magnitude_state:bias,925,0.0,1.5615940396524717,0.7687973660003198,0.19503521701868692,0.0,0.46610236360720775,0.7901744396554894,0.9884017253051461,1.4017127283608415,1.5615940396524717,0.0,0.836399698509894
A_n1,magnitude_state:directional_volume,925,0.0,0.0,0.0,0.0,0.0,0.0,0.0,0.0,0.0,0.0,0.0,0.0
A_n1,magnitude_state:price_acceleration,925,-2.0998067558221303,2.0468026573829667,-0.31652484105467354,0.43378546095346143,-1.5019591077942704,-1.107786800506713,-0.09516933055929527,0.050866074764546285,0.09624314529275459,2.0998067558221303,0.0,-0.04454765609995619
A_n1,magnitude_state:price_displacement,925,-2.0142918679755883,2.044770207046517,0.2694098340662133,0.534949446787023,-0.31892217513718907,-0.19689496792446237,0.09819361785024865,1.8948312069152229,1.9397732372517706,2.044770207046517,0.0,0.002125606049220155
A_n1,magnitude_state:price_velocity,925,-2.0142918679755883,2.044770207046517,0.26923368751748655,0.5349278285528068,-0.31892217513718907,-0.19689496792446237,0.09819361785024865,1.8948312069152229,1.9397732372517706,2.044770207046517,0.0,0.1103725809213115
A_n1,magnitude_state:price_velocity_x_acceleration,925,0.0,0.0,0.0,0.0,0.0,0.0,0.0,0.0,0.0,0.0,0.0,0.0
A_n1,magnitude_state:relative_volume,925,0.0,0.0,0.0,0.0,0.0,0.0,0.0,0.0,0.0,0.0,0.0,0.0
A_n1,magnitude_state:relative_volume_x_price_velocity,925,0.0,0.0,0.0,0.0,0.0,0.0,0.0,0.0,0.0,0.0,0.0,0.0
A_n1,magnitude_state:spread,925,0.0,0.0,0.0,0.0,0.0,0.0,0.0,0.0,0.0,0.0,0.0,0.0
A_n1,magnitude_state:spread_change,925,0.0,0.0,0.0,0.0,0.0,0.0,0.0,0.0,0.0,0.0,0.0,0.0
A_n1,magnitude_state:volume_density,925,0.0,0.0,0.0,0.0,0.0,0.0,0.0,0.0,0.0,0.0,0.0,0.0
A_n1,magnitude_state:volume_density_x_price_displacement,925,0.0,0.0,0.0,0.0,0.0,0.0,0.0,0.0,0.0,0.0,0.0,0.0
A_n1,magnitude_state:volume_log,925,0.0,0.0,0.0,0.0,0.0,0.0,0.0,0.0,0.0,0.0,0.0,0.0
A_n1,magnitude_state:volume_log_x_price_displacement,925,0.0,0.0,0.0,0.0,0.0,0.0,0.0,0.0,0.0,0.0,0.0,0.0
A_n1,magnitude_state:volume_movement_abs,925,0.0,0.0,0.0,0.0,0.0,0.0,0.0,0.0,0.0,0.0,0.0,0.0
A_n1,magnitude_state:volume_movement_signed,925,0.0,0.0,0.0,0.0,0.0,0.0,0.0,0.0,0.0,0.0,0.0,0.0
A_n1,observation_half_life:bias,925,0.0,5.0,4.93550916,0.5536191062611757,0.0,5.0,5.0,5.0,5.0,5.0,0.0,5.0
A_n1,observation_half_life:directional_volume,925,0.0,0.0,0.0,0.0,0.0,0.0,0.0,0.0,0.0,0.0,0.0,0.0
A_n1,observation_half_life:price_acceleration,925,-5.0,5.0,-1.9160515261998785,2.115660821033028,-5.0,-4.935390469691595,-1.993574786128937,1.931945869933077,3.271639994558716,5.0,0.0,-4.120396795703141
A_n1,observation_half_life:price_displacement,925,-5.0,5.0,0.3241246341478644,3.384993203549554,-5.0,-5.0,0.7956263814001969,5.0,5.0,5.0,0.0,-0.18110696908272295
A_n1,observation_half_life:price_velocity,925,-5.0,5.0,0.17614049441946672,3.3796674565011124,-5.0,-5.0,0.5213424084011082,5.0,5.0,5.0,0.0,-5.0
A_n1,observation_half_life:price_velocity_x_acceleration,925,0.0,0.0,0.0,0.0,0.0,0.0,0.0,0.0,0.0,0.0,0.0,0.0
A_n1,observation_half_life:relative_volume,925,0.0,0.0,0.0,0.0,0.0,0.0,0.0,0.0,0.0,0.0,0.0,0.0
A_n1,observation_half_life:relative_volume_x_price_velocity,925,0.0,0.0,0.0,0.0,0.0,0.0,0.0,0.0,0.0,0.0,0.0,0.0
A_n1,observation_half_life:spread,925,0.0,0.0,0.0,0.0,0.0,0.0,0.0,0.0,0.0,0.0,0.0,0.0
A_n1,observation_half_life:spread_change,925,0.0,0.0,0.0,0.0,0.0,0.0,0.0,0.0,0.0,0.0,0.0,0.0
A_n1,observation_half_life:volume_density,925,0.0,0.0,0.0,0.0,0.0,0.0,0.0,0.0,0.0,0.0,0.0,0.0
A_n1,observation_half_life:volume_density_x_price_displacement,925,0.0,0.0,0.0,0.0,0.0,0.0,0.0,0.0,0.0,0.0,0.0,0.0
A_n1,observation_half_life:volume_log,925,0.0,0.0,0.0,0.0,0.0,0.0,0.0,0.0,0.0,0.0,0.0,0.0
A_n1,observation_half_life:volume_log_x_price_displacement,925,0.0,0.0,0.0,0.0,0.0,0.0,0.0,0.0,0.0,0.0,0.0,0.0
A_n1,observation_half_life:volume_movement_abs,925,0.0,0.0,0.0,0.0,0.0,0.0,0.0,0.0,0.0,0.0,0.0,0.0
A_n1,observation_half_life:volume_movement_signed,925,0.0,0.0,0.0,0.0,0.0,0.0,0.0,0.0,0.0,0.0,0.0,0.0
A_n1,persistence:bias,925,0.0,0.19991467259878948,0.19049157822197474,0.032446785734810094,0.0,0.13754636165055173,0.1998728263496016,0.19990275486852682,0.1999072690551572,0.19991467259878948,0.0,0.1999007287036048
A_n1,persistence:directional_volume,925,0.0,0.0,0.0,0.0,0.0,0.0,0.0,0.0,0.0,0.0,0.0,0.0
A_n1,persistence:price_acceleration,925,-0.01233088463303977,0.007877410161252069,-0.0006331445194313001,0.0016593593962213565,-0.009010848095217175,-0.0024496702017421344,-1.6268405925713382e-05,7.852241504443036e-05,8.621629727019632e-05,0.01233088463303977,0.0,-8.66320115534488e-06
A_n1,persistence:price_displacement,925,-0.012603041176619529,0.015725448222843837,0.00015429275355044897,0.0015981807657208555,-0.0037594191766654214,-0.001080469814945966,1.453806974962043e-05,0.0011732076184011468,0.00637780515311878,0.015725448222843837,0.0,5.023851536954542e-06
A_n1,persistence:price_velocity,925,-0.012603041176619529,0.015725448222843837,0.00015439788430916736,0.0015981733648797345,-0.0037594191766654214,-0.001080469814945966,1.4967654833037879e-05,0.0011732076184011468,0.00637780515311878,0.015725448222843837,0.0,-1.6784227929191167e-05
A_n1,persistence:price_velocity_x_acceleration,925,0.0,0.0,0.0,0.0,0.0,0.0,0.0,0.0,0.0,0.0,0.0,0.0
A_n1,persistence:relative_volume,925,0.0,0.0,0.0,0.0,0.0,0.0,0.0,0.0,0.0,0.0,0.0,0.0
A_n1,persistence:relative_volume_x_price_velocity,925,0.0,0.0,0.0,0.0,0.0,0.0,0.0,0.0,0.0,0.0,0.0,0.0
A_n1,persistence:spread,925,0.0,0.0,0.0,0.0,0.0,0.0,0.0,0.0,0.0,0.0,0.0,0.0
A_n1,persistence:spread_change,925,0.0,0.0,0.0,0.0,0.0,0.0,0.0,0.0,0.0,0.0,0.0,0.0
A_n1,persistence:volume_density,925,0.0,0.0,0.0,0.0,0.0,0.0,0.0,0.0,0.0,0.0,0.0,0.0
A_n1,persistence:volume_density_x_price_displacement,925,0.0,0.0,0.0,0.0,0.0,0.0,0.0,0.0,0.0,0.0,0.0,0.0
A_n1,persistence:volume_log,925,0.0,0.0,0.0,0.0,0.0,0.0,0.0,0.0,0.0,0.0,0.0,0.0
A_n1,persistence:volume_log_x_price_displacement,925,0.0,0.0,0.0,0.0,0.0,0.0,0.0,0.0,0.0,0.0,0.0,0.0
A_n1,persistence:volume_movement_abs,925,0.0,0.0,0.0,0.0,0.0,0.0,0.0,0.0,0.0,0.0,0.0,0.0
A_n1,persistence:volume_movement_signed,925,0.0,0.0,0.0,0.0,0.0,0.0,0.0,0.0,0.0,0.0,0.0,0.0
A_n1,perturbation_state:bias,925,0.0,0.20483143589703234,0.08887435224872277,0.06096027580738909,0.0,0.011299370584662417,0.08078424529898585,0.19623579614553477,0.20027425577635652,0.20483143589703234,0.0,0.09747335648955799
A_n1,perturbation_state:directional_volume,925,0.0,0.0,0.0,0.0,0.0,0.0,0.0,0.0,0.0,0.0,0.0,0.0
A_n1,perturbation_state:price_acceleration,925,-0.24992792148375512,0.1698764134528846,-0.037783066150885836,0.05427271914078002,-0.18927761850394856,-0.13416504144860902,-0.017915088549016023,0.019130282241324764,0.02601833667797318,0.24992792148375512,0.0,0.0020496653488460735
A_n1,perturbation_state:price_displacement,925,-0.21886063656231813,0.21348093615595543,0.044070134110649944,0.05575712421950985,-0.02623394241174706,-0.01793642756559681,0.03538430755592375,0.19827423463198668,0.20117681654820915,0.21886063656231813,0.0,0.0026190683316830096
A_n1,perturbation_state:price_velocity,925,-0.21886063656231813,0.21348093615595543,0.04927157453303517,0.05656003444959264,-0.02623394241174706,-0.01793642756559681,0.04117857694308458,0.19827423463198668,0.20117681654820915,0.21886063656231813,0.0,0.11417094567069183
A_n1,perturbation_state:price_velocity_x_acceleration,925,0.0,0.0,0.0,0.0,0.0,0.0,0.0,0.0,0.0,0.0,0.0,0.0
A_n1,perturbation_state:relative_volume,925,0.0,0.0,0.0,0.0,0.0,0.0,0.0,0.0,0.0,0.0,0.0,0.0
A_n1,perturbation_state:relative_volume_x_price_velocity,925,0.0,0.0,0.0,0.0,0.0,0.0,0.0,0.0,0.0,0.0,0.0,0.0
A_n1,perturbation_state:spread,925,0.0,0.0,0.0,0.0,0.0,0.0,0.0,0.0,0.0,0.0,0.0,0.0
A_n1,perturbation_state:spread_change,925,0.0,0.0,0.0,0.0,0.0,0.0,0.0,0.0,0.0,0.0,0.0,0.0
A_n1,perturbation_state:volume_density,925,0.0,0.0,0.0,0.0,0.0,0.0,0.0,0.0,0.0,0.0,0.0,0.0
A_n1,perturbation_state:volume_density_x_price_displacement,925,0.0,0.0,0.0,0.0,0.0,0.0,0.0,0.0,0.0,0.0,0.0,0.0
A_n1,perturbation_state:volume_log,925,0.0,0.0,0.0,0.0,0.0,0.0,0.0,0.0,0.0,0.0,0.0,0.0
A_n1,perturbation_state:volume_log_x_price_displacement,925,0.0,0.0,0.0,0.0,0.0,0.0,0.0,0.0,0.0,0.0,0.0,0.0
A_n1,perturbation_state:volume_movement_abs,925,0.0,0.0,0.0,0.0,0.0,0.0,0.0,0.0,0.0,0.0,0.0,0.0
A_n1,perturbation_state:volume_movement_signed,925,0.0,0.0,0.0,0.0,0.0,0.0,0.0,0.0,0.0,0.0,0.0,0.0
A_n1,reinforcement:bias,925,-0.04334651667617747,0.05599250401572072,0.00509123807304409,0.021568111324130883,-0.03534747270935703,-0.025559267170577517,0.0032475528890464718,0.043152625333702524,0.04743048805665775,0.05599250401572072,0.0,-0.04334651667617747
A_n1,reinforcement:directional_volume,925,0.0,0.0,0.0,0.0,0.0,0.0,0.0,0.0,0.0,0.0,0.0,0.0
A_n1,reinforcement:price_acceleration,925,-0.17696018504601202,0.035126467578421916,-0.06693642481036631,0.05915537885823883,-0.17166503959488813,-0.16246282545142565,-0.06298766541304929,0.015325776288884383,0.026806288830185553,0.17696018504601202,0.0,-0.09973170858046106
A_n1,reinforcement:price_displacement,925,-0.10943980740453225,0.14343681657537188,0.028997447672722637,0.04052550137142176,-0.04826016677787913,-0.03617250258005948,0.0323736532703221,0.11061180725425405,0.14066104483285033,0.14343681657537188,0.0,0.006350639140739845
A_n1,reinforcement:price_velocity,925,-0.10943980740453225,0.14343681657537188,0.03496302096589911,0.043257826653351754,-0.04826016677787913,-0.03617250258005948,0.037910876798618355,0.11884593273132488,0.14066104483285033,0.14343681657537188,0.0,0.09139976095799728
A_n1,reinforcement:price_velocity_x_acceleration,925,0.0,0.0,0.0,0.0,0.0,0.0,0.0,0.0,0.0,0.0,0.0,0.0
A_n1,reinforcement:relative_volume,925,0.0,0.0,0.0,0.0,0.0,0.0,0.0,0.0,0.0,0.0,0.0,0.0
A_n1,reinforcement:relative_volume_x_price_velocity,925,0.0,0.0,0.0,0.0,0.0,0.0,0.0,0.0,0.0,0.0,0.0,0.0
A_n1,reinforcement:spread,925,0.0,0.0,0.0,0.0,0.0,0.0,0.0,0.0,0.0,0.0,0.0,0.0
A_n1,reinforcement:spread_change,925,0.0,0.0,0.0,0.0,0.0,0.0,0.0,0.0,0.0,0.0,0.0,0.0
A_n1,reinforcement:volume_density,925,0.0,0.0,0.0,0.0,0.0,0.0,0.0,0.0,0.0,0.0,0.0,0.0
A_n1,reinforcement:volume_density_x_price_displacement,925,0.0,0.0,0.0,0.0,0.0,0.0,0.0,0.0,0.0,0.0,0.0,0.0
A_n1,reinforcement:volume_log,925,0.0,0.0,0.0,0.0,0.0,0.0,0.0,0.0,0.0,0.0,0.0,0.0
A_n1,reinforcement:volume_log_x_price_displacement,925,0.0,0.0,0.0,0.0,0.0,0.0,0.0,0.0,0.0,0.0,0.0,0.0
A_n1,reinforcement:volume_movement_abs,925,0.0,0.0,0.0,0.0,0.0,0.0,0.0,0.0,0.0,0.0,0.0,0.0
A_n1,reinforcement:volume_movement_signed,925,0.0,0.0,0.0,0.0,0.0,0.0,0.0,0.0,0.0,0.0,0.0,0.0
A_n1,reversal_tendency:bias,925,0.0,0.25892335921331916,0.15907545265900316,0.05023236906809234,0.0,0.0751380553658133,0.15751563422082665,0.2359655434001514,0.24991197173996102,0.25892335921331916,0.0,0.14140508517529674
A_n1,reversal_tendency:directional_volume,925,0.0,0.0,0.0,0.0,0.0,0.0,0.0,0.0,0.0,0.0,0.0,0.0
A_n1,reversal_tendency:price_acceleration,925,-0.11832398455138593,0.071648259653959,-0.020068693206616802,0.03452599347961263,-0.09224102957005204,-0.08912620998378132,-0.01725179434584593,0.028089261943440972,0.03549857838400596,0.11832398455138593,0.0,0.02635540227479355
A_n1,reversal_tendency:price_displacement,925,-0.11128973842405133,0.13706086826594516,0.02903542175799625,0.03585596482319001,-0.014912303414144302,-0.007985044716776982,0.02235056990985055,0.12687421232058102,0.13543281723120082,0.13706086826594516,0.0,0.01272926794534091
A_n1,reversal_tendency:price_velocity,925,-0.11128973842405133,0.13706086826594516,0.033390655262309235,0.036458670779909906,-0.01238348517060935,-0.007615706158599089,0.026505776361700848,0.12687421232058102,0.13543281723120082,0.13706086826594516,0.0,0.09915757542444537
A_n1,reversal_tendency:price_velocity_x_acceleration,925,0.0,0.0,0.0,0.0,0.0,0.0,0.0,0.0,0.0,0.0,0.0,0.0
A_n1,reversal_tendency:relative_volume,925,0.0,0.0,0.0,0.0,0.0,0.0,0.0,0.0,0.0,0.0,0.0,0.0
A_n1,reversal_tendency:relative_volume_x_price_velocity,925,0.0,0.0,0.0,0.0,0.0,0.0,0.0,0.0,0.0,0.0,0.0,0.0
A_n1,reversal_tendency:spread,925,0.0,0.0,0.0,0.0,0.0,0.0,0.0,0.0,0.0,0.0,0.0,0.0
A_n1,reversal_tendency:spread_change,925,0.0,0.0,0.0,0.0,0.0,0.0,0.0,0.0,0.0,0.0,0.0,0.0
A_n1,reversal_tendency:volume_density,925,0.0,0.0,0.0,0.0,0.0,0.0,0.0,0.0,0.0,0.0,0.0,0.0
A_n1,reversal_tendency:volume_density_x_price_displacement,925,0.0,0.0,0.0,0.0,0.0,0.0,0.0,0.0,0.0,0.0,0.0,0.0
A_n1,reversal_tendency:volume_log,925,0.0,0.0,0.0,0.0,0.0,0.0,0.0,0.0,0.0,0.0,0.0,0.0
A_n1,reversal_tendency:volume_log_x_price_displacement,925,0.0,0.0,0.0,0.0,0.0,0.0,0.0,0.0,0.0,0.0,0.0,0.0
A_n1,reversal_tendency:volume_movement_abs,925,0.0,0.0,0.0,0.0,0.0,0.0,0.0,0.0,0.0,0.0,0.0,0.0
A_n1,reversal_tendency:volume_movement_signed,925,0.0,0.0,0.0,0.0,0.0,0.0,0.0,0.0,0.0,0.0,0.0,0.0
A_n1,strength:bias,925,0.0,0.5978796529969048,0.5639943114510315,0.09747260024698857,0.0,0.4068504068052777,0.5915611670120318,0.5974494333735717,0.5978796529969048,0.5978796529969048,0.0,0.5886423775505129
A_n1,strength:directional_volume,925,0.0,0.0,0.0,0.0,0.0,0.0,0.0,0.0,0.0,0.0,0.0,0.0
A_n1,strength:price_acceleration,925,-0.03813641975320848,0.024363038147921342,-0.003269188462248183,0.0052356243177359265,-0.027868409569122992,-0.008594611578532453,-0.002913516233253548,0.003734927453147822,0.005755336686538905,0.03813641975320848,0.0,0.005136154724830136
A_n1,strength:price_displacement,925,-0.03897846625114321,0.04863508346982223,0.0007217756110851252,0.005796368940504341,-0.019130946632226063,-0.005396210935973731,0.0012768142828153892,0.004556007789636471,0.019725070663320344,0.04863508346982223,0.0,-0.014027985921630492
A_n1,strength:price_velocity,925,-0.03897846625114321,0.04863508346982223,0.0012315173779382158,0.005088634451114202,-0.011626472571702792,-0.003344929744491891,0.0013068051898259187,0.0046046275007631384,0.019725070663320344,0.04863508346982223,0.0,0.0008406286785801423
A_n1,strength:price_velocity_x_acceleration,925,0.0,0.0,0.0,0.0,0.0,0.0,0.0,0.0,0.0,0.0,0.0,0.0
A_n1,strength:relative_volume,925,0.0,0.0,0.0,0.0,0.0,0.0,0.0,0.0,0.0,0.0,0.0,0.0
A_n1,strength:relative_volume_x_price_velocity,925,0.0,0.0,0.0,0.0,0.0,0.0,0.0,0.0,0.0,0.0,0.0,0.0
A_n1,strength:spread,925,0.0,0.0,0.0,0.0,0.0,0.0,0.0,0.0,0.0,0.0,0.0,0.0
A_n1,strength:spread_change,925,0.0,0.0,0.0,0.0,0.0,0.0,0.0,0.0,0.0,0.0,0.0,0.0
A_n1,strength:volume_density,925,0.0,0.0,0.0,0.0,0.0,0.0,0.0,0.0,0.0,0.0,0.0,0.0
A_n1,strength:volume_density_x_price_displacement,925,0.0,0.0,0.0,0.0,0.0,0.0,0.0,0.0,0.0,0.0,0.0,0.0
A_n1,strength:volume_log,925,0.0,0.0,0.0,0.0,0.0,0.0,0.0,0.0,0.0,0.0,0.0,0.0
A_n1,strength:volume_log_x_price_displacement,925,0.0,0.0,0.0,0.0,0.0,0.0,0.0,0.0,0.0,0.0,0.0,0.0
A_n1,strength:volume_movement_abs,925,0.0,0.0,0.0,0.0,0.0,0.0,0.0,0.0,0.0,0.0,0.0,0.0
A_n1,strength:volume_movement_signed,925,0.0,0.0,0.0,0.0,0.0,0.0,0.0,0.0,0.0,0.0,0.0,0.0
A_n1,uncertainty:bias,925,0.0,0.4672053213885325,0.4104021572569197,0.07210359421552702,0.0,0.28559036657630626,0.42375803668133843,0.45717451763056804,0.46364491368152755,0.4672053213885325,0.0,0.43505882964625475
A_n1,uncertainty:directional_volume,925,0.0,0.0,0.0,0.0,0.0,0.0,0.0,0.0,0.0,0.0,0.0,0.0
A_n1,uncertainty:price_acceleration,925,-0.05770183147881727,0.03992440989473181,-0.00936847666883096,0.012274556772959536,-0.04386609163914042,-0.030059932265929408,-0.006707543214910206,0.004531529063229081,0.00609288685138621,0.05770183147881727,0.0,-0.004673678553747498
A_n1,uncertainty:price_displacement,925,-0.05299208342550307,0.051756657197541064,0.011080516647567209,0.013778533882304373,-0.008500788257197491,-0.0051658647836901215,0.009171968689735351,0.049174102295882476,0.04941849192649285,0.05299208342550307,0.0,0.014719117484847086
A_n1,uncertainty:price_velocity,925,-0.05299208342550307,0.051756657197541064,0.011876096784043564,0.014009980973938307,-0.008500788257197491,-0.0051658647836901215,0.010067480881059934,0.049174102295882476,0.04941849192649285,0.05299208342550307,0.0,0.02759067446857807
A_n1,uncertainty:price_velocity_x_acceleration,925,0.0,0.0,0.0,0.0,0.0,0.0,0.0,0.0,0.0,0.0,0.0,0.0
A_n1,uncertainty:relative_volume,925,0.0,0.0,0.0,0.0,0.0,0.0,0.0,0.0,0.0,0.0,0.0,0.0
A_n1,uncertainty:relative_volume_x_price_velocity,925,0.0,0.0,0.0,0.0,0.0,0.0,0.0,0.0,0.0,0.0,0.0,0.0
A_n1,uncertainty:spread,925,0.0,0.0,0.0,0.0,0.0,0.0,0.0,0.0,0.0,0.0,0.0,0.0
A_n1,uncertainty:spread_change,925,0.0,0.0,0.0,0.0,0.0,0.0,0.0,0.0,0.0,0.0,0.0,0.0
A_n1,uncertainty:volume_density,925,0.0,0.0,0.0,0.0,0.0,0.0,0.0,0.0,0.0,0.0,0.0,0.0
A_n1,uncertainty:volume_density_x_price_displacement,925,0.0,0.0,0.0,0.0,0.0,0.0,0.0,0.0,0.0,0.0,0.0,0.0
A_n1,uncertainty:volume_log,925,0.0,0.0,0.0,0.0,0.0,0.0,0.0,0.0,0.0,0.0,0.0,0.0
A_n1,uncertainty:volume_log_x_price_displacement,925,0.0,0.0,0.0,0.0,0.0,0.0,0.0,0.0,0.0,0.0,0.0,0.0
A_n1,uncertainty:volume_movement_abs,925,0.0,0.0,0.0,0.0,0.0,0.0,0.0,0.0,0.0,0.0,0.0,0.0
A_n1,uncertainty:volume_movement_signed,925,0.0,0.0,0.0,0.0,0.0,0.0,0.0,0.0,0.0,0.0,0.0,0.0
A_n2,direction_state:bias,925,-5.0,5.0,-0.19766452149303393,0.9047801507533579,-2.2876085846406093,-1.9786414399834835,-0.030341107468428264,0.9241469843465823,3.2271234321616475,5.0,0.0,-0.14958385588017722
A_n2,direction_state:directional_volume,925,0.0,0.0,0.0,0.0,0.0,0.0,0.0,0.0,0.0,0.0,0.0,0.0
A_n2,direction_state:directional_volume^2,925,0.0,0.0,0.0,0.0,0.0,0.0,0.0,0.0,0.0,0.0,0.0,0.0
A_n2,direction_state:price_acceleration,925,-5.0,5.0,-0.6266734647365229,1.4697121580771566,-4.933511425293844,-4.565023513221206,-0.07330038918619886,0.31525659236037196,0.546426458012987,5.0,0.0,-1.1906365695869177
A_n2,direction_state:price_acceleration^2,925,-5.0,5.0,0.44795342061550697,1.6030962698106612,-3.6053255876524606,-0.9638626574638045,0.022769957960762702,4.876328492937634,4.994746263434042,5.0,0.0,-0.9619015214159464
A_n2,direction_state:price_displacement,925,-5.0,5.0,-0.0668436449636687,1.4149009445707499,-4.889723947249387,-3.8023633715964045,0.41310894878699245,0.7725270710849746,1.8290735234853686,5.0,0.0,0.03393701899722883
A_n2,direction_state:price_displacement^2,925,-5.0,5.0,-0.45715857625424355,1.4521767536856527,-4.964948229337913,-4.8478685124513845,-0.04208375431797284,0.3903550102133692,1.7599889804319562,5.0,0.0,-0.1821346566432653
A_n2,direction_state:price_velocity,925,-5.0,5.0,0.020141387287911688,1.5077819256907725,-4.889723947249387,-3.8023633715964045,0.41630179841335124,2.019138993970092,2.5035974282993623,5.0,0.0,1.9820064222577014
A_n2,direction_state:price_velocity^2,925,-5.0,5.0,-0.47651553867069063,1.50562681694633,-4.991443556012257,-4.851377827047009,-0.04090995849978359,0.8511450682082063,1.5895789131386717,5.0,0.0,0.7276834853402723
A_n2,direction_state:price_velocity_x_acceleration,925,0.0,0.0,0.0,0.0,0.0,0.0,0.0,0.0,0.0,0.0,0.0,0.0
A_n2,direction_state:relative_volume,925,0.0,0.0,0.0,0.0,0.0,0.0,0.0,0.0,0.0,0.0,0.0,0.0
A_n2,direction_state:relative_volume^2,925,0.0,0.0,0.0,0.0,0.0,0.0,0.0,0.0,0.0,0.0,0.0,0.0
A_n2,direction_state:relative_volume_x_price_velocity,925,0.0,0.0,0.0,0.0,0.0,0.0,0.0,0.0,0.0,0.0,0.0,0.0
A_n2,direction_state:spread,925,0.0,0.0,0.0,0.0,0.0,0.0,0.0,0.0,0.0,0.0,0.0,0.0
A_n2,direction_state:spread^2,925,0.0,0.0,0.0,0.0,0.0,0.0,0.0,0.0,0.0,0.0,0.0,0.0
A_n2,direction_state:spread_change,925,0.0,0.0,0.0,0.0,0.0,0.0,0.0,0.0,0.0,0.0,0.0,0.0
A_n2,direction_state:spread_change^2,925,0.0,0.0,0.0,0.0,0.0,0.0,0.0,0.0,0.0,0.0,0.0,0.0
A_n2,direction_state:volume_density,925,0.0,0.0,0.0,0.0,0.0,0.0,0.0,0.0,0.0,0.0,0.0,0.0
A_n2,direction_state:volume_density^2,925,0.0,0.0,0.0,0.0,0.0,0.0,0.0,0.0,0.0,0.0,0.0,0.0
A_n2,direction_state:volume_density_x_price_displacement,925,0.0,0.0,0.0,0.0,0.0,0.0,0.0,0.0,0.0,0.0,0.0,0.0
A_n2,direction_state:volume_log,925,0.0,0.0,0.0,0.0,0.0,0.0,0.0,0.0,0.0,0.0,0.0,0.0
A_n2,direction_state:volume_log^2,925,0.0,0.0,0.0,0.0,0.0,0.0,0.0,0.0,0.0,0.0,0.0,0.0
A_n2,direction_state:volume_log_x_price_displacement,925,0.0,0.0,0.0,0.0,0.0,0.0,0.0,0.0,0.0,0.0,0.0,0.0
A_n2,direction_state:volume_movement_abs,925,0.0,0.0,0.0,0.0,0.0,0.0,0.0,0.0,0.0,0.0,0.0,0.0
A_n2,direction_state:volume_movement_abs^2,925,0.0,0.0,0.0,0.0,0.0,0.0,0.0,0.0,0.0,0.0,0.0,0.0
A_n2,direction_state:volume_movement_signed,925,0.0,0.0,0.0,0.0,0.0,0.0,0.0,0.0,0.0,0.0,0.0,0.0
A_n2,direction_state:volume_movement_signed^2,925,0.0,0.0,0.0,0.0,0.0,0.0,0.0,0.0,0.0,0.0,0.0,0.0
A_n2,forward_half_life:bias,925,-5.0,5.0,4.866709934454679,0.8493606727566833,0.0,5.0,5.0,5.0,5.0,5.0,0.0,5.0
A_n2,forward_half_life:directional_volume,925,0.0,0.0,0.0,0.0,0.0,0.0,0.0,0.0,0.0,0.0,0.0,0.0
A_n2,forward_half_life:directional_volume^2,925,0.0,0.0,0.0,0.0,0.0,0.0,0.0,0.0,0.0,0.0,0.0,0.0
A_n2,forward_half_life:price_acceleration,925,-5.0,5.0,-1.8278416978113303,2.967049417817059,-5.0,-5.0,-2.898409443561908,4.345556193051462,5.0,5.0,0.0,-5.0
A_n2,forward_half_life:price_acceleration^2,925,-5.0,5.0,4.6702362309781735,1.3979936227087026,-3.022942965390579,2.9150096441362887,5.0,5.0,5.0,5.0,0.0,5.0
A_n2,forward_half_life:price_displacement,925,-5.0,5.0,-0.23929701287209926,3.072668093836128,-5.0,-5.0,0.0,4.45138392381089,5.0,5.0,0.0,1.7201717889983708
A_n2,forward_half_life:price_displacement^2,925,-5.0,5.0,4.283486512410299,2.118745445054165,-4.306870820744243,-1.3374866056719414,5.0,5.0,5.0,5.0,0.0,5.0
A_n2,forward_half_life:price_velocity,925,-5.0,5.0,-0.6304782367062317,3.110318174195593,-5.0,-5.0,-0.42316252613654237,4.296599654574383,5.0,5.0,0.0,-5.0
A_n2,forward_half_life:price_velocity^2,925,-5.0,5.0,4.201343668779691,2.2221418088223985,-4.33285515013935,-1.865149500550638,5.0,5.0,5.0,5.0,0.0,5.0
A_n2,forward_half_life:price_velocity_x_acceleration,925,0.0,0.0,0.0,0.0,0.0,0.0,0.0,0.0,0.0,0.0,0.0,0.0
A_n2,forward_half_life:relative_volume,925,0.0,0.0,0.0,0.0,0.0,0.0,0.0,0.0,0.0,0.0,0.0,0.0
A_n2,forward_half_life:relative_volume^2,925,0.0,0.0,0.0,0.0,0.0,0.0,0.0,0.0,0.0,0.0,0.0,0.0
A_n2,forward_half_life:relative_volume_x_price_velocity,925,0.0,0.0,0.0,0.0,0.0,0.0,0.0,0.0,0.0,0.0,0.0,0.0
A_n2,forward_half_life:spread,925,0.0,0.0,0.0,0.0,0.0,0.0,0.0,0.0,0.0,0.0,0.0,0.0
A_n2,forward_half_life:spread^2,925,0.0,0.0,0.0,0.0,0.0,0.0,0.0,0.0,0.0,0.0,0.0,0.0
A_n2,forward_half_life:spread_change,925,0.0,0.0,0.0,0.0,0.0,0.0,0.0,0.0,0.0,0.0,0.0,0.0
A_n2,forward_half_life:spread_change^2,925,0.0,0.0,0.0,0.0,0.0,0.0,0.0,0.0,0.0,0.0,0.0,0.0
A_n2,forward_half_life:volume_density,925,0.0,0.0,0.0,0.0,0.0,0.0,0.0,0.0,0.0,0.0,0.0,0.0
A_n2,forward_half_life:volume_density^2,925,0.0,0.0,0.0,0.0,0.0,0.0,0.0,0.0,0.0,0.0,0.0,0.0
A_n2,forward_half_life:volume_density_x_price_displacement,925,0.0,0.0,0.0,0.0,0.0,0.0,0.0,0.0,0.0,0.0,0.0,0.0
A_n2,forward_half_life:volume_log,925,0.0,0.0,0.0,0.0,0.0,0.0,0.0,0.0,0.0,0.0,0.0,0.0
A_n2,forward_half_life:volume_log^2,925,0.0,0.0,0.0,0.0,0.0,0.0,0.0,0.0,0.0,0.0,0.0,0.0
A_n2,forward_half_life:volume_log_x_price_displacement,925,0.0,0.0,0.0,0.0,0.0,0.0,0.0,0.0,0.0,0.0,0.0,0.0
A_n2,forward_half_life:volume_movement_abs,925,0.0,0.0,0.0,0.0,0.0,0.0,0.0,0.0,0.0,0.0,0.0,0.0
A_n2,forward_half_life:volume_movement_abs^2,925,0.0,0.0,0.0,0.0,0.0,0.0,0.0,0.0,0.0,0.0,0.0,0.0
A_n2,forward_half_life:volume_movement_signed,925,0.0,0.0,0.0,0.0,0.0,0.0,0.0,0.0,0.0,0.0,0.0,0.0
A_n2,forward_half_life:volume_movement_signed^2,925,0.0,0.0,0.0,0.0,0.0,0.0,0.0,0.0,0.0,0.0,0.0,0.0
A_n2,magnitude_state:bias,925,-1.7171446375311632,5.0,0.718712142828041,0.7834779924470318,0.0,0.1589966139574914,0.33307688212768943,2.2093636489089166,4.157121134169881,5.0,0.0,0.46550505096054284
A_n2,magnitude_state:directional_volume,925,0.0,0.0,0.0,0.0,0.0,0.0,0.0,0.0,0.0,0.0,0.0,0.0
A_n2,magnitude_state:directional_volume^2,925,0.0,0.0,0.0,0.0,0.0,0.0,0.0,0.0,0.0,0.0,0.0,0.0
A_n2,magnitude_state:price_acceleration,925,-5.0,4.632465546093032,-0.3035585062280812,1.5390091774759742,-4.986676756223836,-4.6819838665664415,-0.03148978251983279,2.018136390587084,3.9017644058455625,5.0,0.0,-0.13075163644099583
A_n2,magnitude_state:price_acceleration^2,925,-5.0,5.0,0.455202708976784,1.5245446547537749,-2.4556207802959147,-0.7161729228792281,0.0006759630985802298,4.880233949216392,4.972286561681576,5.0,0.0,-0.2710160452357294
A_n2,magnitude_state:price_displacement,925,-5.0,5.0,-0.18457156771234784,1.3638747259270678,-4.907841484095819,-4.006319196165176,-0.005996594343317299,1.9633809348856832,2.1192288779932125,5.0,0.0,-0.0612462286412818
A_n2,magnitude_state:price_displacement^2,925,-5.0,5.0,-0.167933966217888,1.4959598679218031,-4.932604476081495,-4.813238097330149,0.2284508613840539,1.0519873912566808,1.3094878538540065,5.0,0.0,0.25589330684934697
A_n2,magnitude_state:price_velocity,925,-5.0,5.0,-0.1657195181428008,1.3711076948509517,-4.907841484095819,-4.006319196165176,-0.003952474246613423,1.9633809348856832,2.1192288779932125,5.0,0.0,0.41746642892252445
A_n2,magnitude_state:price_velocity^2,925,-5.0,5.0,-0.16619413376017123,1.5042473917071761,-4.932604476081495,-4.813238097330149,0.20406018707169332,1.158146139524549,1.3222849576130045,5.0,0.0,0.6517694308087743
A_n2,magnitude_state:price_velocity_x_acceleration,925,0.0,0.0,0.0,0.0,0.0,0.0,0.0,0.0,0.0,0.0,0.0,0.0
A_n2,magnitude_state:relative_volume,925,0.0,0.0,0.0,0.0,0.0,0.0,0.0,0.0,0.0,0.0,0.0,0.0
A_n2,magnitude_state:relative_volume^2,925,0.0,0.0,0.0,0.0,0.0,0.0,0.0,0.0,0.0,0.0,0.0,0.0
A_n2,magnitude_state:relative_volume_x_price_velocity,925,0.0,0.0,0.0,0.0,0.0,0.0,0.0,0.0,0.0,0.0,0.0,0.0
A_n2,magnitude_state:spread,925,0.0,0.0,0.0,0.0,0.0,0.0,0.0,0.0,0.0,0.0,0.0,0.0
A_n2,magnitude_state:spread^2,925,0.0,0.0,0.0,0.0,0.0,0.0,0.0,0.0,0.0,0.0,0.0,0.0
A_n2,magnitude_state:spread_change,925,0.0,0.0,0.0,0.0,0.0,0.0,0.0,0.0,0.0,0.0,0.0,0.0
A_n2,magnitude_state:spread_change^2,925,0.0,0.0,0.0,0.0,0.0,0.0,0.0,0.0,0.0,0.0,0.0,0.0
A_n2,magnitude_state:volume_density,925,0.0,0.0,0.0,0.0,0.0,0.0,0.0,0.0,0.0,0.0,0.0,0.0
A_n2,magnitude_state:volume_density^2,925,0.0,0.0,0.0,0.0,0.0,0.0,0.0,0.0,0.0,0.0,0.0,0.0
A_n2,magnitude_state:volume_density_x_price_displacement,925,0.0,0.0,0.0,0.0,0.0,0.0,0.0,0.0,0.0,0.0,0.0,0.0
A_n2,magnitude_state:volume_log,925,0.0,0.0,0.0,0.0,0.0,0.0,0.0,0.0,0.0,0.0,0.0,0.0
A_n2,magnitude_state:volume_log^2,925,0.0,0.0,0.0,0.0,0.0,0.0,0.0,0.0,0.0,0.0,0.0,0.0
A_n2,magnitude_state:volume_log_x_price_displacement,925,0.0,0.0,0.0,0.0,0.0,0.0,0.0,0.0,0.0,0.0,0.0,0.0
A_n2,magnitude_state:volume_movement_abs,925,0.0,0.0,0.0,0.0,0.0,0.0,0.0,0.0,0.0,0.0,0.0,0.0
A_n2,magnitude_state:volume_movement_abs^2,925,0.0,0.0,0.0,0.0,0.0,0.0,0.0,0.0,0.0,0.0,0.0,0.0
A_n2,magnitude_state:volume_movement_signed,925,0.0,0.0,0.0,0.0,0.0,0.0,0.0,0.0,0.0,0.0,0.0,0.0
A_n2,magnitude_state:volume_movement_signed^2,925,0.0,0.0,0.0,0.0,0.0,0.0,0.0,0.0,0.0,0.0,0.0,0.0
A_n2,observation_half_life:bias,925,-5.0,5.0,4.866709934454679,0.8493606727566833,0.0,5.0,5.0,5.0,5.0,5.0,0.0,5.0
A_n2,observation_half_life:directional_volume,925,0.0,0.0,0.0,0.0,0.0,0.0,0.0,0.0,0.0,0.0,0.0,0.0
A_n2,observation_half_life:directional_volume^2,925,0.0,0.0,0.0,0.0,0.0,0.0,0.0,0.0,0.0,0.0,0.0,0.0
A_n2,observation_half_life:price_acceleration,925,-5.0,5.0,-1.8278416978113303,2.967049417817059,-5.0,-5.0,-2.898409443561908,4.345556193051462,5.0,5.0,0.0,-5.0
A_n2,observation_half_life:price_acceleration^2,925,-5.0,5.0,4.6702362309781735,1.3979936227087026,-3.022942965390579,2.9150096441362887,5.0,5.0,5.0,5.0,0.0,5.0
A_n2,observation_half_life:price_displacement,925,-5.0,5.0,-0.23929701287209926,3.072668093836128,-5.0,-5.0,0.0,4.45138392381089,5.0,5.0,0.0,1.7201717889983708
A_n2,observation_half_life:price_displacement^2,925,-5.0,5.0,4.283486512410299,2.118745445054165,-4.306870820744243,-1.3374866056719414,5.0,5.0,5.0,5.0,0.0,5.0
A_n2,observation_half_life:price_velocity,925,-5.0,5.0,-0.6304782367062317,3.110318174195593,-5.0,-5.0,-0.42316252613654237,4.296599654574383,5.0,5.0,0.0,-5.0
A_n2,observation_half_life:price_velocity^2,925,-5.0,5.0,4.201343668779691,2.2221418088223985,-4.33285515013935,-1.865149500550638,5.0,5.0,5.0,5.0,0.0,5.0
A_n2,observation_half_life:price_velocity_x_acceleration,925,0.0,0.0,0.0,0.0,0.0,0.0,0.0,0.0,0.0,0.0,0.0,0.0
A_n2,observation_half_life:relative_volume,925,0.0,0.0,0.0,0.0,0.0,0.0,0.0,0.0,0.0,0.0,0.0,0.0
A_n2,observation_half_life:relative_volume^2,925,0.0,0.0,0.0,0.0,0.0,0.0,0.0,0.0,0.0,0.0,0.0,0.0
A_n2,observation_half_life:relative_volume_x_price_velocity,925,0.0,0.0,0.0,0.0,0.0,0.0,0.0,0.0,0.0,0.0,0.0,0.0
A_n2,observation_half_life:spread,925,0.0,0.0,0.0,0.0,0.0,0.0,0.0,0.0,0.0,0.0,0.0,0.0
A_n2,observation_half_life:spread^2,925,0.0,0.0,0.0,0.0,0.0,0.0,0.0,0.0,0.0,0.0,0.0,0.0
A_n2,observation_half_life:spread_change,925,0.0,0.0,0.0,0.0,0.0,0.0,0.0,0.0,0.0,0.0,0.0,0.0
A_n2,observation_half_life:spread_change^2,925,0.0,0.0,0.0,0.0,0.0,0.0,0.0,0.0,0.0,0.0,0.0,0.0
A_n2,observation_half_life:volume_density,925,0.0,0.0,0.0,0.0,0.0,0.0,0.0,0.0,0.0,0.0,0.0,0.0
A_n2,observation_half_life:volume_density^2,925,0.0,0.0,0.0,0.0,0.0,0.0,0.0,0.0,0.0,0.0,0.0,0.0
A_n2,observation_half_life:volume_density_x_price_displacement,925,0.0,0.0,0.0,0.0,0.0,0.0,0.0,0.0,0.0,0.0,0.0,0.0
A_n2,observation_half_life:volume_log,925,0.0,0.0,0.0,0.0,0.0,0.0,0.0,0.0,0.0,0.0,0.0,0.0
A_n2,observation_half_life:volume_log^2,925,0.0,0.0,0.0,0.0,0.0,0.0,0.0,0.0,0.0,0.0,0.0,0.0
A_n2,observation_half_life:volume_log_x_price_displacement,925,0.0,0.0,0.0,0.0,0.0,0.0,0.0,0.0,0.0,0.0,0.0,0.0
A_n2,observation_half_life:volume_movement_abs,925,0.0,0.0,0.0,0.0,0.0,0.0,0.0,0.0,0.0,0.0,0.0,0.0
A_n2,observation_half_life:volume_movement_abs^2,925,0.0,0.0,0.0,0.0,0.0,0.0,0.0,0.0,0.0,0.0,0.0,0.0
A_n2,observation_half_life:volume_movement_signed,925,0.0,0.0,0.0,0.0,0.0,0.0,0.0,0.0,0.0,0.0,0.0,0.0
A_n2,observation_half_life:volume_movement_signed^2,925,0.0,0.0,0.0,0.0,0.0,0.0,0.0,0.0,0.0,0.0,0.0,0.0
A_n2,persistence:bias,925,-5.0,1.8266419103683962,-0.1913198205607001,0.704179434171555,-2.145372240095528,-1.7646150756562842,0.0862499346561575,0.4151755591902745,1.13987816382415,5.0,0.0,0.20396527286879956
A_n2,persistence:directional_volume,925,0.0,0.0,0.0,0.0,0.0,0.0,0.0,0.0,0.0,0.0,0.0,0.0
A_n2,persistence:directional_volume^2,925,0.0,0.0,0.0,0.0,0.0,0.0,0.0,0.0,0.0,0.0,0.0,0.0
A_n2,persistence:price_acceleration,925,-4.546258218718435,5.0,-0.45147515565731566,0.9757425038828684,-3.6606934055791585,-2.165425754041177,0.0002802110601369816,0.25492505290272244,0.5009843610838917,5.0,0.0,-0.7952036614019201
A_n2,persistence:price_acceleration^2,925,-5.0,5.0,0.4580522118410889,1.6170073999373198,-4.016736483550715,-0.9326666843473475,0.02265614758466165,4.981783706899953,4.995283153541053,5.0,0.0,-0.931751464106492
A_n2,persistence:price_displacement,925,-5.0,5.0,-0.07598609513916307,0.740634632006787,-2.2474039951942237,-2.1118131997940357,-0.0026591529387708698,0.5210755260742085,0.9996404491570186,5.0,0.0,-0.21803219416729008
A_n2,persistence:price_displacement^2,925,-5.0,5.0,-0.06461688412244172,0.6717918756145912,-1.1505228303306816,-0.996804240309623,0.0036753250766564964,0.4788548499405642,1.4514050642728076,5.0,0.0,-0.3228322956945695
A_n2,persistence:price_velocity,925,-5.0,5.0,-0.005391975764322698,0.8359092074671612,-2.2474039951942237,-2.1118131997940357,-0.002549829766118125,1.3204364855497188,2.1522443597726864,5.0,0.0,1.26304063495028
A_n2,persistence:price_velocity^2,925,-5.0,5.0,-0.029884501376690412,0.820469234631813,-2.6418968829414418,-1.0327981076809085,0.0034956509868454186,1.3861532377011843,2.5329771341712286,5.0,0.0,1.3982435484312021
A_n2,persistence:price_velocity_x_acceleration,925,0.0,0.0,0.0,0.0,0.0,0.0,0.0,0.0,0.0,0.0,0.0,0.0
A_n2,persistence:relative_volume,925,0.0,0.0,0.0,0.0,0.0,0.0,0.0,0.0,0.0,0.0,0.0,0.0
A_n2,persistence:relative_volume^2,925,0.0,0.0,0.0,0.0,0.0,0.0,0.0,0.0,0.0,0.0,0.0,0.0
A_n2,persistence:relative_volume_x_price_velocity,925,0.0,0.0,0.0,0.0,0.0,0.0,0.0,0.0,0.0,0.0,0.0,0.0
A_n2,persistence:spread,925,0.0,0.0,0.0,0.0,0.0,0.0,0.0,0.0,0.0,0.0,0.0,0.0
A_n2,persistence:spread^2,925,0.0,0.0,0.0,0.0,0.0,0.0,0.0,0.0,0.0,0.0,0.0,0.0
A_n2,persistence:spread_change,925,0.0,0.0,0.0,0.0,0.0,0.0,0.0,0.0,0.0,0.0,0.0,0.0
A_n2,persistence:spread_change^2,925,0.0,0.0,0.0,0.0,0.0,0.0,0.0,0.0,0.0,0.0,0.0,0.0
A_n2,persistence:volume_density,925,0.0,0.0,0.0,0.0,0.0,0.0,0.0,0.0,0.0,0.0,0.0,0.0
A_n2,persistence:volume_density^2,925,0.0,0.0,0.0,0.0,0.0,0.0,0.0,0.0,0.0,0.0,0.0,0.0
A_n2,persistence:volume_density_x_price_displacement,925,0.0,0.0,0.0,0.0,0.0,0.0,0.0,0.0,0.0,0.0,0.0,0.0
A_n2,persistence:volume_log,925,0.0,0.0,0.0,0.0,0.0,0.0,0.0,0.0,0.0,0.0,0.0,0.0
A_n2,persistence:volume_log^2,925,0.0,0.0,0.0,0.0,0.0,0.0,0.0,0.0,0.0,0.0,0.0,0.0
A_n2,persistence:volume_log_x_price_displacement,925,0.0,0.0,0.0,0.0,0.0,0.0,0.0,0.0,0.0,0.0,0.0,0.0
A_n2,persistence:volume_movement_abs,925,0.0,0.0,0.0,0.0,0.0,0.0,0.0,0.0,0.0,0.0,0.0,0.0
A_n2,persistence:volume_movement_abs^2,925,0.0,0.0,0.0,0.0,0.0,0.0,0.0,0.0,0.0,0.0,0.0,0.0
A_n2,persistence:volume_movement_signed,925,0.0,0.0,0.0,0.0,0.0,0.0,0.0,0.0,0.0,0.0,0.0,0.0
A_n2,persistence:volume_movement_signed^2,925,0.0,0.0,0.0,0.0,0.0,0.0,0.0,0.0,0.0,0.0,0.0,0.0
A_n2,perturbation_state:bias,925,-5.0,4.879799307080795,-0.056141022826612805,0.9521275278763675,-2.1724159069291242,-1.7860810225112147,0.0038398515738695075,1.3042710997959555,3.594473175535422,5.0,0.0,0.1949648844055128
A_n2,perturbation_state:directional_volume,925,0.0,0.0,0.0,0.0,0.0,0.0,0.0,0.0,0.0,0.0,0.0,0.0
A_n2,perturbation_state:directional_volume^2,925,0.0,0.0,0.0,0.0,0.0,0.0,0.0,0.0,0.0,0.0,0.0,0.0
A_n2,perturbation_state:price_acceleration,925,-5.0,5.0,-0.7765448720957019,1.4896849802736656,-4.958054238215548,-4.774069410793044,-0.010524116592035233,0.2195567961316321,0.4569335216833216,5.0,0.0,-0.967498994422596
A_n2,perturbation_state:price_acceleration^2,925,-5.0,5.0,0.5017627758896307,1.6158471495986573,-3.8031550977832675,-0.9020209785396915,0.046340875768263554,4.897102460536379,4.99376748357003,5.0,0.0,-0.9007207939770613
A_n2,perturbation_state:price_displacement,925,-5.0,5.0,-0.0873355879910721,0.8471275451262131,-2.252294567435289,-2.113192590949546,0.01613054535121345,0.8438638999044057,1.146302350503675,5.0,0.0,-0.20884366433922175
A_n2,perturbation_state:price_displacement^2,925,-5.0,5.0,-0.34319275313907566,1.1244631451575098,-3.3845531549166337,-3.3170148847425014,0.006965539474509266,0.5342325296687814,1.5651908033078854,5.0,0.0,-0.2756125096243925
A_n2,perturbation_state:price_velocity,925,-5.0,5.0,-0.011157385638136069,0.9440942195395945,-2.252294567435289,-2.113192590949546,0.019924898805806026,1.4446804372207347,2.0856105371134075,5.0,0.0,1.3945435132471953
A_n2,perturbation_state:price_velocity^2,925,-5.0,5.0,-0.33288546494291404,1.203815397599238,-3.467921979733394,-3.329742096900967,0.0058220270099506284,1.0870516702697404,1.952505616758985,5.0,0.0,1.0872480071851744
A_n2,perturbation_state:price_velocity_x_acceleration,925,0.0,0.0,0.0,0.0,0.0,0.0,0.0,0.0,0.0,0.0,0.0,0.0
A_n2,perturbation_state:relative_volume,925,0.0,0.0,0.0,0.0,0.0,0.0,0.0,0.0,0.0,0.0,0.0,0.0
A_n2,perturbation_state:relative_volume^2,925,0.0,0.0,0.0,0.0,0.0,0.0,0.0,0.0,0.0,0.0,0.0,0.0
A_n2,perturbation_state:relative_volume_x_price_velocity,925,0.0,0.0,0.0,0.0,0.0,0.0,0.0,0.0,0.0,0.0,0.0,0.0
A_n2,perturbation_state:spread,925,0.0,0.0,0.0,0.0,0.0,0.0,0.0,0.0,0.0,0.0,0.0,0.0
A_n2,perturbation_state:spread^2,925,0.0,0.0,0.0,0.0,0.0,0.0,0.0,0.0,0.0,0.0,0.0,0.0
A_n2,perturbation_state:spread_change,925,0.0,0.0,0.0,0.0,0.0,0.0,0.0,0.0,0.0,0.0,0.0,0.0
A_n2,perturbation_state:spread_change^2,925,0.0,0.0,0.0,0.0,0.0,0.0,0.0,0.0,0.0,0.0,0.0,0.0
A_n2,perturbation_state:volume_density,925,0.0,0.0,0.0,0.0,0.0,0.0,0.0,0.0,0.0,0.0,0.0,0.0
A_n2,perturbation_state:volume_density^2,925,0.0,0.0,0.0,0.0,0.0,0.0,0.0,0.0,0.0,0.0,0.0,0.0
A_n2,perturbation_state:volume_density_x_price_displacement,925,0.0,0.0,0.0,0.0,0.0,0.0,0.0,0.0,0.0,0.0,0.0,0.0
A_n2,perturbation_state:volume_log,925,0.0,0.0,0.0,0.0,0.0,0.0,0.0,0.0,0.0,0.0,0.0,0.0
A_n2,perturbation_state:volume_log^2,925,0.0,0.0,0.0,0.0,0.0,0.0,0.0,0.0,0.0,0.0,0.0,0.0
A_n2,perturbation_state:volume_log_x_price_displacement,925,0.0,0.0,0.0,0.0,0.0,0.0,0.0,0.0,0.0,0.0,0.0,0.0
A_n2,perturbation_state:volume_movement_abs,925,0.0,0.0,0.0,0.0,0.0,0.0,0.0,0.0,0.0,0.0,0.0,0.0
A_n2,perturbation_state:volume_movement_abs^2,925,0.0,0.0,0.0,0.0,0.0,0.0,0.0,0.0,0.0,0.0,0.0,0.0
A_n2,perturbation_state:volume_movement_signed,925,0.0,0.0,0.0,0.0,0.0,0.0,0.0,0.0,0.0,0.0,0.0,0.0
A_n2,perturbation_state:volume_movement_signed^2,925,0.0,0.0,0.0,0.0,0.0,0.0,0.0,0.0,0.0,0.0,0.0,0.0
A_n2,reinforcement:bias,925,-5.0,5.0,0.08878026794181489,0.9573644671875463,-3.5822775964763545,-1.1271974792102606,0.004576652373049509,1.8094267530997583,2.181116160179678,5.0,0.0,-0.06716500345373061
A_n2,reinforcement:directional_volume,925,0.0,0.0,0.0,0.0,0.0,0.0,0.0,0.0,0.0,0.0,0.0,0.0
A_n2,reinforcement:directional_volume^2,925,0.0,0.0,0.0,0.0,0.0,0.0,0.0,0.0,0.0,0.0,0.0,0.0
A_n2,reinforcement:price_acceleration,925,-5.0,5.0,0.6503990040070295,1.479588007582582,-0.44924656972139787,-0.24252145351799825,-0.007416771938979418,4.745703369076274,4.954154164798978,5.0,0.0,0.7330472490218956
A_n2,reinforcement:price_acceleration^2,925,-5.0,5.0,-0.48139177749300704,1.6275934151744478,-4.993097436001974,-4.889476934058401,-0.06879352373836711,0.9008440057178146,3.9963504699189754,5.0,0.0,0.8997751311215375
A_n2,reinforcement:price_displacement,925,-5.0,5.0,0.24733006337430438,0.9798922503165739,-0.8807195659902203,-0.6543289742549491,0.015446328453769781,2.2605568577199473,2.9626839962428133,5.0,0.0,0.24251248287812605
A_n2,reinforcement:price_displacement^2,925,-5.0,5.0,0.4709705879634575,1.424733328259911,-1.4477402221333608,-0.48656141270357833,0.012728802056133703,4.710784695715647,4.785772405374692,5.0,0.0,0.2660256493576857
A_n2,reinforcement:price_velocity,925,-5.0,5.0,0.17933946405579726,1.0576587048152664,-1.9757717064253284,-1.2261828631887948,0.011921886606591013,2.2605568577199473,2.9626839962428133,5.0,0.0,-1.1683387348885421
A_n2,reinforcement:price_velocity^2,925,-5.0,5.0,0.444621964399417,1.4977199166340673,-2.251983484449017,-1.2608240958812076,0.012979835830499345,4.710784695715647,4.785772405374692,5.0,0.0,-1.2641441829380198
A_n2,reinforcement:price_velocity_x_acceleration,925,0.0,0.0,0.0,0.0,0.0,0.0,0.0,0.0,0.0,0.0,0.0,0.0
A_n2,reinforcement:relative_volume,925,0.0,0.0,0.0,0.0,0.0,0.0,0.0,0.0,0.0,0.0,0.0,0.0
A_n2,reinforcement:relative_volume^2,925,0.0,0.0,0.0,0.0,0.0,0.0,0.0,0.0,0.0,0.0,0.0,0.0
A_n2,reinforcement:relative_volume_x_price_velocity,925,0.0,0.0,0.0,0.0,0.0,0.0,0.0,0.0,0.0,0.0,0.0,0.0
A_n2,reinforcement:spread,925,0.0,0.0,0.0,0.0,0.0,0.0,0.0,0.0,0.0,0.0,0.0,0.0
A_n2,reinforcement:spread^2,925,0.0,0.0,0.0,0.0,0.0,0.0,0.0,0.0,0.0,0.0,0.0,0.0
A_n2,reinforcement:spread_change,925,0.0,0.0,0.0,0.0,0.0,0.0,0.0,0.0,0.0,0.0,0.0,0.0
A_n2,reinforcement:spread_change^2,925,0.0,0.0,0.0,0.0,0.0,0.0,0.0,0.0,0.0,0.0,0.0,0.0
A_n2,reinforcement:volume_density,925,0.0,0.0,0.0,0.0,0.0,0.0,0.0,0.0,0.0,0.0,0.0,0.0
A_n2,reinforcement:volume_density^2,925,0.0,0.0,0.0,0.0,0.0,0.0,0.0,0.0,0.0,0.0,0.0,0.0
A_n2,reinforcement:volume_density_x_price_displacement,925,0.0,0.0,0.0,0.0,0.0,0.0,0.0,0.0,0.0,0.0,0.0,0.0
A_n2,reinforcement:volume_log,925,0.0,0.0,0.0,0.0,0.0,0.0,0.0,0.0,0.0,0.0,0.0,0.0
A_n2,reinforcement:volume_log^2,925,0.0,0.0,0.0,0.0,0.0,0.0,0.0,0.0,0.0,0.0,0.0,0.0
A_n2,reinforcement:volume_log_x_price_displacement,925,0.0,0.0,0.0,0.0,0.0,0.0,0.0,0.0,0.0,0.0,0.0,0.0
A_n2,reinforcement:volume_movement_abs,925,0.0,0.0,0.0,0.0,0.0,0.0,0.0,0.0,0.0,0.0,0.0,0.0
A_n2,reinforcement:volume_movement_abs^2,925,0.0,0.0,0.0,0.0,0.0,0.0,0.0,0.0,0.0,0.0,0.0,0.0
A_n2,reinforcement:volume_movement_signed,925,0.0,0.0,0.0,0.0,0.0,0.0,0.0,0.0,0.0,0.0,0.0,0.0
A_n2,reinforcement:volume_movement_signed^2,925,0.0,0.0,0.0,0.0,0.0,0.0,0.0,0.0,0.0,0.0,0.0,0.0
A_n2,reversal_tendency:bias,925,-5.0,5.0,0.021116878515325805,0.975127424213148,-2.155525340296168,-1.775258523880871,0.07351709445454761,1.3980928647230981,3.69001394222097,5.0,0.0,0.2860667975323681
A_n2,reversal_tendency:directional_volume,925,0.0,0.0,0.0,0.0,0.0,0.0,0.0,0.0,0.0,0.0,0.0,0.0
A_n2,reversal_tendency:directional_volume^2,925,0.0,0.0,0.0,0.0,0.0,0.0,0.0,0.0,0.0,0.0,0.0,0.0
A_n2,reversal_tendency:price_acceleration,925,-5.0,5.0,-0.7618078873477072,1.483690782555302,-4.955443477891602,-4.751720925990373,-0.00528166900162453,0.2440254176954219,0.4524556534428619,5.0,0.0,-1.5312308530572392
A_n2,reversal_tendency:price_acceleration^2,925,-5.0,5.0,0.5469232016085157,1.5887706696019932,-3.5701154729638667,-0.9511820585206667,0.12192166033044138,4.8950771485575,4.993649166735085,5.0,0.0,-0.9820845254657757
A_n2,reversal_tendency:price_displacement,925,-5.0,5.0,-0.1747644784069874,0.9560453763830381,-2.578985960787455,-2.1497323825155856,0.0100253913438599,0.7587762391167716,1.5573613023007897,5.0,0.0,-0.09146083601365385
A_n2,reversal_tendency:price_displacement^2,925,-5.0,5.0,-0.4767556186159547,1.4264156522040332,-4.767219449003745,-4.694671043384158,-0.011693634080680443,0.22471592082956704,1.7478033493251564,5.0,0.0,-0.20912663538583864
A_n2,reversal_tendency:price_velocity,925,-5.0,5.0,-0.11724460295046604,1.0292335507017665,-2.578985960787455,-2.1497323825155856,0.012466842138325983,1.3144669006814096,1.9807384137760822,5.0,0.0,1.215916232013745
A_n2,reversal_tendency:price_velocity^2,925,-5.0,5.0,-0.48498207569355956,1.4842643018272448,-4.792762610364347,-4.69701118351484,-0.00952720032446602,0.7484358984923859,1.5153844692620593,5.0,0.0,0.6734374902952548
A_n2,reversal_tendency:price_velocity_x_acceleration,925,0.0,0.0,0.0,0.0,0.0,0.0,0.0,0.0,0.0,0.0,0.0,0.0
A_n2,reversal_tendency:relative_volume,925,0.0,0.0,0.0,0.0,0.0,0.0,0.0,0.0,0.0,0.0,0.0,0.0
A_n2,reversal_tendency:relative_volume^2,925,0.0,0.0,0.0,0.0,0.0,0.0,0.0,0.0,0.0,0.0,0.0,0.0
A_n2,reversal_tendency:relative_volume_x_price_velocity,925,0.0,0.0,0.0,0.0,0.0,0.0,0.0,0.0,0.0,0.0,0.0,0.0
A_n2,reversal_tendency:spread,925,0.0,0.0,0.0,0.0,0.0,0.0,0.0,0.0,0.0,0.0,0.0,0.0
A_n2,reversal_tendency:spread^2,925,0.0,0.0,0.0,0.0,0.0,0.0,0.0,0.0,0.0,0.0,0.0,0.0
A_n2,reversal_tendency:spread_change,925,0.0,0.0,0.0,0.0,0.0,0.0,0.0,0.0,0.0,0.0,0.0,0.0
A_n2,reversal_tendency:spread_change^2,925,0.0,0.0,0.0,0.0,0.0,0.0,0.0,0.0,0.0,0.0,0.0,0.0
A_n2,reversal_tendency:volume_density,925,0.0,0.0,0.0,0.0,0.0,0.0,0.0,0.0,0.0,0.0,0.0,0.0
A_n2,reversal_tendency:volume_density^2,925,0.0,0.0,0.0,0.0,0.0,0.0,0.0,0.0,0.0,0.0,0.0,0.0
A_n2,reversal_tendency:volume_density_x_price_displacement,925,0.0,0.0,0.0,0.0,0.0,0.0,0.0,0.0,0.0,0.0,0.0,0.0
A_n2,reversal_tendency:volume_log,925,0.0,0.0,0.0,0.0,0.0,0.0,0.0,0.0,0.0,0.0,0.0,0.0
A_n2,reversal_tendency:volume_log^2,925,0.0,0.0,0.0,0.0,0.0,0.0,0.0,0.0,0.0,0.0,0.0,0.0
A_n2,reversal_tendency:volume_log_x_price_displacement,925,0.0,0.0,0.0,0.0,0.0,0.0,0.0,0.0,0.0,0.0,0.0,0.0
A_n2,reversal_tendency:volume_movement_abs,925,0.0,0.0,0.0,0.0,0.0,0.0,0.0,0.0,0.0,0.0,0.0,0.0
A_n2,reversal_tendency:volume_movement_abs^2,925,0.0,0.0,0.0,0.0,0.0,0.0,0.0,0.0,0.0,0.0,0.0,0.0
A_n2,reversal_tendency:volume_movement_signed,925,0.0,0.0,0.0,0.0,0.0,0.0,0.0,0.0,0.0,0.0,0.0,0.0
A_n2,reversal_tendency:volume_movement_signed^2,925,0.0,0.0,0.0,0.0,0.0,0.0,0.0,0.0,0.0,0.0,0.0,0.0
A_n2,strength:bias,925,-5.0,3.123492642328414,0.1961232011094603,0.8728817545702976,-2.1074738528869097,-1.6943659896888177,0.36094813021869604,1.420769098249351,2.442791741292118,5.0,0.0,0.622131977371823
A_n2,strength:directional_volume,925,0.0,0.0,0.0,0.0,0.0,0.0,0.0,0.0,0.0,0.0,0.0,0.0
A_n2,strength:directional_volume^2,925,0.0,0.0,0.0,0.0,0.0,0.0,0.0,0.0,0.0,0.0,0.0,0.0
A_n2,strength:price_acceleration,925,-5.0,5.0,-0.7815163160189906,1.5159976895321419,-4.963418223070617,-4.786289783447859,-0.0007356165309780703,0.29887799683704636,0.5721324767230657,5.0,0.0,-0.9064137848338827
A_n2,strength:price_acceleration^2,925,-5.0,5.0,0.5151858523592152,1.6285699252198669,-3.8867749670028386,-0.8989507614669983,0.05877554185167613,4.93980542161329,4.995918442496652,5.0,0.0,-0.9254345481240174
A_n2,strength:price_displacement,925,-5.0,5.0,-0.07202115231390299,0.7986365176660766,-2.2990891132549542,-2.165400410464491,-0.009319289462147839,0.8238472816468237,1.0133648017048247,5.0,0.0,-0.2318734833475163
A_n2,strength:price_displacement^2,925,-5.0,5.0,-0.18294166798168512,0.8339219550478191,-1.8023609941965437,-1.7443611180161078,0.014136812195014638,0.5409536913122232,1.4933696865713715,5.0,0.0,-0.28209910668446264
A_n2,strength:price_velocity,925,-5.0,5.0,-0.0006815202769206584,0.8876125773492841,-2.2990891132549542,-2.165400410464491,-0.008938155946683565,1.3138881373715803,2.029650511144258,5.0,0.0,1.2596832263531146
A_n2,strength:price_velocity^2,925,-5.0,5.0,-0.16310449749121603,0.9434515143450897,-3.11189113885959,-1.7604561040110869,0.013559212601173567,1.2190892556817434,2.131241348754732,5.0,0.0,1.2193645524778407
A_n2,strength:price_velocity_x_acceleration,925,0.0,0.0,0.0,0.0,0.0,0.0,0.0,0.0,0.0,0.0,0.0,0.0
A_n2,strength:relative_volume,925,0.0,0.0,0.0,0.0,0.0,0.0,0.0,0.0,0.0,0.0,0.0,0.0
A_n2,strength:relative_volume^2,925,0.0,0.0,0.0,0.0,0.0,0.0,0.0,0.0,0.0,0.0,0.0,0.0
A_n2,strength:relative_volume_x_price_velocity,925,0.0,0.0,0.0,0.0,0.0,0.0,0.0,0.0,0.0,0.0,0.0,0.0
A_n2,strength:spread,925,0.0,0.0,0.0,0.0,0.0,0.0,0.0,0.0,0.0,0.0,0.0,0.0
A_n2,strength:spread^2,925,0.0,0.0,0.0,0.0,0.0,0.0,0.0,0.0,0.0,0.0,0.0,0.0
A_n2,strength:spread_change,925,0.0,0.0,0.0,0.0,0.0,0.0,0.0,0.0,0.0,0.0,0.0,0.0
A_n2,strength:spread_change^2,925,0.0,0.0,0.0,0.0,0.0,0.0,0.0,0.0,0.0,0.0,0.0,0.0
A_n2,strength:volume_density,925,0.0,0.0,0.0,0.0,0.0,0.0,0.0,0.0,0.0,0.0,0.0,0.0
A_n2,strength:volume_density^2,925,0.0,0.0,0.0,0.0,0.0,0.0,0.0,0.0,0.0,0.0,0.0,0.0
A_n2,strength:volume_density_x_price_displacement,925,0.0,0.0,0.0,0.0,0.0,0.0,0.0,0.0,0.0,0.0,0.0,0.0
A_n2,strength:volume_log,925,0.0,0.0,0.0,0.0,0.0,0.0,0.0,0.0,0.0,0.0,0.0,0.0
A_n2,strength:volume_log^2,925,0.0,0.0,0.0,0.0,0.0,0.0,0.0,0.0,0.0,0.0,0.0,0.0
A_n2,strength:volume_log_x_price_displacement,925,0.0,0.0,0.0,0.0,0.0,0.0,0.0,0.0,0.0,0.0,0.0,0.0
A_n2,strength:volume_movement_abs,925,0.0,0.0,0.0,0.0,0.0,0.0,0.0,0.0,0.0,0.0,0.0,0.0
A_n2,strength:volume_movement_abs^2,925,0.0,0.0,0.0,0.0,0.0,0.0,0.0,0.0,0.0,0.0,0.0,0.0
A_n2,strength:volume_movement_signed,925,0.0,0.0,0.0,0.0,0.0,0.0,0.0,0.0,0.0,0.0,0.0,0.0
A_n2,strength:volume_movement_signed^2,925,0.0,0.0,0.0,0.0,0.0,0.0,0.0,0.0,0.0,0.0,0.0,0.0
A_n2,uncertainty:bias,925,-5.0,2.46586992977727,-0.00590544384370529,0.7352698301525654,-2.123501164624528,-1.7253243429745313,0.21268245748327363,0.6053237189353443,1.4368865128145605,5.0,0.0,0.4738019115877372
A_n2,uncertainty:directional_volume,925,0.0,0.0,0.0,0.0,0.0,0.0,0.0,0.0,0.0,0.0,0.0,0.0
A_n2,uncertainty:directional_volume^2,925,0.0,0.0,0.0,0.0,0.0,0.0,0.0,0.0,0.0,0.0,0.0,0.0
A_n2,uncertainty:price_acceleration,925,-4.5400058078322365,5.0,-0.3669797819510162,0.887980814889167,-3.6309023419960065,-1.8287802781254685,-0.00011156032667953902,0.2700706352120281,0.5328103321475537,5.0,0.0,-0.8852439866045505
A_n2,uncertainty:price_acceleration^2,925,-5.0,5.0,0.4672232781265914,1.6032952163772467,-3.930148808738106,-0.9239406814531651,0.040994154459033955,4.9834347085707975,4.996211986197905,5.0,0.0,-0.9230397324853493
A_n2,uncertainty:price_displacement,925,-5.0,5.0,-0.0868654395307447,0.7413767764158802,-2.2736445773803142,-2.139127841166694,0.001407504467004376,0.44202547634852435,0.9973483722146319,5.0,0.0,-0.20474894806431268
A_n2,uncertainty:price_displacement^2,925,-5.0,5.0,-0.0529107450670817,0.6693754425525102,-1.1765945360272456,-0.9773322158241273,0.008554769115774007,0.5094121806237597,1.4929829553004252,5.0,0.0,-0.28475886690274954
A_n2,uncertainty:price_velocity,925,-5.0,5.0,-0.015033985879052405,0.8405745550712364,-2.2736445773803142,-2.139127841166694,0.0018802844634293054,1.3449735545453823,2.077223740377109,5.0,0.0,1.292354776097891
A_n2,uncertainty:price_velocity^2,925,-5.0,5.0,-0.030598208389932317,0.8017129424201607,-3.0245494738784418,-1.0436055683840773,0.008156203166236359,1.2312708273458648,2.20674676645595,5.0,0.0,1.2315124327851708
A_n2,uncertainty:price_velocity_x_acceleration,925,0.0,0.0,0.0,0.0,0.0,0.0,0.0,0.0,0.0,0.0,0.0,0.0
A_n2,uncertainty:relative_volume,925,0.0,0.0,0.0,0.0,0.0,0.0,0.0,0.0,0.0,0.0,0.0,0.0
A_n2,uncertainty:relative_volume^2,925,0.0,0.0,0.0,0.0,0.0,0.0,0.0,0.0,0.0,0.0,0.0,0.0
A_n2,uncertainty:relative_volume_x_price_velocity,925,0.0,0.0,0.0,0.0,0.0,0.0,0.0,0.0,0.0,0.0,0.0,0.0
A_n2,uncertainty:spread,925,0.0,0.0,0.0,0.0,0.0,0.0,0.0,0.0,0.0,0.0,0.0,0.0
A_n2,uncertainty:spread^2,925,0.0,0.0,0.0,0.0,0.0,0.0,0.0,0.0,0.0,0.0,0.0,0.0
A_n2,uncertainty:spread_change,925,0.0,0.0,0.0,0.0,0.0,0.0,0.0,0.0,0.0,0.0,0.0,0.0
A_n2,uncertainty:spread_change^2,925,0.0,0.0,0.0,0.0,0.0,0.0,0.0,0.0,0.0,0.0,0.0,0.0
A_n2,uncertainty:volume_density,925,0.0,0.0,0.0,0.0,0.0,0.0,0.0,0.0,0.0,0.0,0.0,0.0
A_n2,uncertainty:volume_density^2,925,0.0,0.0,0.0,0.0,0.0,0.0,0.0,0.0,0.0,0.0,0.0,0.0
A_n2,uncertainty:volume_density_x_price_displacement,925,0.0,0.0,0.0,0.0,0.0,0.0,0.0,0.0,0.0,0.0,0.0,0.0
A_n2,uncertainty:volume_log,925,0.0,0.0,0.0,0.0,0.0,0.0,0.0,0.0,0.0,0.0,0.0,0.0
A_n2,uncertainty:volume_log^2,925,0.0,0.0,0.0,0.0,0.0,0.0,0.0,0.0,0.0,0.0,0.0,0.0
A_n2,uncertainty:volume_log_x_price_displacement,925,0.0,0.0,0.0,0.0,0.0,0.0,0.0,0.0,0.0,0.0,0.0,0.0
A_n2,uncertainty:volume_movement_abs,925,0.0,0.0,0.0,0.0,0.0,0.0,0.0,0.0,0.0,0.0,0.0,0.0
A_n2,uncertainty:volume_movement_abs^2,925,0.0,0.0,0.0,0.0,0.0,0.0,0.0,0.0,0.0,0.0,0.0,0.0
A_n2,uncertainty:volume_movement_signed,925,0.0,0.0,0.0,0.0,0.0,0.0,0.0,0.0,0.0,0.0,0.0,0.0
A_n2,uncertainty:volume_movement_signed^2,925,0.0,0.0,0.0,0.0,0.0,0.0,0.0,0.0,0.0,0.0,0.0,0.0
A_n3,direction_state:bias,925,-5.0,5.0,-0.40786641201119106,1.3405597205449198,-4.762082338408834,-2.984883832268339,-0.23559448849948886,1.3203760819007215,2.8648940190507783,5.0,0.0,-0.2679254564537653
A_n3,direction_state:directional_volume,925,0.0,0.0,0.0,0.0,0.0,0.0,0.0,0.0,0.0,0.0,0.0,0.0
A_n3,direction_state:directional_volume^2,925,0.0,0.0,0.0,0.0,0.0,0.0,0.0,0.0,0.0,0.0,0.0,0.0
A_n3,direction_state:directional_volume^3,925,0.0,0.0,0.0,0.0,0.0,0.0,0.0,0.0,0.0,0.0,0.0,0.0
A_n3,direction_state:price_acceleration,925,-5.0,5.0,0.23292990330574898,2.318955564586152,-4.9789070255715995,-3.094916233447844,0.06645385329062346,4.726062163453005,5.0,5.0,0.0,-2.1067899065684195
A_n3,direction_state:price_acceleration^2,925,-5.0,5.0,-0.9712716918412079,2.461550908249296,-5.0,-4.994545109855267,-0.41096824084408684,2.962554431044341,4.947001039321815,5.0,0.0,-2.9853263854780945
A_n3,direction_state:price_acceleration^3,925,-5.0,5.0,0.3224396492901381,2.6198781418800317,-5.0,-4.981010874126151,0.0,4.986171813244464,5.0,5.0,0.0,0.2632606549454434
A_n3,direction_state:price_displacement,925,-5.0,5.0,0.9530499322140299,1.4509445436707178,-3.3915800793963244,-0.47947824362709013,0.5873659304109589,4.040697598752681,5.0,5.0,0.0,0.5142604705021843
A_n3,direction_state:price_displacement^2,925,-5.0,5.0,-0.02883548213196488,2.070725808962,-5.0,-4.710861979716241,0.0067618124968387705,3.621736023508324,5.0,5.0,0.0,3.705395191570938
A_n3,direction_state:price_displacement^3,925,-5.0,5.0,-0.1377507844794567,2.0485659403924545,-5.0,-4.3154006872440736,-0.08602793742088534,3.8502828492088996,5.0,5.0,0.0,2.7814693780608204
A_n3,direction_state:price_velocity,925,-5.0,5.0,0.8710616472673617,1.59523204075038,-4.444905134141013,-0.9471806591736264,0.5456038092037739,4.135927922891148,5.0,5.0,0.0,-1.00768264973252
A_n3,direction_state:price_velocity^2,925,-5.0,5.0,-0.06621446423938172,2.175274177125567,-5.0,-4.713436118030381,0.004221161859680947,4.083831446538938,5.0,5.0,0.0,1.2565296974279887
A_n3,direction_state:price_velocity^3,925,-5.0,5.0,-0.15663611903788538,2.174394218143761,-5.0,-4.328200880570416,-0.08636005376197156,4.434519237075925,5.0,5.0,0.0,4.388179987003122
A_n3,direction_state:price_velocity_x_acceleration,925,0.0,0.0,0.0,0.0,0.0,0.0,0.0,0.0,0.0,0.0,0.0,0.0
A_n3,direction_state:relative_volume,925,0.0,0.0,0.0,0.0,0.0,0.0,0.0,0.0,0.0,0.0,0.0,0.0
A_n3,direction_state:relative_volume^2,925,0.0,0.0,0.0,0.0,0.0,0.0,0.0,0.0,0.0,0.0,0.0,0.0
A_n3,direction_state:relative_volume^3,925,0.0,0.0,0.0,0.0,0.0,0.0,0.0,0.0,0.0,0.0,0.0,0.0
A_n3,direction_state:relative_volume_x_price_velocity,925,0.0,0.0,0.0,0.0,0.0,0.0,0.0,0.0,0.0,0.0,0.0,0.0
A_n3,direction_state:spread,925,0.0,0.0,0.0,0.0,0.0,0.0,0.0,0.0,0.0,0.0,0.0,0.0
A_n3,direction_state:spread^2,925,0.0,0.0,0.0,0.0,0.0,0.0,0.0,0.0,0.0,0.0,0.0,0.0
A_n3,direction_state:spread^3,925,0.0,0.0,0.0,0.0,0.0,0.0,0.0,0.0,0.0,0.0,0.0,0.0
A_n3,direction_state:spread_change,925,0.0,0.0,0.0,0.0,0.0,0.0,0.0,0.0,0.0,0.0,0.0,0.0
A_n3,direction_state:spread_change^2,925,0.0,0.0,0.0,0.0,0.0,0.0,0.0,0.0,0.0,0.0,0.0,0.0
A_n3,direction_state:spread_change^3,925,0.0,0.0,0.0,0.0,0.0,0.0,0.0,0.0,0.0,0.0,0.0,0.0
A_n3,direction_state:volume_density,925,0.0,0.0,0.0,0.0,0.0,0.0,0.0,0.0,0.0,0.0,0.0,0.0
A_n3,direction_state:volume_density^2,925,0.0,0.0,0.0,0.0,0.0,0.0,0.0,0.0,0.0,0.0,0.0,0.0
A_n3,direction_state:volume_density^3,925,0.0,0.0,0.0,0.0,0.0,0.0,0.0,0.0,0.0,0.0,0.0,0.0
A_n3,direction_state:volume_density_x_price_displacement,925,0.0,0.0,0.0,0.0,0.0,0.0,0.0,0.0,0.0,0.0,0.0,0.0
A_n3,direction_state:volume_log,925,0.0,0.0,0.0,0.0,0.0,0.0,0.0,0.0,0.0,0.0,0.0,0.0
A_n3,direction_state:volume_log^2,925,0.0,0.0,0.0,0.0,0.0,0.0,0.0,0.0,0.0,0.0,0.0,0.0
A_n3,direction_state:volume_log^3,925,0.0,0.0,0.0,0.0,0.0,0.0,0.0,0.0,0.0,0.0,0.0,0.0
A_n3,direction_state:volume_log_x_price_displacement,925,0.0,0.0,0.0,0.0,0.0,0.0,0.0,0.0,0.0,0.0,0.0,0.0
A_n3,direction_state:volume_movement_abs,925,0.0,0.0,0.0,0.0,0.0,0.0,0.0,0.0,0.0,0.0,0.0,0.0
A_n3,direction_state:volume_movement_abs^2,925,0.0,0.0,0.0,0.0,0.0,0.0,0.0,0.0,0.0,0.0,0.0,0.0
A_n3,direction_state:volume_movement_abs^3,925,0.0,0.0,0.0,0.0,0.0,0.0,0.0,0.0,0.0,0.0,0.0,0.0
A_n3,direction_state:volume_movement_signed,925,0.0,0.0,0.0,0.0,0.0,0.0,0.0,0.0,0.0,0.0,0.0,0.0
A_n3,direction_state:volume_movement_signed^2,925,0.0,0.0,0.0,0.0,0.0,0.0,0.0,0.0,0.0,0.0,0.0,0.0
A_n3,direction_state:volume_movement_signed^3,925,0.0,0.0,0.0,0.0,0.0,0.0,0.0,0.0,0.0,0.0,0.0,0.0
A_n3,forward_half_life:bias,925,-5.0,5.0,4.822882075622283,0.9187899835621002,0.0,4.4420416647091825,5.0,5.0,5.0,5.0,0.0,5.0
A_n3,forward_half_life:directional_volume,925,0.0,0.0,0.0,0.0,0.0,0.0,0.0,0.0,0.0,0.0,0.0,0.0
A_n3,forward_half_life:directional_volume^2,925,0.0,0.0,0.0,0.0,0.0,0.0,0.0,0.0,0.0,0.0,0.0,0.0
A_n3,forward_half_life:directional_volume^3,925,0.0,0.0,0.0,0.0,0.0,0.0,0.0,0.0,0.0,0.0,0.0,0.0
A_n3,forward_half_life:price_acceleration,925,-5.0,5.0,-1.5966667641735204,2.85376948267102,-5.0,-5.0,-2.246063999881411,4.802895285553598,5.0,5.0,0.0,-5.0
A_n3,forward_half_life:price_acceleration^2,925,-5.0,5.0,4.466891605784595,1.6352655584620346,-3.168134478406665,0.0,5.0,5.0,5.0,5.0,0.0,5.0
A_n3,forward_half_life:price_acceleration^3,925,-5.0,5.0,-0.9221262851235591,3.538733683128077,-5.0,-5.0,-1.4406542900293373,4.999937761995781,5.0,5.0,0.0,-3.3968696131061247
A_n3,forward_half_life:price_displacement,925,-5.0,5.0,-0.733450334014863,2.98617013386209,-5.0,-5.0,-0.9052494715374128,4.411008228045938,5.0,5.0,0.0,1.7063202239106348
A_n3,forward_half_life:price_displacement^2,925,-5.0,5.0,4.507357201047856,1.5229815185547724,-3.2656081497508627,1.685274913844815,5.0,5.0,5.0,5.0,0.0,5.0
A_n3,forward_half_life:price_displacement^3,925,-5.0,5.0,0.9174237696899816,3.196232744758456,-5.0,-5.0,1.597814406032204,5.0,5.0,5.0,0.0,-4.647114890858933
A_n3,forward_half_life:price_velocity,925,-5.0,5.0,-0.9558592509304201,2.9794575437831727,-5.0,-5.0,-1.1777716224328856,4.411008228045938,5.0,5.0,0.0,-5.0
A_n3,forward_half_life:price_velocity^2,925,-5.0,5.0,4.501539912956485,1.5317231215927218,-3.2656081497508627,1.6975610883597,5.0,5.0,5.0,5.0,0.0,5.0
A_n3,forward_half_life:price_velocity^3,925,-5.0,5.0,0.9568913533270913,3.1131452925225855,-5.0,-4.99998706501585,1.597814406032204,5.0,5.0,5.0,0.0,-1.2094804699600104
A_n3,forward_half_life:price_velocity_x_acceleration,925,0.0,0.0,0.0,0.0,0.0,0.0,0.0,0.0,0.0,0.0,0.0,0.0
A_n3,forward_half_life:relative_volume,925,0.0,0.0,0.0,0.0,0.0,0.0,0.0,0.0,0.0,0.0,0.0,0.0
A_n3,forward_half_life:relative_volume^2,925,0.0,0.0,0.0,0.0,0.0,0.0,0.0,0.0,0.0,0.0,0.0,0.0
A_n3,forward_half_life:relative_volume^3,925,0.0,0.0,0.0,0.0,0.0,0.0,0.0,0.0,0.0,0.0,0.0,0.0
A_n3,forward_half_life:relative_volume_x_price_velocity,925,0.0,0.0,0.0,0.0,0.0,0.0,0.0,0.0,0.0,0.0,0.0,0.0
A_n3,forward_half_life:spread,925,0.0,0.0,0.0,0.0,0.0,0.0,0.0,0.0,0.0,0.0,0.0,0.0
A_n3,forward_half_life:spread^2,925,0.0,0.0,0.0,0.0,0.0,0.0,0.0,0.0,0.0,0.0,0.0,0.0
A_n3,forward_half_life:spread^3,925,0.0,0.0,0.0,0.0,0.0,0.0,0.0,0.0,0.0,0.0,0.0,0.0
A_n3,forward_half_life:spread_change,925,0.0,0.0,0.0,0.0,0.0,0.0,0.0,0.0,0.0,0.0,0.0,0.0
A_n3,forward_half_life:spread_change^2,925,0.0,0.0,0.0,0.0,0.0,0.0,0.0,0.0,0.0,0.0,0.0,0.0
A_n3,forward_half_life:spread_change^3,925,0.0,0.0,0.0,0.0,0.0,0.0,0.0,0.0,0.0,0.0,0.0,0.0
A_n3,forward_half_life:volume_density,925,0.0,0.0,0.0,0.0,0.0,0.0,0.0,0.0,0.0,0.0,0.0,0.0
A_n3,forward_half_life:volume_density^2,925,0.0,0.0,0.0,0.0,0.0,0.0,0.0,0.0,0.0,0.0,0.0,0.0
A_n3,forward_half_life:volume_density^3,925,0.0,0.0,0.0,0.0,0.0,0.0,0.0,0.0,0.0,0.0,0.0,0.0
A_n3,forward_half_life:volume_density_x_price_displacement,925,0.0,0.0,0.0,0.0,0.0,0.0,0.0,0.0,0.0,0.0,0.0,0.0
A_n3,forward_half_life:volume_log,925,0.0,0.0,0.0,0.0,0.0,0.0,0.0,0.0,0.0,0.0,0.0,0.0
A_n3,forward_half_life:volume_log^2,925,0.0,0.0,0.0,0.0,0.0,0.0,0.0,0.0,0.0,0.0,0.0,0.0
A_n3,forward_half_life:volume_log^3,925,0.0,0.0,0.0,0.0,0.0,0.0,0.0,0.0,0.0,0.0,0.0,0.0
A_n3,forward_half_life:volume_log_x_price_displacement,925,0.0,0.0,0.0,0.0,0.0,0.0,0.0,0.0,0.0,0.0,0.0,0.0
A_n3,forward_half_life:volume_movement_abs,925,0.0,0.0,0.0,0.0,0.0,0.0,0.0,0.0,0.0,0.0,0.0,0.0
A_n3,forward_half_life:volume_movement_abs^2,925,0.0,0.0,0.0,0.0,0.0,0.0,0.0,0.0,0.0,0.0,0.0,0.0
A_n3,forward_half_life:volume_movement_abs^3,925,0.0,0.0,0.0,0.0,0.0,0.0,0.0,0.0,0.0,0.0,0.0,0.0
A_n3,forward_half_life:volume_movement_signed,925,0.0,0.0,0.0,0.0,0.0,0.0,0.0,0.0,0.0,0.0,0.0,0.0
A_n3,forward_half_life:volume_movement_signed^2,925,0.0,0.0,0.0,0.0,0.0,0.0,0.0,0.0,0.0,0.0,0.0,0.0
A_n3,forward_half_life:volume_movement_signed^3,925,0.0,0.0,0.0,0.0,0.0,0.0,0.0,0.0,0.0,0.0,0.0,0.0
A_n3,magnitude_state:bias,925,-5.0,5.0,-0.2342710899414859,1.3405400612390694,-4.71709606398954,-2.7189967201984016,-0.08926846133075471,1.7499962298395955,3.2525808167250374,5.0,0.0,0.6486637534989965
A_n3,magnitude_state:directional_volume,925,0.0,0.0,0.0,0.0,0.0,0.0,0.0,0.0,0.0,0.0,0.0,0.0
A_n3,magnitude_state:directional_volume^2,925,0.0,0.0,0.0,0.0,0.0,0.0,0.0,0.0,0.0,0.0,0.0,0.0
A_n3,magnitude_state:directional_volume^3,925,0.0,0.0,0.0,0.0,0.0,0.0,0.0,0.0,0.0,0.0,0.0,0.0
A_n3,magnitude_state:price_acceleration,925,-5.0,5.0,0.2468324947757731,2.3346407709803905,-4.982734514359602,-3.19151108776057,0.03919635112825803,4.7075279809241515,5.0,5.0,0.0,-2.2277335188186176
A_n3,magnitude_state:price_acceleration^2,925,-5.0,5.0,-0.739297510539342,2.558070041410026,-5.0,-4.994735498733708,-0.38000192044753506,3.5425996341611468,5.0,5.0,0.0,-2.958393256868021
A_n3,magnitude_state:price_acceleration^3,925,-5.0,5.0,0.3457644062973007,2.5991281468606693,-5.0,-4.985887496716685,-0.0012886971727590346,4.983686435299409,5.0,5.0,0.0,0.09169794820341741
A_n3,magnitude_state:price_displacement,925,-5.0,5.0,0.5306141209704551,1.5234981195284527,-3.6790997316694987,-1.0070906293068078,0.07917526410486203,3.8716309408163827,4.986168566628728,5.0,0.0,0.3262883564693581
A_n3,magnitude_state:price_displacement^2,925,-5.0,5.0,0.18566940293963358,2.1825471810137116,-5.0,-4.669042797489255,0.2998430176492787,4.040780554319019,5.0,5.0,0.0,4.024779960158867
A_n3,magnitude_state:price_displacement^3,925,-5.0,5.0,-0.14421017185048085,2.1523262244438883,-5.0,-4.336697373052351,-0.052549275261428906,4.244784400290578,5.0,5.0,0.0,2.6915577991709685
A_n3,magnitude_state:price_velocity,925,-5.0,5.0,0.4337992755588957,1.6661420093321508,-4.815795582468167,-1.1995919446921326,0.0676414108646453,3.9799153362043094,5.0,5.0,0.0,-1.1901212845710243
A_n3,magnitude_state:price_velocity^2,925,-5.0,5.0,0.14409162662135808,2.281304762986336,-5.0,-4.672021656220231,0.2998430176492787,4.487641273394941,5.0,5.0,0.0,1.3729475610293045
A_n3,magnitude_state:price_velocity^3,925,-5.0,5.0,-0.1590069013679891,2.2757774662726997,-5.0,-4.352115933069852,-0.052549275261428906,4.473176200906027,5.0,5.0,0.0,4.349044152652127
A_n3,magnitude_state:price_velocity_x_acceleration,925,0.0,0.0,0.0,0.0,0.0,0.0,0.0,0.0,0.0,0.0,0.0,0.0
A_n3,magnitude_state:relative_volume,925,0.0,0.0,0.0,0.0,0.0,0.0,0.0,0.0,0.0,0.0,0.0,0.0
A_n3,magnitude_state:relative_volume^2,925,0.0,0.0,0.0,0.0,0.0,0.0,0.0,0.0,0.0,0.0,0.0,0.0
A_n3,magnitude_state:relative_volume^3,925,0.0,0.0,0.0,0.0,0.0,0.0,0.0,0.0,0.0,0.0,0.0,0.0
A_n3,magnitude_state:relative_volume_x_price_velocity,925,0.0,0.0,0.0,0.0,0.0,0.0,0.0,0.0,0.0,0.0,0.0,0.0
A_n3,magnitude_state:spread,925,0.0,0.0,0.0,0.0,0.0,0.0,0.0,0.0,0.0,0.0,0.0,0.0
A_n3,magnitude_state:spread^2,925,0.0,0.0,0.0,0.0,0.0,0.0,0.0,0.0,0.0,0.0,0.0,0.0
A_n3,magnitude_state:spread^3,925,0.0,0.0,0.0,0.0,0.0,0.0,0.0,0.0,0.0,0.0,0.0,0.0
A_n3,magnitude_state:spread_change,925,0.0,0.0,0.0,0.0,0.0,0.0,0.0,0.0,0.0,0.0,0.0,0.0
A_n3,magnitude_state:spread_change^2,925,0.0,0.0,0.0,0.0,0.0,0.0,0.0,0.0,0.0,0.0,0.0,0.0
A_n3,magnitude_state:spread_change^3,925,0.0,0.0,0.0,0.0,0.0,0.0,0.0,0.0,0.0,0.0,0.0,0.0
A_n3,magnitude_state:volume_density,925,0.0,0.0,0.0,0.0,0.0,0.0,0.0,0.0,0.0,0.0,0.0,0.0
A_n3,magnitude_state:volume_density^2,925,0.0,0.0,0.0,0.0,0.0,0.0,0.0,0.0,0.0,0.0,0.0,0.0
A_n3,magnitude_state:volume_density^3,925,0.0,0.0,0.0,0.0,0.0,0.0,0.0,0.0,0.0,0.0,0.0,0.0
A_n3,magnitude_state:volume_density_x_price_displacement,925,0.0,0.0,0.0,0.0,0.0,0.0,0.0,0.0,0.0,0.0,0.0,0.0
A_n3,magnitude_state:volume_log,925,0.0,0.0,0.0,0.0,0.0,0.0,0.0,0.0,0.0,0.0,0.0,0.0
A_n3,magnitude_state:volume_log^2,925,0.0,0.0,0.0,0.0,0.0,0.0,0.0,0.0,0.0,0.0,0.0,0.0
A_n3,magnitude_state:volume_log^3,925,0.0,0.0,0.0,0.0,0.0,0.0,0.0,0.0,0.0,0.0,0.0,0.0
A_n3,magnitude_state:volume_log_x_price_displacement,925,0.0,0.0,0.0,0.0,0.0,0.0,0.0,0.0,0.0,0.0,0.0,0.0
A_n3,magnitude_state:volume_movement_abs,925,0.0,0.0,0.0,0.0,0.0,0.0,0.0,0.0,0.0,0.0,0.0,0.0
A_n3,magnitude_state:volume_movement_abs^2,925,0.0,0.0,0.0,0.0,0.0,0.0,0.0,0.0,0.0,0.0,0.0,0.0
A_n3,magnitude_state:volume_movement_abs^3,925,0.0,0.0,0.0,0.0,0.0,0.0,0.0,0.0,0.0,0.0,0.0,0.0
A_n3,magnitude_state:volume_movement_signed,925,0.0,0.0,0.0,0.0,0.0,0.0,0.0,0.0,0.0,0.0,0.0,0.0
A_n3,magnitude_state:volume_movement_signed^2,925,0.0,0.0,0.0,0.0,0.0,0.0,0.0,0.0,0.0,0.0,0.0,0.0
A_n3,magnitude_state:volume_movement_signed^3,925,0.0,0.0,0.0,0.0,0.0,0.0,0.0,0.0,0.0,0.0,0.0,0.0
A_n3,observation_half_life:bias,925,-5.0,5.0,4.822882075622283,0.9187899835621002,0.0,4.4420416647091825,5.0,5.0,5.0,5.0,0.0,5.0
A_n3,observation_half_life:directional_volume,925,0.0,0.0,0.0,0.0,0.0,0.0,0.0,0.0,0.0,0.0,0.0,0.0
A_n3,observation_half_life:directional_volume^2,925,0.0,0.0,0.0,0.0,0.0,0.0,0.0,0.0,0.0,0.0,0.0,0.0
A_n3,observation_half_life:directional_volume^3,925,0.0,0.0,0.0,0.0,0.0,0.0,0.0,0.0,0.0,0.0,0.0,0.0
A_n3,observation_half_life:price_acceleration,925,-5.0,5.0,-1.5966667641735204,2.85376948267102,-5.0,-5.0,-2.246063999881411,4.802895285553598,5.0,5.0,0.0,-5.0
A_n3,observation_half_life:price_acceleration^2,925,-5.0,5.0,4.466891605784595,1.6352655584620346,-3.168134478406665,0.0,5.0,5.0,5.0,5.0,0.0,5.0
A_n3,observation_half_life:price_acceleration^3,925,-5.0,5.0,-0.9221262851235591,3.538733683128077,-5.0,-5.0,-1.4406542900293373,4.999937761995781,5.0,5.0,0.0,-3.3968696131061247
A_n3,observation_half_life:price_displacement,925,-5.0,5.0,-0.733450334014863,2.98617013386209,-5.0,-5.0,-0.9052494715374128,4.411008228045938,5.0,5.0,0.0,1.7063202239106348
A_n3,observation_half_life:price_displacement^2,925,-5.0,5.0,4.507357201047856,1.5229815185547724,-3.2656081497508627,1.685274913844815,5.0,5.0,5.0,5.0,0.0,5.0
A_n3,observation_half_life:price_displacement^3,925,-5.0,5.0,0.9174237696899816,3.196232744758456,-5.0,-5.0,1.597814406032204,5.0,5.0,5.0,0.0,-4.647114890858933
A_n3,observation_half_life:price_velocity,925,-5.0,5.0,-0.9558592509304201,2.9794575437831727,-5.0,-5.0,-1.1777716224328856,4.411008228045938,5.0,5.0,0.0,-5.0
A_n3,observation_half_life:price_velocity^2,925,-5.0,5.0,4.501539912956485,1.5317231215927218,-3.2656081497508627,1.6975610883597,5.0,5.0,5.0,5.0,0.0,5.0
A_n3,observation_half_life:price_velocity^3,925,-5.0,5.0,0.9568913533270913,3.1131452925225855,-5.0,-4.99998706501585,1.597814406032204,5.0,5.0,5.0,0.0,-1.2094804699600104
A_n3,observation_half_life:price_velocity_x_acceleration,925,0.0,0.0,0.0,0.0,0.0,0.0,0.0,0.0,0.0,0.0,0.0,0.0
A_n3,observation_half_life:relative_volume,925,0.0,0.0,0.0,0.0,0.0,0.0,0.0,0.0,0.0,0.0,0.0,0.0
A_n3,observation_half_life:relative_volume^2,925,0.0,0.0,0.0,0.0,0.0,0.0,0.0,0.0,0.0,0.0,0.0,0.0
A_n3,observation_half_life:relative_volume^3,925,0.0,0.0,0.0,0.0,0.0,0.0,0.0,0.0,0.0,0.0,0.0,0.0
A_n3,observation_half_life:relative_volume_x_price_velocity,925,0.0,0.0,0.0,0.0,0.0,0.0,0.0,0.0,0.0,0.0,0.0,0.0
A_n3,observation_half_life:spread,925,0.0,0.0,0.0,0.0,0.0,0.0,0.0,0.0,0.0,0.0,0.0,0.0
A_n3,observation_half_life:spread^2,925,0.0,0.0,0.0,0.0,0.0,0.0,0.0,0.0,0.0,0.0,0.0,0.0
A_n3,observation_half_life:spread^3,925,0.0,0.0,0.0,0.0,0.0,0.0,0.0,0.0,0.0,0.0,0.0,0.0
A_n3,observation_half_life:spread_change,925,0.0,0.0,0.0,0.0,0.0,0.0,0.0,0.0,0.0,0.0,0.0,0.0
A_n3,observation_half_life:spread_change^2,925,0.0,0.0,0.0,0.0,0.0,0.0,0.0,0.0,0.0,0.0,0.0,0.0
A_n3,observation_half_life:spread_change^3,925,0.0,0.0,0.0,0.0,0.0,0.0,0.0,0.0,0.0,0.0,0.0,0.0
A_n3,observation_half_life:volume_density,925,0.0,0.0,0.0,0.0,0.0,0.0,0.0,0.0,0.0,0.0,0.0,0.0
A_n3,observation_half_life:volume_density^2,925,0.0,0.0,0.0,0.0,0.0,0.0,0.0,0.0,0.0,0.0,0.0,0.0
A_n3,observation_half_life:volume_density^3,925,0.0,0.0,0.0,0.0,0.0,0.0,0.0,0.0,0.0,0.0,0.0,0.0
A_n3,observation_half_life:volume_density_x_price_displacement,925,0.0,0.0,0.0,0.0,0.0,0.0,0.0,0.0,0.0,0.0,0.0,0.0
A_n3,observation_half_life:volume_log,925,0.0,0.0,0.0,0.0,0.0,0.0,0.0,0.0,0.0,0.0,0.0,0.0
A_n3,observation_half_life:volume_log^2,925,0.0,0.0,0.0,0.0,0.0,0.0,0.0,0.0,0.0,0.0,0.0,0.0
A_n3,observation_half_life:volume_log^3,925,0.0,0.0,0.0,0.0,0.0,0.0,0.0,0.0,0.0,0.0,0.0,0.0
A_n3,observation_half_life:volume_log_x_price_displacement,925,0.0,0.0,0.0,0.0,0.0,0.0,0.0,0.0,0.0,0.0,0.0,0.0
A_n3,observation_half_life:volume_movement_abs,925,0.0,0.0,0.0,0.0,0.0,0.0,0.0,0.0,0.0,0.0,0.0,0.0
A_n3,observation_half_life:volume_movement_abs^2,925,0.0,0.0,0.0,0.0,0.0,0.0,0.0,0.0,0.0,0.0,0.0,0.0
A_n3,observation_half_life:volume_movement_abs^3,925,0.0,0.0,0.0,0.0,0.0,0.0,0.0,0.0,0.0,0.0,0.0,0.0
A_n3,observation_half_life:volume_movement_signed,925,0.0,0.0,0.0,0.0,0.0,0.0,0.0,0.0,0.0,0.0,0.0,0.0
A_n3,observation_half_life:volume_movement_signed^2,925,0.0,0.0,0.0,0.0,0.0,0.0,0.0,0.0,0.0,0.0,0.0,0.0
A_n3,observation_half_life:volume_movement_signed^3,925,0.0,0.0,0.0,0.0,0.0,0.0,0.0,0.0,0.0,0.0,0.0,0.0
A_n3,persistence:bias,925,-5.0,5.0,-0.19382941555180788,1.3118591073747112,-4.7177180477092655,-2.868732691792755,0.07429688642799666,1.6150517880268336,3.198138330399844,5.0,0.0,0.22296522152622505
A_n3,persistence:directional_volume,925,0.0,0.0,0.0,0.0,0.0,0.0,0.0,0.0,0.0,0.0,0.0,0.0
A_n3,persistence:directional_volume^2,925,0.0,0.0,0.0,0.0,0.0,0.0,0.0,0.0,0.0,0.0,0.0,0.0
A_n3,persistence:directional_volume^3,925,0.0,0.0,0.0,0.0,0.0,0.0,0.0,0.0,0.0,0.0,0.0,0.0
A_n3,persistence:price_acceleration,925,-5.0,5.0,0.2875940551297778,2.073122949939887,-4.980425639863822,-3.1042206212974426,-0.13971014902419976,4.6837747562694325,5.0,5.0,0.0,-2.2324424883624543
A_n3,persistence:price_acceleration^2,925,-5.0,5.0,-0.7673839533081438,2.0055316213239425,-5.0,-4.950700389262405,-0.2110140920432078,1.3012635347347143,4.896781167277437,5.0,0.0,-2.965839469623595
A_n3,persistence:price_acceleration^3,925,-5.0,5.0,0.5786985183541313,2.141705033847629,-5.0,-2.1799395375918182,0.057091124485189645,4.9737681418066995,5.0,5.0,0.0,0.11537456747162149
A_n3,persistence:price_displacement,925,-5.0,5.0,0.3973681430193306,1.4519708497400612,-3.7066761527084005,-0.6364649847059632,-0.014564308574211565,3.888125587683007,4.991444677242837,5.0,0.0,0.261293958460175
A_n3,persistence:price_displacement^2,925,-5.0,5.0,-0.11524165476000843,1.8547887040592934,-5.0,-4.674756514660568,0.06559434079316553,2.8256242638169504,5.0,5.0,0.0,3.799435919923162
A_n3,persistence:price_displacement^3,925,-5.0,5.0,-0.15248969506381202,1.7925343264548934,-5.0,-4.318705647969834,0.003623835968206723,3.0499173228153365,5.0,5.0,0.0,2.7985850590858945
A_n3,persistence:price_velocity,925,-5.0,5.0,0.3047975972150208,1.5921647329807604,-4.805318845294584,-1.0877540992837744,-0.01779987782488313,3.9944295306699793,5.0,5.0,0.0,-1.2135588569941678
A_n3,persistence:price_velocity^2,925,-5.0,5.0,-0.14622876993898803,1.975086095559255,-5.0,-4.677685478635219,0.06569103894036009,3.4242197109119252,5.0,5.0,0.0,1.3102605011749742
A_n3,persistence:price_velocity^3,925,-5.0,5.0,-0.17015052131063962,1.9353061922626362,-5.0,-4.333237410662828,0.003623835968206723,3.366305624154702,5.0,5.0,0.0,4.327426684350692
A_n3,persistence:price_velocity_x_acceleration,925,0.0,0.0,0.0,0.0,0.0,0.0,0.0,0.0,0.0,0.0,0.0,0.0
A_n3,persistence:relative_volume,925,0.0,0.0,0.0,0.0,0.0,0.0,0.0,0.0,0.0,0.0,0.0,0.0
A_n3,persistence:relative_volume^2,925,0.0,0.0,0.0,0.0,0.0,0.0,0.0,0.0,0.0,0.0,0.0,0.0
A_n3,persistence:relative_volume^3,925,0.0,0.0,0.0,0.0,0.0,0.0,0.0,0.0,0.0,0.0,0.0,0.0
A_n3,persistence:relative_volume_x_price_velocity,925,0.0,0.0,0.0,0.0,0.0,0.0,0.0,0.0,0.0,0.0,0.0,0.0
A_n3,persistence:spread,925,0.0,0.0,0.0,0.0,0.0,0.0,0.0,0.0,0.0,0.0,0.0,0.0
A_n3,persistence:spread^2,925,0.0,0.0,0.0,0.0,0.0,0.0,0.0,0.0,0.0,0.0,0.0,0.0
A_n3,persistence:spread^3,925,0.0,0.0,0.0,0.0,0.0,0.0,0.0,0.0,0.0,0.0,0.0,0.0
A_n3,persistence:spread_change,925,0.0,0.0,0.0,0.0,0.0,0.0,0.0,0.0,0.0,0.0,0.0,0.0
A_n3,persistence:spread_change^2,925,0.0,0.0,0.0,0.0,0.0,0.0,0.0,0.0,0.0,0.0,0.0,0.0
A_n3,persistence:spread_change^3,925,0.0,0.0,0.0,0.0,0.0,0.0,0.0,0.0,0.0,0.0,0.0,0.0
A_n3,persistence:volume_density,925,0.0,0.0,0.0,0.0,0.0,0.0,0.0,0.0,0.0,0.0,0.0,0.0
A_n3,persistence:volume_density^2,925,0.0,0.0,0.0,0.0,0.0,0.0,0.0,0.0,0.0,0.0,0.0,0.0
A_n3,persistence:volume_density^3,925,0.0,0.0,0.0,0.0,0.0,0.0,0.0,0.0,0.0,0.0,0.0,0.0
A_n3,persistence:volume_density_x_price_displacement,925,0.0,0.0,0.0,0.0,0.0,0.0,0.0,0.0,0.0,0.0,0.0,0.0
A_n3,persistence:volume_log,925,0.0,0.0,0.0,0.0,0.0,0.0,0.0,0.0,0.0,0.0,0.0,0.0
A_n3,persistence:volume_log^2,925,0.0,0.0,0.0,0.0,0.0,0.0,0.0,0.0,0.0,0.0,0.0,0.0
A_n3,persistence:volume_log^3,925,0.0,0.0,0.0,0.0,0.0,0.0,0.0,0.0,0.0,0.0,0.0,0.0
A_n3,persistence:volume_log_x_price_displacement,925,0.0,0.0,0.0,0.0,0.0,0.0,0.0,0.0,0.0,0.0,0.0,0.0
A_n3,persistence:volume_movement_abs,925,0.0,0.0,0.0,0.0,0.0,0.0,0.0,0.0,0.0,0.0,0.0,0.0
A_n3,persistence:volume_movement_abs^2,925,0.0,0.0,0.0,0.0,0.0,0.0,0.0,0.0,0.0,0.0,0.0,0.0
A_n3,persistence:volume_movement_abs^3,925,0.0,0.0,0.0,0.0,0.0,0.0,0.0,0.0,0.0,0.0,0.0,0.0
A_n3,persistence:volume_movement_signed,925,0.0,0.0,0.0,0.0,0.0,0.0,0.0,0.0,0.0,0.0,0.0,0.0
A_n3,persistence:volume_movement_signed^2,925,0.0,0.0,0.0,0.0,0.0,0.0,0.0,0.0,0.0,0.0,0.0,0.0
A_n3,persistence:volume_movement_signed^3,925,0.0,0.0,0.0,0.0,0.0,0.0,0.0,0.0,0.0,0.0,0.0,0.0
A_n3,perturbation_state:bias,925,-5.0,5.0,-0.3738368343917782,1.2980001853413181,-4.725112189477169,-2.871427967638409,-0.1331013522004986,1.4866682408401017,3.0429525326790436,5.0,0.0,0.02761381053334372
A_n3,perturbation_state:directional_volume,925,0.0,0.0,0.0,0.0,0.0,0.0,0.0,0.0,0.0,0.0,0.0,0.0
A_n3,perturbation_state:directional_volume^2,925,0.0,0.0,0.0,0.0,0.0,0.0,0.0,0.0,0.0,0.0,0.0,0.0
A_n3,perturbation_state:directional_volume^3,925,0.0,0.0,0.0,0.0,0.0,0.0,0.0,0.0,0.0,0.0,0.0,0.0
A_n3,perturbation_state:price_acceleration,925,-5.0,5.0,0.0615868806623468,2.276788005410775,-4.982150403547118,-3.174341602787304,0.0,4.685097570495526,5.0,5.0,0.0,-2.2274245918744837
A_n3,perturbation_state:price_acceleration^2,925,-5.0,5.0,-0.83534876045196,2.292466485797706,-5.0,-4.992786633921227,-0.3624169329112143,2.956278164166888,4.908933547206063,5.0,0.0,-2.9604587392969064
A_n3,perturbation_state:price_acceleration^3,925,-5.0,5.0,0.47477135714588276,2.407985825116289,-5.0,-4.041646055861901,0.0,4.980699009110727,5.0,5.0,0.0,0.10755808028543715
A_n3,perturbation_state:price_displacement,925,-5.0,5.0,0.487467968439959,1.4748331042205243,-3.845324390969808,-0.7655083095783032,0.02481562688408665,3.906570685650798,4.993412136653494,5.0,0.0,0.17925334383486063
A_n3,perturbation_state:price_displacement^2,925,-5.0,5.0,-0.009154206516586015,2.00203921784951,-5.0,-4.67941409787338,0.01418666050917362,3.686546412690466,5.0,5.0,0.0,3.8175054775872304
A_n3,perturbation_state:price_displacement^3,925,-5.0,5.0,-0.06836888692018146,1.96184504037245,-5.0,-4.328393096948388,-0.008693306658737231,3.721107246011511,5.0,5.0,0.0,2.827732336824606
A_n3,perturbation_state:price_velocity,925,-5.0,5.0,0.40666547417649124,1.6166615669750959,-4.803327140363242,-1.1353847844132792,0.009032002574189617,4.011227727135245,5.0,5.0,0.0,-1.1747375756546041
A_n3,perturbation_state:price_velocity^2,925,-5.0,5.0,-0.037422705159133235,2.116613110480914,-5.0,-4.682299607368822,0.014354272345098586,4.014038273417062,5.0,5.0,0.0,1.32232961861548
A_n3,perturbation_state:price_velocity^3,925,-5.0,5.0,-0.0838860471151138,2.0964790517494842,-5.0,-4.331366142810136,-0.008693306658737231,4.373412678285618,5.0,5.0,0.0,4.373853755383424
A_n3,perturbation_state:price_velocity_x_acceleration,925,0.0,0.0,0.0,0.0,0.0,0.0,0.0,0.0,0.0,0.0,0.0,0.0
A_n3,perturbation_state:relative_volume,925,0.0,0.0,0.0,0.0,0.0,0.0,0.0,0.0,0.0,0.0,0.0,0.0
A_n3,perturbation_state:relative_volume^2,925,0.0,0.0,0.0,0.0,0.0,0.0,0.0,0.0,0.0,0.0,0.0,0.0
A_n3,perturbation_state:relative_volume^3,925,0.0,0.0,0.0,0.0,0.0,0.0,0.0,0.0,0.0,0.0,0.0,0.0
A_n3,perturbation_state:relative_volume_x_price_velocity,925,0.0,0.0,0.0,0.0,0.0,0.0,0.0,0.0,0.0,0.0,0.0,0.0
A_n3,perturbation_state:spread,925,0.0,0.0,0.0,0.0,0.0,0.0,0.0,0.0,0.0,0.0,0.0,0.0
A_n3,perturbation_state:spread^2,925,0.0,0.0,0.0,0.0,0.0,0.0,0.0,0.0,0.0,0.0,0.0,0.0
A_n3,perturbation_state:spread^3,925,0.0,0.0,0.0,0.0,0.0,0.0,0.0,0.0,0.0,0.0,0.0,0.0
A_n3,perturbation_state:spread_change,925,0.0,0.0,0.0,0.0,0.0,0.0,0.0,0.0,0.0,0.0,0.0,0.0
A_n3,perturbation_state:spread_change^2,925,0.0,0.0,0.0,0.0,0.0,0.0,0.0,0.0,0.0,0.0,0.0,0.0
A_n3,perturbation_state:spread_change^3,925,0.0,0.0,0.0,0.0,0.0,0.0,0.0,0.0,0.0,0.0,0.0,0.0
A_n3,perturbation_state:volume_density,925,0.0,0.0,0.0,0.0,0.0,0.0,0.0,0.0,0.0,0.0,0.0,0.0
A_n3,perturbation_state:volume_density^2,925,0.0,0.0,0.0,0.0,0.0,0.0,0.0,0.0,0.0,0.0,0.0,0.0
A_n3,perturbation_state:volume_density^3,925,0.0,0.0,0.0,0.0,0.0,0.0,0.0,0.0,0.0,0.0,0.0,0.0
A_n3,perturbation_state:volume_density_x_price_displacement,925,0.0,0.0,0.0,0.0,0.0,0.0,0.0,0.0,0.0,0.0,0.0,0.0
A_n3,perturbation_state:volume_log,925,0.0,0.0,0.0,0.0,0.0,0.0,0.0,0.0,0.0,0.0,0.0,0.0
A_n3,perturbation_state:volume_log^2,925,0.0,0.0,0.0,0.0,0.0,0.0,0.0,0.0,0.0,0.0,0.0,0.0
A_n3,perturbation_state:volume_log^3,925,0.0,0.0,0.0,0.0,0.0,0.0,0.0,0.0,0.0,0.0,0.0,0.0
A_n3,perturbation_state:volume_log_x_price_displacement,925,0.0,0.0,0.0,0.0,0.0,0.0,0.0,0.0,0.0,0.0,0.0,0.0
A_n3,perturbation_state:volume_movement_abs,925,0.0,0.0,0.0,0.0,0.0,0.0,0.0,0.0,0.0,0.0,0.0,0.0
A_n3,perturbation_state:volume_movement_abs^2,925,0.0,0.0,0.0,0.0,0.0,0.0,0.0,0.0,0.0,0.0,0.0,0.0
A_n3,perturbation_state:volume_movement_abs^3,925,0.0,0.0,0.0,0.0,0.0,0.0,0.0,0.0,0.0,0.0,0.0,0.0
A_n3,perturbation_state:volume_movement_signed,925,0.0,0.0,0.0,0.0,0.0,0.0,0.0,0.0,0.0,0.0,0.0,0.0
A_n3,perturbation_state:volume_movement_signed^2,925,0.0,0.0,0.0,0.0,0.0,0.0,0.0,0.0,0.0,0.0,0.0,0.0
A_n3,perturbation_state:volume_movement_signed^3,925,0.0,0.0,0.0,0.0,0.0,0.0,0.0,0.0,0.0,0.0,0.0,0.0
A_n3,reinforcement:bias,925,-5.0,5.0,-0.38370304682493683,1.320689167130884,-4.72172643850838,-2.915931739710577,-0.09038322405575408,1.500120210630776,3.022327437324607,5.0,0.0,0.08818392706116174
A_n3,reinforcement:directional_volume,925,0.0,0.0,0.0,0.0,0.0,0.0,0.0,0.0,0.0,0.0,0.0,0.0
A_n3,reinforcement:directional_volume^2,925,0.0,0.0,0.0,0.0,0.0,0.0,0.0,0.0,0.0,0.0,0.0,0.0
A_n3,reinforcement:directional_volume^3,925,0.0,0.0,0.0,0.0,0.0,0.0,0.0,0.0,0.0,0.0,0.0,0.0
A_n3,reinforcement:price_acceleration,925,-5.0,5.0,-0.14577534024613953,2.4092578132136815,-4.978283600321247,-3.631073800205157,-0.18841474231066352,4.674605362388057,5.0,5.0,0.0,-2.213291465391944
A_n3,reinforcement:price_acceleration^2,925,-5.0,5.0,-0.9982224821255308,2.381910382966995,-5.0,-4.990027359819909,-0.43520288862487255,2.8889462849210457,4.887635218481884,5.0,0.0,-2.9675921037457256
A_n3,reinforcement:price_acceleration^3,925,-5.0,5.0,0.4513934328712938,2.528253590291301,-5.0,-4.981029404126817,0.03342598745372291,4.980289816260734,5.0,5.0,0.0,0.1206068765327675
A_n3,reinforcement:price_displacement,925,-5.0,5.0,0.549402907135924,1.4872415140039108,-3.679718638693573,-0.794250046835639,0.013851811727556491,3.8944993017242417,4.995022241574155,5.0,0.0,0.25556988261826274
A_n3,reinforcement:price_displacement^2,925,-5.0,5.0,0.025289355101156808,2.0479332614687014,-5.0,-4.675269775062091,0.021619485506806965,3.6115333213344,5.0,5.0,0.0,3.736731058817449
A_n3,reinforcement:price_displacement^3,925,-5.0,5.0,-0.06905515409708021,2.027823314203563,-5.0,-4.333022224687345,-0.01158370180337329,3.914475329030761,5.0,5.0,0.0,2.802029658539582
A_n3,reinforcement:price_velocity,925,-5.0,5.0,0.4567407428049139,1.6324971189410296,-4.803511848887316,-1.130422084702839,0.008357491496092832,4.000839258790967,5.0,5.0,0.0,-1.1752521464679386
A_n3,reinforcement:price_velocity^2,925,-5.0,5.0,-0.005026725658695286,2.1609882218738634,-5.0,-4.678238538214452,0.02329224524448207,4.049412324018781,5.0,5.0,0.0,1.29179896049813
A_n3,reinforcement:price_velocity^3,925,-5.0,5.0,-0.08934739154528268,2.153445704178645,-5.0,-4.33422926106445,-0.01158370180337329,4.4039835673349454,5.0,5.0,0.0,4.356241541645258
A_n3,reinforcement:price_velocity_x_acceleration,925,0.0,0.0,0.0,0.0,0.0,0.0,0.0,0.0,0.0,0.0,0.0,0.0
A_n3,reinforcement:relative_volume,925,0.0,0.0,0.0,0.0,0.0,0.0,0.0,0.0,0.0,0.0,0.0,0.0
A_n3,reinforcement:relative_volume^2,925,0.0,0.0,0.0,0.0,0.0,0.0,0.0,0.0,0.0,0.0,0.0,0.0
A_n3,reinforcement:relative_volume^3,925,0.0,0.0,0.0,0.0,0.0,0.0,0.0,0.0,0.0,0.0,0.0,0.0
A_n3,reinforcement:relative_volume_x_price_velocity,925,0.0,0.0,0.0,0.0,0.0,0.0,0.0,0.0,0.0,0.0,0.0,0.0
A_n3,reinforcement:spread,925,0.0,0.0,0.0,0.0,0.0,0.0,0.0,0.0,0.0,0.0,0.0,0.0
A_n3,reinforcement:spread^2,925,0.0,0.0,0.0,0.0,0.0,0.0,0.0,0.0,0.0,0.0,0.0,0.0
A_n3,reinforcement:spread^3,925,0.0,0.0,0.0,0.0,0.0,0.0,0.0,0.0,0.0,0.0,0.0,0.0
A_n3,reinforcement:spread_change,925,0.0,0.0,0.0,0.0,0.0,0.0,0.0,0.0,0.0,0.0,0.0,0.0
A_n3,reinforcement:spread_change^2,925,0.0,0.0,0.0,0.0,0.0,0.0,0.0,0.0,0.0,0.0,0.0,0.0
A_n3,reinforcement:spread_change^3,925,0.0,0.0,0.0,0.0,0.0,0.0,0.0,0.0,0.0,0.0,0.0,0.0
A_n3,reinforcement:volume_density,925,0.0,0.0,0.0,0.0,0.0,0.0,0.0,0.0,0.0,0.0,0.0,0.0
A_n3,reinforcement:volume_density^2,925,0.0,0.0,0.0,0.0,0.0,0.0,0.0,0.0,0.0,0.0,0.0,0.0
A_n3,reinforcement:volume_density^3,925,0.0,0.0,0.0,0.0,0.0,0.0,0.0,0.0,0.0,0.0,0.0,0.0
A_n3,reinforcement:volume_density_x_price_displacement,925,0.0,0.0,0.0,0.0,0.0,0.0,0.0,0.0,0.0,0.0,0.0,0.0
A_n3,reinforcement:volume_log,925,0.0,0.0,0.0,0.0,0.0,0.0,0.0,0.0,0.0,0.0,0.0,0.0
A_n3,reinforcement:volume_log^2,925,0.0,0.0,0.0,0.0,0.0,0.0,0.0,0.0,0.0,0.0,0.0,0.0
A_n3,reinforcement:volume_log^3,925,0.0,0.0,0.0,0.0,0.0,0.0,0.0,0.0,0.0,0.0,0.0,0.0
A_n3,reinforcement:volume_log_x_price_displacement,925,0.0,0.0,0.0,0.0,0.0,0.0,0.0,0.0,0.0,0.0,0.0,0.0
A_n3,reinforcement:volume_movement_abs,925,0.0,0.0,0.0,0.0,0.0,0.0,0.0,0.0,0.0,0.0,0.0,0.0
A_n3,reinforcement:volume_movement_abs^2,925,0.0,0.0,0.0,0.0,0.0,0.0,0.0,0.0,0.0,0.0,0.0,0.0
A_n3,reinforcement:volume_movement_abs^3,925,0.0,0.0,0.0,0.0,0.0,0.0,0.0,0.0,0.0,0.0,0.0,0.0
A_n3,reinforcement:volume_movement_signed,925,0.0,0.0,0.0,0.0,0.0,0.0,0.0,0.0,0.0,0.0,0.0,0.0
A_n3,reinforcement:volume_movement_signed^2,925,0.0,0.0,0.0,0.0,0.0,0.0,0.0,0.0,0.0,0.0,0.0,0.0
A_n3,reinforcement:volume_movement_signed^3,925,0.0,0.0,0.0,0.0,0.0,0.0,0.0,0.0,0.0,0.0,0.0,0.0
A_n3,reversal_tendency:bias,925,-5.0,5.0,-0.3746789894726786,1.3158290643995931,-4.716181070143289,-2.8335351107608515,-0.18159031195923517,1.5137576067341612,3.102820726197379,5.0,0.0,0.04927318028274473
A_n3,reversal_tendency:directional_volume,925,0.0,0.0,0.0,0.0,0.0,0.0,0.0,0.0,0.0,0.0,0.0,0.0
A_n3,reversal_tendency:directional_volume^2,925,0.0,0.0,0.0,0.0,0.0,0.0,0.0,0.0,0.0,0.0,0.0,0.0
A_n3,reversal_tendency:directional_volume^3,925,0.0,0.0,0.0,0.0,0.0,0.0,0.0,0.0,0.0,0.0,0.0,0.0
A_n3,reversal_tendency:price_acceleration,925,-5.0,5.0,-0.24859747474976387,2.603028686216198,-5.0,-3.9723260553798347,-0.35742449650134633,4.689084387519949,5.0,5.0,0.0,-2.2393095233426674
A_n3,reversal_tendency:price_acceleration^2,925,-5.0,5.0,-0.822192825792762,2.445809851980327,-5.0,-4.993037141425612,-0.2645766489633393,3.2500754692584897,4.917623926364585,5.0,0.0,-2.960349716443602
A_n3,reversal_tendency:price_acceleration^3,925,-5.0,5.0,0.5224374767140756,2.5759306807168274,-5.0,-4.9820883195237675,0.024009411335742338,4.985396799103981,5.0,5.0,0.0,0.07602845413327357
A_n3,reversal_tendency:price_displacement,925,-5.0,5.0,0.48868861019540244,1.509636635772011,-3.9033472482536644,-1.164716988827251,0.06942581232363637,3.9101217352599438,4.991806051164201,5.0,0.0,0.17408055571329506
A_n3,reversal_tendency:price_displacement^2,925,-5.0,5.0,-0.002316686955214731,2.088786446118874,-5.0,-4.682908759896743,0.0,3.7218609054558667,5.0,5.0,0.0,3.856327234475326
A_n3,reversal_tendency:price_displacement^3,925,-5.0,5.0,-0.0435163110664993,2.122073424048495,-5.0,-4.327835623959328,-0.011729640907752963,4.3549421540923,5.0,5.0,0.0,2.8538818613933565
A_n3,reversal_tendency:price_velocity,925,-5.0,5.0,0.4105752750891283,1.6482366139733584,-4.8070788329440415,-1.452371885642224,0.04719801698469582,4.013733232940509,5.0,5.0,0.0,-1.1679255023921211
A_n3,reversal_tendency:price_velocity^2,925,-5.0,5.0,-0.03133307961440071,2.1974309426356946,-5.0,-4.683562508231554,0.0,4.055136833765929,5.0,5.0,0.0,1.3287533106419571
A_n3,reversal_tendency:price_velocity^3,925,-5.0,5.0,-0.05758265611485995,2.247621846903187,-5.0,-4.330828851520649,-0.011729640907752963,4.476111472908518,5.0,5.0,0.0,4.374338263557068
A_n3,reversal_tendency:price_velocity_x_acceleration,925,0.0,0.0,0.0,0.0,0.0,0.0,0.0,0.0,0.0,0.0,0.0,0.0
A_n3,reversal_tendency:relative_volume,925,0.0,0.0,0.0,0.0,0.0,0.0,0.0,0.0,0.0,0.0,0.0,0.0
A_n3,reversal_tendency:relative_volume^2,925,0.0,0.0,0.0,0.0,0.0,0.0,0.0,0.0,0.0,0.0,0.0,0.0
A_n3,reversal_tendency:relative_volume^3,925,0.0,0.0,0.0,0.0,0.0,0.0,0.0,0.0,0.0,0.0,0.0,0.0
A_n3,reversal_tendency:relative_volume_x_price_velocity,925,0.0,0.0,0.0,0.0,0.0,0.0,0.0,0.0,0.0,0.0,0.0,0.0
A_n3,reversal_tendency:spread,925,0.0,0.0,0.0,0.0,0.0,0.0,0.0,0.0,0.0,0.0,0.0,0.0
A_n3,reversal_tendency:spread^2,925,0.0,0.0,0.0,0.0,0.0,0.0,0.0,0.0,0.0,0.0,0.0,0.0
A_n3,reversal_tendency:spread^3,925,0.0,0.0,0.0,0.0,0.0,0.0,0.0,0.0,0.0,0.0,0.0,0.0
A_n3,reversal_tendency:spread_change,925,0.0,0.0,0.0,0.0,0.0,0.0,0.0,0.0,0.0,0.0,0.0,0.0
A_n3,reversal_tendency:spread_change^2,925,0.0,0.0,0.0,0.0,0.0,0.0,0.0,0.0,0.0,0.0,0.0,0.0
A_n3,reversal_tendency:spread_change^3,925,0.0,0.0,0.0,0.0,0.0,0.0,0.0,0.0,0.0,0.0,0.0,0.0
A_n3,reversal_tendency:volume_density,925,0.0,0.0,0.0,0.0,0.0,0.0,0.0,0.0,0.0,0.0,0.0,0.0
A_n3,reversal_tendency:volume_density^2,925,0.0,0.0,0.0,0.0,0.0,0.0,0.0,0.0,0.0,0.0,0.0,0.0
A_n3,reversal_tendency:volume_density^3,925,0.0,0.0,0.0,0.0,0.0,0.0,0.0,0.0,0.0,0.0,0.0,0.0
A_n3,reversal_tendency:volume_density_x_price_displacement,925,0.0,0.0,0.0,0.0,0.0,0.0,0.0,0.0,0.0,0.0,0.0,0.0
A_n3,reversal_tendency:volume_log,925,0.0,0.0,0.0,0.0,0.0,0.0,0.0,0.0,0.0,0.0,0.0,0.0
A_n3,reversal_tendency:volume_log^2,925,0.0,0.0,0.0,0.0,0.0,0.0,0.0,0.0,0.0,0.0,0.0,0.0
A_n3,reversal_tendency:volume_log^3,925,0.0,0.0,0.0,0.0,0.0,0.0,0.0,0.0,0.0,0.0,0.0,0.0
A_n3,reversal_tendency:volume_log_x_price_displacement,925,0.0,0.0,0.0,0.0,0.0,0.0,0.0,0.0,0.0,0.0,0.0,0.0
A_n3,reversal_tendency:volume_movement_abs,925,0.0,0.0,0.0,0.0,0.0,0.0,0.0,0.0,0.0,0.0,0.0,0.0
A_n3,reversal_tendency:volume_movement_abs^2,925,0.0,0.0,0.0,0.0,0.0,0.0,0.0,0.0,0.0,0.0,0.0,0.0
A_n3,reversal_tendency:volume_movement_abs^3,925,0.0,0.0,0.0,0.0,0.0,0.0,0.0,0.0,0.0,0.0,0.0,0.0
A_n3,reversal_tendency:volume_movement_signed,925,0.0,0.0,0.0,0.0,0.0,0.0,0.0,0.0,0.0,0.0,0.0,0.0
A_n3,reversal_tendency:volume_movement_signed^2,925,0.0,0.0,0.0,0.0,0.0,0.0,0.0,0.0,0.0,0.0,0.0,0.0
A_n3,reversal_tendency:volume_movement_signed^3,925,0.0,0.0,0.0,0.0,0.0,0.0,0.0,0.0,0.0,0.0,0.0,0.0
A_n3,strength:bias,925,-5.0,5.0,0.01161902103171687,1.3833011346528197,-4.70292995080941,-2.830015644967562,0.24466070161135278,1.9718536946459095,3.50893329138164,5.0,0.0,0.6027632167793845
A_n3,strength:directional_volume,925,0.0,0.0,0.0,0.0,0.0,0.0,0.0,0.0,0.0,0.0,0.0,0.0
A_n3,strength:directional_volume^2,925,0.0,0.0,0.0,0.0,0.0,0.0,0.0,0.0,0.0,0.0,0.0,0.0
A_n3,strength:directional_volume^3,925,0.0,0.0,0.0,0.0,0.0,0.0,0.0,0.0,0.0,0.0,0.0,0.0
A_n3,strength:price_acceleration,925,-5.0,5.0,0.044810542177414515,2.2316039592460672,-4.980099142966127,-3.1148915636711023,-0.3850355414794861,4.685095014081766,5.0,5.0,0.0,-2.2325210864451557
A_n3,strength:price_acceleration^2,925,-5.0,5.0,-0.7809570403337477,2.230136651351805,-5.0,-4.9636262341262585,-0.3624388391108007,3.0163520148149887,4.895439652632714,5.0,0.0,-2.96478205443971
A_n3,strength:price_acceleration^3,925,-5.0,5.0,0.5887577888558603,2.2826969377955804,-5.0,-3.645785328263134,0.10242179023061111,4.976785674743632,5.0,5.0,0.0,0.11568388138648415
A_n3,strength:price_displacement,925,-5.0,5.0,0.45574417561267255,1.4652099516991905,-3.752599675104962,-0.7483077145316018,0.0,3.847295102943136,4.985547068945552,5.0,0.0,0.22552972173897218
A_n3,strength:price_displacement^2,925,-5.0,5.0,-0.01089903203228524,1.960154904723096,-5.0,-4.663740864022314,0.15408122221888076,3.438310929951369,5.0,5.0,0.0,3.800358338205417
A_n3,strength:price_displacement^3,925,-5.0,5.0,-0.09701757179609788,1.9139930639340386,-5.0,-4.337091991488261,0.0,3.3226273306952545,5.0,5.0,0.0,2.806324366436746
A_n3,strength:price_velocity,925,-5.0,5.0,0.36722765375976074,1.607660771849836,-4.805034448617118,-1.1438631714460354,-0.024403945613581425,3.9571388315960316,5.0,5.0,0.0,-1.2070962070475284
A_n3,strength:price_velocity^2,925,-5.0,5.0,-0.042613547319735295,2.07544470225245,-5.0,-4.666753695443398,0.1579684423956745,3.854688928432417,5.0,5.0,0.0,1.3173229582981547
A_n3,strength:price_velocity^3,925,-5.0,5.0,-0.1151876689054708,2.0489089215552285,-5.0,-4.338168541565062,0.0,4.3334899527285575,5.0,5.0,0.0,4.333931618217175
A_n3,strength:price_velocity_x_acceleration,925,0.0,0.0,0.0,0.0,0.0,0.0,0.0,0.0,0.0,0.0,0.0,0.0
A_n3,strength:relative_volume,925,0.0,0.0,0.0,0.0,0.0,0.0,0.0,0.0,0.0,0.0,0.0,0.0
A_n3,strength:relative_volume^2,925,0.0,0.0,0.0,0.0,0.0,0.0,0.0,0.0,0.0,0.0,0.0,0.0
A_n3,strength:relative_volume^3,925,0.0,0.0,0.0,0.0,0.0,0.0,0.0,0.0,0.0,0.0,0.0,0.0
A_n3,strength:relative_volume_x_price_velocity,925,0.0,0.0,0.0,0.0,0.0,0.0,0.0,0.0,0.0,0.0,0.0,0.0
A_n3,strength:spread,925,0.0,0.0,0.0,0.0,0.0,0.0,0.0,0.0,0.0,0.0,0.0,0.0
A_n3,strength:spread^2,925,0.0,0.0,0.0,0.0,0.0,0.0,0.0,0.0,0.0,0.0,0.0,0.0
A_n3,strength:spread^3,925,0.0,0.0,0.0,0.0,0.0,0.0,0.0,0.0,0.0,0.0,0.0,0.0
A_n3,strength:spread_change,925,0.0,0.0,0.0,0.0,0.0,0.0,0.0,0.0,0.0,0.0,0.0,0.0
A_n3,strength:spread_change^2,925,0.0,0.0,0.0,0.0,0.0,0.0,0.0,0.0,0.0,0.0,0.0,0.0
A_n3,strength:spread_change^3,925,0.0,0.0,0.0,0.0,0.0,0.0,0.0,0.0,0.0,0.0,0.0,0.0
A_n3,strength:volume_density,925,0.0,0.0,0.0,0.0,0.0,0.0,0.0,0.0,0.0,0.0,0.0,0.0
A_n3,strength:volume_density^2,925,0.0,0.0,0.0,0.0,0.0,0.0,0.0,0.0,0.0,0.0,0.0,0.0
A_n3,strength:volume_density^3,925,0.0,0.0,0.0,0.0,0.0,0.0,0.0,0.0,0.0,0.0,0.0,0.0
A_n3,strength:volume_density_x_price_displacement,925,0.0,0.0,0.0,0.0,0.0,0.0,0.0,0.0,0.0,0.0,0.0,0.0
A_n3,strength:volume_log,925,0.0,0.0,0.0,0.0,0.0,0.0,0.0,0.0,0.0,0.0,0.0,0.0
A_n3,strength:volume_log^2,925,0.0,0.0,0.0,0.0,0.0,0.0,0.0,0.0,0.0,0.0,0.0,0.0
A_n3,strength:volume_log^3,925,0.0,0.0,0.0,0.0,0.0,0.0,0.0,0.0,0.0,0.0,0.0,0.0
A_n3,strength:volume_log_x_price_displacement,925,0.0,0.0,0.0,0.0,0.0,0.0,0.0,0.0,0.0,0.0,0.0,0.0
A_n3,strength:volume_movement_abs,925,0.0,0.0,0.0,0.0,0.0,0.0,0.0,0.0,0.0,0.0,0.0,0.0
A_n3,strength:volume_movement_abs^2,925,0.0,0.0,0.0,0.0,0.0,0.0,0.0,0.0,0.0,0.0,0.0,0.0
A_n3,strength:volume_movement_abs^3,925,0.0,0.0,0.0,0.0,0.0,0.0,0.0,0.0,0.0,0.0,0.0,0.0
A_n3,strength:volume_movement_signed,925,0.0,0.0,0.0,0.0,0.0,0.0,0.0,0.0,0.0,0.0,0.0,0.0
A_n3,strength:volume_movement_signed^2,925,0.0,0.0,0.0,0.0,0.0,0.0,0.0,0.0,0.0,0.0,0.0,0.0
A_n3,strength:volume_movement_signed^3,925,0.0,0.0,0.0,0.0,0.0,0.0,0.0,0.0,0.0,0.0,0.0,0.0
A_n3,uncertainty:bias,925,-5.0,5.0,-0.09681891945537517,1.3545247013545678,-4.710324022588832,-2.8452083564884236,0.16837811400216302,1.8221854687361294,3.3826940652420263,5.0,0.0,0.4315843209330549
A_n3,uncertainty:directional_volume,925,0.0,0.0,0.0,0.0,0.0,0.0,0.0,0.0,0.0,0.0,0.0,0.0
A_n3,uncertainty:directional_volume^2,925,0.0,0.0,0.0,0.0,0.0,0.0,0.0,0.0,0.0,0.0,0.0,0.0
A_n3,uncertainty:directional_volume^3,925,0.0,0.0,0.0,0.0,0.0,0.0,0.0,0.0,0.0,0.0,0.0,0.0
A_n3,uncertainty:price_acceleration,925,-5.0,5.0,0.1263045043813811,2.1854886670606457,-4.9803760201622165,-3.1020277241593144,-0.23128091586214433,4.684416914385483,5.0,5.0,0.0,-2.2311506712109024
A_n3,uncertainty:price_acceleration^2,925,-5.0,5.0,-0.7576522501777151,2.2005063517334826,-5.0,-4.958534534184664,-0.33507621255401177,2.7771692831532118,4.90448496745809,5.0,0.0,-2.966645112052711
A_n3,uncertainty:price_acceleration^3,925,-5.0,5.0,0.5912752191299073,2.262373708733463,-5.0,-3.4759915609896543,0.08514254006084011,4.979633381494545,5.0,5.0,0.0,0.1151938891470795
A_n3,uncertainty:price_displacement,925,-5.0,5.0,0.42822752052941465,1.4646302696231548,-3.7510288429408685,-0.7720907528221729,-0.01818396755740283,3.8674643029114875,4.986114458765453,5.0,0.0,0.2377025254831809
A_n3,uncertainty:price_displacement^2,925,-5.0,5.0,-0.047515444300136406,1.9333591378179955,-5.0,-4.669051004229253,0.10773291760985947,3.2251963028303763,5.0,5.0,0.0,3.8042927703836322
A_n3,uncertainty:price_displacement^3,925,-5.0,5.0,-0.1008519794844343,1.9003044108779514,-5.0,-4.332620879019029,7.469234755505538e-05,3.3056481900447943,5.0,5.0,0.0,2.809436700526666
A_n3,uncertainty:price_velocity,925,-5.0,5.0,0.3394405528511051,1.6056622047902027,-4.804340672774889,-1.1254693515098086,-0.02781762675981364,3.975381058895344,5.0,5.0,0.0,-1.2072411773920435
A_n3,uncertainty:price_velocity^2,925,-5.0,5.0,-0.0787345143000217,2.050077281806018,-5.0,-4.672018835575671,0.10868413168940252,3.7126552186084343,5.0,5.0,0.0,1.301755070444524
A_n3,uncertainty:price_velocity^3,925,-5.0,5.0,-0.11898937800677227,2.0359313558402223,-5.0,-4.33570194581389,7.469234755505538e-05,4.330677410901153,5.0,5.0,0.0,4.331125597978966
A_n3,uncertainty:price_velocity_x_acceleration,925,0.0,0.0,0.0,0.0,0.0,0.0,0.0,0.0,0.0,0.0,0.0,0.0
A_n3,uncertainty:relative_volume,925,0.0,0.0,0.0,0.0,0.0,0.0,0.0,0.0,0.0,0.0,0.0,0.0
A_n3,uncertainty:relative_volume^2,925,0.0,0.0,0.0,0.0,0.0,0.0,0.0,0.0,0.0,0.0,0.0,0.0
A_n3,uncertainty:relative_volume^3,925,0.0,0.0,0.0,0.0,0.0,0.0,0.0,0.0,0.0,0.0,0.0,0.0
A_n3,uncertainty:relative_volume_x_price_velocity,925,0.0,0.0,0.0,0.0,0.0,0.0,0.0,0.0,0.0,0.0,0.0,0.0
A_n3,uncertainty:spread,925,0.0,0.0,0.0,0.0,0.0,0.0,0.0,0.0,0.0,0.0,0.0,0.0
A_n3,uncertainty:spread^2,925,0.0,0.0,0.0,0.0,0.0,0.0,0.0,0.0,0.0,0.0,0.0,0.0
A_n3,uncertainty:spread^3,925,0.0,0.0,0.0,0.0,0.0,0.0,0.0,0.0,0.0,0.0,0.0,0.0
A_n3,uncertainty:spread_change,925,0.0,0.0,0.0,0.0,0.0,0.0,0.0,0.0,0.0,0.0,0.0,0.0
A_n3,uncertainty:spread_change^2,925,0.0,0.0,0.0,0.0,0.0,0.0,0.0,0.0,0.0,0.0,0.0,0.0
A_n3,uncertainty:spread_change^3,925,0.0,0.0,0.0,0.0,0.0,0.0,0.0,0.0,0.0,0.0,0.0,0.0
A_n3,uncertainty:volume_density,925,0.0,0.0,0.0,0.0,0.0,0.0,0.0,0.0,0.0,0.0,0.0,0.0
A_n3,uncertainty:volume_density^2,925,0.0,0.0,0.0,0.0,0.0,0.0,0.0,0.0,0.0,0.0,0.0,0.0
A_n3,uncertainty:volume_density^3,925,0.0,0.0,0.0,0.0,0.0,0.0,0.0,0.0,0.0,0.0,0.0,0.0
A_n3,uncertainty:volume_density_x_price_displacement,925,0.0,0.0,0.0,0.0,0.0,0.0,0.0,0.0,0.0,0.0,0.0,0.0
A_n3,uncertainty:volume_log,925,0.0,0.0,0.0,0.0,0.0,0.0,0.0,0.0,0.0,0.0,0.0,0.0
A_n3,uncertainty:volume_log^2,925,0.0,0.0,0.0,0.0,0.0,0.0,0.0,0.0,0.0,0.0,0.0,0.0
A_n3,uncertainty:volume_log^3,925,0.0,0.0,0.0,0.0,0.0,0.0,0.0,0.0,0.0,0.0,0.0,0.0
A_n3,uncertainty:volume_log_x_price_displacement,925,0.0,0.0,0.0,0.0,0.0,0.0,0.0,0.0,0.0,0.0,0.0,0.0
A_n3,uncertainty:volume_movement_abs,925,0.0,0.0,0.0,0.0,0.0,0.0,0.0,0.0,0.0,0.0,0.0,0.0
A_n3,uncertainty:volume_movement_abs^2,925,0.0,0.0,0.0,0.0,0.0,0.0,0.0,0.0,0.0,0.0,0.0,0.0
A_n3,uncertainty:volume_movement_abs^3,925,0.0,0.0,0.0,0.0,0.0,0.0,0.0,0.0,0.0,0.0,0.0,0.0
A_n3,uncertainty:volume_movement_signed,925,0.0,0.0,0.0,0.0,0.0,0.0,0.0,0.0,0.0,0.0,0.0,0.0
A_n3,uncertainty:volume_movement_signed^2,925,0.0,0.0,0.0,0.0,0.0,0.0,0.0,0.0,0.0,0.0,0.0,0.0
A_n3,uncertainty:volume_movement_signed^3,925,0.0,0.0,0.0,0.0,0.0,0.0,0.0,0.0,0.0,0.0,0.0,0.0
B_n1,direction_state:bias,925,-1.3807073934486334,1.383628291145068,-0.14330573741458444,0.2516135006564405,-0.941140426538024,-0.8913059043435287,-0.095302897056193,0.07991744441407495,0.15927962953587047,1.383628291145068,0.0,-0.38481857778294726
B_n1,direction_state:directional_volume,925,-5.0,5.0,0.08075970162488745,0.6113241880945232,-1.42550719209024,-0.9212472963121388,0.27413499983180806,0.7084882760477137,0.7324304860377673,5.0,0.0,-0.2272362007941139
B_n1,direction_state:price_acceleration,925,-1.5979424886460878,4.323665706711331,0.2631419945478201,0.5331617520451666,-0.39375722709294,-0.1816422348324667,0.082683187396681,1.2841994889081056,1.613140578878645,4.323665706711331,0.0,-0.11094289646523693
B_n1,direction_state:price_displacement,925,-5.0,5.0,0.21820448296865436,0.4942459060391329,-0.9916005783336691,-0.8821532083747344,0.2964765194952313,0.5785038062751588,0.63196394950209,5.0,0.0,0.3665963566122537
B_n1,direction_state:price_velocity,925,-5.0,5.0,0.2232925373882497,0.4976533556033468,-0.9916005783336691,-0.8821532083747344,0.29475072669438723,0.5984246562355174,0.63196394950209,5.0,0.0,0.6172368324194127
B_n1,direction_state:price_velocity_x_acceleration,925,0.0,0.0,0.0,0.0,0.0,0.0,0.0,0.0,0.0,0.0,0.0,0.0
B_n1,direction_state:relative_volume,925,-0.22026840270017162,0.1321356669082439,-0.012610675617126435,0.05201912920272593,-0.08475875747280812,-0.07537286322083929,-0.011279640090201238,0.121088313142508,0.12650753015301583,0.22026840270017162,0.0,0.0012700517480071778
B_n1,direction_state:relative_volume_x_price_velocity,925,0.0,0.0,0.0,0.0,0.0,0.0,0.0,0.0,0.0,0.0,0.0,0.0
B_n1,direction_state:spread,925,0.0,0.0,0.0,0.0,0.0,0.0,0.0,0.0,0.0,0.0,0.0,0.0
B_n1,direction_state:spread_change,925,0.0,0.0,0.0,0.0,0.0,0.0,0.0,0.0,0.0,0.0,0.0,0.0
B_n1,direction_state:volume_density,925,-0.21782569032242588,0.1335811505931437,-0.012153496604743706,0.0518020460603681,-0.08379399110256422,-0.07443206357267194,-0.011299177948133832,0.12255598824907692,0.12796827153266807,0.21782569032242588,0.0,0.0016900578869716036
B_n1,direction_state:volume_density_x_price_displacement,925,0.0,0.0,0.0,0.0,0.0,0.0,0.0,0.0,0.0,0.0,0.0,0.0
B_n1,direction_state:volume_log,925,-0.38897952883605097,0.06580479585924869,-0.03398886155539839,0.07249778692984274,-0.15374705930727078,-0.13833416647828392,-0.012395454464085602,0.056612555094186424,0.06260551173218194,0.38897952883605097,0.0,0.004127330945871834
B_n1,direction_state:volume_log_x_price_displacement,925,0.0,0.0,0.0,0.0,0.0,0.0,0.0,0.0,0.0,0.0,0.0,0.0
B_n1,direction_state:volume_movement_abs,925,-5.0,0.26694753765613566,-0.2862488774641432,0.5864908503895678,-3.092752093118076,-1.0996752418236113,-0.052488933550103783,0.12733251087515007,0.16890092904595105,5.0,0.0,-0.32535025254482414
B_n1,direction_state:volume_movement_signed,925,-5.0,5.0,0.040981490485758755,0.4893661466248517,-1.1538917730747198,-1.084491647956682,0.16081794942408345,0.25735116059956226,0.2960490652185054,5.0,0.0,0.15082870210550722
B_n1,forward_half_life:bias,925,0.0,5.0,4.9305222941400455,0.5602734233329647,0.0,5.0,5.0,5.0,5.0,5.0,0.0,5.0
B_n1,forward_half_life:directional_volume,925,-5.0,5.0,2.2447981454990296,3.440475717505051,-5.0,-5.0,4.160089516338296,5.0,5.0,5.0,0.0,4.438927538395094
B_n1,forward_half_life:price_acceleration,925,-5.0,5.0,-1.493112069443322,2.615402957164375,-5.0,-4.9935996950937325,-1.9273505108681357,3.5993562980314513,4.448670273524525,5.0,0.0,-4.592690542486952
B_n1,forward_half_life:price_displacement,925,-5.0,5.0,0.22582948219209026,3.178702293284619,-5.0,-5.0,0.5495342983404434,5.0,5.0,5.0,0.0,-0.5536128996474652
B_n1,forward_half_life:price_velocity,925,-5.0,5.0,0.06571918248799163,3.188188436435324,-5.0,-5.0,0.1931397496146254,5.0,5.0,5.0,0.0,-5.0
B_n1,forward_half_life:price_velocity_x_acceleration,925,0.0,0.0,0.0,0.0,0.0,0.0,0.0,0.0,0.0,0.0,0.0,0.0
B_n1,forward_half_life:relative_volume,925,-5.0,0.0,-4.906274565100163,0.6353862492404623,-5.0,-5.0,-5.0,-5.0,0.0,5.0,0.0,-5.0
B_n1,forward_half_life:relative_volume_x_price_velocity,925,0.0,0.0,0.0,0.0,0.0,0.0,0.0,0.0,0.0,0.0,0.0,0.0
B_n1,forward_half_life:spread,925,0.0,0.0,0.0,0.0,0.0,0.0,0.0,0.0,0.0,0.0,0.0,0.0
B_n1,forward_half_life:spread_change,925,0.0,0.0,0.0,0.0,0.0,0.0,0.0,0.0,0.0,0.0,0.0,0.0
B_n1,forward_half_life:volume_density,925,-5.0,0.0,-4.906287566363797,0.6353529516465155,-5.0,-5.0,-5.0,-5.0,0.0,5.0,0.0,-5.0
B_n1,forward_half_life:volume_density_x_price_displacement,925,0.0,0.0,0.0,0.0,0.0,0.0,0.0,0.0,0.0,0.0,0.0,0.0
B_n1,forward_half_life:volume_log,925,-5.0,0.0,-4.898667988674446,0.6427435374109591,-5.0,-5.0,-5.0,-4.99362332326617,0.0,5.0,0.0,-5.0
B_n1,forward_half_life:volume_log_x_price_displacement,925,0.0,0.0,0.0,0.0,0.0,0.0,0.0,0.0,0.0,0.0,0.0,0.0
B_n1,forward_half_life:volume_movement_abs,925,-5.0,5.0,0.9170473281837747,2.9540929242597382,-5.0,-4.99550623494782,1.0635991272623873,5.0,5.0,5.0,0.0,-1.0759704854546726
B_n1,forward_half_life:volume_movement_signed,925,-5.0,5.0,0.2726705015704699,3.220746479926851,-5.0,-5.0,0.5685741084878803,5.0,5.0,5.0,0.0,-1.0759704854546726
B_n1,magnitude_state:bias,925,0.0,1.3300112750501156,0.7382134032961833,0.17527890008146438,0.0,0.4466215946182662,0.7463790607837365,0.9937007425654621,1.2584003708040787,1.3300112750501156,0.0,0.8242196154176348
B_n1,magnitude_state:directional_volume,925,-1.009341868853154,0.10800777028443123,-0.3692780794940309,0.25580239403655425,-0.7724088951900527,-0.7067837974710549,-0.4523659266997105,-0.0281043931331539,0.0,1.009341868853154,0.0,-0.376790064346317
B_n1,magnitude_state:price_acceleration,925,-1.387126619354818,1.5698150895120624,-0.19585434383250783,0.36185750598613603,-1.340108144103375,-0.947242232706524,-0.034801003384277086,0.08099740643712335,0.1482252602372676,1.5698150895120624,0.0,0.050038456145846504
B_n1,magnitude_state:price_displacement,925,-0.33039730877362045,1.450248370535249,0.0844664541173511,0.38371275993114756,-0.21221811780510022,-0.16492310477217112,-0.006782344055398927,1.3543917483685737,1.3694971745716666,1.450248370535249,0.0,-0.24800747376613896
B_n1,magnitude_state:price_velocity,925,-0.33039730877362045,1.450248370535249,0.09283960547414975,0.3796011136880023,-0.17127440119169252,-0.12597924351577525,-0.001580720245608778,1.3543917483685737,1.3694971745716666,1.450248370535249,0.0,-0.024980147374687282
B_n1,magnitude_state:price_velocity_x_acceleration,925,0.0,0.0,0.0,0.0,0.0,0.0,0.0,0.0,0.0,0.0,0.0,0.0
B_n1,magnitude_state:relative_volume,925,-0.23228448045439515,0.0,-0.12801615412291464,0.03676302822540993,-0.2222127626159851,-0.19168380769122287,-0.13107151840952763,-0.07121053958193085,0.0,0.23228448045439515,0.0,-0.14401493961959538
B_n1,magnitude_state:relative_volume_x_price_velocity,925,0.0,0.0,0.0,0.0,0.0,0.0,0.0,0.0,0.0,0.0,0.0,0.0
B_n1,magnitude_state:spread,925,0.0,0.0,0.0,0.0,0.0,0.0,0.0,0.0,0.0,0.0,0.0,0.0
B_n1,magnitude_state:spread_change,925,0.0,0.0,0.0,0.0,0.0,0.0,0.0,0.0,0.0,0.0,0.0,0.0
B_n1,magnitude_state:volume_density,925,-0.23298614718289826,0.0,-0.12806083725318554,0.03648128581686897,-0.22294077338632703,-0.1925392315875084,-0.1315137923708378,-0.0719700785806323,0.0,0.23298614718289826,0.0,-0.1451207261503813
B_n1,magnitude_state:volume_density_x_price_displacement,925,0.0,0.0,0.0,0.0,0.0,0.0,0.0,0.0,0.0,0.0,0.0,0.0
B_n1,magnitude_state:volume_log,925,-0.2238067701035308,0.02398217818068562,-0.1100315598756845,0.0716161561466783,-0.2192303338525677,-0.21601427706879373,-0.07397192603857469,-0.023568618286211193,0.0012709969449689663,0.2238067701035308,0.0,-0.06802615097398301
B_n1,magnitude_state:volume_log_x_price_displacement,925,0.0,0.0,0.0,0.0,0.0,0.0,0.0,0.0,0.0,0.0,0.0,0.0
B_n1,magnitude_state:volume_movement_abs,925,-0.024244224772544017,2.0435653397702565,0.5065338196461426,0.45190154162933127,0.0,0.22404176197161277,0.3522959411945245,1.9772448063747285,1.9874838497870804,2.0435653397702565,0.0,0.1831616542757891
B_n1,magnitude_state:volume_movement_signed,925,-0.19151461311547968,1.5555044248905978,0.19865760994587758,0.38869387525568544,-0.0664232327145069,-0.030445420681960038,0.07829347551134706,1.497030921237097,1.5035724632977825,1.5555044248905978,0.0,-0.04855954899583486
B_n1,observation_half_life:bias,925,0.0,5.0,4.9305222941400455,0.5602734233329647,0.0,5.0,5.0,5.0,5.0,5.0,0.0,5.0
B_n1,observation_half_life:directional_volume,925,-5.0,5.0,2.2447981454990296,3.440475717505051,-5.0,-5.0,4.160089516338296,5.0,5.0,5.0,0.0,4.438927538395094
B_n1,observation_half_life:price_acceleration,925,-5.0,5.0,-1.493112069443322,2.615402957164375,-5.0,-4.9935996950937325,-1.9273505108681357,3.5993562980314513,4.448670273524525,5.0,0.0,-4.592690542486952
B_n1,observation_half_life:price_displacement,925,-5.0,5.0,0.22582948219209026,3.178702293284619,-5.0,-5.0,0.5495342983404434,5.0,5.0,5.0,0.0,-0.5536128996474652
B_n1,observation_half_life:price_velocity,925,-5.0,5.0,0.06571918248799163,3.188188436435324,-5.0,-5.0,0.1931397496146254,5.0,5.0,5.0,0.0,-5.0
B_n1,observation_half_life:price_velocity_x_acceleration,925,0.0,0.0,0.0,0.0,0.0,0.0,0.0,0.0,0.0,0.0,0.0,0.0
B_n1,observation_half_life:relative_volume,925,-5.0,0.0,-4.906274565100163,0.6353862492404623,-5.0,-5.0,-5.0,-5.0,0.0,5.0,0.0,-5.0
B_n1,observation_half_life:relative_volume_x_price_velocity,925,0.0,0.0,0.0,0.0,0.0,0.0,0.0,0.0,0.0,0.0,0.0,0.0
B_n1,observation_half_life:spread,925,0.0,0.0,0.0,0.0,0.0,0.0,0.0,0.0,0.0,0.0,0.0,0.0
B_n1,observation_half_life:spread_change,925,0.0,0.0,0.0,0.0,0.0,0.0,0.0,0.0,0.0,0.0,0.0,0.0
B_n1,observation_half_life:volume_density,925,-5.0,0.0,-4.906287566363797,0.6353529516465155,-5.0,-5.0,-5.0,-5.0,0.0,5.0,0.0,-5.0
B_n1,observation_half_life:volume_density_x_price_displacement,925,0.0,0.0,0.0,0.0,0.0,0.0,0.0,0.0,0.0,0.0,0.0,0.0
B_n1,observation_half_life:volume_log,925,-5.0,0.0,-4.898667988674446,0.6427435374109591,-5.0,-5.0,-5.0,-4.99362332326617,0.0,5.0,0.0,-5.0
B_n1,observation_half_life:volume_log_x_price_displacement,925,0.0,0.0,0.0,0.0,0.0,0.0,0.0,0.0,0.0,0.0,0.0,0.0
B_n1,observation_half_life:volume_movement_abs,925,-5.0,5.0,0.9170473281837747,2.9540929242597382,-5.0,-4.99550623494782,1.0635991272623873,5.0,5.0,5.0,0.0,-1.0759704854546726
B_n1,observation_half_life:volume_movement_signed,925,-5.0,5.0,0.2726705015704699,3.220746479926851,-5.0,-5.0,0.5685741084878803,5.0,5.0,5.0,0.0,-1.0759704854546726
B_n1,persistence:bias,925,0.0,0.18993978731640812,0.17786322413141512,0.029773498513731338,0.0,0.13080619146366415,0.1857190354461313,0.18850953838313106,0.189631579165047,0.18993978731640812,0.0,0.1880595200743248
B_n1,persistence:directional_volume,925,-0.02261549778536687,0.014682597526609137,-0.003170905695217064,0.00412025604557359,-0.0180146167895863,-0.010445648499940417,-0.0023072324526589604,0.0006803863956365443,0.004035059418247338,0.02261549778536687,0.0,0.0007967873087322037
B_n1,persistence:price_acceleration,925,-0.014040515270177033,0.010744243474681127,-0.0008986703189159704,0.002043023805780373,-0.010779612059428657,-0.004016888914709668,-0.0005565836960636473,0.000890873989398768,0.0012002421007561732,0.014040515270177033,0.0,-0.00019317673757151546
B_n1,persistence:price_displacement,925,-0.011896688611613148,0.014335721973729457,0.00020312339011911636,0.002026918682310589,-0.0044080291658757246,-0.001545135825210566,-3.0047875640879093e-05,0.003729326502262045,0.006823465601246844,0.014335721973729457,0.0,-0.0015237215259146656
B_n1,persistence:price_velocity,925,-0.011896688611613148,0.014335721973729457,0.00021889279687430565,0.0020199738649450865,-0.0044080291658757246,-0.0015397824267464617,-3.0047875640879093e-05,0.003729326502262045,0.006823465601246844,0.014335721973729457,0.0,-0.001260071347939494
B_n1,persistence:price_velocity_x_acceleration,925,0.0,0.0,0.0,0.0,0.0,0.0,0.0,0.0,0.0,0.0,0.0,0.0
B_n1,persistence:relative_volume,925,-0.033342669253018396,0.0,-0.030440074202065747,0.004760531717426835,-0.033342669253018396,-0.0331249754471979,-0.03117617001695975,-0.02607448565188153,0.0,0.033342669253018396,0.0,-0.02985770873430404
B_n1,persistence:relative_volume_x_price_velocity,925,0.0,0.0,0.0,0.0,0.0,0.0,0.0,0.0,0.0,0.0,0.0,0.0
B_n1,persistence:spread,925,0.0,0.0,0.0,0.0,0.0,0.0,0.0,0.0,0.0,0.0,0.0,0.0
B_n1,persistence:spread_change,925,0.0,0.0,0.0,0.0,0.0,0.0,0.0,0.0,0.0,0.0,0.0,0.0
B_n1,persistence:volume_density,925,-0.03336598104896181,0.0,-0.030470345841558326,0.004765548455773373,-0.03336598104896181,-0.0331477094832876,-0.03118250598248141,-0.026079943769936637,0.0,0.03336598104896181,0.0,-0.029898132764719743
B_n1,persistence:volume_density_x_price_displacement,925,0.0,0.0,0.0,0.0,0.0,0.0,0.0,0.0,0.0,0.0,0.0,0.0
B_n1,persistence:volume_log,925,-0.03215621606037681,0.0,-0.028825440301287728,0.004548875726391985,-0.03215621606037681,-0.032026717941786645,-0.02925408618683368,-0.02562328787160526,0.0,0.03215621606037681,0.0,-0.027650470248924693
B_n1,persistence:volume_log_x_price_displacement,925,0.0,0.0,0.0,0.0,0.0,0.0,0.0,0.0,0.0,0.0,0.0,0.0
B_n1,persistence:volume_movement_abs,925,-0.01718030030336587,0.01785764914916445,0.0014785073252947015,0.0032402063876926642,-0.001816406109765905,-0.0010214009253255547,0.0006345942113935775,0.008403621816894215,0.014047091590049557,0.01785764914916445,0.0,0.0005439961938047201
B_n1,persistence:volume_movement_signed,925,-0.011758115431262622,0.015564836313394682,0.0017302505636142532,0.0019192772578315942,-0.0030835279291299158,9.383013676442437e-05,0.0015856704427203018,0.005234728536854494,0.008039666113400111,0.015564836313394682,0.0,0.0013909357850446368
B_n1,perturbation_state:bias,925,0.0,0.2037278969700899,0.08914180860930307,0.058990949688316516,0.0,0.010516668129920779,0.07691775997044224,0.1921963848043722,0.19891611972316656,0.2037278969700899,0.0,0.10095198988193543
B_n1,perturbation_state:directional_volume,925,-0.22119229570909227,0.07406176491775951,-0.040873127142257576,0.03944431314169386,-0.1296478464603107,-0.11782267938687849,-0.04937767836332016,0.00730980093399581,0.01514106934084301,0.22119229570909227,0.0,-0.05489367158442805
B_n1,perturbation_state:price_acceleration,925,-0.21186745310089966,0.17816040945596484,-0.03180917053193947,0.0559149468239786,-0.1955129755630759,-0.15994067075818405,-0.014954355997449239,0.014070415205219178,0.03779585665013348,0.21186745310089966,0.0,0.010581190762197344
B_n1,perturbation_state:price_displacement,925,-0.0933949323159847,0.2023764810339196,0.03398266705772655,0.04801107213000829,-0.007805963781419166,-0.0028812792120142,0.024778591443551712,0.1875145976953472,0.18880715975565562,0.2023764810339196,0.0,0.008644841338907869
B_n1,perturbation_state:price_velocity,925,-0.0933949323159847,0.2023764810339196,0.039278157382354024,0.049805616594436955,-0.007805963781419166,-0.0028812792120142,0.02665928476003238,0.1875145976953472,0.18880715975565562,0.2023764810339196,0.0,0.1132447472093319
B_n1,perturbation_state:price_velocity_x_acceleration,925,0.0,0.0,0.0,0.0,0.0,0.0,0.0,0.0,0.0,0.0,0.0,0.0
B_n1,perturbation_state:relative_volume,925,-0.029313506698173605,0.003914805814954695,-0.012899271104746769,0.009461281132264856,-0.028688643286144202,-0.027766772103786704,-0.014419784883865538,0.00021590456694812676,0.0021681348318082373,0.029313506698173605,0.0,-0.013698754268955145
B_n1,perturbation_state:relative_volume_x_price_velocity,925,0.0,0.0,0.0,0.0,0.0,0.0,0.0,0.0,0.0,0.0,0.0,0.0
B_n1,perturbation_state:spread,925,0.0,0.0,0.0,0.0,0.0,0.0,0.0,0.0,0.0,0.0,0.0,0.0
B_n1,perturbation_state:spread_change,925,0.0,0.0,0.0,0.0,0.0,0.0,0.0,0.0,0.0,0.0,0.0,0.0
B_n1,perturbation_state:volume_density,925,-0.029753345062157557,0.0035176476918284873,-0.013175082536620128,0.009513105314902995,-0.02912928258992851,-0.02821856606157874,-0.01455713455493932,0.0,0.001773658903854803,0.029753345062157557,0.0,-0.014162750356761912
B_n1,perturbation_state:volume_density_x_price_displacement,925,0.0,0.0,0.0,0.0,0.0,0.0,0.0,0.0,0.0,0.0,0.0,0.0
B_n1,perturbation_state:volume_log,925,-0.021602225543545434,0.021475165643678254,-0.0005460890083577574,0.010949943561681427,-0.02088733757056319,-0.01974241376981611,-0.0029441249222398797,0.017801294882677347,0.01954919159480733,0.021602225543545434,0.0,0.008768761412530697
B_n1,perturbation_state:volume_log_x_price_displacement,925,0.0,0.0,0.0,0.0,0.0,0.0,0.0,0.0,0.0,0.0,0.0,0.0
B_n1,perturbation_state:volume_movement_abs,925,-0.10662472939385015,0.23190694550870744,0.043085918556820674,0.059427350367808544,-0.02450647362413164,-0.014710308854529489,0.033466302333454545,0.22087312563803346,0.22163187144178012,0.23190694550870744,0.0,-0.0206989985181939
B_n1,perturbation_state:volume_movement_signed,925,-0.0966929599415961,0.1928584698414266,0.026075413940019554,0.048176984575662975,-0.011732026817526857,-0.007588085357094524,0.01326259440375341,0.18231514768425636,0.18296469235193616,0.1928584698414266,0.0,0.0025617386436481418
B_n1,reinforcement:bias,925,-0.39921379789256417,0.3475525070009917,-0.011312827835799677,0.03554497086362312,-0.12234050326787188,-0.05038904365363107,-0.007783296383125392,0.01652514432922621,0.024237062393573226,0.39921379789256417,0.0,-0.06524181572507938
B_n1,reinforcement:directional_volume,925,-1.6120851576323185,1.3748091580648458,0.05825303526793213,0.16676523247457475,-0.09814664168141776,-0.09276508369507012,0.004294762505978956,0.2891517271977016,0.44853665006495413,1.6120851576323185,0.0,0.09729379785471672
B_n1,reinforcement:price_acceleration,925,-1.6481030864107313,0.04313141414108802,-0.08435480530824552,0.14110626458865339,-0.7065744714966863,-0.16870983145402146,-0.06266819998681357,0.015799031480412326,0.03483502104191035,1.6481030864107313,0.0,-0.06819900131198509
B_n1,reinforcement:price_displacement,925,-1.5540516696942184,1.2031952553731997,-0.002630100362440208,0.10284768488028913,-0.12437661928527645,-0.09625925068058493,0.007593206008335222,0.0953183844900618,0.11944470120058714,1.5540516696942184,0.0,-0.03044632784652923
B_n1,reinforcement:price_velocity,925,-1.5540516696942184,1.2031952553731997,0.005472253736606929,0.10392168146470747,-0.12437661928527645,-0.09625925068058493,0.01360885572537164,0.0953183844900618,0.11944470120058714,1.5540516696942184,0.0,0.07822114181111199
B_n1,reinforcement:price_velocity_x_acceleration,925,0.0,0.0,0.0,0.0,0.0,0.0,0.0,0.0,0.0,0.0,0.0,0.0
B_n1,reinforcement:relative_volume,925,-0.0389219069065001,0.04788794207093916,0.000482110145846118,0.005953876189202897,-0.009935014332003124,-0.008673033234869147,0.00034823216723186645,0.00988728081029468,0.015604074662865192,0.04788794207093916,0.0,0.011770235533351334
B_n1,reinforcement:relative_volume_x_price_velocity,925,0.0,0.0,0.0,0.0,0.0,0.0,0.0,0.0,0.0,0.0,0.0,0.0
B_n1,reinforcement:spread,925,0.0,0.0,0.0,0.0,0.0,0.0,0.0,0.0,0.0,0.0,0.0,0.0
B_n1,reinforcement:spread_change,925,0.0,0.0,0.0,0.0,0.0,0.0,0.0,0.0,0.0,0.0,0.0,0.0
B_n1,reinforcement:volume_density,925,-0.03938649764450711,0.04742367513483328,0.0004096039297958275,0.006045774068028958,-0.010116734763258228,-0.008845633295984636,0.00016142397421033843,0.01012626023269887,0.01560192840688164,0.04742367513483328,0.0,0.012157217774878751
B_n1,reinforcement:volume_density_x_price_displacement,925,0.0,0.0,0.0,0.0,0.0,0.0,0.0,0.0,0.0,0.0,0.0,0.0
B_n1,reinforcement:volume_log,925,-0.04250402383708268,0.07382566884040734,-0.0044792107686647,0.017203775817443423,-0.03608553312520585,-0.03418651466742604,-4.3468571073702715e-05,0.016536446995940618,0.022685691194677313,0.07382566884040734,0.0,-0.03214576648034741
B_n1,reinforcement:volume_log_x_price_displacement,925,0.0,0.0,0.0,0.0,0.0,0.0,0.0,0.0,0.0,0.0,0.0,0.0
B_n1,reinforcement:volume_movement_abs,925,-0.015442227490705694,1.656728204563289,0.08202133927108479,0.16570124062903352,-0.011753700996015056,-0.005394754307083365,0.024759123027007095,0.30811392018484973,0.8215391937451577,1.656728204563289,0.0,0.07415788374984482
B_n1,reinforcement:volume_movement_signed,925,-1.5982576178497776,1.164891774829371,0.009650994780888726,0.09569241635599443,-0.06313427073984512,-0.03617132764090633,0.010754633533471655,0.0940255609114351,0.10840732715036734,1.5982576178497776,0.0,-0.02502568861535528
B_n1,reversal_tendency:bias,925,0.0,0.2427490057356912,0.15432428469392426,0.047910614188851286,0.0,0.0711312530556951,0.15019072990122853,0.22849043029814534,0.23962060235421062,0.2427490057356912,0.0,0.1422639985174242
B_n1,reversal_tendency:directional_volume,925,-0.27024008728552606,0.2558058740510445,-0.02321797672561347,0.03212462127752371,-0.1106100779485023,-0.06489641216579464,-0.014420236003837125,0.010560738775040726,0.02105843028700965,0.27024008728552606,0.0,-0.04865795215103171
B_n1,reversal_tendency:price_acceleration,925,-0.117322820420325,0.28829565287234193,-0.014020751624672001,0.04368709766646131,-0.11038177757721357,-0.1009053974240489,-0.008105466700468314,0.0286764108115605,0.1183092673525144,0.28829565287234193,0.0,0.020208317250133227
B_n1,reversal_tendency:price_displacement,925,-0.21764857201517784,0.26795264494848214,0.02116097920884914,0.03249825681780103,-0.011368529012916408,-0.006228901889132789,0.014379229341727664,0.10803128985411745,0.11439827392155624,0.26795264494848214,0.0,0.024001204922883802
B_n1,reversal_tendency:price_velocity,925,-0.21764857201517784,0.26795264494848214,0.02477635032292646,0.034877629735115795,-0.011368529012916408,-0.006228901889132789,0.014844022645864674,0.10803128985411745,0.11439827392155624,0.26795264494848214,0.0,0.0996813679314067
B_n1,reversal_tendency:price_velocity_x_acceleration,925,0.0,0.0,0.0,0.0,0.0,0.0,0.0,0.0,0.0,0.0,0.0,0.0
B_n1,reversal_tendency:relative_volume,925,-0.03692231822902409,0.0,-0.02424237188696849,0.007524386389059325,-0.035968848082834355,-0.03508393746342941,-0.024685487581785508,-0.010350292116654478,0.0,0.03692231822902409,0.0,-0.02108334436595082
B_n1,reversal_tendency:relative_volume_x_price_velocity,925,0.0,0.0,0.0,0.0,0.0,0.0,0.0,0.0,0.0,0.0,0.0,0.0
B_n1,reversal_tendency:spread,925,0.0,0.0,0.0,0.0,0.0,0.0,0.0,0.0,0.0,0.0,0.0,0.0
B_n1,reversal_tendency:spread_change,925,0.0,0.0,0.0,0.0,0.0,0.0,0.0,0.0,0.0,0.0,0.0,0.0
B_n1,reversal_tendency:volume_density,925,-0.037265044364465726,0.0,-0.0244238606475434,0.007560873262648797,-0.0363288881144838,-0.03545423830336745,-0.024851066552203545,-0.010544850984693394,0.0,0.037265044364465726,0.0,-0.021455338975982365
B_n1,reversal_tendency:volume_density_x_price_displacement,925,0.0,0.0,0.0,0.0,0.0,0.0,0.0,0.0,0.0,0.0,0.0,0.0
B_n1,reversal_tendency:volume_log,925,-0.03266133088024187,0.00524722777246517,-0.012941829631164768,0.010029838754287675,-0.03125818828935728,-0.027013203881221973,-0.01184701779023399,0.0016621957958863414,0.00405407727086669,0.03266133088024187,0.0,0.002973968637335806
B_n1,reversal_tendency:volume_log_x_price_displacement,925,0.0,0.0,0.0,0.0,0.0,0.0,0.0,0.0,0.0,0.0,0.0,0.0
B_n1,reversal_tendency:volume_movement_abs,925,-0.27636756543602686,0.14919010144202266,0.019340399321307163,0.05377117163147806,-0.12715749975994706,-0.03627403607375687,0.024398400027134688,0.14394549513393223,0.14813290500366688,0.27636756543602686,0.0,-0.00894977013052128
B_n1,reversal_tendency:volume_movement_signed,925,-0.21291082035303954,0.27372989832538314,0.016189693170842435,0.033457078826067244,-0.015559067806779603,-0.00860579205959464,0.008450716384990297,0.11019526789904396,0.11440676669244992,0.27372989832538314,0.0,0.013451034999756658
B_n1,strength:bias,925,0.0,0.5986005761380528,0.4720408931984987,0.08328611711088776,0.0,0.3402706007899251,0.48814458959059354,0.5276792943270636,0.5453164843675716,0.5986005761380528,0.0,0.4978205491402582
B_n1,strength:directional_volume,925,-0.4583172275253589,0.39509458486109134,0.00699529983773295,0.05468389147379991,-0.060387404699681096,-0.04438899537235815,-0.01839367007830358,0.08622660084621758,0.13016087770180623,0.4583172275253589,0.0,0.05515859005549102
B_n1,strength:price_acceleration,925,-0.42604988137583516,0.07504156475314219,-0.0156767186374322,0.0396597814633791,-0.1610115636073947,-0.061100757393101536,-0.005567763692037006,0.013168545841417044,0.01589839858280823,0.42604988137583516,0.0,0.00863891549971748
B_n1,strength:price_displacement,925,-0.4454152936069599,0.34238199808994957,0.0014160113104050667,0.035990991583751665,-0.034368030602264135,-0.028164473500779053,0.0015139756022551666,0.07297874145040503,0.07925693967921695,0.4454152936069599,0.0,-0.024208944771701886
B_n1,strength:price_velocity,925,-0.4454152936069599,0.34238199808994957,0.0022571061747248436,0.03556576535259688,-0.03234759960777729,-0.027513874546821693,0.0015139756022551666,0.07297874145040503,0.07925693967921695,0.4454152936069599,0.0,-0.007329586742645229
B_n1,strength:price_velocity_x_acceleration,925,0.0,0.0,0.0,0.0,0.0,0.0,0.0,0.0,0.0,0.0,0.0,0.0
B_n1,strength:relative_volume,925,-0.10051829367379005,0.0,-0.08670192545069696,0.014065071562459317,-0.0982156420760493,-0.09640597256840058,-0.08892113409016286,-0.07035754008124925,0.0,0.10051829367379005,0.0,-0.08903414689175648
B_n1,strength:relative_volume_x_price_velocity,925,0.0,0.0,0.0,0.0,0.0,0.0,0.0,0.0,0.0,0.0,0.0,0.0
B_n1,strength:spread,925,0.0,0.0,0.0,0.0,0.0,0.0,0.0,0.0,0.0,0.0,0.0,0.0
B_n1,strength:spread_change,925,0.0,0.0,0.0,0.0,0.0,0.0,0.0,0.0,0.0,0.0,0.0,0.0
B_n1,strength:volume_density,925,-0.10134440687517865,0.0,-0.08729878370608629,0.014204949228365193,-0.09899453409751724,-0.09718303636974436,-0.08957757359416842,-0.0703766175793078,0.0,0.10134440687517865,0.0,-0.08970912561660965
B_n1,strength:volume_density_x_price_displacement,925,0.0,0.0,0.0,0.0,0.0,0.0,0.0,0.0,0.0,0.0,0.0,0.0
B_n1,strength:volume_log,925,-0.0841018166106114,0.0,-0.06072655713392203,0.011400295759909541,-0.0833947813206582,-0.08027479765808612,-0.060984318512536786,-0.0500346663486657,0.0,0.0841018166106114,0.0,-0.06144442421678394
B_n1,strength:volume_log_x_price_displacement,925,0.0,0.0,0.0,0.0,0.0,0.0,0.0,0.0,0.0,0.0,0.0,0.0
B_n1,strength:volume_movement_abs,925,-0.044037292295168645,0.4873636985083768,0.04315128927261646,0.04943940144769532,0.0,0.009856970824146955,0.03122521929544427,0.10125095830412938,0.2548226294490953,0.4873636985083768,0.0,0.03103788497185503
B_n1,strength:volume_movement_signed,925,-0.46514234960457373,0.32434149447862454,-0.00428563615374557,0.03361348942649028,-0.03216738277299828,-0.022560070422435727,-0.009962692775174356,0.0618030716628806,0.06655121559335647,0.46514234960457373,0.0,-0.017697266728841664
B_n1,uncertainty:bias,925,0.0,0.5611077737801825,0.4391314090321522,0.07589701875300445,0.0,0.31809674407934596,0.45249338359762503,0.49584461817453845,0.4989534378913288,0.5611077737801825,0.0,0.4670668718588741
B_n1,uncertainty:directional_volume,925,-0.41446989064909545,0.4134531342340725,-0.03309305025680208,0.049465285208949605,-0.1572182839284378,-0.11810913252065645,-0.013998541680622532,0.005266583425675353,0.01057344111848548,0.41446989064909545,0.0,-0.06459170296160242
B_n1,uncertainty:price_acceleration,925,-0.04578781668227857,0.4017450597383998,0.0032102077233270654,0.03284577367146901,-0.02888643342648372,-0.016023988005391218,-0.0007736511136743747,0.013083736530065027,0.14393186121988089,0.4017450597383998,0.0,-0.006986471504855081
B_n1,uncertainty:price_displacement,925,-0.32702378442233737,0.4372449324812009,0.008148675292856357,0.0276479088968297,-0.022199776594253106,-0.008700630692047335,0.003140641730608425,0.032765664268259526,0.03642021821886212,0.4372449324812009,0.0,0.018799443290971073
B_n1,uncertainty:price_velocity,925,-0.32702378442233737,0.4372449324812009,0.008713113310096634,0.027926194261892207,-0.022199776594253106,-0.008700630692047335,0.003140641730608425,0.03253178761454581,0.036085093453284305,0.4372449324812009,0.0,0.029317165618480016
B_n1,uncertainty:price_velocity_x_acceleration,925,0.0,0.0,0.0,0.0,0.0,0.0,0.0,0.0,0.0,0.0,0.0,0.0
B_n1,uncertainty:relative_volume,925,-0.08046218319437232,0.0,-0.06912181682447123,0.010773859669611844,-0.07681142109764785,-0.07644672507372438,-0.07000107338437059,-0.06017152237581089,0.0,0.08046218319437232,0.0,-0.06489417611515447
B_n1,uncertainty:relative_volume_x_price_velocity,925,0.0,0.0,0.0,0.0,0.0,0.0,0.0,0.0,0.0,0.0,0.0,0.0
B_n1,uncertainty:spread,925,0.0,0.0,0.0,0.0,0.0,0.0,0.0,0.0,0.0,0.0,0.0,0.0
B_n1,uncertainty:spread_change,925,0.0,0.0,0.0,0.0,0.0,0.0,0.0,0.0,0.0,0.0,0.0,0.0
B_n1,uncertainty:volume_density,925,-0.07993026025594269,0.0,-0.0687455435372483,0.010697507487183408,-0.07637721503939364,-0.07601778543795969,-0.06960834835103377,-0.06018105674333368,0.0,0.07993026025594269,0.0,-0.06453836115488602
B_n1,uncertainty:volume_density_x_price_displacement,925,0.0,0.0,0.0,0.0,0.0,0.0,0.0,0.0,0.0,0.0,0.0,0.0
B_n1,uncertainty:volume_log,925,-0.10595154809752452,0.0,-0.08391568819299007,0.015172239163586818,-0.09515833012246203,-0.09482124392488295,-0.08985137590925368,-0.06025391240469773,0.0,0.10595154809752452,0.0,-0.07575309087687847
B_n1,uncertainty:volume_log_x_price_displacement,925,0.0,0.0,0.0,0.0,0.0,0.0,0.0,0.0,0.0,0.0,0.0,0.0
B_n1,uncertainty:volume_movement_abs,925,-0.45923802623299836,0.0431630580159496,-0.0250466196862348,0.04670070563596189,-0.23237753327908064,-0.07953837104561223,-0.013553953298905963,0.01803133935662669,0.0335016410156084,0.45923802623299836,0.0,-0.033568304954794674
B_n1,uncertainty:volume_movement_signed,925,-0.301192005627577,0.4647130174040607,0.019468159276090777,0.026416565483571502,-0.021587832103441586,0.003172893774404068,0.020958929566059718,0.030747759321518933,0.03863089431723612,0.4647130174040607,0.0,0.02531300357358653
B_n2,direction_state:bias,925,-5.0,5.0,0.5116460615770881,0.89372209615548,-0.4236379933872874,-0.12866489413739068,0.07968224172925986,1.6273263915718879,3.934046085558953,5.0,0.0,0.24546566712370768
B_n2,direction_state:directional_volume,925,-5.0,5.0,0.14711248459598608,0.9775534790423599,-5.0,-1.1354605125182498,0.28087734821047317,1.1933341399510133,3.060575757042249,5.0,0.0,0.12220589103290695
B_n2,direction_state:directional_volume^2,925,-5.0,5.0,-0.7222353502368244,1.370186552246796,-4.722137012046202,-2.775216747470134,-0.22830040274123853,0.0730467379017923,4.988257367057096,5.0,0.0,-0.6550320463731681
B_n2,direction_state:price_acceleration,925,-5.0,5.0,-0.27627030797784125,1.4482280905769906,-5.0,-4.494022733399608,0.09884918281085713,0.5255248019141061,1.0366465518941788,5.0,0.0,0.2565711246808141
B_n2,direction_state:price_acceleration^2,925,-5.0,5.0,0.2914062318866396,1.5819867361309308,-3.2832657417803683,-2.0204588638322565,0.0,4.864858411706899,4.973110407675115,5.0,0.0,-0.09595964812290367
B_n2,direction_state:price_displacement,925,-5.0,5.0,-0.32510991933124334,1.2176454852220442,-4.71072011688648,-3.6772989316231723,0.05235898959515839,0.3330119596848038,1.0887875911431473,5.0,0.0,-0.4365537729656519
B_n2,direction_state:price_displacement^2,925,-5.0,5.0,-0.5438226344002254,1.4901717690726066,-4.958566101564991,-4.898310430098733,-0.09277820017925262,0.19019321656559343,3.53261082298624,5.0,0.0,0.06784860450074909
B_n2,direction_state:price_velocity,925,-5.0,5.0,-0.2836964234000976,1.230235826955148,-4.71072011688648,-3.6772989316231723,0.10104628144061319,0.388335355928195,1.0887875911431473,5.0,0.0,0.5087944610273056
B_n2,direction_state:price_velocity^2,925,-5.0,5.0,-0.5505241727336716,1.4883401828781062,-4.958566101564991,-4.898310430098733,-0.09382388871821344,0.1485973485840889,3.53261082298624,5.0,0.0,0.11204359045311514
B_n2,direction_state:price_velocity_x_acceleration,925,0.0,0.0,0.0,0.0,0.0,0.0,0.0,0.0,0.0,0.0,0.0,0.0
B_n2,direction_state:relative_volume,925,-0.9750008787580193,2.294391381372939,0.47081247157941014,0.80215554223306,-0.6031717937607205,-0.3511574165264694,-0.0019167286104369412,1.6497125789479572,1.68388630848541,2.294391381372939,0.0,1.684953385439917
B_n2,direction_state:relative_volume^2,925,-0.2594057115380533,0.19573691850690403,-0.047384478799908404,0.09129762456686587,-0.1851928351311576,-0.18128706865431127,0.0014853225089304345,0.05950812878409055,0.11319446611990074,0.2594057115380533,0.0,-0.18521030702445918
B_n2,direction_state:relative_volume_x_price_velocity,925,0.0,0.0,0.0,0.0,0.0,0.0,0.0,0.0,0.0,0.0,0.0,0.0
B_n2,direction_state:spread,925,0.0,0.0,0.0,0.0,0.0,0.0,0.0,0.0,0.0,0.0,0.0,0.0
B_n2,direction_state:spread^2,925,0.0,0.0,0.0,0.0,0.0,0.0,0.0,0.0,0.0,0.0,0.0,0.0
B_n2,direction_state:spread_change,925,0.0,0.0,0.0,0.0,0.0,0.0,0.0,0.0,0.0,0.0,0.0,0.0
B_n2,direction_state:spread_change^2,925,0.0,0.0,0.0,0.0,0.0,0.0,0.0,0.0,0.0,0.0,0.0,0.0
B_n2,direction_state:volume_density,925,-0.9663038866193068,2.3111629993512413,0.4806242246569045,0.812224268936761,-0.5949519032789758,-0.34422572247392164,-0.0023359381271255844,1.675082815650735,1.7093803098298945,2.3111629993512413,0.0,1.7104215090000408
B_n2,direction_state:volume_density^2,925,-0.2636800826263241,0.19389182693706647,-0.049861475048816085,0.09366685548274956,-0.19150961161577656,-0.18759016748910795,0.0015594296108060398,0.057430449972009655,0.1109399151466982,0.2636800826263241,0.0,-0.19152552422966887
B_n2,direction_state:volume_density_x_price_displacement,925,0.0,0.0,0.0,0.0,0.0,0.0,0.0,0.0,0.0,0.0,0.0,0.0
B_n2,direction_state:volume_log,925,-1.4849400818013825,1.0480952270827466,-0.26316359664472416,0.28103851258853835,-1.0547224907056456,-0.724950672020288,-0.3632008494918887,0.03304336379691822,0.04107282138540952,1.4849400818013825,0.0,-0.3258431511485522
B_n2,direction_state:volume_log^2,925,-0.1798349990868557,0.14121953937913953,0.014239932472717197,0.0563584307681396,-0.09006540669344774,-0.08481465198078164,0.005498775630833558,0.08464616102786673,0.1038248536989705,0.1798349990868557,0.0,0.07386353092479891
B_n2,direction_state:volume_log_x_price_displacement,925,0.0,0.0,0.0,0.0,0.0,0.0,0.0,0.0,0.0,0.0,0.0,0.0
B_n2,direction_state:volume_movement_abs,925,-5.0,5.0,0.4096889472169864,1.6497934823487141,-4.521525996115248,-3.9684626901944964,0.18617506731980468,2.0755566588155445,4.802234950131683,5.0,0.0,1.5765756007189704
B_n2,direction_state:volume_movement_abs^2,925,-5.0,5.0,0.06906522991141929,1.6290522812064956,-4.786411894928832,-4.7727909110395155,0.22795872586573646,1.293126834980927,4.82905494027597,5.0,0.0,0.77020503812728
B_n2,direction_state:volume_movement_signed,925,-5.0,5.0,-0.39965907803085154,1.2588638654109914,-4.503131958293066,-3.7401018886018744,0.14508448980002964,0.5079532792726033,1.2067535153888913,5.0,0.0,-0.9778698431606649
B_n2,direction_state:volume_movement_signed^2,925,-5.0,5.0,-0.6025261542847076,1.5540745182622548,-4.966972908825415,-4.899774859473122,-0.0694944176111179,0.48786761555269287,4.000072279488036,5.0,0.0,-0.8980195885364047
B_n2,forward_half_life:bias,925,-5.0,5.0,4.773586713357983,1.0187660762562576,0.0,4.142491116404489,5.0,5.0,5.0,5.0,0.0,5.0
B_n2,forward_half_life:directional_volume,925,-5.0,5.0,2.910647789334042,3.016416805729335,-5.0,-4.613984845158575,4.530277832622596,5.0,5.0,5.0,0.0,4.194263798794098
B_n2,forward_half_life:directional_volume^2,925,-5.0,5.0,4.63524044006405,1.4361415540444022,-4.59775598432766,3.0891709828024965,5.0,5.0,5.0,5.0,0.0,5.0
B_n2,forward_half_life:price_acceleration,925,-5.0,5.0,-1.508420568278176,3.1023078731822795,-5.0,-5.0,-2.518652068721776,4.9785150443783,5.0,5.0,0.0,-5.0
B_n2,forward_half_life:price_acceleration^2,925,-5.0,5.0,4.152814615060277,1.800572634396219,-3.2372147759746164,0.0018895551229619215,5.0,5.0,5.0,5.0,0.0,5.0
B_n2,forward_half_life:price_displacement,925,-5.0,5.0,-1.041326340657094,2.2251306551570695,-5.0,-5.0,-0.7741758808140207,2.2782013947293978,3.3666486174397776,5.0,0.0,1.6271763630893825
B_n2,forward_half_life:price_displacement^2,925,-5.0,5.0,3.854642084221487,2.433877757068563,-4.7489235648638655,-2.7404087365193726,5.0,5.0,5.0,5.0,0.0,5.0
B_n2,forward_half_life:price_velocity,925,-5.0,5.0,-1.2683246221037026,2.270969149928168,-5.0,-5.0,-1.0634485213746534,2.1397503272506,3.3666486174397776,5.0,0.0,-5.0
B_n2,forward_half_life:price_velocity^2,925,-5.0,5.0,3.765811862861336,2.559190833395214,-4.964429142439618,-3.001057688410901,5.0,5.0,5.0,5.0,0.0,5.0
B_n2,forward_half_life:price_velocity_x_acceleration,925,0.0,0.0,0.0,0.0,0.0,0.0,0.0,0.0,0.0,0.0,0.0,0.0
B_n2,forward_half_life:relative_volume,925,-5.0,1.7214816535500779,-4.749988737918444,0.906613815558068,-5.0,-5.0,-5.0,-3.1302818006960598,0.0,5.0,0.0,-5.0
B_n2,forward_half_life:relative_volume^2,925,0.0,5.0,4.338641842175737,1.307143143391974,0.0,1.1619408221600984,5.0,5.0,5.0,5.0,0.0,5.0
B_n2,forward_half_life:relative_volume_x_price_velocity,925,0.0,0.0,0.0,0.0,0.0,0.0,0.0,0.0,0.0,0.0,0.0,0.0
B_n2,forward_half_life:spread,925,0.0,0.0,0.0,0.0,0.0,0.0,0.0,0.0,0.0,0.0,0.0,0.0
B_n2,forward_half_life:spread^2,925,0.0,0.0,0.0,0.0,0.0,0.0,0.0,0.0,0.0,0.0,0.0,0.0
B_n2,forward_half_life:spread_change,925,0.0,0.0,0.0,0.0,0.0,0.0,0.0,0.0,0.0,0.0,0.0,0.0
B_n2,forward_half_life:spread_change^2,925,0.0,0.0,0.0,0.0,0.0,0.0,0.0,0.0,0.0,0.0,0.0,0.0
B_n2,forward_half_life:volume_density,925,-5.0,2.3556696006859577,-4.724926226573051,0.9766052347687062,-5.0,-5.0,-5.0,-2.8489032868306046,0.0,5.0,0.0,-5.0
B_n2,forward_half_life:volume_density^2,925,0.0,5.0,4.325560930465959,1.3074244109731379,0.0,1.1620272449455677,5.0,5.0,5.0,5.0,0.0,5.0
B_n2,forward_half_life:volume_density_x_price_displacement,925,0.0,0.0,0.0,0.0,0.0,0.0,0.0,0.0,0.0,0.0,0.0,0.0
B_n2,forward_half_life:volume_log,925,-5.0,0.0,-4.768491993665515,0.7665330134407854,-5.0,-5.0,-5.0,-3.6709964247356774,0.0,5.0,0.0,-5.0
B_n2,forward_half_life:volume_log^2,925,-5.0,5.0,1.851452261663455,2.496505145230816,-4.211953299963634,-3.151976007052826,2.001242470080005,5.0,5.0,5.0,0.0,5.0
B_n2,forward_half_life:volume_log_x_price_displacement,925,0.0,0.0,0.0,0.0,0.0,0.0,0.0,0.0,0.0,0.0,0.0,0.0
B_n2,forward_half_life:volume_movement_abs,925,-5.0,5.0,-2.45413600423401,2.3006740312535214,-5.0,-5.0,-2.8352373523746643,1.5690918447098094,2.5228124119175197,5.0,0.0,1.3707232080849572
B_n2,forward_half_life:volume_movement_abs^2,925,-5.0,5.0,3.3224781954003726,3.0307130728725515,-5.0,-3.848266375515822,5.0,5.0,5.0,5.0,0.0,5.0
B_n2,forward_half_life:volume_movement_signed,925,-5.0,5.0,-0.31420724920448473,2.4315279718315157,-5.0,-5.0,0.023616041686555178,3.1921933637824327,4.323510784605207,5.0,0.0,1.3707232080849572
B_n2,forward_half_life:volume_movement_signed^2,925,-5.0,5.0,3.5956374917646716,2.7411067562402454,-4.912292419326277,-3.5976635331953775,5.0,5.0,5.0,5.0,0.0,5.0
B_n2,magnitude_state:bias,925,-5.0,5.0,0.7186650695109791,0.9519743153915106,-0.2471010102428491,-0.03500295934443742,0.26673370697625454,2.0975356362395927,4.147203183746945,5.0,0.0,0.3324235019412017
B_n2,magnitude_state:directional_volume,925,-5.0,5.0,-0.05942429659248348,0.9160201769899596,-5.0,-1.2446206941055666,0.10126977229457028,0.7645849879252801,2.719434176043728,5.0,0.0,0.5867215113280833
B_n2,magnitude_state:directional_volume^2,925,-5.0,5.0,-0.6640022884324933,1.297592529858647,-4.870413968920916,-2.525453407653889,-0.36063180631289543,0.14761438091740942,4.989569652680267,5.0,0.0,-0.34347018996497036
B_n2,magnitude_state:price_acceleration,925,-5.0,5.0,-0.19001591975929322,1.5056717810387943,-5.0,-4.5329206930143195,0.07419800039642155,0.9924855584398222,1.9219003604773157,5.0,0.0,1.1013093403323448
B_n2,magnitude_state:price_acceleration^2,925,-5.0,5.0,0.46972827188450783,1.6621079084963306,-3.3034493844967496,-1.8832765593579792,0.05190680609722675,4.864139109618393,4.997826644123022,5.0,0.0,1.1191751212947028
B_n2,magnitude_state:price_displacement,925,-5.0,5.0,-0.6091757942687714,1.230763728261124,-4.939950002051501,-3.9542704303424205,-0.14718495505199344,0.006472927225872704,0.940136814857089,5.0,0.0,-0.5806473408045066
B_n2,magnitude_state:price_displacement^2,925,-5.0,5.0,-0.3823257016772161,1.543494014795038,-4.944281364636477,-4.8883655112446736,0.00990956448300068,0.3850964949114846,3.642021793323248,5.0,0.0,-0.1766419014488883
B_n2,magnitude_state:price_velocity,925,-5.0,5.0,-0.6592595889034754,1.264899330991997,-4.939950002051501,-3.9542704303424205,-0.14668325996413625,0.006472927225872704,0.940136814857089,5.0,0.0,-1.439887684406954
B_n2,magnitude_state:price_velocity^2,925,-5.0,5.0,-0.4223568031414997,1.588221581540713,-4.944281364636477,-4.8883655112446736,0.03910921156746296,0.3926057391610369,3.642021793323248,5.0,0.0,-1.2889504617526117
B_n2,magnitude_state:price_velocity_x_acceleration,925,0.0,0.0,0.0,0.0,0.0,0.0,0.0,0.0,0.0,0.0,0.0,0.0
B_n2,magnitude_state:relative_volume,925,-0.862330287104586,2.499159562628776,0.5352197129080697,0.880498133430386,-0.5094145745645807,-0.2592700288671318,-0.048208741691806556,1.9378768093407368,2.0310911833637495,2.499159562628776,0.0,1.9522117407282467
B_n2,magnitude_state:relative_volume^2,925,-0.28201774468475127,0.1960873755948593,-0.05296287799302841,0.10335949248943246,-0.24624754441508792,-0.23398942691291036,0.011445744821593,0.05167284085527239,0.10202259225981038,0.28201774468475127,0.0,-0.23603349526136053
B_n2,magnitude_state:relative_volume_x_price_velocity,925,0.0,0.0,0.0,0.0,0.0,0.0,0.0,0.0,0.0,0.0,0.0,0.0
B_n2,magnitude_state:spread,925,0.0,0.0,0.0,0.0,0.0,0.0,0.0,0.0,0.0,0.0,0.0,0.0
B_n2,magnitude_state:spread^2,925,0.0,0.0,0.0,0.0,0.0,0.0,0.0,0.0,0.0,0.0,0.0,0.0
B_n2,magnitude_state:spread_change,925,0.0,0.0,0.0,0.0,0.0,0.0,0.0,0.0,0.0,0.0,0.0,0.0
B_n2,magnitude_state:spread_change^2,925,0.0,0.0,0.0,0.0,0.0,0.0,0.0,0.0,0.0,0.0,0.0,0.0
B_n2,magnitude_state:volume_density,925,-0.8356874806280374,2.539218245925979,0.5569708895548583,0.8952776188739302,-0.48239088295998234,-0.23214807229642853,-0.03477036462479047,1.9809801847307948,2.0739775851699758,2.539218245925979,0.0,1.9950064920599513
B_n2,magnitude_state:volume_density^2,925,-0.2927988864433656,0.18843693635865194,-0.05890531103912763,0.10701274357319616,-0.2575036212358525,-0.24544251311411655,0.00899118063467013,0.04382267110447792,0.09381578225750416,0.2927988864433656,0.0,-0.24736731670303486
B_n2,magnitude_state:volume_density_x_price_displacement,925,0.0,0.0,0.0,0.0,0.0,0.0,0.0,0.0,0.0,0.0,0.0,0.0
B_n2,magnitude_state:volume_log,925,-2.315989421869509,0.32275598886764284,-0.7705625688359296,0.6112529857382724,-1.9262895323172187,-1.640650517112451,-1.0591906079062106,-0.02072586880743163,0.0,2.315989421869509,0.0,-0.8341611314267546
B_n2,magnitude_state:volume_log^2,925,-0.635191848751687,0.011122511153910596,-0.25648942127087315,0.20566217695670644,-0.5069855531768014,-0.5030361920820295,-0.3692012849698659,0.005801540897795393,0.009980040357132808,0.635191848751687,0.0,-0.4480675972326738
B_n2,magnitude_state:volume_log_x_price_displacement,925,0.0,0.0,0.0,0.0,0.0,0.0,0.0,0.0,0.0,0.0,0.0,0.0
B_n2,magnitude_state:volume_movement_abs,925,-5.0,5.0,0.24829505493079063,1.7620390993603667,-4.889539110244745,-4.3648300571652205,-0.04479068554101648,2.124392921865681,4.077922785742919,5.0,0.0,2.2445615153265246
B_n2,magnitude_state:volume_movement_abs^2,925,-5.0,5.0,0.07231635135073475,1.6750427971277468,-4.7775439293130955,-4.768160006621772,0.23458677087096047,1.749005232222879,4.874291847043438,5.0,0.0,1.6891556818043154
B_n2,magnitude_state:volume_movement_signed,925,-5.0,5.0,-0.6376742527252721,1.3251000648434723,-4.94904816608765,-4.202405165578904,-0.04589748541083766,0.14289133914202182,0.9741891496568358,5.0,0.0,-0.6214868025724523
B_n2,magnitude_state:volume_movement_signed^2,925,-5.0,5.0,-0.4667790858829323,1.5890454955299966,-4.954674179837956,-4.892620190485136,0.058290096523546546,0.6539639688569531,4.228774750209727,5.0,0.0,-0.02632911336454169
B_n2,observation_half_life:bias,925,-5.0,5.0,4.773586713357983,1.0187660762562576,0.0,4.142491116404489,5.0,5.0,5.0,5.0,0.0,5.0
B_n2,observation_half_life:directional_volume,925,-5.0,5.0,2.910647789334042,3.016416805729335,-5.0,-4.613984845158575,4.530277832622596,5.0,5.0,5.0,0.0,4.194263798794098
B_n2,observation_half_life:directional_volume^2,925,-5.0,5.0,4.63524044006405,1.4361415540444022,-4.59775598432766,3.0891709828024965,5.0,5.0,5.0,5.0,0.0,5.0
B_n2,observation_half_life:price_acceleration,925,-5.0,5.0,-1.508420568278176,3.1023078731822795,-5.0,-5.0,-2.518652068721776,4.9785150443783,5.0,5.0,0.0,-5.0
B_n2,observation_half_life:price_acceleration^2,925,-5.0,5.0,4.152814615060277,1.800572634396219,-3.2372147759746164,0.0018895551229619215,5.0,5.0,5.0,5.0,0.0,5.0
B_n2,observation_half_life:price_displacement,925,-5.0,5.0,-1.041326340657094,2.2251306551570695,-5.0,-5.0,-0.7741758808140207,2.2782013947293978,3.3666486174397776,5.0,0.0,1.6271763630893825
B_n2,observation_half_life:price_displacement^2,925,-5.0,5.0,3.854642084221487,2.433877757068563,-4.7489235648638655,-2.7404087365193726,5.0,5.0,5.0,5.0,0.0,5.0
B_n2,observation_half_life:price_velocity,925,-5.0,5.0,-1.2683246221037026,2.270969149928168,-5.0,-5.0,-1.0634485213746534,2.1397503272506,3.3666486174397776,5.0,0.0,-5.0
B_n2,observation_half_life:price_velocity^2,925,-5.0,5.0,3.765811862861336,2.559190833395214,-4.964429142439618,-3.001057688410901,5.0,5.0,5.0,5.0,0.0,5.0
B_n2,observation_half_life:price_velocity_x_acceleration,925,0.0,0.0,0.0,0.0,0.0,0.0,0.0,0.0,0.0,0.0,0.0,0.0
B_n2,observation_half_life:relative_volume,925,-5.0,1.7214816535500779,-4.749988737918444,0.906613815558068,-5.0,-5.0,-5.0,-3.1302818006960598,0.0,5.0,0.0,-5.0
B_n2,observation_half_life:relative_volume^2,925,0.0,5.0,4.338641842175737,1.307143143391974,0.0,1.1619408221600984,5.0,5.0,5.0,5.0,0.0,5.0
B_n2,observation_half_life:relative_volume_x_price_velocity,925,0.0,0.0,0.0,0.0,0.0,0.0,0.0,0.0,0.0,0.0,0.0,0.0
B_n2,observation_half_life:spread,925,0.0,0.0,0.0,0.0,0.0,0.0,0.0,0.0,0.0,0.0,0.0,0.0
B_n2,observation_half_life:spread^2,925,0.0,0.0,0.0,0.0,0.0,0.0,0.0,0.0,0.0,0.0,0.0,0.0
B_n2,observation_half_life:spread_change,925,0.0,0.0,0.0,0.0,0.0,0.0,0.0,0.0,0.0,0.0,0.0,0.0
B_n2,observation_half_life:spread_change^2,925,0.0,0.0,0.0,0.0,0.0,0.0,0.0,0.0,0.0,0.0,0.0,0.0
B_n2,observation_half_life:volume_density,925,-5.0,2.3556696006859577,-4.724926226573051,0.9766052347687062,-5.0,-5.0,-5.0,-2.8489032868306046,0.0,5.0,0.0,-5.0
B_n2,observation_half_life:volume_density^2,925,0.0,5.0,4.325560930465959,1.3074244109731379,0.0,1.1620272449455677,5.0,5.0,5.0,5.0,0.0,5.0
B_n2,observation_half_life:volume_density_x_price_displacement,925,0.0,0.0,0.0,0.0,0.0,0.0,0.0,0.0,0.0,0.0,0.0,0.0
B_n2,observation_half_life:volume_log,925,-5.0,0.0,-4.768491993665515,0.7665330134407854,-5.0,-5.0,-5.0,-3.6709964247356774,0.0,5.0,0.0,-5.0
B_n2,observation_half_life:volume_log^2,925,-5.0,5.0,1.851452261663455,2.496505145230816,-4.211953299963634,-3.151976007052826,2.001242470080005,5.0,5.0,5.0,0.0,5.0
B_n2,observation_half_life:volume_log_x_price_displacement,925,0.0,0.0,0.0,0.0,0.0,0.0,0.0,0.0,0.0,0.0,0.0,0.0
B_n2,observation_half_life:volume_movement_abs,925,-5.0,5.0,-2.45413600423401,2.3006740312535214,-5.0,-5.0,-2.8352373523746643,1.5690918447098094,2.5228124119175197,5.0,0.0,1.3707232080849572
B_n2,observation_half_life:volume_movement_abs^2,925,-5.0,5.0,3.3224781954003726,3.0307130728725515,-5.0,-3.848266375515822,5.0,5.0,5.0,5.0,0.0,5.0
B_n2,observation_half_life:volume_movement_signed,925,-5.0,5.0,-0.31420724920448473,2.4315279718315157,-5.0,-5.0,0.023616041686555178,3.1921933637824327,4.323510784605207,5.0,0.0,1.3707232080849572
B_n2,observation_half_life:volume_movement_signed^2,925,-5.0,5.0,3.5956374917646716,2.7411067562402454,-4.912292419326277,-3.5976635331953775,5.0,5.0,5.0,5.0,0.0,5.0
B_n2,persistence:bias,925,-5.0,5.0,0.7337309145823889,0.9388798764690742,-0.1733796023599241,0.04310001778449226,0.4097859952291691,1.983672645247092,4.0490937409062555,5.0,0.0,0.26521928836987846
B_n2,persistence:directional_volume,925,-5.0,5.0,-0.13716388599791154,1.0141898381972174,-5.0,-1.4412348332412814,0.02320202007883498,0.9626232819624867,2.9196371217726087,5.0,0.0,0.34856687859276375
B_n2,persistence:directional_volume^2,925,-5.0,5.0,-0.4987741146585385,1.13820819216625,-4.72498583538248,-1.8797976535004468,-0.26723176829791195,0.06036493648190882,4.993075334397683,5.0,0.0,-0.34083911378484216
B_n2,persistence:price_acceleration,925,-5.0,5.0,-0.34683832152059435,1.5154010338049617,-5.0,-4.56886861417991,0.006968225395603319,1.3521180041168284,1.859176988468977,5.0,0.0,1.5179441229985173
B_n2,persistence:price_acceleration^2,925,-5.0,5.0,0.48277801983454577,1.6663190011822484,-3.437205319090181,-1.9708774403022025,0.015152495300722732,4.874231779288898,4.9982526702992685,5.0,0.0,1.115703981706937
B_n2,persistence:price_displacement,925,-5.0,5.0,-0.3280186416315233,0.7803492652248427,-2.7165854725144274,-1.2543374334669217,-0.048314737979117825,0.08286310867376709,1.6349740346473078,5.0,0.0,-0.5631443788557938
B_n2,persistence:price_displacement^2,925,-5.0,5.0,-0.5160708151684907,1.2860302412533662,-4.13607551194057,-4.022408539395216,-0.12288128063990642,0.053562352755369275,3.1976238173243403,5.0,0.0,-0.49077385102110943
B_n2,persistence:price_velocity,925,-5.0,5.0,-0.3870649378683657,0.857545108895638,-2.7165854725144274,-1.7923245627920588,-0.020872141303326226,0.084451706400858,1.6349740346473078,5.0,0.0,-1.4860083924187357
B_n2,persistence:price_velocity^2,925,-5.0,5.0,-0.5021499501004851,1.3374029298822858,-4.13607551194057,-4.022408539395216,-0.10535730237073912,0.05504852871982346,3.58650062683648,5.0,0.0,-0.6360064212414466
B_n2,persistence:price_velocity_x_acceleration,925,0.0,0.0,0.0,0.0,0.0,0.0,0.0,0.0,0.0,0.0,0.0,0.0
B_n2,persistence:relative_volume,925,-0.9051016117629643,2.5011515114540805,0.5174793521378775,0.9285351659425677,-0.6648602579422429,-0.47804523883362093,-0.019009671960023757,1.9844626232133038,2.0594746671850936,2.5011515114540805,0.0,1.9843873302600135
B_n2,persistence:relative_volume^2,925,-0.2916388289485598,0.15634256516445924,-0.057563126328970565,0.112114292849572,-0.2637282592310836,-0.251711310426167,0.003977292531736626,0.0771882139796687,0.10179265227721239,0.2916388289485598,0.0,-0.25172001890699636
B_n2,persistence:relative_volume_x_price_velocity,925,0.0,0.0,0.0,0.0,0.0,0.0,0.0,0.0,0.0,0.0,0.0,0.0
B_n2,persistence:spread,925,0.0,0.0,0.0,0.0,0.0,0.0,0.0,0.0,0.0,0.0,0.0,0.0
B_n2,persistence:spread^2,925,0.0,0.0,0.0,0.0,0.0,0.0,0.0,0.0,0.0,0.0,0.0,0.0
B_n2,persistence:spread_change,925,0.0,0.0,0.0,0.0,0.0,0.0,0.0,0.0,0.0,0.0,0.0,0.0
B_n2,persistence:spread_change^2,925,0.0,0.0,0.0,0.0,0.0,0.0,0.0,0.0,0.0,0.0,0.0,0.0
B_n2,persistence:volume_density,925,-0.8998659485439332,2.5132636009925537,0.5249751531301019,0.9369467225303314,-0.6609321178195706,-0.4748833748089474,-0.018591894617859,2.004216175039859,2.0794553362818298,2.5132636009925537,0.0,2.0041346341118182
B_n2,persistence:volume_density^2,925,-0.2946613009258084,0.15549900599425912,-0.059418793293739086,0.1140714047862109,-0.26850696573471244,-0.2564400198062159,0.0038485530696345765,0.0762140418494038,0.10061850496737812,0.2946613009258084,0.0,-0.25644860714918555
B_n2,persistence:volume_density_x_price_displacement,925,0.0,0.0,0.0,0.0,0.0,0.0,0.0,0.0,0.0,0.0,0.0,0.0
B_n2,persistence:volume_log,925,-1.2034600786802128,1.5308368047844083,-0.08096510233578072,0.2756715925563863,-0.8814840828202161,-0.6477684043054189,-0.035724865456004166,0.3314865499730826,0.42042224670008393,1.5308368047844083,0.0,0.3299450095667613
B_n2,persistence:volume_log^2,925,-0.14902408567625536,0.18924938443294848,0.040545323589423324,0.05214211342926697,-0.007301696912434606,-0.006242344818991748,0.011676808643527107,0.11618358371081845,0.15309365529417482,0.18924938443294848,0.0,0.04713787603867345
B_n2,persistence:volume_log_x_price_displacement,925,0.0,0.0,0.0,0.0,0.0,0.0,0.0,0.0,0.0,0.0,0.0,0.0
B_n2,persistence:volume_movement_abs,925,-5.0,5.0,0.4988284789461861,1.191726489757597,-1.872090733188951,-1.429937761818968,-0.004383891247969191,1.9727896742800703,3.9756673414354786,5.0,0.0,1.9729886055631622
B_n2,persistence:volume_movement_abs^2,925,-5.0,5.0,0.07939625077646552,1.4479129959499264,-3.981850957162929,-3.976430459264073,0.009417569259639788,1.498514373421976,4.67967222077185,5.0,0.0,1.4135799199307988
B_n2,persistence:volume_movement_signed,925,-5.0,5.0,-0.3055145413966157,0.885477917816419,-2.7596083663446147,-1.290652380673234,-0.002667651717320308,0.6207470092873221,1.9984334235843413,5.0,0.0,-0.690748654154068
B_n2,persistence:volume_movement_signed^2,925,-5.0,5.0,-0.5751495877399972,1.3321385755221102,-4.560054608961576,-4.0792554426943965,-0.026490726213462174,0.2821378868279515,2.8339325216396,5.0,0.0,-0.3951785670315181
B_n2,perturbation_state:bias,925,-5.0,5.0,-0.5549516149087993,0.9467995876209756,-4.007717540776687,-1.870833949088778,-0.16724114120457595,0.10373795026922433,0.6766351683698727,5.0,0.0,0.02302196817546644
B_n2,perturbation_state:directional_volume,925,-5.0,5.0,0.1450972880895336,1.0028908819166182,-2.9603534366732394,-1.0070088484077198,-0.011210885198944028,1.448919131804267,5.0,5.0,0.0,-0.056186648341400254
B_n2,perturbation_state:directional_volume^2,925,-5.0,5.0,0.5654190678020813,1.1546222470512204,-4.9923281406539255,-0.009936156813208375,0.37979742403584454,2.0015782629868673,4.7267635432679445,5.0,0.0,0.49680642301055244
B_n2,perturbation_state:price_acceleration,925,-5.0,5.0,0.27375450488251307,1.5477551047643632,-2.547046591816338,-1.6420203022880002,-0.007246395366830113,4.570072791374134,5.0,5.0,0.0,-1.9649639547325577
B_n2,perturbation_state:price_acceleration^2,925,-5.0,5.0,-0.4328626275927165,1.6677195886116407,-4.998114196222226,-4.870372543775142,0.019081250872844305,1.9931704023363346,3.47715943540869,5.0,0.0,-1.160248818391624
B_n2,perturbation_state:price_displacement,925,-5.0,5.0,0.3929424395764343,0.8329846019118929,-1.743939519312269,-0.006511169784903031,0.15892169228761016,1.7053811649073274,2.6907087574920987,5.0,0.0,0.6922184112131471
B_n2,perturbation_state:price_displacement^2,925,-5.0,5.0,0.6104761329708096,1.455204925737369,-3.288303541482301,-0.019900028563154273,0.11796833228851573,4.8050164957398485,4.846329498639259,5.0,0.0,0.5784307813491392
B_n2,perturbation_state:price_velocity,925,-5.0,5.0,0.45452435537387686,0.9106567485109643,-1.743939519312269,-0.00794778820086119,0.14383999492331886,2.080771540412252,2.704532444068918,5.0,0.0,1.62077956778617
B_n2,perturbation_state:price_velocity^2,925,-5.0,5.0,0.5634213290097799,1.5297983857422215,-4.525763604718365,-0.0217824581734676,0.10414237666739043,4.8050164957398485,4.846329498639259,5.0,0.0,0.06516297678051045
B_n2,perturbation_state:price_velocity_x_acceleration,925,0.0,0.0,0.0,0.0,0.0,0.0,0.0,0.0,0.0,0.0,0.0,0.0
B_n2,perturbation_state:relative_volume,925,-2.3491715058435387,1.0432142888946987,-0.459612393049872,0.901883666679748,-2.000259743489002,-1.9032285043775083,-0.004248213746822272,0.5912896254212365,0.7920893366092233,2.3491715058435387,0.0,-1.893533800393924
B_n2,perturbation_state:relative_volume^2,925,-0.1981923244602526,0.26987211867433647,0.04976629728732775,0.10906328350752285,-0.12229238422793169,-0.09240041195095987,0.0010893015480918096,0.24308038760200038,0.2580882937314701,0.26987211867433647,0.0,0.24213739581817403
B_n2,perturbation_state:relative_volume_x_price_velocity,925,0.0,0.0,0.0,0.0,0.0,0.0,0.0,0.0,0.0,0.0,0.0,0.0
B_n2,perturbation_state:spread,925,0.0,0.0,0.0,0.0,0.0,0.0,0.0,0.0,0.0,0.0,0.0,0.0
B_n2,perturbation_state:spread^2,925,0.0,0.0,0.0,0.0,0.0,0.0,0.0,0.0,0.0,0.0,0.0,0.0
B_n2,perturbation_state:spread_change,925,0.0,0.0,0.0,0.0,0.0,0.0,0.0,0.0,0.0,0.0,0.0,0.0
B_n2,perturbation_state:spread_change^2,925,0.0,0.0,0.0,0.0,0.0,0.0,0.0,0.0,0.0,0.0,0.0,0.0
B_n2,perturbation_state:volume_density,925,-2.362065530339712,1.0371599680784072,-0.46745580604078796,0.910347775188745,-2.020842970821176,-1.923817829692482,-0.00441908451679055,0.5874731089384021,0.7876887507128215,2.362065530339712,0.0,-1.9143376398974326
B_n2,perturbation_state:volume_density^2,925,-0.19717076111821377,0.27482617025266,0.05171919542705193,0.11100460972913433,-0.12123503769301472,-0.09122454167120927,0.0011523428484288142,0.24799967565027325,0.2630762513170562,0.27482617025266,0.0,0.24714327713298018
B_n2,perturbation_state:volume_density_x_price_displacement,925,0.0,0.0,0.0,0.0,0.0,0.0,0.0,0.0,0.0,0.0,0.0,0.0
B_n2,perturbation_state:volume_log,925,-1.3286471322059032,1.3922667000397477,0.1615780265821453,0.3064363573139709,-0.32193515760907315,-0.1811686099299367,0.019897241009470004,0.8014347529117001,1.0515225351212272,1.3922667000397477,0.0,-0.16483537696630973
B_n2,perturbation_state:volume_log^2,925,-0.2226190634954805,0.11298338948829692,-0.05588838943690955,0.0637164230943827,-0.19088011377889008,-0.14478701037604252,-0.04073380554831148,0.008167605077308024,0.008337325253511906,0.2226190634954805,0.0,-0.07447810954850344
B_n2,perturbation_state:volume_log_x_price_displacement,925,0.0,0.0,0.0,0.0,0.0,0.0,0.0,0.0,0.0,0.0,0.0,0.0
B_n2,perturbation_state:volume_movement_abs,925,-5.0,5.0,-0.49841537590989016,1.2607088528293648,-4.039735370842173,-2.0387767371283596,-0.0007659055632297115,1.812937927366078,2.276184910004615,5.0,0.0,-1.896618015808345
B_n2,perturbation_state:volume_movement_abs^2,925,-5.0,5.0,-0.0448712806639287,1.6179528658965103,-4.679671329902371,-1.6683005217713713,-0.010830987346883793,4.715262810834711,4.721458506017791,5.0,0.0,-1.2582347908195854
B_n2,perturbation_state:volume_movement_signed,925,-5.0,5.0,0.3446129847549172,0.9262571506950177,-2.195369377561722,-0.5911994577113733,0.0,1.5248847953256517,2.7339010894550753,5.0,0.0,0.8478704144192264
B_n2,perturbation_state:volume_movement_signed^2,925,-5.0,5.0,0.6179878946206193,1.506627311876989,-3.087389836091342,-0.33904476706190806,0.027652960570658722,4.8418046514851465,4.906254808948662,5.0,0.0,0.5411845397522893
B_n2,reinforcement:bias,925,-5.0,5.0,-0.6324758008973727,0.9584358567446922,-4.042963649471129,-1.934312556185982,-0.31271312760648756,0.036235084024555206,0.20194708187289376,5.0,0.0,-0.1896133534254979
B_n2,reinforcement:directional_volume,925,-5.0,5.0,0.17260624599906405,1.023200609285559,-2.9280664199864748,-0.9857232625537169,0.025981931359724875,1.4631006853241422,5.0,5.0,0.0,-0.44594132213006304
B_n2,reinforcement:directional_volume^2,925,-5.0,5.0,0.4886973771926351,1.1568226885027333,-4.993326025111876,-0.08115192923466992,0.2548100238032813,1.903383542494125,4.7290276126945585,5.0,0.0,0.309863863629874
B_n2,reinforcement:price_acceleration,925,-5.0,5.0,0.34197573889412575,1.532582306265188,-1.8572720337109407,-1.2118575367822844,-0.04342389407456158,4.579242450533701,5.0,5.0,0.0,-1.4587934631697725
B_n2,reinforcement:price_acceleration^2,925,-5.0,5.0,-0.5134208664738074,1.6641627904019582,-4.998188026988219,-4.8741325898337555,-0.05509714417254452,1.9532384312463404,3.321758759468764,5.0,0.0,-1.1219389078214477
B_n2,reinforcement:price_displacement,925,-5.0,5.0,0.30944806281760384,0.7600683680485976,-1.4878827858663217,-0.1488669349563428,0.03985490181012077,1.141843530976202,2.6950691710117765,5.0,0.0,0.572894900924277
B_n2,reinforcement:price_displacement^2,925,-5.0,5.0,0.5107020693600262,1.165625232348072,-3.2019876673997016,0.0051683387520320605,0.13383244379355658,3.490303847653618,3.954360293499938,5.0,0.0,0.4388736007123859
B_n2,reinforcement:price_velocity,925,-5.0,5.0,0.3676840447237343,0.8431237760838951,-1.4878827858663217,-0.15063574102433597,0.03959428361500205,1.8634805778029677,2.6950691710117765,5.0,0.0,1.5358050712319942
B_n2,reinforcement:price_velocity^2,925,-5.0,5.0,0.5136430528550089,1.218764623435866,-3.471085974059488,0.0,0.11324212080570664,3.490303847653618,3.954360293499938,5.0,0.0,0.9164595271456039
B_n2,reinforcement:price_velocity_x_acceleration,925,0.0,0.0,0.0,0.0,0.0,0.0,0.0,0.0,0.0,0.0,0.0,0.0
B_n2,reinforcement:relative_volume,925,-2.657399941265767,0.7459813437518047,-0.627527079218832,0.961010259269662,-2.2102858930412257,-2.140101887291062,-0.004699528055829392,0.3123695866755231,0.5033385170359046,2.657399941265767,0.0,-2.142790051818404
B_n2,reinforcement:relative_volume^2,925,-0.1099601087965083,0.32135595829978175,0.07815132557919197,0.11847238932398697,-0.07243101322216015,-0.05056641717834393,0.002119827280339175,0.2806398801178408,0.2923013651802328,0.32135595829978175,0.0,0.28098255019084584
B_n2,reinforcement:relative_volume_x_price_velocity,925,0.0,0.0,0.0,0.0,0.0,0.0,0.0,0.0,0.0,0.0,0.0,0.0
B_n2,reinforcement:spread,925,0.0,0.0,0.0,0.0,0.0,0.0,0.0,0.0,0.0,0.0,0.0,0.0
B_n2,reinforcement:spread^2,925,0.0,0.0,0.0,0.0,0.0,0.0,0.0,0.0,0.0,0.0,0.0,0.0
B_n2,reinforcement:spread_change,925,0.0,0.0,0.0,0.0,0.0,0.0,0.0,0.0,0.0,0.0,0.0,0.0
B_n2,reinforcement:spread_change^2,925,0.0,0.0,0.0,0.0,0.0,0.0,0.0,0.0,0.0,0.0,0.0,0.0
B_n2,reinforcement:volume_density,925,-2.668128848612973,0.7422987168545858,-0.6339373147396437,0.9693865085340209,-2.228956748694187,-2.1582550589464384,-0.004387866760091839,0.3108216721262899,0.500971132794691,2.668128848612973,0.0,-2.1610180301852724
B_n2,reinforcement:volume_density^2,925,-0.10888134674279834,0.3239610850380073,0.07967909055963183,0.12042815732556142,-0.07182197064015171,-0.0500720169177579,0.0021340395164867456,0.2848890123469811,0.296715296383905,0.3239610850380073,0.0,0.2852598734925267
B_n2,reinforcement:volume_density_x_price_displacement,925,0.0,0.0,0.0,0.0,0.0,0.0,0.0,0.0,0.0,0.0,0.0,0.0
B_n2,reinforcement:volume_log,925,-1.7435677375750056,0.9711491077796326,-0.07432695607385362,0.26775597090941755,-0.6273164429916179,-0.549555605377398,-0.021142524384332263,0.4072682178651757,0.627766304201187,1.7435677375750056,0.0,-0.5572206164347494
B_n2,reinforcement:volume_log^2,925,-0.17784129498781356,0.1595862270063478,-0.0369557435054523,0.045651972976046284,-0.14114807718382902,-0.1036951014881004,-0.011274931922108664,0.00761133885923395,0.012062129062834765,0.17784129498781356,0.0,-0.03330684904729833
B_n2,reinforcement:volume_log_x_price_displacement,925,0.0,0.0,0.0,0.0,0.0,0.0,0.0,0.0,0.0,0.0,0.0,0.0
B_n2,reinforcement:volume_movement_abs,925,-5.0,5.0,-0.5801466123877556,1.145669082459833,-4.036815611638616,-2.025390120092441,-0.06430220794909366,1.0722561154483157,1.5178982153085891,5.0,0.0,-2.0826753584385784
B_n2,reinforcement:volume_movement_abs^2,925,-5.0,5.0,-0.1521667649164196,1.2965438330609442,-4.678606171582441,-1.503271990412048,-0.049511603219888185,3.2816668183601005,3.3187189340761925,5.0,0.0,-1.481506415260926
B_n2,reinforcement:volume_movement_signed,925,-5.0,5.0,0.3307399504907897,0.8534602194782698,-1.7118911319910641,-0.552276734907915,0.052499923748790436,1.2838040361107248,2.7353662211798127,5.0,0.0,0.6693411751750298
B_n2,reinforcement:volume_movement_signed^2,925,-5.0,5.0,0.5165516298269093,1.2079245199026245,-2.7645412744236877,-0.29334926829910934,0.012153204806290728,3.404003391190071,4.525473561141533,5.0,0.0,0.31477355914288496
B_n2,reversal_tendency:bias,925,-5.0,5.0,0.7573244621339275,0.9548254142913165,0.0,0.012207958771489698,0.5015567779036384,2.0102156424316084,4.07181187995429,5.0,0.0,0.7572395176173154
B_n2,reversal_tendency:directional_volume,925,-5.0,5.0,-0.17446355748497758,1.017853520980218,-5.0,-1.451534267843426,-0.013805618401777664,0.9605746344949093,2.902701845950854,5.0,0.0,0.12198526616011737
B_n2,reversal_tendency:directional_volume^2,925,-5.0,5.0,-0.4840770065369952,1.148824742223871,-4.734328361819906,-1.870474527850866,-0.21938010579479628,0.05869584306146885,4.993182533452113,5.0,0.0,-0.4667358785302571
B_n2,reversal_tendency:price_acceleration,925,-5.0,5.0,-0.4629707244213409,1.4494798852308373,-5.0,-4.5677991922569,0.006350905828445375,0.37750487467933413,0.9297516577465674,5.0,0.0,0.29600281157302627
B_n2,reversal_tendency:price_acceleration^2,925,-5.0,5.0,0.4631485177571189,1.577756483266491,-3.2859686688198257,-1.9402288441646898,0.11813799986495446,4.874995405892513,4.976764267215231,5.0,0.0,0.22535937038417037
B_n2,reversal_tendency:price_displacement,925,-5.0,5.0,-0.2620888981854952,0.7408733707007852,-2.7076638870477163,-1.0192589384936617,-0.01060989605771237,0.1676192858707471,1.5707113725756459,5.0,0.0,-0.5236235879370392
B_n2,reversal_tendency:price_displacement^2,925,-5.0,5.0,-0.4682856274311268,1.1878039815179426,-3.963397446589539,-3.582505279147838,-0.10855107384478226,0.007318470078087247,3.2147950591807493,5.0,0.0,-0.07550189020353729
B_n2,reversal_tendency:price_velocity,925,-5.0,5.0,-0.25579090498863377,0.739192643239092,-2.7076638870477163,-1.0192589384936617,-0.01060989605771237,0.1676192858707471,1.5707113725756459,5.0,0.0,-0.31530612341689246
B_n2,reversal_tendency:price_velocity^2,925,-5.0,5.0,-0.4707410367439448,1.1874786265867043,-3.963397446589539,-3.582505279147838,-0.11700084204097502,0.02375941251229493,3.2147950591807493,5.0,0.0,-0.12405384238088898
B_n2,reversal_tendency:price_velocity_x_acceleration,925,0.0,0.0,0.0,0.0,0.0,0.0,0.0,0.0,0.0,0.0,0.0,0.0
B_n2,reversal_tendency:relative_volume,925,-0.7537550659535496,2.65379226496922,0.5976707146551042,0.9399552834480184,-0.520401472041221,-0.33175280899816584,-0.005015306419090675,1.9562371092684847,1.9810829310009581,2.65379226496922,0.0,1.9745426881931258
B_n2,reversal_tendency:relative_volume^2,925,-0.31774420763974065,0.11527636950831158,-0.07028984905857578,0.11191636769955156,-0.2400048545147998,-0.23215464918940015,0.000687038013393015,0.05410924652264377,0.07661201757729265,0.31774420763974065,0.0,-0.23374015604537132
B_n2,reversal_tendency:relative_volume_x_price_velocity,925,0.0,0.0,0.0,0.0,0.0,0.0,0.0,0.0,0.0,0.0,0.0,0.0
B_n2,reversal_tendency:spread,925,0.0,0.0,0.0,0.0,0.0,0.0,0.0,0.0,0.0,0.0,0.0,0.0
B_n2,reversal_tendency:spread^2,925,0.0,0.0,0.0,0.0,0.0,0.0,0.0,0.0,0.0,0.0,0.0,0.0
B_n2,reversal_tendency:spread_change,925,0.0,0.0,0.0,0.0,0.0,0.0,0.0,0.0,0.0,0.0,0.0,0.0
B_n2,reversal_tendency:spread_change^2,925,0.0,0.0,0.0,0.0,0.0,0.0,0.0,0.0,0.0,0.0,0.0,0.0
B_n2,reversal_tendency:volume_density,925,-0.7497692573658115,2.6647589305266903,0.6043859471944661,0.9483777014891592,-0.5176772730530261,-0.3297469837109227,-0.005013427418408104,1.9754294686654397,2.0009660510907032,2.6647589305266903,0.0,1.9937189517148612
B_n2,reversal_tendency:volume_density^2,925,-0.3204249507326833,0.11477725538505601,-0.07191167148213078,0.11389528921835813,-0.24458222329887408,-0.23653576905681165,0.00045753175554961946,0.0534843524163458,0.07589688510718902,0.3204249507326833,0.0,-0.23833503658961708
B_n2,reversal_tendency:volume_density_x_price_displacement,925,0.0,0.0,0.0,0.0,0.0,0.0,0.0,0.0,0.0,0.0,0.0,0.0
B_n2,reversal_tendency:volume_log,925,-0.9904386354614391,1.7362743325082177,0.03217245409786304,0.2470774948808446,-0.6713846621467053,-0.44247980349280736,-0.0035761400452914184,0.31301282413625003,0.4502468291365982,1.7362743325082177,0.0,0.3255430215872267
B_n2,reversal_tendency:volume_log^2,925,-0.16680397731192642,0.1703582786819403,0.03812637072024935,0.047523131389938224,-0.013912343972274727,-0.00935708016773152,0.006733852532921732,0.10056349517444438,0.13540683770303102,0.1703582786819403,0.0,0.08932625344787633
B_n2,reversal_tendency:volume_log_x_price_displacement,925,0.0,0.0,0.0,0.0,0.0,0.0,0.0,0.0,0.0,0.0,0.0,0.0
B_n2,reversal_tendency:volume_movement_abs,925,-5.0,5.0,0.5647931378788493,1.145599707173072,-1.534752932716899,-1.09583741153094,0.017379143865212943,1.8851474373643804,3.99663629422871,5.0,0.0,1.7442804377093915
B_n2,reversal_tendency:volume_movement_abs^2,925,-5.0,5.0,0.12162866364899871,1.316423032683168,-3.432450089999277,-3.4264774826196827,0.016095356703896484,1.2077192069761173,4.678639133840308,5.0,0.0,0.9861409414919712
B_n2,reversal_tendency:volume_movement_signed,925,-5.0,5.0,-0.29603848876672845,0.84854289723325,-2.7477271352817145,-1.1771034476694777,-0.0027470802868808687,0.582964072841987,1.8159814591048693,5.0,0.0,-0.9397538287140432
B_n2,reversal_tendency:volume_movement_signed^2,925,-5.0,5.0,-0.5563230912669416,1.2286854291364795,-4.567361823470749,-3.5559390244920808,-0.011200582854259135,0.27256605683203194,2.7795298621581392,5.0,0.0,-0.8579779257011302
B_n2,strength:bias,925,-5.0,5.0,-0.044494184716766826,0.9973273413574745,-2.5496593265698952,-1.6668849700743738,0.24725125584113827,1.1493129220906895,1.4012657558825488,5.0,0.0,0.04252396783209512
B_n2,strength:directional_volume,925,-5.0,5.0,-0.1491111127316536,0.7321207581800012,-2.965100544805932,-1.031991364135767,-0.03818941816788976,0.07037431541649702,1.876818972265966,5.0,0.0,-0.03901908362550692
B_n2,strength:directional_volume^2,925,-5.0,5.0,0.21370159574642514,0.8207592320705462,-3.357287738827238,0.018404153766309425,0.17220280861396517,0.625669632501767,4.714998476586958,5.0,0.0,0.5278952701252421
B_n2,strength:price_acceleration,925,-5.0,5.0,0.5302432158974408,1.6630333918743367,-2.166975508987056,-1.4300483565350732,0.011773738175175179,4.716305875184241,5.0,5.0,0.0,-1.7339596141023756
B_n2,strength:price_acceleration^2,925,-5.0,5.0,-0.5174007474191249,1.6942824324566301,-4.988367951004608,-4.943527325473138,-0.006066795836044988,1.8537640304516363,3.2880740523836,5.0,0.0,-1.0978876704358718
B_n2,strength:price_displacement,925,-5.0,5.0,0.191391631592579,0.7379175549525046,-0.792844210500221,-0.43200501511778877,0.0212351038751602,1.0123092459816816,2.6692586420761146,5.0,0.0,0.6158139160604097
B_n2,strength:price_displacement^2,925,-5.0,5.0,0.26957032415538656,0.7862280807732482,-3.171081131712292,0.01484490397173804,0.10875463630187872,0.9727986620588859,3.8021994205721468,5.0,0.0,0.5190439252597551
B_n2,strength:price_velocity,925,-5.0,5.0,0.2553094419410662,0.8367154331190584,-0.792844210500221,-0.43556589264566703,0.021234785348602073,1.6107570990445534,2.6767835392394943,5.0,0.0,1.5289227044699423
B_n2,strength:price_velocity^2,925,-5.0,5.0,0.22854217467073817,0.8819310769594881,-4.156046558088201,0.0006891753088090468,0.10396694289712906,0.9814071741859965,3.8021994205721468,5.0,0.0,0.153290780083841
B_n2,strength:price_velocity_x_acceleration,925,0.0,0.0,0.0,0.0,0.0,0.0,0.0,0.0,0.0,0.0,0.0,0.0
B_n2,strength:relative_volume,925,-3.3266158462081385,0.06549096621350232,-0.9631023287068288,1.2032724566919348,-2.9224300063018083,-2.8410821222028875,-0.21711353619399598,-0.02799348789816544,0.0,3.3266158462081385,0.0,-2.841083874774236
B_n2,strength:relative_volume^2,925,-0.0062557086386631645,0.42156748855516357,0.1315272293978472,0.15187346739591706,0.0,0.006792746077402707,0.05700181876628329,0.38421269404753083,0.3967890853326617,0.42156748855516357,0.0,0.3841853885657214
B_n2,strength:relative_volume_x_price_velocity,925,0.0,0.0,0.0,0.0,0.0,0.0,0.0,0.0,0.0,0.0,0.0,0.0
B_n2,strength:spread,925,0.0,0.0,0.0,0.0,0.0,0.0,0.0,0.0,0.0,0.0,0.0,0.0
B_n2,strength:spread^2,925,0.0,0.0,0.0,0.0,0.0,0.0,0.0,0.0,0.0,0.0,0.0,0.0
B_n2,strength:spread_change,925,0.0,0.0,0.0,0.0,0.0,0.0,0.0,0.0,0.0,0.0,0.0,0.0
B_n2,strength:spread_change^2,925,0.0,0.0,0.0,0.0,0.0,0.0,0.0,0.0,0.0,0.0,0.0,0.0
B_n2,strength:volume_density,925,-3.334393779035638,0.06535625948002555,-0.9680280098561934,1.210779045468356,-2.9382397084184237,-2.8570214929451625,-0.21659113494931975,-0.027994573077127705,0.0,3.334393779035638,0.0,-2.8570221189073703
B_n2,strength:volume_density^2,925,-0.0062228762691140995,0.423378456821266,0.1326367653624439,0.15360953604027638,0.0,0.006794644253344471,0.05681811865119629,0.3878339363354444,0.40043213739963673,0.423378456821266,0.0,0.3878322143142396
B_n2,strength:volume_density_x_price_displacement,925,0.0,0.0,0.0,0.0,0.0,0.0,0.0,0.0,0.0,0.0,0.0,0.0
B_n2,strength:volume_log,925,-2.5976641689342057,0.08895329912217954,-0.4929123364834502,0.5326036887988133,-1.5151237798789992,-1.4007311812299492,-0.239125148636444,-0.02786308429629819,0.0,2.5976641689342057,0.0,-1.3868043765130154
B_n2,strength:volume_log^2,925,-0.04206051645363612,0.28076225321644677,0.020291085446703397,0.03241545378633199,-0.02056681005626327,-0.008180461383225925,0.008226006381966076,0.08064953607128829,0.10332701872008405,0.28076225321644677,0.0,0.07837739372970214
B_n2,strength:volume_log_x_price_displacement,925,0.0,0.0,0.0,0.0,0.0,0.0,0.0,0.0,0.0,0.0,0.0,0.0
B_n2,strength:volume_movement_abs,925,-5.0,5.0,-0.7197369611463728,1.0183282199064663,-3.943357844328734,-2.0060642202897707,-0.19283340280453345,0.015549054207186932,0.1814098096277608,5.0,0.0,-1.9235238526485476
B_n2,strength:volume_movement_abs^2,925,-5.0,5.0,-0.30579085373555553,0.8805545377163061,-4.678970491485865,-1.4976213697719902,-0.061048879635340274,0.6209821442074106,0.6396277674899077,5.0,0.0,-1.2353218788930975
B_n2,strength:volume_movement_signed,925,-5.0,5.0,0.2959796543644629,0.8002981929826591,-0.7275545157394064,-0.46480841128515926,0.07013824574925054,1.195793271259218,2.7112884757449454,5.0,0.0,0.8134488649766514
B_n2,strength:volume_movement_signed^2,925,-5.0,5.0,0.3492982272393185,0.8658799161728259,-2.7244428698095806,-0.16864534708951237,0.03855837734981256,1.3016748967090077,4.3034890195636795,5.0,0.0,0.5527955468051425
B_n2,uncertainty:bias,925,-5.0,5.0,0.8058181979937965,0.89214703760078,0.0,0.12272085082326467,0.4277925932975957,1.8977630192932677,4.067547625543478,5.0,0.0,0.41960541370587057
B_n2,uncertainty:directional_volume,925,-5.0,5.0,-0.03362357780409465,0.9441921922434062,-5.0,-1.2322201350497093,0.0684216243909534,0.9354320599613163,2.9017578800884993,5.0,0.0,0.475946040184535
B_n2,uncertainty:directional_volume^2,925,-5.0,5.0,-0.5900808794231615,1.2434354028119,-4.726268658268379,-2.3181373629594764,-0.2372114202254791,0.12825449168059633,4.990844832742078,5.0,0.0,-0.292669707135853
B_n2,uncertainty:price_acceleration,925,-5.0,5.0,-0.20557064940182715,1.4994749357633685,-5.0,-4.527879547992893,0.04214940501035701,1.1394789160863892,1.7547979495361048,5.0,0.0,1.3767121090915992
B_n2,uncertainty:price_acceleration^2,925,-5.0,5.0,0.4632946037415469,1.65717725264743,-3.43405812212733,-1.9640764587604513,0.03978598762079756,4.870318231146299,4.998044394964396,5.0,0.0,1.129330809215297
B_n2,uncertainty:price_displacement,925,-5.0,5.0,-0.5326512263654644,1.0909095612721715,-4.238942363210607,-3.3223180799532415,-0.21121565920236077,0.03043502629972901,1.0733463915543306,5.0,0.0,-0.5198192881777032
B_n2,uncertainty:price_displacement^2,925,-5.0,5.0,-0.542332489985247,1.4877342041025774,-4.905392911874509,-4.853422220451466,-0.1089002449942572,0.15683802892257637,3.593259662761677,5.0,0.0,-0.45136656731617575
B_n2,uncertainty:price_velocity,925,-5.0,5.0,-0.5885664293410313,1.1335312986715622,-4.238942363210607,-3.3223180799532415,-0.19618673337975542,0.030902371106152515,1.0733463915543306,5.0,0.0,-1.4335734896287848
B_n2,uncertainty:price_velocity^2,925,-5.0,5.0,-0.5463846818779795,1.5296232006356176,-4.905392911874509,-4.853422220451466,-0.10302584740231124,0.166470606697049,3.593259662761677,5.0,0.0,-0.933190144664293
B_n2,uncertainty:price_velocity_x_acceleration,925,0.0,0.0,0.0,0.0,0.0,0.0,0.0,0.0,0.0,0.0,0.0,0.0
B_n2,uncertainty:relative_volume,925,-1.0980145704708462,2.2500752616122375,0.3930586894420772,0.8377309868322941,-0.7676967446724384,-0.5502393836855646,-0.04621424477448657,1.715505591335961,1.7843958824401147,2.2500752616122375,0.0,1.7191169899271717
B_n2,uncertainty:relative_volume^2,925,-0.24735805953874976,0.22208600579076776,-0.033977512592001144,0.09805455467056876,-0.21580825832567258,-0.20426954625037483,0.009885651975399184,0.09145071746874728,0.13729578434299328,0.24735805953874976,0.0,-0.2048485282387837
B_n2,uncertainty:relative_volume_x_price_velocity,925,0.0,0.0,0.0,0.0,0.0,0.0,0.0,0.0,0.0,0.0,0.0,0.0
B_n2,uncertainty:spread,925,0.0,0.0,0.0,0.0,0.0,0.0,0.0,0.0,0.0,0.0,0.0,0.0
B_n2,uncertainty:spread^2,925,0.0,0.0,0.0,0.0,0.0,0.0,0.0,0.0,0.0,0.0,0.0,0.0
B_n2,uncertainty:spread_change,925,0.0,0.0,0.0,0.0,0.0,0.0,0.0,0.0,0.0,0.0,0.0,0.0
B_n2,uncertainty:spread_change^2,925,0.0,0.0,0.0,0.0,0.0,0.0,0.0,0.0,0.0,0.0,0.0,0.0
B_n2,uncertainty:volume_density,925,-1.090955053797885,2.2667583334442405,0.40340392386773316,0.8469308327784125,-0.7595083611453812,-0.5427254617964631,-0.04485454312508637,1.7398165392221263,1.808951791139808,2.2667583334442405,0.0,1.7432539688763113
B_n2,uncertainty:volume_density^2,925,-0.25167647983856595,0.2200292950409398,-0.03665295287190626,0.10016446136606676,-0.22191968157996034,-0.21026611725338396,0.009469543337057474,0.08921353430603678,0.13517465467696843,0.25167647983856595,0.0,-0.2108297910329794
B_n2,uncertainty:volume_density_x_price_displacement,925,0.0,0.0,0.0,0.0,0.0,0.0,0.0,0.0,0.0,0.0,0.0,0.0
B_n2,uncertainty:volume_log,925,-1.5527569601167786,1.0501643416294921,-0.3427441257113331,0.31007894181684637,-1.2028363023276192,-0.934989030375764,-0.31001134041843553,-0.025686010990773712,0.0,1.5527569601167786,0.0,-0.15039330279247734
B_n2,uncertainty:volume_log^2,925,-0.1838163162556125,0.1398982499868939,0.009889486568725674,0.048685469910481956,-0.05518383927460472,-0.05300220185313752,0.0053762798432879936,0.08285561937482078,0.11000468504725688,0.1838163162556125,0.0,0.012046723957912946
B_n2,uncertainty:volume_log_x_price_displacement,925,0.0,0.0,0.0,0.0,0.0,0.0,0.0,0.0,0.0,0.0,0.0,0.0
B_n2,uncertainty:volume_movement_abs,925,-5.0,5.0,0.23577817876688395,1.5717947237832282,-4.1287374731654936,-3.6472139171805584,-0.07145813543991328,1.9997799279318074,4.093976181737026,5.0,0.0,2.008735145051602
B_n2,uncertainty:volume_movement_abs^2,925,-5.0,5.0,0.06261637377838632,1.6455275636913362,-4.751413213407691,-4.743474928670849,0.0368793535005731,1.5448304051954032,4.714168851463221,5.0,0.0,1.490950432754148
B_n2,uncertainty:volume_movement_signed,925,-5.0,5.0,-0.46619288749731147,1.1430764529778734,-3.850876732928513,-3.1132360079025596,-0.006122964903932503,0.48856406133994773,1.3855423364970643,5.0,0.0,-0.6285898446705176
B_n2,uncertainty:volume_movement_signed^2,925,-5.0,5.0,-0.5922635963702261,1.5366144669583615,-4.927988289089705,-4.870644396210029,-0.0806337129609908,0.46320585051767793,4.007795242701232,5.0,0.0,-0.3258523269175616
B_n3,direction_state:bias,925,-5.0,5.0,0.09330061563258657,1.8267566123877226,-5.0,-3.264439596703074,0.0,3.2075221999243735,5.0,5.0,0.0,-4.569802636023261
B_n3,direction_state:directional_volume,925,-5.0,5.0,-0.39091319516458317,2.3570969289537933,-5.0,-3.8278119619098603,-0.6198850568096151,4.071561488543991,5.0,5.0,0.0,1.2734754590872384
B_n3,direction_state:directional_volume^2,925,-5.0,5.0,0.47605762642516175,2.3505793061544358,-5.0,-2.335684786709389,0.31499494847313697,4.454690272498689,5.0,5.0,0.0,1.472241801573875
B_n3,direction_state:directional_volume^3,925,-5.0,5.0,1.7990124934243388,2.4593912644344353,-5.0,-3.256489953127232,2.268770963024823,4.999909949119479,5.0,5.0,0.0,3.890842624670977
B_n3,direction_state:price_acceleration,925,-5.0,5.0,-1.483630796845901,2.5874861702595067,-5.0,-5.0,-1.780733767864059,4.3457043199915555,5.0,5.0,0.0,-2.755609407451406
B_n3,direction_state:price_acceleration^2,925,-5.0,5.0,-0.06703261275782171,3.3220428103547395,-5.0,-5.0,-0.343448403797543,5.0,5.0,5.0,0.0,-4.999912311510638
B_n3,direction_state:price_acceleration^3,925,-5.0,5.0,-0.2550140751538133,3.3300805399654654,-5.0,-5.0,-0.27968862370643277,5.0,5.0,5.0,0.0,-2.737295924848399
B_n3,direction_state:price_displacement,925,-5.0,5.0,0.020543004984166727,2.248602059767767,-5.0,-3.8762710812916077,0.00919127308954315,4.486483567944832,5.0,5.0,0.0,0.31314558430037187
B_n3,direction_state:price_displacement^2,925,-5.0,5.0,0.2825717881253873,2.7893214900781094,-5.0,-5.0,-0.06397446090589358,5.0,5.0,5.0,0.0,-0.6775336878857905
B_n3,direction_state:price_displacement^3,925,-5.0,5.0,0.4905051712620613,2.823385160356648,-5.0,-4.9832721644084765,0.1844297104192435,5.0,5.0,5.0,0.0,-2.5244644880518843
B_n3,direction_state:price_velocity,925,-5.0,5.0,-0.10366082781971947,2.2710284724801633,-5.0,-3.955493405619461,-0.03025208442616697,4.451016532921654,5.0,5.0,0.0,-1.1840937330993562
B_n3,direction_state:price_velocity^2,925,-5.0,5.0,0.22297181079008088,2.723306027031193,-5.0,-5.0,-0.12120998064745155,5.0,5.0,5.0,0.0,-2.2294456359146197
B_n3,direction_state:price_velocity^3,925,-5.0,5.0,0.49421885709150315,2.8032099049381825,-5.0,-4.974994139227062,0.21365077224577558,5.0,5.0,5.0,0.0,-4.574334715440908
B_n3,direction_state:price_velocity_x_acceleration,925,0.0,0.0,0.0,0.0,0.0,0.0,0.0,0.0,0.0,0.0,0.0,0.0
B_n3,direction_state:relative_volume,925,-5.0,5.0,-0.7346693087479363,1.9891357070940732,-4.521773797585453,-4.340584161758377,0.15463553227222193,1.0776743890608087,1.6321248316491341,5.0,0.0,-1.1102630101950703
B_n3,direction_state:relative_volume^2,925,-0.33757355451861626,5.0,2.200469010103581,2.055960626372373,-0.28612855856307684,-0.2205045481117128,2.9905434970072746,4.907090042389146,4.932000505232077,5.0,0.0,3.653990591373329
B_n3,direction_state:relative_volume^3,925,-0.8449104868846922,0.10307016580488752,-0.38186892142139395,0.35985270927463725,-0.7993565672332221,-0.7876047022721289,-0.5721760981012681,0.0715419219076261,0.08335912530468301,0.8449104868846922,0.0,-0.7733220558606989
B_n3,direction_state:relative_volume_x_price_velocity,925,0.0,0.0,0.0,0.0,0.0,0.0,0.0,0.0,0.0,0.0,0.0,0.0
B_n3,direction_state:spread,925,0.0,0.0,0.0,0.0,0.0,0.0,0.0,0.0,0.0,0.0,0.0,0.0
B_n3,direction_state:spread^2,925,0.0,0.0,0.0,0.0,0.0,0.0,0.0,0.0,0.0,0.0,0.0,0.0
B_n3,direction_state:spread^3,925,0.0,0.0,0.0,0.0,0.0,0.0,0.0,0.0,0.0,0.0,0.0,0.0
B_n3,direction_state:spread_change,925,0.0,0.0,0.0,0.0,0.0,0.0,0.0,0.0,0.0,0.0,0.0,0.0
B_n3,direction_state:spread_change^2,925,0.0,0.0,0.0,0.0,0.0,0.0,0.0,0.0,0.0,0.0,0.0,0.0
B_n3,direction_state:spread_change^3,925,0.0,0.0,0.0,0.0,0.0,0.0,0.0,0.0,0.0,0.0,0.0,0.0
B_n3,direction_state:volume_density,925,-5.0,5.0,-0.7243012911287239,1.9968572263112812,-4.524489828203997,-4.344922928243507,0.15883725299727838,1.1055587699934404,1.660268732148974,5.0,0.0,-1.0822262957428121
B_n3,direction_state:volume_density^2,925,-0.3424219135842058,5.0,2.1929275131001815,2.0536514602526075,-0.2877271389292442,-0.22179462993767537,2.969130131117606,4.908272909521794,4.932766799598839,5.0,0.0,3.6328409102736727
B_n3,direction_state:volume_density^3,925,-1.0537901115176231,0.10333234746723212,-0.5050552216736365,0.46262026621368013,-1.0115662691251552,-1.001531010722645,-0.7813298729260546,0.07168478649719408,0.08348878550347617,1.0537901115176231,0.0,-0.9820915512943108
B_n3,direction_state:volume_density_x_price_displacement,925,0.0,0.0,0.0,0.0,0.0,0.0,0.0,0.0,0.0,0.0,0.0,0.0
B_n3,direction_state:volume_log,925,-5.0,5.0,-1.02867992534335,1.384542599121126,-3.9394040651914177,-3.3896216844993594,-1.3959726188662311,0.7754847951599144,1.1956457295560263,5.0,0.0,-3.0285960629239486
B_n3,direction_state:volume_log^2,925,-0.9738223206919596,5.0,2.480724703547623,2.5637575381591446,-0.9295511454969778,-0.9047762381063469,4.5500424904593935,4.813942015632276,4.952448079296888,5.0,0.0,4.598804659804776
B_n3,direction_state:volume_log^3,925,-0.35946622409158324,5.0,2.645676744405687,2.381841557527783,-0.3280263528122894,-0.2766816496418098,4.592795033061136,4.779209333872184,4.78369430515955,5.0,0.0,4.433092420605802
B_n3,direction_state:volume_log_x_price_displacement,925,0.0,0.0,0.0,0.0,0.0,0.0,0.0,0.0,0.0,0.0,0.0,0.0
B_n3,direction_state:volume_movement_abs,925,-5.0,5.0,0.18466525380949228,2.299346005130127,-5.0,-4.3121512225527185,0.09909293186257194,4.649831925421312,5.0,5.0,0.0,0.6730957296919691
B_n3,direction_state:volume_movement_abs^2,925,-5.0,5.0,0.44528833747481295,2.848712510009685,-5.0,-4.90981178411474,0.030556627762925857,5.0,5.0,5.0,0.0,0.3092816378091368
B_n3,direction_state:volume_movement_abs^3,925,-5.0,5.0,0.2652384842461865,2.9926445852326777,-5.0,-5.0,-0.007357611998302526,5.0,5.0,5.0,0.0,1.8452235571743056
B_n3,direction_state:volume_movement_signed,925,-5.0,5.0,0.10691228077378659,2.158790311610113,-5.0,-3.624339101949874,0.06343113412360304,4.269189779446371,5.0,5.0,0.0,0.6730957296919691
B_n3,direction_state:volume_movement_signed^2,925,-5.0,5.0,0.25732801628772706,2.7837906106209633,-5.0,-4.904125407778296,0.024535006371858015,5.0,5.0,5.0,0.0,0.3092816378091368
B_n3,direction_state:volume_movement_signed^3,925,-5.0,5.0,0.6409320175538176,2.838924973044765,-5.0,-4.9916449382379495,0.4646423064937282,5.0,5.0,5.0,0.0,1.8452235571743056
B_n3,forward_half_life:bias,925,-5.0,5.0,4.619952674399808,1.3401911735862362,-2.7782691615487307,2.669881460745054,5.0,5.0,5.0,5.0,0.0,5.0
B_n3,forward_half_life:directional_volume,925,-5.0,5.0,2.941051512447843,2.8544470615835067,-5.0,-3.7313590914071004,4.568339309678508,5.0,5.0,5.0,0.0,4.105850054324467
B_n3,forward_half_life:directional_volume^2,925,-5.0,5.0,4.546534263241198,1.624438216749864,-5.0,1.913944366812889,5.0,5.0,5.0,5.0,0.0,5.0
B_n3,forward_half_life:directional_volume^3,925,-5.0,5.0,0.1278654958167238,4.078252639962344,-5.0,-5.0,-1.409966075165837,5.0,5.0,5.0,0.0,4.275903795506318
B_n3,forward_half_life:price_acceleration,925,-5.0,5.0,0.6548278391964164,2.7783927850039665,-5.0,-4.719703812374953,0.7040311337509452,5.0,5.0,5.0,0.0,-2.5376453474064373
B_n3,forward_half_life:price_acceleration^2,925,-5.0,5.0,3.6801592104815155,2.815881148088887,-4.996535680059946,-3.8557165643445943,5.0,5.0,5.0,5.0,0.0,5.0
B_n3,forward_half_life:price_acceleration^3,925,-5.0,5.0,0.17558313336649178,3.486860369927114,-5.0,-5.0,0.0,5.0,5.0,5.0,0.0,-3.6038988407508796
B_n3,forward_half_life:price_displacement,925,-5.0,5.0,0.026111181745300124,2.4916227588750934,-5.0,-4.388464195129669,0.0518396164336159,4.582291087963499,5.0,5.0,0.0,1.758264170332381
B_n3,forward_half_life:price_displacement^2,925,-5.0,5.0,3.4224030486303025,2.770106931687086,-5.0,-3.235186943123159,5.0,5.0,5.0,5.0,0.0,5.0
B_n3,forward_half_life:price_displacement^3,925,-5.0,5.0,-0.24192689273521087,2.860731016731489,-5.0,-5.0,-0.27781088173845336,5.0,5.0,5.0,0.0,0.25801054637312865
B_n3,forward_half_life:price_velocity,925,-5.0,5.0,0.011964581082077244,2.5557437145104718,-5.0,-4.530730708522914,0.05133572818965704,4.62360736254284,5.0,5.0,0.0,-5.0
B_n3,forward_half_life:price_velocity^2,925,-5.0,5.0,3.513677081721122,2.7336871908368083,-5.0,-3.2079687762096936,5.0,5.0,5.0,5.0,0.0,5.0
B_n3,forward_half_life:price_velocity^3,925,-5.0,5.0,0.09164316474434889,3.0142254917160445,-5.0,-5.0,0.0,5.0,5.0,5.0,0.0,2.758436900602385
B_n3,forward_half_life:price_velocity_x_acceleration,925,0.0,0.0,0.0,0.0,0.0,0.0,0.0,0.0,0.0,0.0,0.0,0.0
B_n3,forward_half_life:relative_volume,925,-5.0,5.0,-4.443958720467259,1.5685126858831604,-5.0,-5.0,-5.0,-0.5341880448619418,3.1023219508234683,5.0,0.0,-5.0
B_n3,forward_half_life:relative_volume^2,925,-2.3774285536650934,5.0,3.12194614994911,2.1109179497264434,-2.03997613471019,-1.410345976435092,3.3476716609623107,5.0,5.0,5.0,0.0,5.0
B_n3,forward_half_life:relative_volume^3,925,-2.6834773284257984,0.0,-1.343956005675572,0.6989979406900879,-2.6695147451183043,-2.579006531694356,-1.2975837989855747,-0.287779843333567,0.0,2.6834773284257984,0.0,-2.6834773284257984
B_n3,forward_half_life:relative_volume_x_price_velocity,925,0.0,0.0,0.0,0.0,0.0,0.0,0.0,0.0,0.0,0.0,0.0,0.0
B_n3,forward_half_life:spread,925,0.0,0.0,0.0,0.0,0.0,0.0,0.0,0.0,0.0,0.0,0.0,0.0
B_n3,forward_half_life:spread^2,925,0.0,0.0,0.0,0.0,0.0,0.0,0.0,0.0,0.0,0.0,0.0,0.0
B_n3,forward_half_life:spread^3,925,0.0,0.0,0.0,0.0,0.0,0.0,0.0,0.0,0.0,0.0,0.0,0.0
B_n3,forward_half_life:spread_change,925,0.0,0.0,0.0,0.0,0.0,0.0,0.0,0.0,0.0,0.0,0.0,0.0
B_n3,forward_half_life:spread_change^2,925,0.0,0.0,0.0,0.0,0.0,0.0,0.0,0.0,0.0,0.0,0.0,0.0
B_n3,forward_half_life:spread_change^3,925,0.0,0.0,0.0,0.0,0.0,0.0,0.0,0.0,0.0,0.0,0.0,0.0
B_n3,forward_half_life:volume_density,925,-5.0,5.0,-4.443589644158971,1.5713543229946465,-5.0,-5.0,-5.0,-0.5301179725443798,3.112383428730331,5.0,0.0,-5.0
B_n3,forward_half_life:volume_density^2,925,-3.63968346093215,5.0,2.6188658763831865,2.4671634205037765,-3.306145750206993,-2.679951674392243,3.201857738425256,5.0,5.0,5.0,0.0,5.0
B_n3,forward_half_life:volume_density^3,925,-2.4265655207044117,0.0,-1.1939322733489726,0.6257044181395065,-2.4126176428667976,-2.321916222438027,-1.2337731004426222,-0.2880988245957379,0.0,2.4265655207044117,0.0,-2.4265655207044117
B_n3,forward_half_life:volume_density_x_price_displacement,925,0.0,0.0,0.0,0.0,0.0,0.0,0.0,0.0,0.0,0.0,0.0,0.0
B_n3,forward_half_life:volume_log,925,-5.0,5.0,-4.451071543910048,1.3659117097350761,-5.0,-5.0,-5.0,-1.2837499152140386,0.6332630477572464,5.0,0.0,-5.0
B_n3,forward_half_life:volume_log^2,925,-5.0,5.0,1.6991010357465781,2.8162506196445114,-4.3360387920920545,-3.3107666722146103,1.5719719192786732,5.0,5.0,5.0,0.0,4.686768597516263
B_n3,forward_half_life:volume_log^3,925,-5.0,4.787856548968013,-1.7456119346470749,3.949872220861871,-5.0,-5.0,-4.743404330093697,4.42084387911903,4.591991666444071,5.0,0.0,-5.0
B_n3,forward_half_life:volume_log_x_price_displacement,925,0.0,0.0,0.0,0.0,0.0,0.0,0.0,0.0,0.0,0.0,0.0,0.0
B_n3,forward_half_life:volume_movement_abs,925,-5.0,5.0,-0.9997340199089659,2.4849594627996723,-5.0,-5.0,-0.9707226097179666,3.9859757200578096,5.0,5.0,0.0,1.1891644873032434
B_n3,forward_half_life:volume_movement_abs^2,925,-5.0,5.0,3.085677993636199,3.122268245748943,-5.0,-4.215812716804634,5.0,5.0,5.0,5.0,0.0,5.0
B_n3,forward_half_life:volume_movement_abs^3,925,-5.0,5.0,-1.1249955771480191,3.0306086518148736,-5.0,-5.0,-1.0928160889255136,5.0,5.0,5.0,0.0,-1.6064481559003352
B_n3,forward_half_life:volume_movement_signed,925,-5.0,5.0,-0.06078392663029508,2.5389643064518768,-5.0,-4.654039536732112,0.05830448520912346,4.099798365666623,5.0,5.0,0.0,1.4321641513993155
B_n3,forward_half_life:volume_movement_signed^2,925,-5.0,5.0,3.2697004420655436,2.9737867611183684,-5.0,-3.9382860743623955,5.0,5.0,5.0,5.0,0.0,5.0
B_n3,forward_half_life:volume_movement_signed^3,925,-5.0,5.0,-0.7403224568903971,2.781142558931068,-5.0,-5.0,-0.7603849420945945,5.0,5.0,5.0,0.0,-1.6064481559003352
B_n3,magnitude_state:bias,925,-5.0,5.0,0.11534911438497973,1.7556416896716578,-5.0,-2.8110550637074345,0.19854124772751675,3.2758612173813133,4.980688241869167,5.0,0.0,4.55153069355793
B_n3,magnitude_state:directional_volume,925,-5.0,5.0,0.5540103850955523,2.316919546520747,-5.0,-3.782851731104357,0.8509497733381972,3.9135102078805786,5.0,5.0,0.0,-1.0398752968430696
B_n3,magnitude_state:directional_volume^2,925,-5.0,5.0,-0.5410174654631422,2.357548167971482,-5.0,-4.4521875894534935,-0.15020815838238705,2.264830968879949,5.0,5.0,0.0,-1.6399941093174741
B_n3,magnitude_state:directional_volume^3,925,-5.0,5.0,-1.774150483706017,2.5421433358244716,-5.0,-4.999174854730567,-2.2194182957688975,4.864979265972632,5.0,5.0,0.0,-4.005697792035986
B_n3,magnitude_state:price_acceleration,925,-5.0,5.0,1.3276115114940257,2.8878620905234853,-5.0,-4.52221639869886,1.8794776501676758,5.0,5.0,5.0,0.0,2.8990756005893195
B_n3,magnitude_state:price_acceleration^2,925,-5.0,5.0,-0.059568708373450824,3.356225734591068,-5.0,-5.0,0.0,5.0,5.0,5.0,0.0,4.999909431204164
B_n3,magnitude_state:price_acceleration^3,925,-5.0,5.0,0.20713360872771044,3.3366763671447686,-5.0,-5.0,0.2779432539842712,5.0,5.0,5.0,0.0,2.8824430855149883
B_n3,magnitude_state:price_displacement,925,-5.0,5.0,0.09178817217862177,2.229784752953284,-5.0,-4.392046317073063,0.07638299434079338,3.9378103584938913,5.0,5.0,0.0,-0.24611871953897396
B_n3,magnitude_state:price_displacement^2,925,-5.0,5.0,-0.18808750808014693,2.7610196038959804,-5.0,-5.0,0.1862159946282409,5.0,5.0,5.0,0.0,0.9013997872843422
B_n3,magnitude_state:price_displacement^3,925,-5.0,5.0,-0.4160301978144668,2.8052495831918405,-5.0,-5.0,-0.12427026116277862,4.9852631964517675,5.0,5.0,0.0,2.6142849171746407
B_n3,magnitude_state:price_velocity,925,-5.0,5.0,0.22519104853158628,2.254155127386823,-5.0,-4.386933330391055,0.1641727411688354,4.056710019648304,5.0,5.0,0.0,1.5045396871830479
B_n3,magnitude_state:price_velocity^2,925,-5.0,5.0,-0.1253893793600005,2.6951786083612905,-5.0,-5.0,0.2214579504075457,5.0,5.0,5.0,0.0,2.4123559496961313
B_n3,magnitude_state:price_velocity^3,925,-5.0,5.0,-0.419229495378327,2.7837135410248717,-5.0,-5.0,-0.13184828305189208,4.967601998097899,5.0,5.0,0.0,4.558492260017631
B_n3,magnitude_state:price_velocity_x_acceleration,925,0.0,0.0,0.0,0.0,0.0,0.0,0.0,0.0,0.0,0.0,0.0,0.0
B_n3,magnitude_state:relative_volume,925,-5.0,5.0,0.7039245845473062,1.9790128726006841,-1.697671305251283,-1.16288222060242,-0.11614556559906464,4.3592036883991465,4.534823410460493,5.0,0.0,0.8430685200155136
B_n3,magnitude_state:relative_volume^2,925,-5.0,0.323046916736868,-2.2001370467462738,2.0317790855561397,-4.933884343020289,-4.9098015830208634,-2.9608302957576806,0.1647846094202365,0.24537150914753797,5.0,0.0,-3.581356421332471
B_n3,magnitude_state:relative_volume^3,925,-0.08466753158938059,0.8797111355499712,0.40429506150021677,0.36707567685291187,-0.06363083573139149,-0.050240125368234884,0.6225154305892053,0.8119662152079632,0.8304654482183564,0.8797111355499712,0.0,0.8084946246715904
B_n3,magnitude_state:relative_volume_x_price_velocity,925,0.0,0.0,0.0,0.0,0.0,0.0,0.0,0.0,0.0,0.0,0.0,0.0
B_n3,magnitude_state:spread,925,0.0,0.0,0.0,0.0,0.0,0.0,0.0,0.0,0.0,0.0,0.0,0.0
B_n3,magnitude_state:spread^2,925,0.0,0.0,0.0,0.0,0.0,0.0,0.0,0.0,0.0,0.0,0.0,0.0
B_n3,magnitude_state:spread^3,925,0.0,0.0,0.0,0.0,0.0,0.0,0.0,0.0,0.0,0.0,0.0,0.0
B_n3,magnitude_state:spread_change,925,0.0,0.0,0.0,0.0,0.0,0.0,0.0,0.0,0.0,0.0,0.0,0.0
B_n3,magnitude_state:spread_change^2,925,0.0,0.0,0.0,0.0,0.0,0.0,0.0,0.0,0.0,0.0,0.0,0.0
B_n3,magnitude_state:spread_change^3,925,0.0,0.0,0.0,0.0,0.0,0.0,0.0,0.0,0.0,0.0,0.0,0.0
B_n3,magnitude_state:volume_density,925,-5.0,5.0,0.7013159065986563,1.9833114525930138,-1.7257922133536063,-1.1896518883384894,-0.10224215482513838,4.3633771169943145,4.5374418895576625,5.0,0.0,0.8154793018042331
B_n3,magnitude_state:volume_density^2,925,-5.0,0.31951862858837055,-2.1950166407396887,2.026801649667343,-4.934622683649814,-4.910938182157931,-2.939612971031956,0.16047370421219406,0.2385608718262525,5.0,0.0,-3.5603670182252745
B_n3,magnitude_state:volume_density^3,925,-0.08293904193779561,1.091026679370221,0.5295762097864359,0.470929757419718,-0.06257782086322664,-0.0486672372183868,0.8340273261542279,1.0249327073941534,1.0418856216664258,1.091026679370221,0.0,1.0197040595940712
B_n3,magnitude_state:volume_density_x_price_displacement,925,0.0,0.0,0.0,0.0,0.0,0.0,0.0,0.0,0.0,0.0,0.0,0.0
B_n3,magnitude_state:volume_log,925,-5.0,5.0,0.7393301635585593,1.6578694196964372,-1.9110886385187484,-1.5658227295716,1.3474772442968956,3.3931631872328607,3.9305227771749958,5.0,0.0,3.0454049906755247
B_n3,magnitude_state:volume_log^2,925,-5.0,0.1691990292974041,-2.7138481590828265,2.2656983426351966,-4.956203233003471,-4.820831948714086,-4.537371498382181,0.06998046440027189,0.10394050889416423,5.0,0.0,-4.598868141291541
B_n3,magnitude_state:volume_log^3,925,-5.0,0.038511744332869614,-2.892413202205671,2.036201094689312,-4.784053398410849,-4.779837339260549,-4.4951795638134895,-0.0051270516283567595,0.0005657614407786217,5.0,0.0,-4.351137655481287
B_n3,magnitude_state:volume_log_x_price_displacement,925,0.0,0.0,0.0,0.0,0.0,0.0,0.0,0.0,0.0,0.0,0.0,0.0
B_n3,magnitude_state:volume_movement_abs,925,-5.0,5.0,-0.2505897910191624,2.343340771145224,-5.0,-4.93477664016742,-0.2287966298089296,4.356138062085442,5.0,5.0,0.0,-0.6353262537158106
B_n3,magnitude_state:volume_movement_abs^2,925,-5.0,5.0,-0.4816441153349144,2.7836604937505176,-5.0,-5.0,0.11964673588671562,4.326794267112976,5.0,5.0,0.0,-0.1838325668730234
B_n3,magnitude_state:volume_movement_abs^3,925,-5.0,5.0,-0.414385986695349,2.932495244516856,-5.0,-5.0,-0.187858558809725,4.999038831500634,5.0,5.0,0.0,-1.8686911893195868
B_n3,magnitude_state:volume_movement_signed,925,-5.0,5.0,-0.010406269575957158,2.14662013027653,-5.0,-4.343037109497789,0.0,3.6433674479559484,5.0,5.0,0.0,-0.6353262537158106
B_n3,magnitude_state:volume_movement_signed^2,925,-5.0,5.0,-0.273965183952953,2.752365822830345,-5.0,-5.0,0.1273354211199235,4.908665201677934,5.0,5.0,0.0,-0.1838325668730234
B_n3,magnitude_state:volume_movement_signed^3,925,-5.0,5.0,-0.47072275241554484,2.864161774989994,-5.0,-5.0,-0.24490233461177735,4.999987044119341,5.0,5.0,0.0,-1.8686911893195868
B_n3,observation_half_life:bias,925,-5.0,5.0,4.619952674399808,1.3401911735862362,-2.7782691615487307,2.669881460745054,5.0,5.0,5.0,5.0,0.0,5.0
B_n3,observation_half_life:directional_volume,925,-5.0,5.0,2.941051512447843,2.8544470615835067,-5.0,-3.7313590914071004,4.568339309678508,5.0,5.0,5.0,0.0,4.105850054324467
B_n3,observation_half_life:directional_volume^2,925,-5.0,5.0,4.546534263241198,1.624438216749864,-5.0,1.913944366812889,5.0,5.0,5.0,5.0,0.0,5.0
B_n3,observation_half_life:directional_volume^3,925,-5.0,5.0,0.1278654958167238,4.078252639962344,-5.0,-5.0,-1.409966075165837,5.0,5.0,5.0,0.0,4.275903795506318
B_n3,observation_half_life:price_acceleration,925,-5.0,5.0,0.6548278391964164,2.7783927850039665,-5.0,-4.719703812374953,0.7040311337509452,5.0,5.0,5.0,0.0,-2.5376453474064373
B_n3,observation_half_life:price_acceleration^2,925,-5.0,5.0,3.6801592104815155,2.815881148088887,-4.996535680059946,-3.8557165643445943,5.0,5.0,5.0,5.0,0.0,5.0
B_n3,observation_half_life:price_acceleration^3,925,-5.0,5.0,0.17558313336649178,3.486860369927114,-5.0,-5.0,0.0,5.0,5.0,5.0,0.0,-3.6038988407508796
B_n3,observation_half_life:price_displacement,925,-5.0,5.0,0.026111181745300124,2.4916227588750934,-5.0,-4.388464195129669,0.0518396164336159,4.582291087963499,5.0,5.0,0.0,1.758264170332381
B_n3,observation_half_life:price_displacement^2,925,-5.0,5.0,3.4224030486303025,2.770106931687086,-5.0,-3.235186943123159,5.0,5.0,5.0,5.0,0.0,5.0
B_n3,observation_half_life:price_displacement^3,925,-5.0,5.0,-0.24192689273521087,2.860731016731489,-5.0,-5.0,-0.27781088173845336,5.0,5.0,5.0,0.0,0.25801054637312865
B_n3,observation_half_life:price_velocity,925,-5.0,5.0,0.011964581082077244,2.5557437145104718,-5.0,-4.530730708522914,0.05133572818965704,4.62360736254284,5.0,5.0,0.0,-5.0
B_n3,observation_half_life:price_velocity^2,925,-5.0,5.0,3.513677081721122,2.7336871908368083,-5.0,-3.2079687762096936,5.0,5.0,5.0,5.0,0.0,5.0
B_n3,observation_half_life:price_velocity^3,925,-5.0,5.0,0.09164316474434889,3.0142254917160445,-5.0,-5.0,0.0,5.0,5.0,5.0,0.0,2.758436900602385
B_n3,observation_half_life:price_velocity_x_acceleration,925,0.0,0.0,0.0,0.0,0.0,0.0,0.0,0.0,0.0,0.0,0.0,0.0
B_n3,observation_half_life:relative_volume,925,-5.0,5.0,-4.443958720467259,1.5685126858831604,-5.0,-5.0,-5.0,-0.5341880448619418,3.1023219508234683,5.0,0.0,-5.0
B_n3,observation_half_life:relative_volume^2,925,-2.3774285536650934,5.0,3.12194614994911,2.1109179497264434,-2.03997613471019,-1.410345976435092,3.3476716609623107,5.0,5.0,5.0,0.0,5.0
B_n3,observation_half_life:relative_volume^3,925,-2.6834773284257984,0.0,-1.343956005675572,0.6989979406900879,-2.6695147451183043,-2.579006531694356,-1.2975837989855747,-0.287779843333567,0.0,2.6834773284257984,0.0,-2.6834773284257984
B_n3,observation_half_life:relative_volume_x_price_velocity,925,0.0,0.0,0.0,0.0,0.0,0.0,0.0,0.0,0.0,0.0,0.0,0.0
B_n3,observation_half_life:spread,925,0.0,0.0,0.0,0.0,0.0,0.0,0.0,0.0,0.0,0.0,0.0,0.0
B_n3,observation_half_life:spread^2,925,0.0,0.0,0.0,0.0,0.0,0.0,0.0,0.0,0.0,0.0,0.0,0.0
B_n3,observation_half_life:spread^3,925,0.0,0.0,0.0,0.0,0.0,0.0,0.0,0.0,0.0,0.0,0.0,0.0
B_n3,observation_half_life:spread_change,925,0.0,0.0,0.0,0.0,0.0,0.0,0.0,0.0,0.0,0.0,0.0,0.0
B_n3,observation_half_life:spread_change^2,925,0.0,0.0,0.0,0.0,0.0,0.0,0.0,0.0,0.0,0.0,0.0,0.0
B_n3,observation_half_life:spread_change^3,925,0.0,0.0,0.0,0.0,0.0,0.0,0.0,0.0,0.0,0.0,0.0,0.0
B_n3,observation_half_life:volume_density,925,-5.0,5.0,-4.443589644158971,1.5713543229946465,-5.0,-5.0,-5.0,-0.5301179725443798,3.112383428730331,5.0,0.0,-5.0
B_n3,observation_half_life:volume_density^2,925,-3.63968346093215,5.0,2.6188658763831865,2.4671634205037765,-3.306145750206993,-2.679951674392243,3.201857738425256,5.0,5.0,5.0,0.0,5.0
B_n3,observation_half_life:volume_density^3,925,-2.4265655207044117,0.0,-1.1939322733489726,0.6257044181395065,-2.4126176428667976,-2.321916222438027,-1.2337731004426222,-0.2880988245957379,0.0,2.4265655207044117,0.0,-2.4265655207044117
B_n3,observation_half_life:volume_density_x_price_displacement,925,0.0,0.0,0.0,0.0,0.0,0.0,0.0,0.0,0.0,0.0,0.0,0.0
B_n3,observation_half_life:volume_log,925,-5.0,5.0,-4.451071543910048,1.3659117097350761,-5.0,-5.0,-5.0,-1.2837499152140386,0.6332630477572464,5.0,0.0,-5.0
B_n3,observation_half_life:volume_log^2,925,-5.0,5.0,1.6991010357465781,2.8162506196445114,-4.3360387920920545,-3.3107666722146103,1.5719719192786732,5.0,5.0,5.0,0.0,4.686768597516263
B_n3,observation_half_life:volume_log^3,925,-5.0,4.787856548968013,-1.7456119346470749,3.949872220861871,-5.0,-5.0,-4.743404330093697,4.42084387911903,4.591991666444071,5.0,0.0,-5.0
B_n3,observation_half_life:volume_log_x_price_displacement,925,0.0,0.0,0.0,0.0,0.0,0.0,0.0,0.0,0.0,0.0,0.0,0.0
B_n3,observation_half_life:volume_movement_abs,925,-5.0,5.0,-0.9997340199089659,2.4849594627996723,-5.0,-5.0,-0.9707226097179666,3.9859757200578096,5.0,5.0,0.0,1.1891644873032434
B_n3,observation_half_life:volume_movement_abs^2,925,-5.0,5.0,3.085677993636199,3.122268245748943,-5.0,-4.215812716804634,5.0,5.0,5.0,5.0,0.0,5.0
B_n3,observation_half_life:volume_movement_abs^3,925,-5.0,5.0,-1.1249955771480191,3.0306086518148736,-5.0,-5.0,-1.0928160889255136,5.0,5.0,5.0,0.0,-1.6064481559003352
B_n3,observation_half_life:volume_movement_signed,925,-5.0,5.0,-0.06078392663029508,2.5389643064518768,-5.0,-4.654039536732112,0.05830448520912346,4.099798365666623,5.0,5.0,0.0,1.4321641513993155
B_n3,observation_half_life:volume_movement_signed^2,925,-5.0,5.0,3.2697004420655436,2.9737867611183684,-5.0,-3.9382860743623955,5.0,5.0,5.0,5.0,0.0,5.0
B_n3,observation_half_life:volume_movement_signed^3,925,-5.0,5.0,-0.7403224568903971,2.781142558931068,-5.0,-5.0,-0.7603849420945945,5.0,5.0,5.0,0.0,-1.6064481559003352
B_n3,persistence:bias,925,-5.0,5.0,-0.18887360054739252,1.8341406417315507,-5.0,-3.679441821534641,0.01703941394344674,2.9358730309813494,4.887329326544977,5.0,0.0,4.364943660592112
B_n3,persistence:directional_volume,925,-5.0,5.0,0.5262537784828104,2.3361661312978055,-5.0,-3.798973150309347,0.7690503138324575,3.883690712219137,5.0,5.0,0.0,-1.1144072876301045
B_n3,persistence:directional_volume^2,925,-5.0,5.0,-0.5353926308065994,2.294180801371031,-5.0,-4.215899419167097,-0.2562016667510627,2.2346810916133455,5.0,5.0,0.0,-1.6651712478994436
B_n3,persistence:directional_volume^3,925,-5.0,5.0,-1.6377463181468506,2.586056749946544,-5.0,-4.998973735991605,-2.1870813967911924,4.86218658880837,5.0,5.0,0.0,-3.8173181155043983
B_n3,persistence:price_acceleration,925,-5.0,5.0,1.6240344452916118,2.5604795376928546,-5.0,-4.327412522368686,1.9240558842019946,5.0,5.0,5.0,0.0,3.021731939377508
B_n3,persistence:price_acceleration^2,925,-5.0,5.0,-0.08853655420122532,3.3112673806758854,-5.0,-5.0,0.0,5.0,5.0,5.0,0.0,4.999906321929366
B_n3,persistence:price_acceleration^3,925,-5.0,5.0,0.18599468348290765,3.275449458060726,-5.0,-5.0,0.0035861286410265912,5.0,5.0,5.0,0.0,2.872069344440328
B_n3,persistence:price_displacement,925,-5.0,5.0,0.11851381595227947,2.219257586410847,-5.0,-4.368677732698507,0.149137316343386,3.9452584664057904,5.0,5.0,0.0,-0.21979098090448995
B_n3,persistence:price_displacement^2,925,-5.0,5.0,-0.18253619755528677,2.771351544745212,-5.0,-5.0,0.21520966879636694,5.0,5.0,5.0,0.0,1.2092615227535652
B_n3,persistence:price_displacement^3,925,-5.0,5.0,-0.4503687601807602,2.786767433359804,-5.0,-5.0,-0.1350804922129197,4.985265541539775,5.0,5.0,0.0,3.001021229187558
B_n3,persistence:price_velocity,925,-5.0,5.0,0.25190712879922245,2.245251220136913,-5.0,-4.3341162863970215,0.25615659932497237,4.042019901866566,5.0,5.0,0.0,1.6440810351022408
B_n3,persistence:price_velocity^2,925,-5.0,5.0,-0.12915674189908607,2.708379165816792,-5.0,-5.0,0.2385790452487645,5.0,5.0,5.0,0.0,2.49767915113085
B_n3,persistence:price_velocity^3,925,-5.0,5.0,-0.47507043871108773,2.757996064308174,-5.0,-5.0,-0.16002011137273564,4.967354284686187,5.0,5.0,0.0,4.518170806820261
B_n3,persistence:price_velocity_x_acceleration,925,0.0,0.0,0.0,0.0,0.0,0.0,0.0,0.0,0.0,0.0,0.0,0.0
B_n3,persistence:relative_volume,925,-5.0,5.0,0.8574697719465944,1.9187110368121667,-1.612108860120753,-1.036142017348895,-0.002619525072648896,4.3533374484695475,4.533911244998765,5.0,0.0,1.0982633127051828
B_n3,persistence:relative_volume^2,925,-5.0,0.22722022526661348,-2.2431427805217137,2.0013045780670717,-4.933753060455721,-4.909075679529571,-2.9856608520020185,0.06891163352202075,0.13782434370612207,5.0,0.0,-3.6391886134906035
B_n3,persistence:relative_volume^3,925,-0.053082104504269645,0.9098507227389285,0.4271572748749578,0.36753934281280615,-0.03537078633328137,-0.022535052095214295,0.6448384313701262,0.8437140801081223,0.8614091909235718,0.9098507227389285,0.0,0.8400596035023128
B_n3,persistence:relative_volume_x_price_velocity,925,0.0,0.0,0.0,0.0,0.0,0.0,0.0,0.0,0.0,0.0,0.0,0.0
B_n3,persistence:spread,925,0.0,0.0,0.0,0.0,0.0,0.0,0.0,0.0,0.0,0.0,0.0,0.0
B_n3,persistence:spread^2,925,0.0,0.0,0.0,0.0,0.0,0.0,0.0,0.0,0.0,0.0,0.0,0.0
B_n3,persistence:spread^3,925,0.0,0.0,0.0,0.0,0.0,0.0,0.0,0.0,0.0,0.0,0.0,0.0
B_n3,persistence:spread_change,925,0.0,0.0,0.0,0.0,0.0,0.0,0.0,0.0,0.0,0.0,0.0,0.0
B_n3,persistence:spread_change^2,925,0.0,0.0,0.0,0.0,0.0,0.0,0.0,0.0,0.0,0.0,0.0,0.0
B_n3,persistence:spread_change^3,925,0.0,0.0,0.0,0.0,0.0,0.0,0.0,0.0,0.0,0.0,0.0,0.0
B_n3,persistence:volume_density,925,-5.0,5.0,0.8547186434467814,1.9236781445630142,-1.6402745825711678,-1.0629488694249136,0.0,4.357531294860174,4.536530047535341,5.0,0.0,1.0706677970754452
B_n3,persistence:volume_density^2,925,-5.0,0.22380606505299674,-2.2379979759000284,1.9963803403492737,-4.934491518647358,-4.910217340825293,-2.9644602381503944,0.06557031101286323,0.13117209523845472,5.0,0.0,-3.618209906961013
B_n3,persistence:volume_density^3,925,-0.0524031749394489,1.1191563381825462,0.5512684391909577,0.47038761615060554,-0.03420448855077344,-0.020769246451348082,0.8544997432190717,1.0529266171117784,1.0708165699379881,1.1191563381825462,0.0,1.0492559328019022
B_n3,persistence:volume_density_x_price_displacement,925,0.0,0.0,0.0,0.0,0.0,0.0,0.0,0.0,0.0,0.0,0.0,0.0
B_n3,persistence:volume_log,925,-5.0,5.0,0.8636174690596254,1.5801578370264655,-1.6618672994443404,-1.3217860031356745,1.4318573489613904,3.449703439913072,3.952499487416733,5.0,0.0,3.0996677177229803
B_n3,persistence:volume_log^2,925,-5.0,0.16059676182869845,-2.7158090696860357,2.2765776511694966,-4.955923392775442,-4.819758927093549,-4.555581573104596,0.09586664027771499,0.11567891486099298,5.0,0.0,-4.613183720500485
B_n3,persistence:volume_log^3,925,-5.0,0.07055555704474614,-2.8552026432468836,2.073015397363732,-4.782299070482129,-4.7780950740779025,-4.490993050533365,-0.0005380236157397593,0.008290001997626468,5.0,0.0,-4.338266126153352
B_n3,persistence:volume_log_x_price_displacement,925,0.0,0.0,0.0,0.0,0.0,0.0,0.0,0.0,0.0,0.0,0.0,0.0
B_n3,persistence:volume_movement_abs,925,-5.0,5.0,-0.1767884351218913,2.3666846983855616,-5.0,-4.918930877988468,-0.03668124023967094,4.345760887847574,5.0,5.0,0.0,-0.6120635733486641
B_n3,persistence:volume_movement_abs^2,925,-5.0,5.0,-0.6101749247531348,2.7291751977856946,-5.0,-5.0,-0.001734248507662937,4.3110762124463005,5.0,5.0,0.0,0.01584238952428677
B_n3,persistence:volume_movement_abs^3,925,-5.0,5.0,-0.4801945548558528,2.9211398491770924,-5.0,-5.0,-0.20683058898033277,4.996242842345705,5.0,5.0,0.0,-1.6239585840968287
B_n3,persistence:volume_movement_signed,925,-5.0,5.0,0.029722666929707386,2.1370574480616966,-5.0,-4.292113297254849,0.07010768980865156,3.6451874835491656,5.0,5.0,0.0,-0.6120635733486641
B_n3,persistence:volume_movement_signed^2,925,-5.0,5.0,-0.2555133302916475,2.7451523563390525,-5.0,-5.0,0.16629422143661415,4.907065411686466,5.0,5.0,0.0,0.01584238952428677
B_n3,persistence:volume_movement_signed^3,925,-5.0,5.0,-0.541950355044574,2.840071657311537,-5.0,-5.0,-0.3506858514100734,4.998558109729562,5.0,5.0,0.0,-1.6239585840968287
B_n3,perturbation_state:bias,925,-5.0,5.0,0.19218340060234793,1.8263886754949215,-5.0,-3.0971919403875785,0.02804325790654176,3.296842553858004,5.0,5.0,0.0,-4.259483650835702
B_n3,perturbation_state:directional_volume,925,-5.0,5.0,-0.5212764559711847,2.3343416789934914,-5.0,-3.8593013412754686,-0.7538933268932818,3.9168772218550068,5.0,5.0,0.0,1.1578796747182745
B_n3,perturbation_state:directional_volume^2,925,-5.0,5.0,0.5201676802693027,2.315369438088977,-5.0,-2.177496686253988,0.040466696260278184,4.39063105231514,5.0,5.0,0.0,1.7533934931328028
B_n3,perturbation_state:directional_volume^3,925,-5.0,5.0,1.7611728211079738,2.4703724304881542,-5.0,-3.3817975864121634,2.207027667903758,4.999632682358483,5.0,5.0,0.0,3.8066367963601317
B_n3,perturbation_state:price_acceleration,925,-5.0,5.0,-1.6302746092973839,2.5418228607747904,-5.0,-5.0,-1.9333534598729214,4.303920735883172,5.0,5.0,0.0,-3.079280217299721
B_n3,perturbation_state:price_acceleration^2,925,-5.0,5.0,-0.001786306828030934,3.272112185784122,-5.0,-5.0,0.0,5.0,5.0,5.0,0.0,-4.999905193347221
B_n3,perturbation_state:price_acceleration^3,925,-5.0,5.0,-0.18259868341523278,3.2717452350970806,-5.0,-5.0,-0.03164087039563294,5.0,5.0,5.0,0.0,-2.895569394927292
B_n3,perturbation_state:price_displacement,925,-5.0,5.0,-0.1467957229972185,2.2137072991843803,-5.0,-3.9648970547694167,-0.08266678371635201,4.3443011406493275,5.0,5.0,0.0,0.17551499879950322
B_n3,perturbation_state:price_displacement^2,925,-5.0,5.0,0.28469093195321377,2.754366979144762,-5.0,-5.0,-0.11928411739505503,5.0,5.0,5.0,0.0,-1.294999209428121
B_n3,perturbation_state:price_displacement^3,925,-5.0,5.0,0.48267832996835447,2.78088479778501,-5.0,-4.985050694500268,0.11797394724195628,5.0,5.0,5.0,0.0,-3.0640034537145056
B_n3,perturbation_state:price_velocity,925,-5.0,5.0,-0.27719841591033145,2.238552272641023,-5.0,-4.100419472421804,-0.1506689453333681,4.23869157125696,5.0,5.0,0.0,-1.674395336008907
B_n3,perturbation_state:price_velocity^2,925,-5.0,5.0,0.23579564111688284,2.693531405615237,-5.0,-5.0,-0.13075021581909382,5.0,5.0,5.0,0.0,-2.5299225526168794
B_n3,perturbation_state:price_velocity^3,925,-5.0,5.0,0.5126575782335535,2.7506228379610906,-5.0,-4.967318583271652,0.11797394724195628,5.0,5.0,5.0,0.0,-4.508784010381724
B_n3,perturbation_state:price_velocity_x_acceleration,925,0.0,0.0,0.0,0.0,0.0,0.0,0.0,0.0,0.0,0.0,0.0,0.0
B_n3,perturbation_state:relative_volume,925,-5.0,5.0,-0.7219381628567062,2.000462057840742,-4.539657667803885,-4.366698043667393,0.2589121704904851,1.03285982684999,1.585295965036156,5.0,0.0,-1.1676609686811
B_n3,perturbation_state:relative_volume^2,925,-0.393495780170314,5.0,2.192989011092823,2.06550918811263,-0.31044558424619917,-0.235135902003161,2.9946614268768044,4.910833318840356,4.934571242510775,5.0,0.0,3.649044000347392
B_n3,perturbation_state:relative_volume^3,925,-0.8669014466080892,0.10469576101785365,-0.384628358152398,0.3646928588471945,-0.8189401344971746,-0.8015633053643548,-0.6025008857990163,0.07232687325409835,0.08651428136932086,0.8669014466080892,0.0,-0.797915450727905
B_n3,perturbation_state:relative_volume_x_price_velocity,925,0.0,0.0,0.0,0.0,0.0,0.0,0.0,0.0,0.0,0.0,0.0,0.0
B_n3,perturbation_state:spread,925,0.0,0.0,0.0,0.0,0.0,0.0,0.0,0.0,0.0,0.0,0.0,0.0
B_n3,perturbation_state:spread^2,925,0.0,0.0,0.0,0.0,0.0,0.0,0.0,0.0,0.0,0.0,0.0,0.0
B_n3,perturbation_state:spread^3,925,0.0,0.0,0.0,0.0,0.0,0.0,0.0,0.0,0.0,0.0,0.0,0.0
B_n3,perturbation_state:spread_change,925,0.0,0.0,0.0,0.0,0.0,0.0,0.0,0.0,0.0,0.0,0.0,0.0
B_n3,perturbation_state:spread_change^2,925,0.0,0.0,0.0,0.0,0.0,0.0,0.0,0.0,0.0,0.0,0.0,0.0
B_n3,perturbation_state:spread_change^3,925,0.0,0.0,0.0,0.0,0.0,0.0,0.0,0.0,0.0,0.0,0.0,0.0
B_n3,perturbation_state:volume_density,925,-5.0,5.0,-0.7108554613161392,2.0083481274605717,-4.542245431054547,-4.3708244171755,0.2643121802606879,1.0617107788284512,1.6134557346368756,5.0,0.0,-1.140017315925983
B_n3,perturbation_state:volume_density^2,925,-0.39899903661435404,5.0,2.185288959485009,2.063539926383078,-0.3130918714416651,-0.24049764643992214,2.9734634763119563,4.911956686265777,4.935300861086918,5.0,0.0,3.628055301228064
B_n3,perturbation_state:volume_density^3,925,-1.0742977159468377,0.1057831609989464,-0.5069920404499664,0.46734163290201064,-1.0264383979511749,-1.0088657335877882,-0.8104374233010332,0.07272926868391925,0.08760472358174062,1.0742977159468377,0.0,-1.0052032219095914
B_n3,perturbation_state:volume_density_x_price_displacement,925,0.0,0.0,0.0,0.0,0.0,0.0,0.0,0.0,0.0,0.0,0.0,0.0
B_n3,perturbation_state:volume_log,925,-5.0,5.0,-1.069268901699744,1.3883185028165337,-3.9641282367656014,-3.46332940609832,-1.4635943473078465,0.6528675639207245,1.1751122372385852,5.0,0.0,-3.125727607400815
B_n3,perturbation_state:volume_log^2,925,-0.9597179914656935,5.0,2.482217818158542,2.5711112900096356,-0.9155941014465677,-0.8908313023859465,4.557833700281493,4.8230026123465235,4.9568723055124195,5.0,0.0,4.620727647027303
B_n3,perturbation_state:volume_log^3,925,-0.38367850686874616,5.0,2.6001378072452073,2.359082424486848,-0.35667284556395407,-0.3018388107580562,4.477103572597972,4.776347388605947,4.780718303887135,5.0,0.0,4.325204139173472
B_n3,perturbation_state:volume_log_x_price_displacement,925,0.0,0.0,0.0,0.0,0.0,0.0,0.0,0.0,0.0,0.0,0.0,0.0
B_n3,perturbation_state:volume_movement_abs,925,-5.0,5.0,0.08973043611026513,2.2829352043103777,-5.0,-4.365197526703419,0.0,4.670015479138228,5.0,5.0,0.0,0.6088380886582626
B_n3,perturbation_state:volume_movement_abs^2,925,-5.0,5.0,0.4852497726807802,2.7797709302349083,-5.0,-4.893666310352145,0.0,5.0,5.0,5.0,0.0,-0.08983210169641684
B_n3,perturbation_state:volume_movement_abs^3,925,-5.0,5.0,0.3602774506683124,2.904869474570593,-5.0,-4.998698556472282,0.1567460455670389,5.0,5.0,5.0,0.0,1.5880241610047594
B_n3,perturbation_state:volume_movement_signed,925,-5.0,5.0,-0.03849472226888957,2.13453234672598,-5.0,-3.681024769425369,-0.03219252160303722,4.281984005283417,5.0,5.0,0.0,0.6088380886582626
B_n3,perturbation_state:volume_movement_signed^2,925,-5.0,5.0,0.28463604399396025,2.72891753359967,-5.0,-4.904666670762377,-0.08116269955435196,5.0,5.0,5.0,0.0,-0.08983210169641684
B_n3,perturbation_state:volume_movement_signed^3,925,-5.0,5.0,0.6534637050078373,2.7856719973340844,-5.0,-4.990267683057477,0.30918083266560065,5.0,5.0,5.0,0.0,1.5880241610047594
B_n3,reinforcement:bias,925,-5.0,5.0,-0.24049777913708673,1.826525763519322,-5.0,-3.587524372184668,-0.01943220448784544,2.8623905812717068,4.852438087984318,5.0,0.0,4.256981695258343
B_n3,reinforcement:directional_volume,925,-5.0,5.0,0.5152185320620498,2.332927622849482,-5.0,-3.850758067799785,0.7630627836198112,3.861899861053034,5.0,5.0,0.0,-1.139983456876586
B_n3,reinforcement:directional_volume^2,925,-5.0,5.0,-0.5816051083151488,2.2982380051896496,-5.0,-4.320003498179873,-0.27619463812695155,2.1925412015331682,5.0,5.0,0.0,-1.7056287728913702
B_n3,reinforcement:directional_volume^3,925,-5.0,5.0,-1.638340673752628,2.591196203728017,-5.0,-4.998990878907846,-2.207846108088061,4.858776656010293,5.0,5.0,0.0,-3.810107779137881
B_n3,reinforcement:price_acceleration,925,-5.0,5.0,1.6372625053297905,2.5661611715431443,-5.0,-4.334789140168194,1.940147503060155,5.0,5.0,5.0,0.0,3.041803890888634
B_n3,reinforcement:price_acceleration^2,925,-5.0,5.0,-0.07084926673802415,3.320810014200899,-5.0,-5.0,0.0,5.0,5.0,5.0,0.0,4.999906630729459
B_n3,reinforcement:price_acceleration^3,925,-5.0,5.0,0.17379271257180728,3.2992157589813638,-5.0,-5.0,0.004169121508663239,5.0,5.0,5.0,0.0,2.8052804889830445
B_n3,reinforcement:price_displacement,925,-5.0,5.0,0.11829014070909484,2.22236719367622,-5.0,-4.372114551886113,0.15953943694881054,3.9519304465157172,5.0,5.0,0.0,-0.24177627030459495
B_n3,reinforcement:price_displacement^2,925,-5.0,5.0,-0.19828943497165885,2.771592950531866,-5.0,-5.0,0.17337718786288336,5.0,5.0,5.0,0.0,1.2728737882157877
B_n3,reinforcement:price_displacement^3,925,-5.0,5.0,-0.4647760317826697,2.7934076358878026,-5.0,-5.0,-0.13485249126191082,4.985046073190153,5.0,5.0,0.0,3.0098705464012148
B_n3,reinforcement:price_velocity,925,-5.0,5.0,0.25210169722380393,2.249457976268153,-5.0,-4.344715052147236,0.277343329791153,4.029138150786265,5.0,5.0,0.0,1.6645885347083722
B_n3,reinforcement:price_velocity^2,925,-5.0,5.0,-0.14768667560992343,2.709157331458368,-5.0,-5.0,0.22157730714648535,5.0,5.0,5.0,0.0,2.456011785972912
B_n3,reinforcement:price_velocity^3,925,-5.0,5.0,-0.4934746560533878,2.7652803632341394,-5.0,-5.0,-0.14811630466738077,4.968819174089297,5.0,5.0,0.0,4.501681546174594
B_n3,reinforcement:price_velocity_x_acceleration,925,0.0,0.0,0.0,0.0,0.0,0.0,0.0,0.0,0.0,0.0,0.0,0.0
B_n3,reinforcement:relative_volume,925,-5.0,5.0,0.85282081441455,1.9297659547325532,-1.6065116271972795,-1.0244919566219934,-0.023515264762809636,4.364340388104398,4.5370862250364645,5.0,0.0,1.103701796422119
B_n3,reinforcement:relative_volume^2,925,-5.0,0.24301747559287123,-2.2376833127639837,2.0090622283180215,-4.934210767557154,-4.910474857758802,-2.9887692707854256,0.08524128573226451,0.159857036889561,5.0,0.0,-3.6321292824401197
B_n3,reinforcement:relative_volume^3,925,-0.05911632182602021,0.9080233130426869,0.42386655034363596,0.36843014724371,-0.04123806806716851,-0.028458603259396923,0.6470683041422187,0.842346546876743,0.8596532149373923,0.9080233130426869,0.0,0.8387271644202635
B_n3,reinforcement:relative_volume_x_price_velocity,925,0.0,0.0,0.0,0.0,0.0,0.0,0.0,0.0,0.0,0.0,0.0,0.0
B_n3,reinforcement:spread,925,0.0,0.0,0.0,0.0,0.0,0.0,0.0,0.0,0.0,0.0,0.0,0.0
B_n3,reinforcement:spread^2,925,0.0,0.0,0.0,0.0,0.0,0.0,0.0,0.0,0.0,0.0,0.0,0.0
B_n3,reinforcement:spread^3,925,0.0,0.0,0.0,0.0,0.0,0.0,0.0,0.0,0.0,0.0,0.0,0.0
B_n3,reinforcement:spread_change,925,0.0,0.0,0.0,0.0,0.0,0.0,0.0,0.0,0.0,0.0,0.0,0.0
B_n3,reinforcement:spread_change^2,925,0.0,0.0,0.0,0.0,0.0,0.0,0.0,0.0,0.0,0.0,0.0,0.0
B_n3,reinforcement:spread_change^3,925,0.0,0.0,0.0,0.0,0.0,0.0,0.0,0.0,0.0,0.0,0.0,0.0
B_n3,reinforcement:volume_density,925,-5.0,5.0,0.8501111360429167,1.9345067787403818,-1.6347374028592279,-1.0524648378965473,-0.004596209381167109,4.368448239635906,4.53968383309581,5.0,0.0,1.0759464982911358
B_n3,reinforcement:volume_density^2,925,-5.0,0.23955269558526762,-2.2325453667981026,2.004099996947361,-4.9349431189235045,-4.9115945927743665,-2.9675536220687104,0.08142391123929192,0.15335645097987555,5.0,0.0,-3.611113799801549
B_n3,reinforcement:volume_density^3,925,-0.05821368192606903,1.1166621170165354,0.5476065806661404,0.4710385541760084,-0.04011112516516801,-0.026636757023581228,0.8560666469889853,1.050891496727192,1.0683936723975025,1.1166621170165354,0.0,1.0472568720093118
B_n3,reinforcement:volume_density_x_price_displacement,925,0.0,0.0,0.0,0.0,0.0,0.0,0.0,0.0,0.0,0.0,0.0,0.0
B_n3,reinforcement:volume_log,925,-5.0,5.0,0.8583827870588753,1.6077630136382046,-1.7062838609232946,-1.3684313608785545,1.450711858353797,3.459244891814148,3.954560814109254,5.0,0.0,3.121940436797492
B_n3,reinforcement:volume_log^2,925,-5.0,0.15935397556851075,-2.7174492354050837,2.279402330043259,-4.956589411787684,-4.82260243070077,-4.556902794805266,0.09337609742165144,0.11588768491961797,5.0,0.0,-4.617839391257259
B_n3,reinforcement:volume_log^3,925,-5.0,0.062272840890491975,-2.854157173978668,2.0622037979325643,-4.781195035478765,-4.776678741091139,-4.473377347470447,-0.0009421904969293447,0.0019385170549541934,5.0,0.0,-4.322687590305176
B_n3,reinforcement:volume_log_x_price_displacement,925,0.0,0.0,0.0,0.0,0.0,0.0,0.0,0.0,0.0,0.0,0.0,0.0
B_n3,reinforcement:volume_movement_abs,925,-5.0,5.0,-0.1597079874745542,2.3637121522771567,-5.0,-4.921876782170614,-0.02027400517923933,4.354402034727459,5.0,5.0,0.0,-0.6361868670762434
B_n3,reinforcement:volume_movement_abs^2,925,-5.0,5.0,-0.6312990234756242,2.7450475988136462,-5.0,-5.0,-0.03601875225168592,4.325542657419109,5.0,5.0,0.0,0.022312243897747656
B_n3,reinforcement:volume_movement_abs^3,925,-5.0,5.0,-0.46567333849613823,2.9250628066679707,-5.0,-5.0,-0.2165847087614533,4.9972264600806025,5.0,5.0,0.0,-1.5164735484832503
B_n3,reinforcement:volume_movement_signed,925,-5.0,5.0,0.03264384989279755,2.139584560444299,-5.0,-4.281272570443328,0.08577675967683218,3.653111744476989,5.0,5.0,0.0,-0.6361868670762434
B_n3,reinforcement:volume_movement_signed^2,925,-5.0,5.0,-0.273145907863186,2.7475507269733423,-5.0,-5.0,0.08773387092207807,4.906437255931402,5.0,5.0,0.0,0.022312243897747656
B_n3,reinforcement:volume_movement_signed^3,925,-5.0,5.0,-0.5555311637307501,2.8504499769603613,-5.0,-5.0,-0.3670032333828248,4.998702225959452,5.0,5.0,0.0,-1.5164735484832503
B_n3,reversal_tendency:bias,925,-5.0,5.0,0.23731752669609507,1.7766620697610234,-4.7950761003268,-2.9125907408471545,0.04594958688848029,3.2391933132619797,5.0,5.0,0.0,-4.217045060181259
B_n3,reversal_tendency:directional_volume,925,-5.0,5.0,-0.5450744209443517,2.3178595994229667,-5.0,-3.8661294415067555,-0.8021600878748857,3.8477824350013274,5.0,5.0,0.0,1.2077851393082346
B_n3,reversal_tendency:directional_volume^2,925,-5.0,5.0,0.6747057689951809,2.345519836375556,-5.0,-2.148904236372261,0.2933462280109245,4.55983247207274,5.0,5.0,0.0,1.7820272484337463
B_n3,reversal_tendency:directional_volume^3,925,-5.0,5.0,1.6554853316901754,2.5827662487341962,-5.0,-4.859086850838404,2.222553770330489,4.999340706232937,5.0,5.0,0.0,3.829059419030531
B_n3,reversal_tendency:price_acceleration,925,-5.0,5.0,-1.6231269954620122,2.56292583123689,-5.0,-5.0,-1.947491246413087,4.315485677838515,5.0,5.0,0.0,-3.144018691158597
B_n3,reversal_tendency:price_acceleration^2,925,-5.0,5.0,0.03951912094581112,3.2930269607606957,-5.0,-5.0,0.0,5.0,5.0,5.0,0.0,-4.9999032899565545
B_n3,reversal_tendency:price_acceleration^3,925,-5.0,5.0,-0.1995203126492998,3.266136445030104,-5.0,-5.0,-0.0015459353335172121,5.0,5.0,5.0,0.0,-2.9092862036138416
B_n3,reversal_tendency:price_displacement,925,-5.0,5.0,-0.10282734509322168,2.222841630833256,-5.0,-3.961512454380365,-0.11359630589254588,4.382906650244123,5.0,5.0,0.0,0.19917805931856075
B_n3,reversal_tendency:price_displacement^2,925,-5.0,5.0,0.24637707156801647,2.7509064183246763,-5.0,-5.0,-0.1451155295657541,5.0,5.0,5.0,0.0,-1.438669894760428
B_n3,reversal_tendency:price_displacement^3,925,-5.0,5.0,0.48504422593358376,2.7778575093880837,-5.0,-4.988045780826665,0.1884676779691893,5.0,5.0,5.0,0.0,-3.0815656558236793
B_n3,reversal_tendency:price_velocity,925,-5.0,5.0,-0.23416234664159005,2.252433962291061,-5.0,-4.008364623047686,-0.18202962240795442,4.347798976800978,5.0,5.0,0.0,-1.7216929992596381
B_n3,reversal_tendency:price_velocity^2,925,-5.0,5.0,0.1996661546407496,2.690541022062553,-5.0,-5.0,-0.17364981511664335,5.0,5.0,5.0,0.0,-2.5757671355467937
B_n3,reversal_tendency:price_velocity^3,925,-5.0,5.0,0.5205770387263783,2.7474919623117704,-5.0,-4.970674004347576,0.21155730976484724,5.0,5.0,5.0,0.0,-4.478922905018716
B_n3,reversal_tendency:price_velocity_x_acceleration,925,0.0,0.0,0.0,0.0,0.0,0.0,0.0,0.0,0.0,0.0,0.0,0.0
B_n3,reversal_tendency:relative_volume,925,-5.0,5.0,-0.8149064008815641,1.9559652814205184,-4.544217093833546,-4.375752505337231,0.03813701980356951,1.0126975119958894,1.585751878344993,5.0,0.0,-1.1772404471587337
B_n3,reversal_tendency:relative_volume^2,925,-0.3011150529499718,5.0,2.2203013270783716,2.0338967109019466,-0.23138599433934862,-0.14567073823882185,2.9952078668914863,4.912065054657135,4.93522329203513,5.0,0.0,3.6471466667923242
B_n3,reversal_tendency:relative_volume^3,925,-0.8856458558723969,0.08189732788270312,-0.40530133672948615,0.3657851065012995,-0.8377836896762275,-0.8206451261029105,-0.6230851791111284,0.047028621924958186,0.05980807965036515,0.8856458558723969,0.0,-0.8169439267048848
B_n3,reversal_tendency:relative_volume_x_price_velocity,925,0.0,0.0,0.0,0.0,0.0,0.0,0.0,0.0,0.0,0.0,0.0,0.0
B_n3,reversal_tendency:spread,925,0.0,0.0,0.0,0.0,0.0,0.0,0.0,0.0,0.0,0.0,0.0,0.0
B_n3,reversal_tendency:spread^2,925,0.0,0.0,0.0,0.0,0.0,0.0,0.0,0.0,0.0,0.0,0.0,0.0
B_n3,reversal_tendency:spread^3,925,0.0,0.0,0.0,0.0,0.0,0.0,0.0,0.0,0.0,0.0,0.0,0.0
B_n3,reversal_tendency:spread_change,925,0.0,0.0,0.0,0.0,0.0,0.0,0.0,0.0,0.0,0.0,0.0,0.0
B_n3,reversal_tendency:spread_change^2,925,0.0,0.0,0.0,0.0,0.0,0.0,0.0,0.0,0.0,0.0,0.0,0.0
B_n3,reversal_tendency:spread_change^3,925,0.0,0.0,0.0,0.0,0.0,0.0,0.0,0.0,0.0,0.0,0.0,0.0
B_n3,reversal_tendency:volume_density,925,-5.0,5.0,-0.8126242684366242,1.9596722895296848,-4.546777926298887,-4.379814558356747,0.03549585134067196,1.0376267804504875,1.6139770580508026,5.0,0.0,-1.149464807497299
B_n3,reversal_tendency:volume_density^2,925,-0.29726033062331797,5.0,2.215265092874791,2.0287492066054447,-0.22426951710095333,-0.1396302984065259,2.973992515600615,4.913171179226537,4.93594526510958,5.0,0.0,3.6261397343241564
B_n3,reversal_tendency:volume_density^3,925,-1.0945799532444753,0.08011736597388354,-0.5292057510933198,0.4684394824254298,-1.0468200468162945,-1.0294830261663046,-0.832340081930912,0.04527438183075289,0.05862058565502134,1.0945799532444753,0.0,-1.0257667417998841
B_n3,reversal_tendency:volume_density_x_price_displacement,925,0.0,0.0,0.0,0.0,0.0,0.0,0.0,0.0,0.0,0.0,0.0,0.0
B_n3,reversal_tendency:volume_log,925,-5.0,5.0,-0.8141925757961582,1.6855286351463725,-3.9662044693190817,-3.479814165597632,-1.4761170851715628,1.5431185693689442,1.8879698621536651,5.0,0.0,-3.1397895927278334
B_n3,reversal_tendency:volume_log^2,925,-0.16351681979251764,5.0,2.7369235044025806,2.261467199932104,-0.07149204564387403,-0.03753798049083423,4.558548839306668,4.825427838042395,4.957823117367233,5.0,0.0,4.623930556709645
B_n3,reversal_tendency:volume_log^3,925,-0.04424676704997987,5.0,2.8920282318764854,2.0290329036944814,-0.0005954157928652422,1.2465546181121235e-05,4.486373969937779,4.775427737781618,4.7800611023691335,5.0,0.0,4.333471509261663
B_n3,reversal_tendency:volume_log_x_price_displacement,925,0.0,0.0,0.0,0.0,0.0,0.0,0.0,0.0,0.0,0.0,0.0,0.0
B_n3,reversal_tendency:volume_movement_abs,925,-5.0,5.0,0.1772721871395297,2.349415358089794,-5.0,-4.374312281393537,0.01838496638827375,4.86525551354149,5.0,5.0,0.0,0.6433173080861444
B_n3,reversal_tendency:volume_movement_abs^2,925,-5.0,5.0,0.6476761542173326,2.7376487412893677,-5.0,-4.323895175478465,0.016197476674467724,5.0,5.0,5.0,0.0,-0.17068455805828903
B_n3,reversal_tendency:volume_movement_abs^3,925,-5.0,5.0,0.4814457745479964,2.887920982612262,-5.0,-4.996919826469822,0.18592985842742482,5.0,5.0,5.0,0.0,1.5077096119071929
B_n3,reversal_tendency:volume_movement_signed,925,-5.0,5.0,-0.011359202932101398,2.137395311302778,-5.0,-3.665348145411553,-0.05920758798214316,4.28731626791561,5.0,5.0,0.0,0.6433173080861444
B_n3,reversal_tendency:volume_movement_signed^2,925,-5.0,5.0,0.32027502268886804,2.737839671740687,-5.0,-4.904143813555122,-0.1468643846076336,5.0,5.0,5.0,0.0,-0.17068455805828903
B_n3,reversal_tendency:volume_movement_signed^3,925,-5.0,5.0,0.5405450283196719,2.8346067711413405,-5.0,-4.999312499364976,0.3493353494532547,5.0,5.0,5.0,0.0,1.5077096119071929
B_n3,strength:bias,925,-5.0,5.0,0.09036490547862729,1.7652913677820674,-5.0,-2.9917644059036217,0.2061482139842476,3.1327018416748684,4.967162058675406,5.0,0.0,4.520392699007085
B_n3,strength:directional_volume,925,-5.0,5.0,0.6116941833906878,2.3570363225322875,-5.0,-3.9050309217906345,0.9231426679777079,3.960413429419858,5.0,5.0,0.0,-1.0174458021193744
B_n3,strength:directional_volume^2,925,-5.0,5.0,-0.5338366801536387,2.348615669376233,-5.0,-4.380950327169613,-0.24871003237496386,2.330654345380993,5.0,5.0,0.0,-1.5420719835288053
B_n3,strength:directional_volume^3,925,-5.0,5.0,-1.6371158327487545,2.584876339784209,-5.0,-4.99903178316581,-2.1914870006998264,4.861325880255076,5.0,5.0,0.0,-3.791548708433585
B_n3,strength:price_acceleration,925,-5.0,5.0,1.6061497995475298,2.5665270874288635,-5.0,-4.328074825014614,1.9229127456194741,5.0,5.0,5.0,0.0,2.909037223669535
B_n3,strength:price_acceleration^2,925,-5.0,5.0,-0.06762679171676253,3.338916121322832,-5.0,-5.0,0.09658734414243275,5.0,5.0,5.0,0.0,4.999908480048629
B_n3,strength:price_acceleration^3,925,-5.0,5.0,0.2229400898860446,3.2866029802843757,-5.0,-5.0,0.14511198324519228,5.0,5.0,5.0,0.0,2.808222573448522
B_n3,strength:price_displacement,925,-5.0,5.0,0.10184388823185242,2.228015456062384,-5.0,-4.370200254881358,0.14298039558630196,3.932558145822516,5.0,5.0,0.0,-0.2963057914426045
B_n3,strength:price_displacement^2,925,-5.0,5.0,-0.19893533459215634,2.766608167816902,-5.0,-5.0,0.15735738975610786,5.0,5.0,5.0,0.0,1.0989772730640843
B_n3,strength:price_displacement^3,925,-5.0,5.0,-0.47741288955933336,2.7943398710758562,-5.0,-5.0,-0.13482657347311694,4.985326598387467,5.0,5.0,0.0,2.844162766614742
B_n3,strength:price_velocity,925,-5.0,5.0,0.23608970117614517,2.252760642932637,-5.0,-4.344569954465738,0.2826800373686574,4.035585480009591,5.0,5.0,0.0,1.519437240973049
B_n3,strength:price_velocity^2,925,-5.0,5.0,-0.14315261842279714,2.70234144382586,-5.0,-5.0,0.21849680120553217,5.0,5.0,5.0,0.0,2.3840766604192516
B_n3,strength:price_velocity^3,925,-5.0,5.0,-0.49562193545484085,2.7684618230888742,-5.0,-5.0,-0.1613575145017163,4.967475897489931,5.0,5.0,0.0,4.520835782329501
B_n3,strength:price_velocity_x_acceleration,925,0.0,0.0,0.0,0.0,0.0,0.0,0.0,0.0,0.0,0.0,0.0,0.0
B_n3,strength:relative_volume,925,-5.0,5.0,0.7231298071811612,1.9570727791319296,-1.6372908338867866,-1.085461012125862,-0.14061692274989526,4.331622704672586,4.5259063915549556,5.0,0.0,1.0197432779499833
B_n3,strength:relative_volume^2,925,-5.0,0.3335359521027622,-2.204063941222309,2.037107166330203,-4.932610112574772,-4.906243703647186,-2.9773375295277704,0.17504130453820865,0.2466683438593917,5.0,0.0,-3.628364651817395
B_n3,strength:relative_volume^3,925,-0.08464332891315586,0.8739720765255461,0.3966191034209038,0.3625306601266278,-0.06679642276944536,-0.05214576445396765,0.6081417014017169,0.8069707630295131,0.8251222329049924,0.8739720765255461,0.0,0.8032892230233303
B_n3,strength:relative_volume_x_price_velocity,925,0.0,0.0,0.0,0.0,0.0,0.0,0.0,0.0,0.0,0.0,0.0,0.0
B_n3,strength:spread,925,0.0,0.0,0.0,0.0,0.0,0.0,0.0,0.0,0.0,0.0,0.0,0.0
B_n3,strength:spread^2,925,0.0,0.0,0.0,0.0,0.0,0.0,0.0,0.0,0.0,0.0,0.0,0.0
B_n3,strength:spread^3,925,0.0,0.0,0.0,0.0,0.0,0.0,0.0,0.0,0.0,0.0,0.0,0.0
B_n3,strength:spread_change,925,0.0,0.0,0.0,0.0,0.0,0.0,0.0,0.0,0.0,0.0,0.0,0.0
B_n3,strength:spread_change^2,925,0.0,0.0,0.0,0.0,0.0,0.0,0.0,0.0,0.0,0.0,0.0,0.0
B_n3,strength:spread_change^3,925,0.0,0.0,0.0,0.0,0.0,0.0,0.0,0.0,0.0,0.0,0.0,0.0
B_n3,strength:volume_density,925,-5.0,5.0,0.71990332119913,1.9613606393183185,-1.6654524650454665,-1.1122653886705405,-0.1353242071301853,4.335908285122851,4.528567652274672,5.0,0.0,0.9921060288622772
B_n3,strength:volume_density^2,925,-5.0,0.33084259138736194,-2.198751292233806,2.0323365435356964,-4.933360705571044,-4.907410544702538,-2.956134986250569,0.17199124393802268,0.2413804928754785,5.0,0.0,-3.6073725719229075
B_n3,strength:volume_density^3,925,-0.08417534458857148,1.0831058875401658,0.5205695799649458,0.46528384499257097,-0.06620035312353456,-0.05079589374995699,0.8175555715156314,1.016019862704433,1.0343579819466882,1.0831058875401658,0.0,1.0123128002919939
B_n3,strength:volume_density_x_price_displacement,925,0.0,0.0,0.0,0.0,0.0,0.0,0.0,0.0,0.0,0.0,0.0,0.0
B_n3,strength:volume_log,925,-5.0,5.0,0.7477619033986849,1.6582499076830177,-1.894873320216412,-1.5378839329266423,1.392803034807148,3.4160293149529246,3.94227458955673,5.0,0.0,3.0671185459153123
B_n3,strength:volume_log^2,925,-5.0,0.2636775921385062,-2.6749180037296005,2.3155027928695193,-4.954417186211045,-4.8148437632345615,-4.550089472724373,0.1965349202746856,0.2198731627181421,5.0,0.0,-4.605275005432381
B_n3,strength:volume_log^3,925,-5.0,0.03701282837720459,-2.8549716043168187,2.0793727114394738,-4.784396446828829,-4.780367010614114,-4.500083847511548,-0.006801066429597606,0.0,5.0,0.0,-4.3469117722915644
B_n3,strength:volume_log_x_price_displacement,925,0.0,0.0,0.0,0.0,0.0,0.0,0.0,0.0,0.0,0.0,0.0,0.0
B_n3,strength:volume_movement_abs,925,-5.0,5.0,-0.18842144929146856,2.342516068101695,-5.0,-4.9269350612792,-0.036455420019652074,4.33516784993311,5.0,5.0,0.0,-0.6436072795252996
B_n3,strength:volume_movement_abs^2,925,-5.0,5.0,-0.6214446298276584,2.7462049683698786,-5.0,-5.0,-0.04667686431838518,4.325237294528635,5.0,5.0,0.0,-0.11521918112337999
B_n3,strength:volume_movement_abs^3,925,-5.0,5.0,-0.4225769785396423,2.935876303416227,-5.0,-5.0,-0.18063255766923714,4.997006959599334,5.0,5.0,0.0,-1.6384895001721322
B_n3,strength:volume_movement_signed,925,-5.0,5.0,0.003548441443072048,2.141460474749491,-5.0,-4.308562500551362,0.05530421856230388,3.630768832363958,5.0,5.0,0.0,-0.6436072795252996
B_n3,strength:volume_movement_signed^2,925,-5.0,5.0,-0.2986480014740188,2.7399024262898872,-5.0,-5.0,0.020378579368219407,4.907651320405013,5.0,5.0,0.0,-0.11521918112337999
B_n3,strength:volume_movement_signed^3,925,-5.0,5.0,-0.5637409855615877,2.8568834372511276,-5.0,-5.0,-0.3949205279590972,4.99893804836395,5.0,5.0,0.0,-1.6384895001721322
B_n3,uncertainty:bias,925,-5.0,5.0,0.15895380348983237,1.746082802540289,-5.0,-2.715071555837119,0.2554808279155115,3.2630139466309633,4.975436997496186,5.0,0.0,4.484756203689396
B_n3,uncertainty:directional_volume,925,-5.0,5.0,0.5821295749690788,2.370268107508374,-5.0,-4.017336863604945,0.8854968551181058,3.9368497887500458,5.0,5.0,0.0,-1.1069259547143722
B_n3,uncertainty:directional_volume^2,925,-5.0,5.0,-0.5927295973546857,2.392102154555936,-5.0,-4.576857296711909,-0.2635112388933383,2.307076332356793,5.0,5.0,0.0,-1.6374947196133451
B_n3,uncertainty:directional_volume^3,925,-5.0,5.0,-1.6308408413437656,2.58487432295386,-5.0,-4.999053601941134,-2.1834234885912758,4.860410600520078,5.0,5.0,0.0,-3.872358257517657
B_n3,uncertainty:price_acceleration,925,-5.0,5.0,1.5770763467671463,2.586447759395341,-5.0,-4.326010420960696,1.9185501759378876,5.0,5.0,5.0,0.0,2.995214194753273
B_n3,uncertainty:price_acceleration^2,925,-5.0,5.0,-0.05066987272924212,3.3326054980116053,-5.0,-5.0,0.17548101223038604,5.0,5.0,5.0,0.0,4.9999070135552195
B_n3,uncertainty:price_acceleration^3,925,-5.0,5.0,0.2384442403073112,3.2783858251055897,-5.0,-5.0,0.1237184465941662,5.0,5.0,5.0,0.0,2.9093065446041586
B_n3,uncertainty:price_displacement,925,-5.0,5.0,0.13559961969044987,2.2225204713315043,-5.0,-4.333199564267537,0.1540535717212354,3.9414180729771817,5.0,5.0,0.0,-0.1999452753643147
B_n3,uncertainty:price_displacement^2,925,-5.0,5.0,-0.2249059915056554,2.763963442738236,-5.0,-5.0,0.13818564288157026,5.0,5.0,5.0,0.0,1.1233332616718739
B_n3,uncertainty:price_displacement^3,925,-5.0,5.0,-0.5075443623291375,2.797723504643829,-5.0,-5.0,-0.18397850549398959,4.9855915925156875,5.0,5.0,0.0,2.98936378932205
B_n3,uncertainty:price_velocity,925,-5.0,5.0,0.2698359128232647,2.2464992721978048,-5.0,-4.224112963759913,0.2745260191045351,4.0475947506791545,5.0,5.0,0.0,1.6347047146530158
B_n3,uncertainty:price_velocity^2,925,-5.0,5.0,-0.1669797184261501,2.7016870644308355,-5.0,-5.0,0.19886352570358407,5.0,5.0,5.0,0.0,2.539489772834089
B_n3,uncertainty:price_velocity^3,925,-5.0,5.0,-0.5273543931285802,2.7689696188145216,-5.0,-5.0,-0.2274932204051098,4.972143446065067,5.0,5.0,0.0,4.540165619249875
B_n3,uncertainty:price_velocity_x_acceleration,925,0.0,0.0,0.0,0.0,0.0,0.0,0.0,0.0,0.0,0.0,0.0,0.0
B_n3,uncertainty:relative_volume,925,-5.0,5.0,0.6913987758241763,1.973355934061284,-1.6326052358505547,-1.0756150102524569,-0.2028859668068776,4.335375589579686,4.5268378594732965,5.0,0.0,0.9990356124836547
B_n3,uncertainty:relative_volume^2,925,-5.0,0.3654565009121369,-2.192114253958229,2.0496615113302816,-4.932743035841129,-4.9067160172074615,-2.9786011606772673,0.2099434343087112,0.2883615474561121,5.0,0.0,-3.6196204038936077
B_n3,uncertainty:relative_volume^3,925,-0.09709080549583213,0.8593481835800609,0.38629629630247875,0.3607469485265869,-0.07699854033363979,-0.06207201912272867,0.5965623878965784,0.792462918089091,0.8105054684372821,0.8593481835800609,0.0,0.7888326094057364
B_n3,uncertainty:relative_volume_x_price_velocity,925,0.0,0.0,0.0,0.0,0.0,0.0,0.0,0.0,0.0,0.0,0.0,0.0
B_n3,uncertainty:spread,925,0.0,0.0,0.0,0.0,0.0,0.0,0.0,0.0,0.0,0.0,0.0,0.0
B_n3,uncertainty:spread^2,925,0.0,0.0,0.0,0.0,0.0,0.0,0.0,0.0,0.0,0.0,0.0,0.0
B_n3,uncertainty:spread^3,925,0.0,0.0,0.0,0.0,0.0,0.0,0.0,0.0,0.0,0.0,0.0,0.0
B_n3,uncertainty:spread_change,925,0.0,0.0,0.0,0.0,0.0,0.0,0.0,0.0,0.0,0.0,0.0,0.0
B_n3,uncertainty:spread_change^2,925,0.0,0.0,0.0,0.0,0.0,0.0,0.0,0.0,0.0,0.0,0.0,0.0
B_n3,uncertainty:spread_change^3,925,0.0,0.0,0.0,0.0,0.0,0.0,0.0,0.0,0.0,0.0,0.0,0.0
B_n3,uncertainty:volume_density,925,-5.0,5.0,0.6889526609930446,1.9768906224594713,-1.6607616245374486,-1.1024047386056126,-0.17840862812962593,4.33967482253723,4.529495970856107,5.0,0.0,0.9715884009285068
B_n3,uncertainty:volume_density^2,925,-5.0,0.36200411848868086,-2.187067343592653,2.04467813488015,-4.933492722295607,-4.9078857733882275,-2.9574032217111883,0.2045144920687928,0.2816088667760699,5.0,0.0,-3.5986806210085067
B_n3,uncertainty:volume_density^3,925,-0.09540352081481913,1.068274104801279,0.5101654635222713,0.46333256984693844,-0.07606042103923363,-0.060689852151564895,0.8056766315125747,1.0019557401686887,1.0195334714944473,1.068274104801279,0.0,0.9976532363553625
B_n3,uncertainty:volume_density_x_price_displacement,925,0.0,0.0,0.0,0.0,0.0,0.0,0.0,0.0,0.0,0.0,0.0,0.0
B_n3,uncertainty:volume_log,925,-5.0,5.0,0.6882683710758216,1.7325082531454057,-2.1025911396366626,-1.7308933194417537,1.3948083735697303,3.419976760548172,3.9423462093812165,5.0,0.0,3.0669736525585125
B_n3,uncertainty:volume_log^2,925,-5.0,0.23807409360733264,-2.6858909728564844,2.3025733255638254,-4.954583818388849,-4.8151369086249,-4.550494899113613,0.1619463262188743,0.19179067281465556,5.0,0.0,-4.605128126000751
B_n3,uncertainty:volume_log^3,925,-5.0,0.02521342472321002,-2.884404471676355,2.048294371274822,-4.784419659285157,-4.780334608938385,-4.501027937771316,-0.005470607565987661,0.0,5.0,0.0,-4.351072273731586
B_n3,uncertainty:volume_log_x_price_displacement,925,0.0,0.0,0.0,0.0,0.0,0.0,0.0,0.0,0.0,0.0,0.0,0.0
B_n3,uncertainty:volume_movement_abs,925,-5.0,5.0,-0.17399600372240676,2.32772890832548,-5.0,-4.749956048578033,-0.026082241065604653,4.3380794751751885,5.0,5.0,0.0,-0.5819004476720682
B_n3,uncertainty:volume_movement_abs^2,925,-5.0,5.0,-0.6346587309363164,2.757536743026556,-5.0,-5.0,-0.07598369708229936,4.3247075314272045,5.0,5.0,0.0,0.010459524258157878
B_n3,uncertainty:volume_movement_abs^3,925,-5.0,5.0,-0.41373337816235956,2.945547613554243,-5.0,-5.0,-0.15099508112485685,4.996782679647457,5.0,5.0,0.0,-1.6836738302827183
B_n3,uncertainty:volume_movement_signed,925,-5.0,5.0,0.019263266596362297,2.141238744659002,-5.0,-4.2755276495041725,0.06489704441261657,3.6571548525166877,5.0,5.0,0.0,-0.5819004476720682
B_n3,uncertainty:volume_movement_signed^2,925,-5.0,5.0,-0.3298710263656452,2.7475571526138136,-5.0,-5.0,0.01231389115780264,4.9094700458728155,5.0,5.0,0.0,0.010459524258157878
B_n3,uncertainty:volume_movement_signed^3,925,-5.0,5.0,-0.5575190502535333,2.8612502448273216,-5.0,-5.0,-0.38377389441838633,4.999652900082918,5.0,5.0,0.0,-1.6836738302827183
C_n1,direction_state:bias,925,-1.3807073934486334,1.383628291145068,-0.14330573741458444,0.2516135006564405,-0.941140426538024,-0.8913059043435287,-0.095302897056193,0.07991744441407495,0.15927962953587047,1.383628291145068,0.0,-0.38481857778294726
C_n1,direction_state:directional_volume,925,-5.0,5.0,0.08075970162488745,0.6113241880945232,-1.42550719209024,-0.9212472963121388,0.27413499983180806,0.7084882760477137,0.7324304860377673,5.0,0.0,-0.2272362007941139
C_n1,direction_state:price_acceleration,925,-1.5979424886460878,4.323665706711331,0.2631419945478201,0.5331617520451666,-0.39375722709294,-0.1816422348324667,0.082683187396681,1.2841994889081056,1.613140578878645,4.323665706711331,0.0,-0.11094289646523693
C_n1,direction_state:price_displacement,925,-5.0,5.0,0.21820448296865436,0.4942459060391329,-0.9916005783336691,-0.8821532083747344,0.2964765194952313,0.5785038062751588,0.63196394950209,5.0,0.0,0.3665963566122537
C_n1,direction_state:price_velocity,925,-5.0,5.0,0.2232925373882497,0.4976533556033468,-0.9916005783336691,-0.8821532083747344,0.29475072669438723,0.5984246562355174,0.63196394950209,5.0,0.0,0.6172368324194127
C_n1,direction_state:price_velocity_x_acceleration,925,0.0,0.0,0.0,0.0,0.0,0.0,0.0,0.0,0.0,0.0,0.0,0.0
C_n1,direction_state:relative_volume,925,-0.22026840270017162,0.1321356669082439,-0.012610675617126435,0.05201912920272593,-0.08475875747280812,-0.07537286322083929,-0.011279640090201238,0.121088313142508,0.12650753015301583,0.22026840270017162,0.0,0.0012700517480071778
C_n1,direction_state:relative_volume_x_price_velocity,925,0.0,0.0,0.0,0.0,0.0,0.0,0.0,0.0,0.0,0.0,0.0,0.0
C_n1,direction_state:spread,925,0.0,0.0,0.0,0.0,0.0,0.0,0.0,0.0,0.0,0.0,0.0,0.0
C_n1,direction_state:spread_change,925,0.0,0.0,0.0,0.0,0.0,0.0,0.0,0.0,0.0,0.0,0.0,0.0
C_n1,direction_state:volume_density,925,-0.21782569032242588,0.1335811505931437,-0.012153496604743706,0.0518020460603681,-0.08379399110256422,-0.07443206357267194,-0.011299177948133832,0.12255598824907692,0.12796827153266807,0.21782569032242588,0.0,0.0016900578869716036
C_n1,direction_state:volume_density_x_price_displacement,925,0.0,0.0,0.0,0.0,0.0,0.0,0.0,0.0,0.0,0.0,0.0,0.0
C_n1,direction_state:volume_log,925,-0.38897952883605097,0.06580479585924869,-0.03398886155539839,0.07249778692984274,-0.15374705930727078,-0.13833416647828392,-0.012395454464085602,0.056612555094186424,0.06260551173218194,0.38897952883605097,0.0,0.004127330945871834
C_n1,direction_state:volume_log_x_price_displacement,925,0.0,0.0,0.0,0.0,0.0,0.0,0.0,0.0,0.0,0.0,0.0,0.0
C_n1,direction_state:volume_movement_abs,925,-5.0,0.26694753765613566,-0.2862488774641432,0.5864908503895678,-3.092752093118076,-1.0996752418236113,-0.052488933550103783,0.12733251087515007,0.16890092904595105,5.0,0.0,-0.32535025254482414
C_n1,direction_state:volume_movement_signed,925,-5.0,5.0,0.040981490485758755,0.4893661466248517,-1.1538917730747198,-1.084491647956682,0.16081794942408345,0.25735116059956226,0.2960490652185054,5.0,0.0,0.15082870210550722
C_n1,forward_half_life:bias,925,0.0,5.0,4.935483243315702,0.5536166477511342,0.0,5.0,5.0,5.0,5.0,5.0,0.0,5.0
C_n1,forward_half_life:directional_volume,925,-5.0,5.0,1.8946743492407785,3.8913421354832334,-5.0,-5.0,4.260997643202302,5.0,5.0,5.0,0.0,1.9829544182471674
C_n1,forward_half_life:price_acceleration,925,-5.0,5.0,-0.7044122446896375,3.9622825411250155,-5.0,-5.0,-1.822230103487044,5.0,5.0,5.0,0.0,-5.0
C_n1,forward_half_life:price_displacement,925,-5.0,5.0,-0.38175890363353193,4.334670779186689,-5.0,-5.0,-0.9292934612090691,5.0,5.0,5.0,0.0,0.5125478415538032
C_n1,forward_half_life:price_velocity,925,-5.0,5.0,-0.5830986936399188,4.312561726027856,-5.0,-5.0,-1.5467644439971777,5.0,5.0,5.0,0.0,-5.0
C_n1,forward_half_life:price_velocity_x_acceleration,925,0.0,0.0,0.0,0.0,0.0,0.0,0.0,0.0,0.0,0.0,0.0,0.0
C_n1,forward_half_life:relative_volume,925,-5.0,0.0,-4.9086612839635455,0.6325905999038144,-5.0,-5.0,-5.0,-5.0,0.0,5.0,0.0,-5.0
C_n1,forward_half_life:relative_volume_x_price_velocity,925,0.0,0.0,0.0,0.0,0.0,0.0,0.0,0.0,0.0,0.0,0.0,0.0
C_n1,forward_half_life:spread,925,0.0,0.0,0.0,0.0,0.0,0.0,0.0,0.0,0.0,0.0,0.0,0.0
C_n1,forward_half_life:spread_change,925,0.0,0.0,0.0,0.0,0.0,0.0,0.0,0.0,0.0,0.0,0.0,0.0
C_n1,forward_half_life:volume_density,925,-5.0,0.0,-4.908673750435231,0.6325590544637945,-5.0,-5.0,-5.0,-5.0,0.0,5.0,0.0,-5.0
C_n1,forward_half_life:volume_density_x_price_displacement,925,0.0,0.0,0.0,0.0,0.0,0.0,0.0,0.0,0.0,0.0,0.0,0.0
C_n1,forward_half_life:volume_log,925,-5.0,0.13571669199362368,-4.893709116422304,0.670654368593643,-5.0,-5.0,-5.0,-4.999925,0.0,5.0,0.0,-5.0
C_n1,forward_half_life:volume_log_x_price_displacement,925,0.0,0.0,0.0,0.0,0.0,0.0,0.0,0.0,0.0,0.0,0.0,0.0
C_n1,forward_half_life:volume_movement_abs,925,-5.0,5.0,0.35695792944073845,4.347954320411413,-5.0,-5.0,0.8270982240014781,5.0,5.0,5.0,0.0,-0.622778354615181
C_n1,forward_half_life:volume_movement_signed,925,-5.0,5.0,-0.36259537361023925,4.362513014874786,-5.0,-5.0,-1.0016224837397718,5.0,5.0,5.0,0.0,-0.622778354615181
C_n1,magnitude_state:bias,925,0.0,1.3300112750501156,0.7382134032961833,0.17527890008146438,0.0,0.4466215946182662,0.7463790607837365,0.9937007425654621,1.2584003708040787,1.3300112750501156,0.0,0.8242196154176348
C_n1,magnitude_state:directional_volume,925,-1.009341868853154,0.10800777028443123,-0.3692780794940309,0.25580239403655425,-0.7724088951900527,-0.7067837974710549,-0.4523659266997105,-0.0281043931331539,0.0,1.009341868853154,0.0,-0.376790064346317
C_n1,magnitude_state:price_acceleration,925,-1.387126619354818,1.5698150895120624,-0.19585434383250783,0.36185750598613603,-1.340108144103375,-0.947242232706524,-0.034801003384277086,0.08099740643712335,0.1482252602372676,1.5698150895120624,0.0,0.050038456145846504
C_n1,magnitude_state:price_displacement,925,-0.33039730877362045,1.450248370535249,0.0844664541173511,0.38371275993114756,-0.21221811780510022,-0.16492310477217112,-0.006782344055398927,1.3543917483685737,1.3694971745716666,1.450248370535249,0.0,-0.24800747376613896
C_n1,magnitude_state:price_velocity,925,-0.33039730877362045,1.450248370535249,0.09283960547414975,0.3796011136880023,-0.17127440119169252,-0.12597924351577525,-0.001580720245608778,1.3543917483685737,1.3694971745716666,1.450248370535249,0.0,-0.024980147374687282
C_n1,magnitude_state:price_velocity_x_acceleration,925,0.0,0.0,0.0,0.0,0.0,0.0,0.0,0.0,0.0,0.0,0.0,0.0
C_n1,magnitude_state:relative_volume,925,-0.23228448045439515,0.0,-0.12801615412291464,0.03676302822540993,-0.2222127626159851,-0.19168380769122287,-0.13107151840952763,-0.07121053958193085,0.0,0.23228448045439515,0.0,-0.14401493961959538
C_n1,magnitude_state:relative_volume_x_price_velocity,925,0.0,0.0,0.0,0.0,0.0,0.0,0.0,0.0,0.0,0.0,0.0,0.0
C_n1,magnitude_state:spread,925,0.0,0.0,0.0,0.0,0.0,0.0,0.0,0.0,0.0,0.0,0.0,0.0
C_n1,magnitude_state:spread_change,925,0.0,0.0,0.0,0.0,0.0,0.0,0.0,0.0,0.0,0.0,0.0,0.0
C_n1,magnitude_state:volume_density,925,-0.23298614718289826,0.0,-0.12806083725318554,0.03648128581686897,-0.22294077338632703,-0.1925392315875084,-0.1315137923708378,-0.0719700785806323,0.0,0.23298614718289826,0.0,-0.1451207261503813
C_n1,magnitude_state:volume_density_x_price_displacement,925,0.0,0.0,0.0,0.0,0.0,0.0,0.0,0.0,0.0,0.0,0.0,0.0
C_n1,magnitude_state:volume_log,925,-0.2238067701035308,0.02398217818068562,-0.1100315598756845,0.0716161561466783,-0.2192303338525677,-0.21601427706879373,-0.07397192603857469,-0.023568618286211193,0.0012709969449689663,0.2238067701035308,0.0,-0.06802615097398301
C_n1,magnitude_state:volume_log_x_price_displacement,925,0.0,0.0,0.0,0.0,0.0,0.0,0.0,0.0,0.0,0.0,0.0,0.0
C_n1,magnitude_state:volume_movement_abs,925,-0.024244224772544017,2.0435653397702565,0.5065338196461426,0.45190154162933127,0.0,0.22404176197161277,0.3522959411945245,1.9772448063747285,1.9874838497870804,2.0435653397702565,0.0,0.1831616542757891
C_n1,magnitude_state:volume_movement_signed,925,-0.19151461311547968,1.5555044248905978,0.19865760994587758,0.38869387525568544,-0.0664232327145069,-0.030445420681960038,0.07829347551134706,1.497030921237097,1.5035724632977825,1.5555044248905978,0.0,-0.04855954899583486
C_n1,observation_half_life:bias,925,0.0,5.0,4.935483243315702,0.5536166477511342,0.0,5.0,5.0,5.0,5.0,5.0,0.0,5.0
C_n1,observation_half_life:directional_volume,925,-5.0,5.0,1.8946743492407785,3.8913421354832334,-5.0,-5.0,4.260997643202302,5.0,5.0,5.0,0.0,1.9829544182471674
C_n1,observation_half_life:price_acceleration,925,-5.0,5.0,-0.7044122446896375,3.9622825411250155,-5.0,-5.0,-1.822230103487044,5.0,5.0,5.0,0.0,-5.0
C_n1,observation_half_life:price_displacement,925,-5.0,5.0,-0.38175890363353193,4.334670779186689,-5.0,-5.0,-0.9292934612090691,5.0,5.0,5.0,0.0,0.5125478415538032
C_n1,observation_half_life:price_velocity,925,-5.0,5.0,-0.5830986936399188,4.312561726027856,-5.0,-5.0,-1.5467644439971777,5.0,5.0,5.0,0.0,-5.0
C_n1,observation_half_life:price_velocity_x_acceleration,925,0.0,0.0,0.0,0.0,0.0,0.0,0.0,0.0,0.0,0.0,0.0,0.0
C_n1,observation_half_life:relative_volume,925,-5.0,0.0,-4.9086612839635455,0.6325905999038144,-5.0,-5.0,-5.0,-5.0,0.0,5.0,0.0,-5.0
C_n1,observation_half_life:relative_volume_x_price_velocity,925,0.0,0.0,0.0,0.0,0.0,0.0,0.0,0.0,0.0,0.0,0.0,0.0
C_n1,observation_half_life:spread,925,0.0,0.0,0.0,0.0,0.0,0.0,0.0,0.0,0.0,0.0,0.0,0.0
C_n1,observation_half_life:spread_change,925,0.0,0.0,0.0,0.0,0.0,0.0,0.0,0.0,0.0,0.0,0.0,0.0
C_n1,observation_half_life:volume_density,925,-5.0,0.0,-4.908673750435231,0.6325590544637945,-5.0,-5.0,-5.0,-5.0,0.0,5.0,0.0,-5.0
C_n1,observation_half_life:volume_density_x_price_displacement,925,0.0,0.0,0.0,0.0,0.0,0.0,0.0,0.0,0.0,0.0,0.0,0.0
C_n1,observation_half_life:volume_log,925,-5.0,0.13571669199362368,-4.893709116422304,0.670654368593643,-5.0,-5.0,-5.0,-4.999925,0.0,5.0,0.0,-5.0
C_n1,observation_half_life:volume_log_x_price_displacement,925,0.0,0.0,0.0,0.0,0.0,0.0,0.0,0.0,0.0,0.0,0.0,0.0
C_n1,observation_half_life:volume_movement_abs,925,-5.0,5.0,0.35695792944073845,4.347954320411413,-5.0,-5.0,0.8270982240014781,5.0,5.0,5.0,0.0,-0.622778354615181
C_n1,observation_half_life:volume_movement_signed,925,-5.0,5.0,-0.36259537361023925,4.362513014874786,-5.0,-5.0,-1.0016224837397718,5.0,5.0,5.0,0.0,-0.622778354615181
C_n1,persistence:bias,925,0.0,0.9755391501989125,0.8123639472139216,0.25605966687303844,0.0,0.16834403371106998,0.9318790305181338,0.9634083086833093,0.9747977032623313,0.9755391501989125,0.0,0.9474298122630659
C_n1,persistence:directional_volume,925,-0.07554820461863582,0.045200762911500755,-0.00896742205704688,0.028296913438149836,-0.050076310972970814,-0.044390990961377136,-0.017753767341483855,0.043682514214991926,0.045200762911500755,0.07554820461863582,0.0,-0.008633440098357714
C_n1,persistence:price_acceleration,925,-0.07501191892374162,0.06661560869355239,-0.016230392334027233,0.01827497286240157,-0.066714427352093,-0.055964734316957906,-0.009751641291291496,0.0007058504380057759,0.011631766270885682,0.07501191892374162,0.0,-0.004091196504716898
C_n1,persistence:price_displacement,925,-0.029820018325904224,0.08450622699114142,0.016362131645537792,0.02011174945530918,-0.011678533800139725,-0.0030579738640688615,0.011818666070085524,0.07349657395022012,0.07834724045941775,0.08450622699114142,0.0,-0.00030754612834321714
C_n1,persistence:price_velocity,925,-0.029820018325904224,0.08450622699114142,0.01620159006957943,0.020245102180170255,-0.011678533800139725,-0.0035280060063538326,0.011818666070085524,0.07349657395022012,0.07834724045941775,0.08450622699114142,0.0,-0.003086352330951503
C_n1,persistence:price_velocity_x_acceleration,925,0.0,0.0,0.0,0.0,0.0,0.0,0.0,0.0,0.0,0.0,0.0,0.0
C_n1,persistence:relative_volume,925,-0.15465474347967356,0.0,-0.1266425162454683,0.0376891340492308,-0.15465474347967356,-0.15325262608941598,-0.14114541001387476,-0.032780079373057526,0.0,0.15465474347967356,0.0,-0.13761060570654943
C_n1,persistence:relative_volume_x_price_velocity,925,0.0,0.0,0.0,0.0,0.0,0.0,0.0,0.0,0.0,0.0,0.0,0.0
C_n1,persistence:spread,925,0.0,0.0,0.0,0.0,0.0,0.0,0.0,0.0,0.0,0.0,0.0,0.0
C_n1,persistence:spread_change,925,0.0,0.0,0.0,0.0,0.0,0.0,0.0,0.0,0.0,0.0,0.0,0.0
C_n1,persistence:volume_density,925,-0.1547541765636816,0.0,-0.12671521287946316,0.03771099170791854,-0.1547541765636816,-0.15334894857318465,-0.14124870033119008,-0.03278766261696345,0.0,0.1547541765636816,0.0,-0.13778336503523994
C_n1,persistence:volume_density_x_price_displacement,925,0.0,0.0,0.0,0.0,0.0,0.0,0.0,0.0,0.0,0.0,0.0,0.0
C_n1,persistence:volume_log,925,-0.1529459437295469,0.0,-0.12356281620204246,0.036903596175283555,-0.15294306842353864,-0.15191051617339849,-0.13630967635136776,-0.03215481151898685,0.0,0.1529459437295469,0.0,-0.12808537098957418
C_n1,persistence:volume_log_x_price_displacement,925,0.0,0.0,0.0,0.0,0.0,0.0,0.0,0.0,0.0,0.0,0.0,0.0
C_n1,persistence:volume_movement_abs,925,-0.06364792728512082,0.04972285989645017,-0.013626181429826526,0.023379869155499482,-0.05391408988427814,-0.046793177072562586,-0.01362030784713854,0.04205330147790479,0.04469742910256377,0.06364792728512082,0.0,-0.009338772063902195
C_n1,persistence:volume_movement_signed,925,-0.025206372713470322,0.08012864211857619,0.016825556613175984,0.018658662835289875,-0.01588564091898033,-0.0029356660395768648,0.012646666693351386,0.07179052095929267,0.0752682564147636,0.08012864211857619,0.0,0.010951697411389256
C_n1,perturbation_state:bias,925,0.0,0.2037278969700899,0.08914180860930307,0.058990949688316516,0.0,0.010516668129920779,0.07691775997044224,0.1921963848043722,0.19891611972316656,0.2037278969700899,0.0,0.10095198988193543
C_n1,perturbation_state:directional_volume,925,-0.22119229570909227,0.07406176491775951,-0.040873127142257576,0.03944431314169386,-0.1296478464603107,-0.11782267938687849,-0.04937767836332016,0.00730980093399581,0.01514106934084301,0.22119229570909227,0.0,-0.05489367158442805
C_n1,perturbation_state:price_acceleration,925,-0.21186745310089966,0.17816040945596484,-0.03180917053193947,0.0559149468239786,-0.1955129755630759,-0.15994067075818405,-0.014954355997449239,0.014070415205219178,0.03779585665013348,0.21186745310089966,0.0,0.010581190762197344
C_n1,perturbation_state:price_displacement,925,-0.0933949323159847,0.2023764810339196,0.03398266705772655,0.04801107213000829,-0.007805963781419166,-0.0028812792120142,0.024778591443551712,0.1875145976953472,0.18880715975565562,0.2023764810339196,0.0,0.008644841338907869
C_n1,perturbation_state:price_velocity,925,-0.0933949323159847,0.2023764810339196,0.039278157382354024,0.049805616594436955,-0.007805963781419166,-0.0028812792120142,0.02665928476003238,0.1875145976953472,0.18880715975565562,0.2023764810339196,0.0,0.1132447472093319
C_n1,perturbation_state:price_velocity_x_acceleration,925,0.0,0.0,0.0,0.0,0.0,0.0,0.0,0.0,0.0,0.0,0.0,0.0
C_n1,perturbation_state:relative_volume,925,-0.029313506698173605,0.003914805814954695,-0.012899271104746769,0.009461281132264856,-0.028688643286144202,-0.027766772103786704,-0.014419784883865538,0.00021590456694812676,0.0021681348318082373,0.029313506698173605,0.0,-0.013698754268955145
C_n1,perturbation_state:relative_volume_x_price_velocity,925,0.0,0.0,0.0,0.0,0.0,0.0,0.0,0.0,0.0,0.0,0.0,0.0
C_n1,perturbation_state:spread,925,0.0,0.0,0.0,0.0,0.0,0.0,0.0,0.0,0.0,0.0,0.0,0.0
C_n1,perturbation_state:spread_change,925,0.0,0.0,0.0,0.0,0.0,0.0,0.0,0.0,0.0,0.0,0.0,0.0
C_n1,perturbation_state:volume_density,925,-0.029753345062157557,0.0035176476918284873,-0.013175082536620128,0.009513105314902995,-0.02912928258992851,-0.02821856606157874,-0.01455713455493932,0.0,0.001773658903854803,0.029753345062157557,0.0,-0.014162750356761912
C_n1,perturbation_state:volume_density_x_price_displacement,925,0.0,0.0,0.0,0.0,0.0,0.0,0.0,0.0,0.0,0.0,0.0,0.0
C_n1,perturbation_state:volume_log,925,-0.021602225543545434,0.021475165643678254,-0.0005460890083577574,0.010949943561681427,-0.02088733757056319,-0.01974241376981611,-0.0029441249222398797,0.017801294882677347,0.01954919159480733,0.021602225543545434,0.0,0.008768761412530697
C_n1,perturbation_state:volume_log_x_price_displacement,925,0.0,0.0,0.0,0.0,0.0,0.0,0.0,0.0,0.0,0.0,0.0,0.0
C_n1,perturbation_state:volume_movement_abs,925,-0.10662472939385015,0.23190694550870744,0.043085918556820674,0.059427350367808544,-0.02450647362413164,-0.014710308854529489,0.033466302333454545,0.22087312563803346,0.22163187144178012,0.23190694550870744,0.0,-0.0206989985181939
C_n1,perturbation_state:volume_movement_signed,925,-0.0966929599415961,0.1928584698414266,0.026075413940019554,0.048176984575662975,-0.011732026817526857,-0.007588085357094524,0.01326259440375341,0.18231514768425636,0.18296469235193616,0.1928584698414266,0.0,0.0025617386436481418
C_n1,reinforcement:bias,925,-0.39921379789256417,0.3475525070009917,-0.011312827835799677,0.03554497086362312,-0.12234050326787188,-0.05038904365363107,-0.007783296383125392,0.01652514432922621,0.024237062393573226,0.39921379789256417,0.0,-0.06524181572507938
C_n1,reinforcement:directional_volume,925,-1.6120851576323185,1.3748091580648458,0.05825303526793213,0.16676523247457475,-0.09814664168141776,-0.09276508369507012,0.004294762505978956,0.2891517271977016,0.44853665006495413,1.6120851576323185,0.0,0.09729379785471672
C_n1,reinforcement:price_acceleration,925,-1.6481030864107313,0.04313141414108802,-0.08435480530824552,0.14110626458865339,-0.7065744714966863,-0.16870983145402146,-0.06266819998681357,0.015799031480412326,0.03483502104191035,1.6481030864107313,0.0,-0.06819900131198509
C_n1,reinforcement:price_displacement,925,-1.5540516696942184,1.2031952553731997,-0.002630100362440208,0.10284768488028913,-0.12437661928527645,-0.09625925068058493,0.007593206008335222,0.0953183844900618,0.11944470120058714,1.5540516696942184,0.0,-0.03044632784652923
C_n1,reinforcement:price_velocity,925,-1.5540516696942184,1.2031952553731997,0.005472253736606929,0.10392168146470747,-0.12437661928527645,-0.09625925068058493,0.01360885572537164,0.0953183844900618,0.11944470120058714,1.5540516696942184,0.0,0.07822114181111199
C_n1,reinforcement:price_velocity_x_acceleration,925,0.0,0.0,0.0,0.0,0.0,0.0,0.0,0.0,0.0,0.0,0.0,0.0
C_n1,reinforcement:relative_volume,925,-0.0389219069065001,0.04788794207093916,0.000482110145846118,0.005953876189202897,-0.009935014332003124,-0.008673033234869147,0.00034823216723186645,0.00988728081029468,0.015604074662865192,0.04788794207093916,0.0,0.011770235533351334
C_n1,reinforcement:relative_volume_x_price_velocity,925,0.0,0.0,0.0,0.0,0.0,0.0,0.0,0.0,0.0,0.0,0.0,0.0
C_n1,reinforcement:spread,925,0.0,0.0,0.0,0.0,0.0,0.0,0.0,0.0,0.0,0.0,0.0,0.0
C_n1,reinforcement:spread_change,925,0.0,0.0,0.0,0.0,0.0,0.0,0.0,0.0,0.0,0.0,0.0,0.0
C_n1,reinforcement:volume_density,925,-0.03938649764450711,0.04742367513483328,0.0004096039297958275,0.006045774068028958,-0.010116734763258228,-0.008845633295984636,0.00016142397421033843,0.01012626023269887,0.01560192840688164,0.04742367513483328,0.0,0.012157217774878751
C_n1,reinforcement:volume_density_x_price_displacement,925,0.0,0.0,0.0,0.0,0.0,0.0,0.0,0.0,0.0,0.0,0.0,0.0
C_n1,reinforcement:volume_log,925,-0.04250402383708268,0.07382566884040734,-0.0044792107686647,0.017203775817443423,-0.03608553312520585,-0.03418651466742604,-4.3468571073702715e-05,0.016536446995940618,0.022685691194677313,0.07382566884040734,0.0,-0.03214576648034741
C_n1,reinforcement:volume_log_x_price_displacement,925,0.0,0.0,0.0,0.0,0.0,0.0,0.0,0.0,0.0,0.0,0.0,0.0
C_n1,reinforcement:volume_movement_abs,925,-0.015442227490705694,1.656728204563289,0.08202133927108479,0.16570124062903352,-0.011753700996015056,-0.005394754307083365,0.024759123027007095,0.30811392018484973,0.8215391937451577,1.656728204563289,0.0,0.07415788374984482
C_n1,reinforcement:volume_movement_signed,925,-1.5982576178497776,1.164891774829371,0.009650994780888726,0.09569241635599443,-0.06313427073984512,-0.03617132764090633,0.010754633533471655,0.0940255609114351,0.10840732715036734,1.5982576178497776,0.0,-0.02502568861535528
C_n1,reversal_tendency:bias,925,0.0,0.2427490057356912,0.15432428469392426,0.047910614188851286,0.0,0.0711312530556951,0.15019072990122853,0.22849043029814534,0.23962060235421062,0.2427490057356912,0.0,0.1422639985174242
C_n1,reversal_tendency:directional_volume,925,-0.27024008728552606,0.2558058740510445,-0.02321797672561347,0.03212462127752371,-0.1106100779485023,-0.06489641216579464,-0.014420236003837125,0.010560738775040726,0.02105843028700965,0.27024008728552606,0.0,-0.04865795215103171
C_n1,reversal_tendency:price_acceleration,925,-0.117322820420325,0.28829565287234193,-0.014020751624672001,0.04368709766646131,-0.11038177757721357,-0.1009053974240489,-0.008105466700468314,0.0286764108115605,0.1183092673525144,0.28829565287234193,0.0,0.020208317250133227
C_n1,reversal_tendency:price_displacement,925,-0.21764857201517784,0.26795264494848214,0.02116097920884914,0.03249825681780103,-0.011368529012916408,-0.006228901889132789,0.014379229341727664,0.10803128985411745,0.11439827392155624,0.26795264494848214,0.0,0.024001204922883802
C_n1,reversal_tendency:price_velocity,925,-0.21764857201517784,0.26795264494848214,0.02477635032292646,0.034877629735115795,-0.011368529012916408,-0.006228901889132789,0.014844022645864674,0.10803128985411745,0.11439827392155624,0.26795264494848214,0.0,0.0996813679314067
C_n1,reversal_tendency:price_velocity_x_acceleration,925,0.0,0.0,0.0,0.0,0.0,0.0,0.0,0.0,0.0,0.0,0.0,0.0
C_n1,reversal_tendency:relative_volume,925,-0.03692231822902409,0.0,-0.02424237188696849,0.007524386389059325,-0.035968848082834355,-0.03508393746342941,-0.024685487581785508,-0.010350292116654478,0.0,0.03692231822902409,0.0,-0.02108334436595082
C_n1,reversal_tendency:relative_volume_x_price_velocity,925,0.0,0.0,0.0,0.0,0.0,0.0,0.0,0.0,0.0,0.0,0.0,0.0
C_n1,reversal_tendency:spread,925,0.0,0.0,0.0,0.0,0.0,0.0,0.0,0.0,0.0,0.0,0.0,0.0
C_n1,reversal_tendency:spread_change,925,0.0,0.0,0.0,0.0,0.0,0.0,0.0,0.0,0.0,0.0,0.0,0.0
C_n1,reversal_tendency:volume_density,925,-0.037265044364465726,0.0,-0.0244238606475434,0.007560873262648797,-0.0363288881144838,-0.03545423830336745,-0.024851066552203545,-0.010544850984693394,0.0,0.037265044364465726,0.0,-0.021455338975982365
C_n1,reversal_tendency:volume_density_x_price_displacement,925,0.0,0.0,0.0,0.0,0.0,0.0,0.0,0.0,0.0,0.0,0.0,0.0
C_n1,reversal_tendency:volume_log,925,-0.03266133088024187,0.00524722777246517,-0.012941829631164768,0.010029838754287675,-0.03125818828935728,-0.027013203881221973,-0.01184701779023399,0.0016621957958863414,0.00405407727086669,0.03266133088024187,0.0,0.002973968637335806
C_n1,reversal_tendency:volume_log_x_price_displacement,925,0.0,0.0,0.0,0.0,0.0,0.0,0.0,0.0,0.0,0.0,0.0,0.0
C_n1,reversal_tendency:volume_movement_abs,925,-0.27636756543602686,0.14919010144202266,0.019340399321307163,0.05377117163147806,-0.12715749975994706,-0.03627403607375687,0.024398400027134688,0.14394549513393223,0.14813290500366688,0.27636756543602686,0.0,-0.00894977013052128
C_n1,reversal_tendency:volume_movement_signed,925,-0.21291082035303954,0.27372989832538314,0.016189693170842435,0.033457078826067244,-0.015559067806779603,-0.00860579205959464,0.008450716384990297,0.11019526789904396,0.11440676669244992,0.27372989832538314,0.0,0.013451034999756658
C_n1,strength:bias,925,0.0,0.5986005761380528,0.4720408931984987,0.08328611711088776,0.0,0.3402706007899251,0.48814458959059354,0.5276792943270636,0.5453164843675716,0.5986005761380528,0.0,0.4978205491402582
C_n1,strength:directional_volume,925,-0.4583172275253589,0.39509458486109134,0.00699529983773295,0.05468389147379991,-0.060387404699681096,-0.04438899537235815,-0.01839367007830358,0.08622660084621758,0.13016087770180623,0.4583172275253589,0.0,0.05515859005549102
C_n1,strength:price_acceleration,925,-0.42604988137583516,0.07504156475314219,-0.0156767186374322,0.0396597814633791,-0.1610115636073947,-0.061100757393101536,-0.005567763692037006,0.013168545841417044,0.01589839858280823,0.42604988137583516,0.0,0.00863891549971748
C_n1,strength:price_displacement,925,-0.4454152936069599,0.34238199808994957,0.0014160113104050667,0.035990991583751665,-0.034368030602264135,-0.028164473500779053,0.0015139756022551666,0.07297874145040503,0.07925693967921695,0.4454152936069599,0.0,-0.024208944771701886
C_n1,strength:price_velocity,925,-0.4454152936069599,0.34238199808994957,0.0022571061747248436,0.03556576535259688,-0.03234759960777729,-0.027513874546821693,0.0015139756022551666,0.07297874145040503,0.07925693967921695,0.4454152936069599,0.0,-0.007329586742645229
C_n1,strength:price_velocity_x_acceleration,925,0.0,0.0,0.0,0.0,0.0,0.0,0.0,0.0,0.0,0.0,0.0,0.0
C_n1,strength:relative_volume,925,-0.10051829367379005,0.0,-0.08670192545069696,0.014065071562459317,-0.0982156420760493,-0.09640597256840058,-0.08892113409016286,-0.07035754008124925,0.0,0.10051829367379005,0.0,-0.08903414689175648
C_n1,strength:relative_volume_x_price_velocity,925,0.0,0.0,0.0,0.0,0.0,0.0,0.0,0.0,0.0,0.0,0.0,0.0
C_n1,strength:spread,925,0.0,0.0,0.0,0.0,0.0,0.0,0.0,0.0,0.0,0.0,0.0,0.0
C_n1,strength:spread_change,925,0.0,0.0,0.0,0.0,0.0,0.0,0.0,0.0,0.0,0.0,0.0,0.0
C_n1,strength:volume_density,925,-0.10134440687517865,0.0,-0.08729878370608629,0.014204949228365193,-0.09899453409751724,-0.09718303636974436,-0.08957757359416842,-0.0703766175793078,0.0,0.10134440687517865,0.0,-0.08970912561660965
C_n1,strength:volume_density_x_price_displacement,925,0.0,0.0,0.0,0.0,0.0,0.0,0.0,0.0,0.0,0.0,0.0,0.0
C_n1,strength:volume_log,925,-0.0841018166106114,0.0,-0.06072655713392203,0.011400295759909541,-0.0833947813206582,-0.08027479765808612,-0.060984318512536786,-0.0500346663486657,0.0,0.0841018166106114,0.0,-0.06144442421678394
C_n1,strength:volume_log_x_price_displacement,925,0.0,0.0,0.0,0.0,0.0,0.0,0.0,0.0,0.0,0.0,0.0,0.0
C_n1,strength:volume_movement_abs,925,-0.044037292295168645,0.4873636985083768,0.04315128927261646,0.04943940144769532,0.0,0.009856970824146955,0.03122521929544427,0.10125095830412938,0.2548226294490953,0.4873636985083768,0.0,0.03103788497185503
C_n1,strength:volume_movement_signed,925,-0.46514234960457373,0.32434149447862454,-0.00428563615374557,0.03361348942649028,-0.03216738277299828,-0.022560070422435727,-0.009962692775174356,0.0618030716628806,0.06655121559335647,0.46514234960457373,0.0,-0.017697266728841664
C_n1,uncertainty:bias,925,0.0,0.5611077737801825,0.4391314090321522,0.07589701875300445,0.0,0.31809674407934596,0.45249338359762503,0.49584461817453845,0.4989534378913288,0.5611077737801825,0.0,0.4670668718588741
C_n1,uncertainty:directional_volume,925,-0.41446989064909545,0.4134531342340725,-0.03309305025680208,0.049465285208949605,-0.1572182839284378,-0.11810913252065645,-0.013998541680622532,0.005266583425675353,0.01057344111848548,0.41446989064909545,0.0,-0.06459170296160242
C_n1,uncertainty:price_acceleration,925,-0.04578781668227857,0.4017450597383998,0.0032102077233270654,0.03284577367146901,-0.02888643342648372,-0.016023988005391218,-0.0007736511136743747,0.013083736530065027,0.14393186121988089,0.4017450597383998,0.0,-0.006986471504855081
C_n1,uncertainty:price_displacement,925,-0.32702378442233737,0.4372449324812009,0.008148675292856357,0.0276479088968297,-0.022199776594253106,-0.008700630692047335,0.003140641730608425,0.032765664268259526,0.03642021821886212,0.4372449324812009,0.0,0.018799443290971073
C_n1,uncertainty:price_velocity,925,-0.32702378442233737,0.4372449324812009,0.008713113310096634,0.027926194261892207,-0.022199776594253106,-0.008700630692047335,0.003140641730608425,0.03253178761454581,0.036085093453284305,0.4372449324812009,0.0,0.029317165618480016
C_n1,uncertainty:price_velocity_x_acceleration,925,0.0,0.0,0.0,0.0,0.0,0.0,0.0,0.0,0.0,0.0,0.0,0.0
C_n1,uncertainty:relative_volume,925,-0.08046218319437232,0.0,-0.06912181682447123,0.010773859669611844,-0.07681142109764785,-0.07644672507372438,-0.07000107338437059,-0.06017152237581089,0.0,0.08046218319437232,0.0,-0.06489417611515447
C_n1,uncertainty:relative_volume_x_price_velocity,925,0.0,0.0,0.0,0.0,0.0,0.0,0.0,0.0,0.0,0.0,0.0,0.0
C_n1,uncertainty:spread,925,0.0,0.0,0.0,0.0,0.0,0.0,0.0,0.0,0.0,0.0,0.0,0.0
C_n1,uncertainty:spread_change,925,0.0,0.0,0.0,0.0,0.0,0.0,0.0,0.0,0.0,0.0,0.0,0.0
C_n1,uncertainty:volume_density,925,-0.07993026025594269,0.0,-0.0687455435372483,0.010697507487183408,-0.07637721503939364,-0.07601778543795969,-0.06960834835103377,-0.06018105674333368,0.0,0.07993026025594269,0.0,-0.06453836115488602
C_n1,uncertainty:volume_density_x_price_displacement,925,0.0,0.0,0.0,0.0,0.0,0.0,0.0,0.0,0.0,0.0,0.0,0.0
C_n1,uncertainty:volume_log,925,-0.10595154809752452,0.0,-0.08391568819299007,0.015172239163586818,-0.09515833012246203,-0.09482124392488295,-0.08985137590925368,-0.06025391240469773,0.0,0.10595154809752452,0.0,-0.07575309087687847
C_n1,uncertainty:volume_log_x_price_displacement,925,0.0,0.0,0.0,0.0,0.0,0.0,0.0,0.0,0.0,0.0,0.0,0.0
C_n1,uncertainty:volume_movement_abs,925,-0.45923802623299836,0.0431630580159496,-0.0250466196862348,0.04670070563596189,-0.23237753327908064,-0.07953837104561223,-0.013553953298905963,0.01803133935662669,0.0335016410156084,0.45923802623299836,0.0,-0.033568304954794674
C_n1,uncertainty:volume_movement_signed,925,-0.301192005627577,0.4647130174040607,0.019468159276090777,0.026416565483571502,-0.021587832103441586,0.003172893774404068,0.020958929566059718,0.030747759321518933,0.03863089431723612,0.4647130174040607,0.0,0.02531300357358653
C_n2,direction_state:bias,925,-5.0,5.0,0.5116460615770881,0.89372209615548,-0.4236379933872874,-0.12866489413739068,0.07968224172925986,1.6273263915718879,3.934046085558953,5.0,0.0,0.24546566712370768
C_n2,direction_state:directional_volume,925,-5.0,5.0,0.14711248459598608,0.9775534790423599,-5.0,-1.1354605125182498,0.28087734821047317,1.1933341399510133,3.060575757042249,5.0,0.0,0.12220589103290695
C_n2,direction_state:directional_volume^2,925,-5.0,5.0,-0.7222353502368244,1.370186552246796,-4.722137012046202,-2.775216747470134,-0.22830040274123853,0.0730467379017923,4.988257367057096,5.0,0.0,-0.6550320463731681
C_n2,direction_state:price_acceleration,925,-5.0,5.0,-0.27627030797784125,1.4482280905769906,-5.0,-4.494022733399608,0.09884918281085713,0.5255248019141061,1.0366465518941788,5.0,0.0,0.2565711246808141
C_n2,direction_state:price_acceleration^2,925,-5.0,5.0,0.2914062318866396,1.5819867361309308,-3.2832657417803683,-2.0204588638322565,0.0,4.864858411706899,4.973110407675115,5.0,0.0,-0.09595964812290367
C_n2,direction_state:price_displacement,925,-5.0,5.0,-0.32510991933124334,1.2176454852220442,-4.71072011688648,-3.6772989316231723,0.05235898959515839,0.3330119596848038,1.0887875911431473,5.0,0.0,-0.4365537729656519
C_n2,direction_state:price_displacement^2,925,-5.0,5.0,-0.5438226344002254,1.4901717690726066,-4.958566101564991,-4.898310430098733,-0.09277820017925262,0.19019321656559343,3.53261082298624,5.0,0.0,0.06784860450074909
C_n2,direction_state:price_velocity,925,-5.0,5.0,-0.2836964234000976,1.230235826955148,-4.71072011688648,-3.6772989316231723,0.10104628144061319,0.388335355928195,1.0887875911431473,5.0,0.0,0.5087944610273056
C_n2,direction_state:price_velocity^2,925,-5.0,5.0,-0.5505241727336716,1.4883401828781062,-4.958566101564991,-4.898310430098733,-0.09382388871821344,0.1485973485840889,3.53261082298624,5.0,0.0,0.11204359045311514
C_n2,direction_state:price_velocity_x_acceleration,925,0.0,0.0,0.0,0.0,0.0,0.0,0.0,0.0,0.0,0.0,0.0,0.0
C_n2,direction_state:relative_volume,925,-0.9750008787580193,2.294391381372939,0.47081247157941014,0.80215554223306,-0.6031717937607205,-0.3511574165264694,-0.0019167286104369412,1.6497125789479572,1.68388630848541,2.294391381372939,0.0,1.684953385439917
C_n2,direction_state:relative_volume^2,925,-0.2594057115380533,0.19573691850690403,-0.047384478799908404,0.09129762456686587,-0.1851928351311576,-0.18128706865431127,0.0014853225089304345,0.05950812878409055,0.11319446611990074,0.2594057115380533,0.0,-0.18521030702445918
C_n2,direction_state:relative_volume_x_price_velocity,925,0.0,0.0,0.0,0.0,0.0,0.0,0.0,0.0,0.0,0.0,0.0,0.0
C_n2,direction_state:spread,925,0.0,0.0,0.0,0.0,0.0,0.0,0.0,0.0,0.0,0.0,0.0,0.0
C_n2,direction_state:spread^2,925,0.0,0.0,0.0,0.0,0.0,0.0,0.0,0.0,0.0,0.0,0.0,0.0
C_n2,direction_state:spread_change,925,0.0,0.0,0.0,0.0,0.0,0.0,0.0,0.0,0.0,0.0,0.0,0.0
C_n2,direction_state:spread_change^2,925,0.0,0.0,0.0,0.0,0.0,0.0,0.0,0.0,0.0,0.0,0.0,0.0
C_n2,direction_state:volume_density,925,-0.9663038866193068,2.3111629993512413,0.4806242246569045,0.812224268936761,-0.5949519032789758,-0.34422572247392164,-0.0023359381271255844,1.675082815650735,1.7093803098298945,2.3111629993512413,0.0,1.7104215090000408
C_n2,direction_state:volume_density^2,925,-0.2636800826263241,0.19389182693706647,-0.049861475048816085,0.09366685548274956,-0.19150961161577656,-0.18759016748910795,0.0015594296108060398,0.057430449972009655,0.1109399151466982,0.2636800826263241,0.0,-0.19152552422966887
C_n2,direction_state:volume_density_x_price_displacement,925,0.0,0.0,0.0,0.0,0.0,0.0,0.0,0.0,0.0,0.0,0.0,0.0
C_n2,direction_state:volume_log,925,-1.4849400818013825,1.0480952270827466,-0.26316359664472416,0.28103851258853835,-1.0547224907056456,-0.724950672020288,-0.3632008494918887,0.03304336379691822,0.04107282138540952,1.4849400818013825,0.0,-0.3258431511485522
C_n2,direction_state:volume_log^2,925,-0.1798349990868557,0.14121953937913953,0.014239932472717197,0.0563584307681396,-0.09006540669344774,-0.08481465198078164,0.005498775630833558,0.08464616102786673,0.1038248536989705,0.1798349990868557,0.0,0.07386353092479891
C_n2,direction_state:volume_log_x_price_displacement,925,0.0,0.0,0.0,0.0,0.0,0.0,0.0,0.0,0.0,0.0,0.0,0.0
C_n2,direction_state:volume_movement_abs,925,-5.0,5.0,0.4096889472169864,1.6497934823487141,-4.521525996115248,-3.9684626901944964,0.18617506731980468,2.0755566588155445,4.802234950131683,5.0,0.0,1.5765756007189704
C_n2,direction_state:volume_movement_abs^2,925,-5.0,5.0,0.06906522991141929,1.6290522812064956,-4.786411894928832,-4.7727909110395155,0.22795872586573646,1.293126834980927,4.82905494027597,5.0,0.0,0.77020503812728
C_n2,direction_state:volume_movement_signed,925,-5.0,5.0,-0.39965907803085154,1.2588638654109914,-4.503131958293066,-3.7401018886018744,0.14508448980002964,0.5079532792726033,1.2067535153888913,5.0,0.0,-0.9778698431606649
C_n2,direction_state:volume_movement_signed^2,925,-5.0,5.0,-0.6025261542847076,1.5540745182622548,-4.966972908825415,-4.899774859473122,-0.0694944176111179,0.48786761555269287,4.000072279488036,5.0,0.0,-0.8980195885364047
C_n2,forward_half_life:bias,925,-5.0,5.0,4.902086578101227,0.755895443767152,0.0,5.0,5.0,5.0,5.0,5.0,0.0,5.0
C_n2,forward_half_life:directional_volume,925,-5.0,5.0,2.011263393391366,3.7072980320727775,-5.0,-5.0,4.080484125661062,5.0,5.0,5.0,0.0,2.037856741112705
C_n2,forward_half_life:directional_volume^2,925,-5.0,5.0,4.887108011537488,0.8662612869449546,0.0,5.0,5.0,5.0,5.0,5.0,0.0,5.0
C_n2,forward_half_life:price_acceleration,925,-5.0,5.0,-0.5894158332883953,3.7882223233459413,-5.0,-5.0,-1.1024150400720816,5.0,5.0,5.0,0.0,-5.0
C_n2,forward_half_life:price_acceleration^2,925,-5.0,5.0,4.851872275410174,0.9526872856936428,0.0,5.0,5.0,5.0,5.0,5.0,0.0,5.0
C_n2,forward_half_life:price_displacement,925,-5.0,5.0,-0.5112823665674812,4.250116060130408,-5.0,-5.0,-1.1198142671341191,5.0,5.0,5.0,0.0,0.4122327885781605
C_n2,forward_half_life:price_displacement^2,925,-5.0,5.0,4.76615390274025,1.200455542896733,-2.7715434860129573,4.738981237474278,5.0,5.0,5.0,5.0,0.0,5.0
C_n2,forward_half_life:price_velocity,925,-5.0,5.0,-0.7133309003337615,4.220354461807241,-5.0,-5.0,-1.7887004983695256,5.0,5.0,5.0,0.0,-5.0
C_n2,forward_half_life:price_velocity^2,925,-5.0,5.0,4.756528951327756,1.2422988775183177,-3.127954405645613,4.738981237474278,5.0,5.0,5.0,5.0,0.0,5.0
C_n2,forward_half_life:price_velocity_x_acceleration,925,0.0,0.0,0.0,0.0,0.0,0.0,0.0,0.0,0.0,0.0,0.0,0.0
C_n2,forward_half_life:relative_volume,925,-5.0,1.073330668651856,-4.870006874556161,0.711651287628332,-5.0,-5.0,-5.0,-4.999925,0.0,5.0,0.0,-5.0
C_n2,forward_half_life:relative_volume^2,925,0.0,5.0,4.631551487692068,1.092616742611091,0.0,1.5760001696004589,5.0,5.0,5.0,5.0,0.0,5.0
C_n2,forward_half_life:relative_volume_x_price_velocity,925,0.0,0.0,0.0,0.0,0.0,0.0,0.0,0.0,0.0,0.0,0.0,0.0
C_n2,forward_half_life:spread,925,0.0,0.0,0.0,0.0,0.0,0.0,0.0,0.0,0.0,0.0,0.0,0.0
C_n2,forward_half_life:spread^2,925,0.0,0.0,0.0,0.0,0.0,0.0,0.0,0.0,0.0,0.0,0.0,0.0
C_n2,forward_half_life:spread_change,925,0.0,0.0,0.0,0.0,0.0,0.0,0.0,0.0,0.0,0.0,0.0,0.0
C_n2,forward_half_life:spread_change^2,925,0.0,0.0,0.0,0.0,0.0,0.0,0.0,0.0,0.0,0.0,0.0,0.0
C_n2,forward_half_life:volume_density,925,-5.0,1.6463633303342666,-4.866840283593977,0.7242012226690697,-5.0,-5.0,-5.0,-4.999925,0.0,5.0,0.0,-5.0
C_n2,forward_half_life:volume_density^2,925,0.0,5.0,4.630715789452405,1.0926122805106282,0.0,1.5764129231055146,5.0,5.0,5.0,5.0,0.0,5.0
C_n2,forward_half_life:volume_density_x_price_displacement,925,0.0,0.0,0.0,0.0,0.0,0.0,0.0,0.0,0.0,0.0,0.0,0.0
C_n2,forward_half_life:volume_log,925,-5.0,0.0,-4.877460152356084,0.6849857736993838,-5.0,-5.0,-5.0,-4.968848601647749,0.0,5.0,0.0,-5.0
C_n2,forward_half_life:volume_log^2,925,-5.0,5.0,4.446861235483688,1.465316552717949,-1.5846183042478144,0.959782238791839,5.0,5.0,5.0,5.0,0.0,5.0
C_n2,forward_half_life:volume_log_x_price_displacement,925,0.0,0.0,0.0,0.0,0.0,0.0,0.0,0.0,0.0,0.0,0.0,0.0
C_n2,forward_half_life:volume_movement_abs,925,-5.0,5.0,-0.1349606547630916,4.274203587563679,-5.0,-5.0,-0.6331378401987555,5.0,5.0,5.0,0.0,-0.7024329325577678
C_n2,forward_half_life:volume_movement_abs^2,925,-5.0,5.0,4.6452943227559755,1.3724023151669478,-2.5566875535952205,1.6652225419079203,5.0,5.0,5.0,5.0,0.0,5.0
C_n2,forward_half_life:volume_movement_signed,925,-5.0,5.0,-0.5175967462377168,4.272356572800924,-5.0,-5.0,-1.21269162411423,5.0,5.0,5.0,0.0,-0.7024329325577678
C_n2,forward_half_life:volume_movement_signed^2,925,-5.0,5.0,4.6839026222174365,1.3722588062967307,-3.38360323705889,2.970556586176991,5.0,5.0,5.0,5.0,0.0,5.0
C_n2,magnitude_state:bias,925,-5.0,5.0,0.7186650695109791,0.9519743153915106,-0.2471010102428491,-0.03500295934443742,0.26673370697625454,2.0975356362395927,4.147203183746945,5.0,0.0,0.3324235019412017
C_n2,magnitude_state:directional_volume,925,-5.0,5.0,-0.05942429659248348,0.9160201769899596,-5.0,-1.2446206941055666,0.10126977229457028,0.7645849879252801,2.719434176043728,5.0,0.0,0.5867215113280833
C_n2,magnitude_state:directional_volume^2,925,-5.0,5.0,-0.6640022884324933,1.297592529858647,-4.870413968920916,-2.525453407653889,-0.36063180631289543,0.14761438091740942,4.989569652680267,5.0,0.0,-0.34347018996497036
C_n2,magnitude_state:price_acceleration,925,-5.0,5.0,-0.19001591975929322,1.5056717810387943,-5.0,-4.5329206930143195,0.07419800039642155,0.9924855584398222,1.9219003604773157,5.0,0.0,1.1013093403323448
C_n2,magnitude_state:price_acceleration^2,925,-5.0,5.0,0.46972827188450783,1.6621079084963306,-3.3034493844967496,-1.8832765593579792,0.05190680609722675,4.864139109618393,4.997826644123022,5.0,0.0,1.1191751212947028
C_n2,magnitude_state:price_displacement,925,-5.0,5.0,-0.6091757942687714,1.230763728261124,-4.939950002051501,-3.9542704303424205,-0.14718495505199344,0.006472927225872704,0.940136814857089,5.0,0.0,-0.5806473408045066
C_n2,magnitude_state:price_displacement^2,925,-5.0,5.0,-0.3823257016772161,1.543494014795038,-4.944281364636477,-4.8883655112446736,0.00990956448300068,0.3850964949114846,3.642021793323248,5.0,0.0,-0.1766419014488883
C_n2,magnitude_state:price_velocity,925,-5.0,5.0,-0.6592595889034754,1.264899330991997,-4.939950002051501,-3.9542704303424205,-0.14668325996413625,0.006472927225872704,0.940136814857089,5.0,0.0,-1.439887684406954
C_n2,magnitude_state:price_velocity^2,925,-5.0,5.0,-0.4223568031414997,1.588221581540713,-4.944281364636477,-4.8883655112446736,0.03910921156746296,0.3926057391610369,3.642021793323248,5.0,0.0,-1.2889504617526117
C_n2,magnitude_state:price_velocity_x_acceleration,925,0.0,0.0,0.0,0.0,0.0,0.0,0.0,0.0,0.0,0.0,0.0,0.0
C_n2,magnitude_state:relative_volume,925,-0.862330287104586,2.499159562628776,0.5352197129080697,0.880498133430386,-0.5094145745645807,-0.2592700288671318,-0.048208741691806556,1.9378768093407368,2.0310911833637495,2.499159562628776,0.0,1.9522117407282467
C_n2,magnitude_state:relative_volume^2,925,-0.28201774468475127,0.1960873755948593,-0.05296287799302841,0.10335949248943246,-0.24624754441508792,-0.23398942691291036,0.011445744821593,0.05167284085527239,0.10202259225981038,0.28201774468475127,0.0,-0.23603349526136053
C_n2,magnitude_state:relative_volume_x_price_velocity,925,0.0,0.0,0.0,0.0,0.0,0.0,0.0,0.0,0.0,0.0,0.0,0.0
C_n2,magnitude_state:spread,925,0.0,0.0,0.0,0.0,0.0,0.0,0.0,0.0,0.0,0.0,0.0,0.0
C_n2,magnitude_state:spread^2,925,0.0,0.0,0.0,0.0,0.0,0.0,0.0,0.0,0.0,0.0,0.0,0.0
C_n2,magnitude_state:spread_change,925,0.0,0.0,0.0,0.0,0.0,0.0,0.0,0.0,0.0,0.0,0.0,0.0
C_n2,magnitude_state:spread_change^2,925,0.0,0.0,0.0,0.0,0.0,0.0,0.0,0.0,0.0,0.0,0.0,0.0
C_n2,magnitude_state:volume_density,925,-0.8356874806280374,2.539218245925979,0.5569708895548583,0.8952776188739302,-0.48239088295998234,-0.23214807229642853,-0.03477036462479047,1.9809801847307948,2.0739775851699758,2.539218245925979,0.0,1.9950064920599513
C_n2,magnitude_state:volume_density^2,925,-0.2927988864433656,0.18843693635865194,-0.05890531103912763,0.10701274357319616,-0.2575036212358525,-0.24544251311411655,0.00899118063467013,0.04382267110447792,0.09381578225750416,0.2927988864433656,0.0,-0.24736731670303486
C_n2,magnitude_state:volume_density_x_price_displacement,925,0.0,0.0,0.0,0.0,0.0,0.0,0.0,0.0,0.0,0.0,0.0,0.0
C_n2,magnitude_state:volume_log,925,-2.315989421869509,0.32275598886764284,-0.7705625688359296,0.6112529857382724,-1.9262895323172187,-1.640650517112451,-1.0591906079062106,-0.02072586880743163,0.0,2.315989421869509,0.0,-0.8341611314267546
C_n2,magnitude_state:volume_log^2,925,-0.635191848751687,0.011122511153910596,-0.25648942127087315,0.20566217695670644,-0.5069855531768014,-0.5030361920820295,-0.3692012849698659,0.005801540897795393,0.009980040357132808,0.635191848751687,0.0,-0.4480675972326738
C_n2,magnitude_state:volume_log_x_price_displacement,925,0.0,0.0,0.0,0.0,0.0,0.0,0.0,0.0,0.0,0.0,0.0,0.0
C_n2,magnitude_state:volume_movement_abs,925,-5.0,5.0,0.24829505493079063,1.7620390993603667,-4.889539110244745,-4.3648300571652205,-0.04479068554101648,2.124392921865681,4.077922785742919,5.0,0.0,2.2445615153265246
C_n2,magnitude_state:volume_movement_abs^2,925,-5.0,5.0,0.07231635135073475,1.6750427971277468,-4.7775439293130955,-4.768160006621772,0.23458677087096047,1.749005232222879,4.874291847043438,5.0,0.0,1.6891556818043154
C_n2,magnitude_state:volume_movement_signed,925,-5.0,5.0,-0.6376742527252721,1.3251000648434723,-4.94904816608765,-4.202405165578904,-0.04589748541083766,0.14289133914202182,0.9741891496568358,5.0,0.0,-0.6214868025724523
C_n2,magnitude_state:volume_movement_signed^2,925,-5.0,5.0,-0.4667790858829323,1.5890454955299966,-4.954674179837956,-4.892620190485136,0.058290096523546546,0.6539639688569531,4.228774750209727,5.0,0.0,-0.02632911336454169
C_n2,observation_half_life:bias,925,-5.0,5.0,4.902086578101227,0.755895443767152,0.0,5.0,5.0,5.0,5.0,5.0,0.0,5.0
C_n2,observation_half_life:directional_volume,925,-5.0,5.0,2.011263393391366,3.7072980320727775,-5.0,-5.0,4.080484125661062,5.0,5.0,5.0,0.0,2.037856741112705
C_n2,observation_half_life:directional_volume^2,925,-5.0,5.0,4.887108011537488,0.8662612869449546,0.0,5.0,5.0,5.0,5.0,5.0,0.0,5.0
C_n2,observation_half_life:price_acceleration,925,-5.0,5.0,-0.5894158332883953,3.7882223233459413,-5.0,-5.0,-1.1024150400720816,5.0,5.0,5.0,0.0,-5.0
C_n2,observation_half_life:price_acceleration^2,925,-5.0,5.0,4.851872275410174,0.9526872856936428,0.0,5.0,5.0,5.0,5.0,5.0,0.0,5.0
C_n2,observation_half_life:price_displacement,925,-5.0,5.0,-0.5112823665674812,4.250116060130408,-5.0,-5.0,-1.1198142671341191,5.0,5.0,5.0,0.0,0.4122327885781605
C_n2,observation_half_life:price_displacement^2,925,-5.0,5.0,4.76615390274025,1.200455542896733,-2.7715434860129573,4.738981237474278,5.0,5.0,5.0,5.0,0.0,5.0
C_n2,observation_half_life:price_velocity,925,-5.0,5.0,-0.7133309003337615,4.220354461807241,-5.0,-5.0,-1.7887004983695256,5.0,5.0,5.0,0.0,-5.0
C_n2,observation_half_life:price_velocity^2,925,-5.0,5.0,4.756528951327756,1.2422988775183177,-3.127954405645613,4.738981237474278,5.0,5.0,5.0,5.0,0.0,5.0
C_n2,observation_half_life:price_velocity_x_acceleration,925,0.0,0.0,0.0,0.0,0.0,0.0,0.0,0.0,0.0,0.0,0.0,0.0
C_n2,observation_half_life:relative_volume,925,-5.0,1.073330668651856,-4.870006874556161,0.711651287628332,-5.0,-5.0,-5.0,-4.999925,0.0,5.0,0.0,-5.0
C_n2,observation_half_life:relative_volume^2,925,0.0,5.0,4.631551487692068,1.092616742611091,0.0,1.5760001696004589,5.0,5.0,5.0,5.0,0.0,5.0
C_n2,observation_half_life:relative_volume_x_price_velocity,925,0.0,0.0,0.0,0.0,0.0,0.0,0.0,0.0,0.0,0.0,0.0,0.0
C_n2,observation_half_life:spread,925,0.0,0.0,0.0,0.0,0.0,0.0,0.0,0.0,0.0,0.0,0.0,0.0
C_n2,observation_half_life:spread^2,925,0.0,0.0,0.0,0.0,0.0,0.0,0.0,0.0,0.0,0.0,0.0,0.0
C_n2,observation_half_life:spread_change,925,0.0,0.0,0.0,0.0,0.0,0.0,0.0,0.0,0.0,0.0,0.0,0.0
C_n2,observation_half_life:spread_change^2,925,0.0,0.0,0.0,0.0,0.0,0.0,0.0,0.0,0.0,0.0,0.0,0.0
C_n2,observation_half_life:volume_density,925,-5.0,1.6463633303342666,-4.866840283593977,0.7242012226690697,-5.0,-5.0,-5.0,-4.999925,0.0,5.0,0.0,-5.0
C_n2,observation_half_life:volume_density^2,925,0.0,5.0,4.630715789452405,1.0926122805106282,0.0,1.5764129231055146,5.0,5.0,5.0,5.0,0.0,5.0
C_n2,observation_half_life:volume_density_x_price_displacement,925,0.0,0.0,0.0,0.0,0.0,0.0,0.0,0.0,0.0,0.0,0.0,0.0
C_n2,observation_half_life:volume_log,925,-5.0,0.0,-4.877460152356084,0.6849857736993838,-5.0,-5.0,-5.0,-4.968848601647749,0.0,5.0,0.0,-5.0
C_n2,observation_half_life:volume_log^2,925,-5.0,5.0,4.446861235483688,1.465316552717949,-1.5846183042478144,0.959782238791839,5.0,5.0,5.0,5.0,0.0,5.0
C_n2,observation_half_life:volume_log_x_price_displacement,925,0.0,0.0,0.0,0.0,0.0,0.0,0.0,0.0,0.0,0.0,0.0,0.0
C_n2,observation_half_life:volume_movement_abs,925,-5.0,5.0,-0.1349606547630916,4.274203587563679,-5.0,-5.0,-0.6331378401987555,5.0,5.0,5.0,0.0,-0.7024329325577678
C_n2,observation_half_life:volume_movement_abs^2,925,-5.0,5.0,4.6452943227559755,1.3724023151669478,-2.5566875535952205,1.6652225419079203,5.0,5.0,5.0,5.0,0.0,5.0
C_n2,observation_half_life:volume_movement_signed,925,-5.0,5.0,-0.5175967462377168,4.272356572800924,-5.0,-5.0,-1.21269162411423,5.0,5.0,5.0,0.0,-0.7024329325577678
C_n2,observation_half_life:volume_movement_signed^2,925,-5.0,5.0,4.6839026222174365,1.3722588062967307,-3.38360323705889,2.970556586176991,5.0,5.0,5.0,5.0,0.0,5.0
C_n2,persistence:bias,925,-5.0,5.0,1.0902924612655611,0.9187587906570986,0.0,0.061832579143526634,0.9545414405078892,2.1546103286424256,4.115586380059103,5.0,0.0,0.8262445188539997
C_n2,persistence:directional_volume,925,-5.0,5.0,-0.061174288098958356,0.9795614546787453,-5.0,-1.3631933778617533,0.09478310006443262,0.847236024991701,2.8464916211067877,5.0,0.0,0.6852194095062136
C_n2,persistence:directional_volume^2,925,-5.0,5.0,-0.4058647885095497,1.1213713602734032,-4.742007383635373,-1.7968030799867745,-0.12537705869281376,0.11956159844252562,4.993397026935625,5.0,0.0,-0.11947355141084683
C_n2,persistence:price_acceleration,925,-5.0,5.0,-0.30938756018739205,1.4844049063091123,-5.0,-4.548144285050748,-0.0002911609416013563,1.0399646926284896,1.9218106483759958,5.0,0.0,1.1966019390304883
C_n2,persistence:price_acceleration^2,925,-5.0,5.0,0.494538600709526,1.6836012741042659,-3.4978084583368307,-1.9526608402857961,0.04449281516071847,4.882139891810493,4.998407602345911,5.0,0.0,1.1213851717035601
C_n2,persistence:price_displacement,925,-5.0,5.0,-0.3797117751396358,0.8527121252804184,-2.787096723361635,-1.8321910679270017,-0.10362755923870733,0.053718845435985034,1.6945326215399816,5.0,0.0,-0.45361697051935246
C_n2,persistence:price_displacement^2,925,-5.0,5.0,-0.5421226333674843,1.4722238837365902,-4.838558506368209,-4.797896286219079,-0.07828138317219296,0.16996391234481553,3.353448565886432,5.0,0.0,-0.406396104437837
C_n2,persistence:price_velocity,925,-5.0,5.0,-0.43404796779160404,0.9132109908696584,-2.787096723361635,-1.9978028760663198,-0.09706528412173267,0.053915190872547966,1.6945326215399816,5.0,0.0,-1.4047706165713267
C_n2,persistence:price_velocity^2,925,-5.0,5.0,-0.5658854231114183,1.516368898657718,-4.838558506368209,-4.797896286219079,-0.07828138317219296,0.17926107156375728,3.353448565886432,5.0,0.0,-1.249632935478576
C_n2,persistence:price_velocity_x_acceleration,925,0.0,0.0,0.0,0.0,0.0,0.0,0.0,0.0,0.0,0.0,0.0,0.0
C_n2,persistence:relative_volume,925,-1.2434577155479243,2.137889358599796,0.2743329369299147,0.8321884647836556,-0.9503836563590797,-0.7727675599894944,-0.052635746108608265,1.5323590816757044,1.6123150132158122,2.137889358599796,0.0,1.5366544217465232
C_n2,persistence:relative_volume^2,925,-0.230666385255342,0.2354332337430612,-0.01620539353580852,0.0972227984431665,-0.18567139500428417,-0.17425508628454559,0.009659972063068146,0.12391714727621177,0.15936755359401425,0.2354332337430612,0.0,-0.17530017518075444
C_n2,persistence:relative_volume_x_price_velocity,925,0.0,0.0,0.0,0.0,0.0,0.0,0.0,0.0,0.0,0.0,0.0,0.0
C_n2,persistence:spread,925,0.0,0.0,0.0,0.0,0.0,0.0,0.0,0.0,0.0,0.0,0.0,0.0
C_n2,persistence:spread^2,925,0.0,0.0,0.0,0.0,0.0,0.0,0.0,0.0,0.0,0.0,0.0,0.0
C_n2,persistence:spread_change,925,0.0,0.0,0.0,0.0,0.0,0.0,0.0,0.0,0.0,0.0,0.0,0.0
C_n2,persistence:spread_change^2,925,0.0,0.0,0.0,0.0,0.0,0.0,0.0,0.0,0.0,0.0,0.0,0.0
C_n2,persistence:volume_density,925,-1.2384155000529968,2.152195596431654,0.28331914465128105,0.840424712106475,-0.9441873832123182,-0.7674503289059823,-0.05143565089203682,1.5537132487282508,1.6338472182781745,2.152195596431654,0.0,1.558166505688867
C_n2,persistence:volume_density^2,925,-0.23450450311251614,0.23395095792861179,-0.01850221552750602,0.09905413686192736,-0.1910941337328496,-0.1796982307766567,0.00928974433738654,0.1222835034419475,0.1579048999811353,0.23450450311251614,0.0,-0.18056959864884534
C_n2,persistence:volume_density_x_price_displacement,925,0.0,0.0,0.0,0.0,0.0,0.0,0.0,0.0,0.0,0.0,0.0,0.0
C_n2,persistence:volume_log,925,-1.576141772476471,1.0592462466681547,-0.3954182663869222,0.3461482069960926,-1.2669441472888772,-1.058704564443371,-0.3363001757443796,-0.012785483600366992,0.0,1.576141772476471,0.0,-0.19097053255551524
C_n2,persistence:volume_log^2,925,-0.09625092048787617,0.22826774174191128,0.0731604024429815,0.07429702759480142,-0.018088592483533845,-0.014090328164136167,0.06271418446802719,0.176040035235165,0.20273553596636185,0.22826774174191128,0.0,0.1081724219930753
C_n2,persistence:volume_log_x_price_displacement,925,0.0,0.0,0.0,0.0,0.0,0.0,0.0,0.0,0.0,0.0,0.0,0.0
C_n2,persistence:volume_movement_abs,925,-5.0,5.0,0.33531711192522823,1.2984065669603362,-2.622444238566341,-2.2005309122283183,-0.04320427924204404,1.9729062982114696,3.9756859857463187,5.0,0.0,1.9950430744726038
C_n2,persistence:volume_movement_abs^2,925,-5.0,5.0,0.04770341875230401,1.6225615912432798,-4.714727518726756,-4.709792759990881,0.024503538059341842,1.6187994570767994,4.680164824627429,5.0,0.0,1.5781906566036257
C_n2,persistence:volume_movement_signed,925,-5.0,5.0,-0.3198907023286823,0.9528827536104895,-2.83066295083864,-1.6131363379631896,-0.0034951930846728375,0.6554914444405253,2.1613166539062467,5.0,0.0,-0.5372775068622598
C_n2,persistence:volume_movement_signed^2,925,-5.0,5.0,-0.610100334739458,1.5042093469592814,-4.883974146782471,-4.836323654999122,-0.07052093329132307,0.3720385144422775,3.225089181658468,5.0,0.0,-0.23764295325602103
C_n2,perturbation_state:bias,925,-5.0,5.0,-0.5549516149087993,0.9467995876209756,-4.007717540776687,-1.870833949088778,-0.16724114120457595,0.10373795026922433,0.6766351683698727,5.0,0.0,0.02302196817546644
C_n2,perturbation_state:directional_volume,925,-5.0,5.0,0.1450972880895336,1.0028908819166182,-2.9603534366732394,-1.0070088484077198,-0.011210885198944028,1.448919131804267,5.0,5.0,0.0,-0.056186648341400254
C_n2,perturbation_state:directional_volume^2,925,-5.0,5.0,0.5654190678020813,1.1546222470512204,-4.9923281406539255,-0.009936156813208375,0.37979742403584454,2.0015782629868673,4.7267635432679445,5.0,0.0,0.49680642301055244
C_n2,perturbation_state:price_acceleration,925,-5.0,5.0,0.27375450488251307,1.5477551047643632,-2.547046591816338,-1.6420203022880002,-0.007246395366830113,4.570072791374134,5.0,5.0,0.0,-1.9649639547325577
C_n2,perturbation_state:price_acceleration^2,925,-5.0,5.0,-0.4328626275927165,1.6677195886116407,-4.998114196222226,-4.870372543775142,0.019081250872844305,1.9931704023363346,3.47715943540869,5.0,0.0,-1.160248818391624
C_n2,perturbation_state:price_displacement,925,-5.0,5.0,0.3929424395764343,0.8329846019118929,-1.743939519312269,-0.006511169784903031,0.15892169228761016,1.7053811649073274,2.6907087574920987,5.0,0.0,0.6922184112131471
C_n2,perturbation_state:price_displacement^2,925,-5.0,5.0,0.6104761329708096,1.455204925737369,-3.288303541482301,-0.019900028563154273,0.11796833228851573,4.8050164957398485,4.846329498639259,5.0,0.0,0.5784307813491392
C_n2,perturbation_state:price_velocity,925,-5.0,5.0,0.45452435537387686,0.9106567485109643,-1.743939519312269,-0.00794778820086119,0.14383999492331886,2.080771540412252,2.704532444068918,5.0,0.0,1.62077956778617
C_n2,perturbation_state:price_velocity^2,925,-5.0,5.0,0.5634213290097799,1.5297983857422215,-4.525763604718365,-0.0217824581734676,0.10414237666739043,4.8050164957398485,4.846329498639259,5.0,0.0,0.06516297678051045
C_n2,perturbation_state:price_velocity_x_acceleration,925,0.0,0.0,0.0,0.0,0.0,0.0,0.0,0.0,0.0,0.0,0.0,0.0
C_n2,perturbation_state:relative_volume,925,-2.3491715058435387,1.0432142888946987,-0.459612393049872,0.901883666679748,-2.000259743489002,-1.9032285043775083,-0.004248213746822272,0.5912896254212365,0.7920893366092233,2.3491715058435387,0.0,-1.893533800393924
C_n2,perturbation_state:relative_volume^2,925,-0.1981923244602526,0.26987211867433647,0.04976629728732775,0.10906328350752285,-0.12229238422793169,-0.09240041195095987,0.0010893015480918096,0.24308038760200038,0.2580882937314701,0.26987211867433647,0.0,0.24213739581817403
C_n2,perturbation_state:relative_volume_x_price_velocity,925,0.0,0.0,0.0,0.0,0.0,0.0,0.0,0.0,0.0,0.0,0.0,0.0
C_n2,perturbation_state:spread,925,0.0,0.0,0.0,0.0,0.0,0.0,0.0,0.0,0.0,0.0,0.0,0.0
C_n2,perturbation_state:spread^2,925,0.0,0.0,0.0,0.0,0.0,0.0,0.0,0.0,0.0,0.0,0.0,0.0
C_n2,perturbation_state:spread_change,925,0.0,0.0,0.0,0.0,0.0,0.0,0.0,0.0,0.0,0.0,0.0,0.0
C_n2,perturbation_state:spread_change^2,925,0.0,0.0,0.0,0.0,0.0,0.0,0.0,0.0,0.0,0.0,0.0,0.0
C_n2,perturbation_state:volume_density,925,-2.362065530339712,1.0371599680784072,-0.46745580604078796,0.910347775188745,-2.020842970821176,-1.923817829692482,-0.00441908451679055,0.5874731089384021,0.7876887507128215,2.362065530339712,0.0,-1.9143376398974326
C_n2,perturbation_state:volume_density^2,925,-0.19717076111821377,0.27482617025266,0.05171919542705193,0.11100460972913433,-0.12123503769301472,-0.09122454167120927,0.0011523428484288142,0.24799967565027325,0.2630762513170562,0.27482617025266,0.0,0.24714327713298018
C_n2,perturbation_state:volume_density_x_price_displacement,925,0.0,0.0,0.0,0.0,0.0,0.0,0.0,0.0,0.0,0.0,0.0,0.0
C_n2,perturbation_state:volume_log,925,-1.3286471322059032,1.3922667000397477,0.1615780265821453,0.3064363573139709,-0.32193515760907315,-0.1811686099299367,0.019897241009470004,0.8014347529117001,1.0515225351212272,1.3922667000397477,0.0,-0.16483537696630973
C_n2,perturbation_state:volume_log^2,925,-0.2226190634954805,0.11298338948829692,-0.05588838943690955,0.0637164230943827,-0.19088011377889008,-0.14478701037604252,-0.04073380554831148,0.008167605077308024,0.008337325253511906,0.2226190634954805,0.0,-0.07447810954850344
C_n2,perturbation_state:volume_log_x_price_displacement,925,0.0,0.0,0.0,0.0,0.0,0.0,0.0,0.0,0.0,0.0,0.0,0.0
C_n2,perturbation_state:volume_movement_abs,925,-5.0,5.0,-0.49841537590989016,1.2607088528293648,-4.039735370842173,-2.0387767371283596,-0.0007659055632297115,1.812937927366078,2.276184910004615,5.0,0.0,-1.896618015808345
C_n2,perturbation_state:volume_movement_abs^2,925,-5.0,5.0,-0.0448712806639287,1.6179528658965103,-4.679671329902371,-1.6683005217713713,-0.010830987346883793,4.715262810834711,4.721458506017791,5.0,0.0,-1.2582347908195854
C_n2,perturbation_state:volume_movement_signed,925,-5.0,5.0,0.3446129847549172,0.9262571506950177,-2.195369377561722,-0.5911994577113733,0.0,1.5248847953256517,2.7339010894550753,5.0,0.0,0.8478704144192264
C_n2,perturbation_state:volume_movement_signed^2,925,-5.0,5.0,0.6179878946206193,1.506627311876989,-3.087389836091342,-0.33904476706190806,0.027652960570658722,4.8418046514851465,4.906254808948662,5.0,0.0,0.5411845397522893
C_n2,reinforcement:bias,925,-5.0,5.0,-0.6324758008973727,0.9584358567446922,-4.042963649471129,-1.934312556185982,-0.31271312760648756,0.036235084024555206,0.20194708187289376,5.0,0.0,-0.1896133534254979
C_n2,reinforcement:directional_volume,925,-5.0,5.0,0.17260624599906405,1.023200609285559,-2.9280664199864748,-0.9857232625537169,0.025981931359724875,1.4631006853241422,5.0,5.0,0.0,-0.44594132213006304
C_n2,reinforcement:directional_volume^2,925,-5.0,5.0,0.4886973771926351,1.1568226885027333,-4.993326025111876,-0.08115192923466992,0.2548100238032813,1.903383542494125,4.7290276126945585,5.0,0.0,0.309863863629874
C_n2,reinforcement:price_acceleration,925,-5.0,5.0,0.34197573889412575,1.532582306265188,-1.8572720337109407,-1.2118575367822844,-0.04342389407456158,4.579242450533701,5.0,5.0,0.0,-1.4587934631697725
C_n2,reinforcement:price_acceleration^2,925,-5.0,5.0,-0.5134208664738074,1.6641627904019582,-4.998188026988219,-4.8741325898337555,-0.05509714417254452,1.9532384312463404,3.321758759468764,5.0,0.0,-1.1219389078214477
C_n2,reinforcement:price_displacement,925,-5.0,5.0,0.30944806281760384,0.7600683680485976,-1.4878827858663217,-0.1488669349563428,0.03985490181012077,1.141843530976202,2.6950691710117765,5.0,0.0,0.572894900924277
C_n2,reinforcement:price_displacement^2,925,-5.0,5.0,0.5107020693600262,1.165625232348072,-3.2019876673997016,0.0051683387520320605,0.13383244379355658,3.490303847653618,3.954360293499938,5.0,0.0,0.4388736007123859
C_n2,reinforcement:price_velocity,925,-5.0,5.0,0.3676840447237343,0.8431237760838951,-1.4878827858663217,-0.15063574102433597,0.03959428361500205,1.8634805778029677,2.6950691710117765,5.0,0.0,1.5358050712319942
C_n2,reinforcement:price_velocity^2,925,-5.0,5.0,0.5136430528550089,1.218764623435866,-3.471085974059488,0.0,0.11324212080570664,3.490303847653618,3.954360293499938,5.0,0.0,0.9164595271456039
C_n2,reinforcement:price_velocity_x_acceleration,925,0.0,0.0,0.0,0.0,0.0,0.0,0.0,0.0,0.0,0.0,0.0,0.0
C_n2,reinforcement:relative_volume,925,-2.657399941265767,0.7459813437518047,-0.627527079218832,0.961010259269662,-2.2102858930412257,-2.140101887291062,-0.004699528055829392,0.3123695866755231,0.5033385170359046,2.657399941265767,0.0,-2.142790051818404
C_n2,reinforcement:relative_volume^2,925,-0.1099601087965083,0.32135595829978175,0.07815132557919197,0.11847238932398697,-0.07243101322216015,-0.05056641717834393,0.002119827280339175,0.2806398801178408,0.2923013651802328,0.32135595829978175,0.0,0.28098255019084584
C_n2,reinforcement:relative_volume_x_price_velocity,925,0.0,0.0,0.0,0.0,0.0,0.0,0.0,0.0,0.0,0.0,0.0,0.0
C_n2,reinforcement:spread,925,0.0,0.0,0.0,0.0,0.0,0.0,0.0,0.0,0.0,0.0,0.0,0.0
C_n2,reinforcement:spread^2,925,0.0,0.0,0.0,0.0,0.0,0.0,0.0,0.0,0.0,0.0,0.0,0.0
C_n2,reinforcement:spread_change,925,0.0,0.0,0.0,0.0,0.0,0.0,0.0,0.0,0.0,0.0,0.0,0.0
C_n2,reinforcement:spread_change^2,925,0.0,0.0,0.0,0.0,0.0,0.0,0.0,0.0,0.0,0.0,0.0,0.0
C_n2,reinforcement:volume_density,925,-2.668128848612973,0.7422987168545858,-0.6339373147396437,0.9693865085340209,-2.228956748694187,-2.1582550589464384,-0.004387866760091839,0.3108216721262899,0.500971132794691,2.668128848612973,0.0,-2.1610180301852724
C_n2,reinforcement:volume_density^2,925,-0.10888134674279834,0.3239610850380073,0.07967909055963183,0.12042815732556142,-0.07182197064015171,-0.0500720169177579,0.0021340395164867456,0.2848890123469811,0.296715296383905,0.3239610850380073,0.0,0.2852598734925267
C_n2,reinforcement:volume_density_x_price_displacement,925,0.0,0.0,0.0,0.0,0.0,0.0,0.0,0.0,0.0,0.0,0.0,0.0
C_n2,reinforcement:volume_log,925,-1.7435677375750056,0.9711491077796326,-0.07432695607385362,0.26775597090941755,-0.6273164429916179,-0.549555605377398,-0.021142524384332263,0.4072682178651757,0.627766304201187,1.7435677375750056,0.0,-0.5572206164347494
C_n2,reinforcement:volume_log^2,925,-0.17784129498781356,0.1595862270063478,-0.0369557435054523,0.045651972976046284,-0.14114807718382902,-0.1036951014881004,-0.011274931922108664,0.00761133885923395,0.012062129062834765,0.17784129498781356,0.0,-0.03330684904729833
C_n2,reinforcement:volume_log_x_price_displacement,925,0.0,0.0,0.0,0.0,0.0,0.0,0.0,0.0,0.0,0.0,0.0,0.0
C_n2,reinforcement:volume_movement_abs,925,-5.0,5.0,-0.5801466123877556,1.145669082459833,-4.036815611638616,-2.025390120092441,-0.06430220794909366,1.0722561154483157,1.5178982153085891,5.0,0.0,-2.0826753584385784
C_n2,reinforcement:volume_movement_abs^2,925,-5.0,5.0,-0.1521667649164196,1.2965438330609442,-4.678606171582441,-1.503271990412048,-0.049511603219888185,3.2816668183601005,3.3187189340761925,5.0,0.0,-1.481506415260926
C_n2,reinforcement:volume_movement_signed,925,-5.0,5.0,0.3307399504907897,0.8534602194782698,-1.7118911319910641,-0.552276734907915,0.052499923748790436,1.2838040361107248,2.7353662211798127,5.0,0.0,0.6693411751750298
C_n2,reinforcement:volume_movement_signed^2,925,-5.0,5.0,0.5165516298269093,1.2079245199026245,-2.7645412744236877,-0.29334926829910934,0.012153204806290728,3.404003391190071,4.525473561141533,5.0,0.0,0.31477355914288496
C_n2,reversal_tendency:bias,925,-5.0,5.0,0.7573244621339275,0.9548254142913165,0.0,0.012207958771489698,0.5015567779036384,2.0102156424316084,4.07181187995429,5.0,0.0,0.7572395176173154
C_n2,reversal_tendency:directional_volume,925,-5.0,5.0,-0.17446355748497758,1.017853520980218,-5.0,-1.451534267843426,-0.013805618401777664,0.9605746344949093,2.902701845950854,5.0,0.0,0.12198526616011737
C_n2,reversal_tendency:directional_volume^2,925,-5.0,5.0,-0.4840770065369952,1.148824742223871,-4.734328361819906,-1.870474527850866,-0.21938010579479628,0.05869584306146885,4.993182533452113,5.0,0.0,-0.4667358785302571
C_n2,reversal_tendency:price_acceleration,925,-5.0,5.0,-0.4629707244213409,1.4494798852308373,-5.0,-4.5677991922569,0.006350905828445375,0.37750487467933413,0.9297516577465674,5.0,0.0,0.29600281157302627
C_n2,reversal_tendency:price_acceleration^2,925,-5.0,5.0,0.4631485177571189,1.577756483266491,-3.2859686688198257,-1.9402288441646898,0.11813799986495446,4.874995405892513,4.976764267215231,5.0,0.0,0.22535937038417037
C_n2,reversal_tendency:price_displacement,925,-5.0,5.0,-0.2620888981854952,0.7408733707007852,-2.7076638870477163,-1.0192589384936617,-0.01060989605771237,0.1676192858707471,1.5707113725756459,5.0,0.0,-0.5236235879370392
C_n2,reversal_tendency:price_displacement^2,925,-5.0,5.0,-0.4682856274311268,1.1878039815179426,-3.963397446589539,-3.582505279147838,-0.10855107384478226,0.007318470078087247,3.2147950591807493,5.0,0.0,-0.07550189020353729
C_n2,reversal_tendency:price_velocity,925,-5.0,5.0,-0.25579090498863377,0.739192643239092,-2.7076638870477163,-1.0192589384936617,-0.01060989605771237,0.1676192858707471,1.5707113725756459,5.0,0.0,-0.31530612341689246
C_n2,reversal_tendency:price_velocity^2,925,-5.0,5.0,-0.4707410367439448,1.1874786265867043,-3.963397446589539,-3.582505279147838,-0.11700084204097502,0.02375941251229493,3.2147950591807493,5.0,0.0,-0.12405384238088898
C_n2,reversal_tendency:price_velocity_x_acceleration,925,0.0,0.0,0.0,0.0,0.0,0.0,0.0,0.0,0.0,0.0,0.0,0.0
C_n2,reversal_tendency:relative_volume,925,-0.7537550659535496,2.65379226496922,0.5976707146551042,0.9399552834480184,-0.520401472041221,-0.33175280899816584,-0.005015306419090675,1.9562371092684847,1.9810829310009581,2.65379226496922,0.0,1.9745426881931258
C_n2,reversal_tendency:relative_volume^2,925,-0.31774420763974065,0.11527636950831158,-0.07028984905857578,0.11191636769955156,-0.2400048545147998,-0.23215464918940015,0.000687038013393015,0.05410924652264377,0.07661201757729265,0.31774420763974065,0.0,-0.23374015604537132
C_n2,reversal_tendency:relative_volume_x_price_velocity,925,0.0,0.0,0.0,0.0,0.0,0.0,0.0,0.0,0.0,0.0,0.0,0.0
C_n2,reversal_tendency:spread,925,0.0,0.0,0.0,0.0,0.0,0.0,0.0,0.0,0.0,0.0,0.0,0.0
C_n2,reversal_tendency:spread^2,925,0.0,0.0,0.0,0.0,0.0,0.0,0.0,0.0,0.0,0.0,0.0,0.0
C_n2,reversal_tendency:spread_change,925,0.0,0.0,0.0,0.0,0.0,0.0,0.0,0.0,0.0,0.0,0.0,0.0
C_n2,reversal_tendency:spread_change^2,925,0.0,0.0,0.0,0.0,0.0,0.0,0.0,0.0,0.0,0.0,0.0,0.0
C_n2,reversal_tendency:volume_density,925,-0.7497692573658115,2.6647589305266903,0.6043859471944661,0.9483777014891592,-0.5176772730530261,-0.3297469837109227,-0.005013427418408104,1.9754294686654397,2.0009660510907032,2.6647589305266903,0.0,1.9937189517148612
C_n2,reversal_tendency:volume_density^2,925,-0.3204249507326833,0.11477725538505601,-0.07191167148213078,0.11389528921835813,-0.24458222329887408,-0.23653576905681165,0.00045753175554961946,0.0534843524163458,0.07589688510718902,0.3204249507326833,0.0,-0.23833503658961708
C_n2,reversal_tendency:volume_density_x_price_displacement,925,0.0,0.0,0.0,0.0,0.0,0.0,0.0,0.0,0.0,0.0,0.0,0.0
C_n2,reversal_tendency:volume_log,925,-0.9904386354614391,1.7362743325082177,0.03217245409786304,0.2470774948808446,-0.6713846621467053,-0.44247980349280736,-0.0035761400452914184,0.31301282413625003,0.4502468291365982,1.7362743325082177,0.0,0.3255430215872267
C_n2,reversal_tendency:volume_log^2,925,-0.16680397731192642,0.1703582786819403,0.03812637072024935,0.047523131389938224,-0.013912343972274727,-0.00935708016773152,0.006733852532921732,0.10056349517444438,0.13540683770303102,0.1703582786819403,0.0,0.08932625344787633
C_n2,reversal_tendency:volume_log_x_price_displacement,925,0.0,0.0,0.0,0.0,0.0,0.0,0.0,0.0,0.0,0.0,0.0,0.0
C_n2,reversal_tendency:volume_movement_abs,925,-5.0,5.0,0.5647931378788493,1.145599707173072,-1.534752932716899,-1.09583741153094,0.017379143865212943,1.8851474373643804,3.99663629422871,5.0,0.0,1.7442804377093915
C_n2,reversal_tendency:volume_movement_abs^2,925,-5.0,5.0,0.12162866364899871,1.316423032683168,-3.432450089999277,-3.4264774826196827,0.016095356703896484,1.2077192069761173,4.678639133840308,5.0,0.0,0.9861409414919712
C_n2,reversal_tendency:volume_movement_signed,925,-5.0,5.0,-0.29603848876672845,0.84854289723325,-2.7477271352817145,-1.1771034476694777,-0.0027470802868808687,0.582964072841987,1.8159814591048693,5.0,0.0,-0.9397538287140432
C_n2,reversal_tendency:volume_movement_signed^2,925,-5.0,5.0,-0.5563230912669416,1.2286854291364795,-4.567361823470749,-3.5559390244920808,-0.011200582854259135,0.27256605683203194,2.7795298621581392,5.0,0.0,-0.8579779257011302
C_n2,strength:bias,925,-5.0,5.0,-0.044494184716766826,0.9973273413574745,-2.5496593265698952,-1.6668849700743738,0.24725125584113827,1.1493129220906895,1.4012657558825488,5.0,0.0,0.04252396783209512
C_n2,strength:directional_volume,925,-5.0,5.0,-0.1491111127316536,0.7321207581800012,-2.965100544805932,-1.031991364135767,-0.03818941816788976,0.07037431541649702,1.876818972265966,5.0,0.0,-0.03901908362550692
C_n2,strength:directional_volume^2,925,-5.0,5.0,0.21370159574642514,0.8207592320705462,-3.357287738827238,0.018404153766309425,0.17220280861396517,0.625669632501767,4.714998476586958,5.0,0.0,0.5278952701252421
C_n2,strength:price_acceleration,925,-5.0,5.0,0.5302432158974408,1.6630333918743367,-2.166975508987056,-1.4300483565350732,0.011773738175175179,4.716305875184241,5.0,5.0,0.0,-1.7339596141023756
C_n2,strength:price_acceleration^2,925,-5.0,5.0,-0.5174007474191249,1.6942824324566301,-4.988367951004608,-4.943527325473138,-0.006066795836044988,1.8537640304516363,3.2880740523836,5.0,0.0,-1.0978876704358718
C_n2,strength:price_displacement,925,-5.0,5.0,0.191391631592579,0.7379175549525046,-0.792844210500221,-0.43200501511778877,0.0212351038751602,1.0123092459816816,2.6692586420761146,5.0,0.0,0.6158139160604097
C_n2,strength:price_displacement^2,925,-5.0,5.0,0.26957032415538656,0.7862280807732482,-3.171081131712292,0.01484490397173804,0.10875463630187872,0.9727986620588859,3.8021994205721468,5.0,0.0,0.5190439252597551
C_n2,strength:price_velocity,925,-5.0,5.0,0.2553094419410662,0.8367154331190584,-0.792844210500221,-0.43556589264566703,0.021234785348602073,1.6107570990445534,2.6767835392394943,5.0,0.0,1.5289227044699423
C_n2,strength:price_velocity^2,925,-5.0,5.0,0.22854217467073817,0.8819310769594881,-4.156046558088201,0.0006891753088090468,0.10396694289712906,0.9814071741859965,3.8021994205721468,5.0,0.0,0.153290780083841
C_n2,strength:price_velocity_x_acceleration,925,0.0,0.0,0.0,0.0,0.0,0.0,0.0,0.0,0.0,0.0,0.0,0.0
C_n2,strength:relative_volume,925,-3.3266158462081385,0.06549096621350232,-0.9631023287068288,1.2032724566919348,-2.9224300063018083,-2.8410821222028875,-0.21711353619399598,-0.02799348789816544,0.0,3.3266158462081385,0.0,-2.841083874774236
C_n2,strength:relative_volume^2,925,-0.0062557086386631645,0.42156748855516357,0.1315272293978472,0.15187346739591706,0.0,0.006792746077402707,0.05700181876628329,0.38421269404753083,0.3967890853326617,0.42156748855516357,0.0,0.3841853885657214
C_n2,strength:relative_volume_x_price_velocity,925,0.0,0.0,0.0,0.0,0.0,0.0,0.0,0.0,0.0,0.0,0.0,0.0
C_n2,strength:spread,925,0.0,0.0,0.0,0.0,0.0,0.0,0.0,0.0,0.0,0.0,0.0,0.0
C_n2,strength:spread^2,925,0.0,0.0,0.0,0.0,0.0,0.0,0.0,0.0,0.0,0.0,0.0,0.0
C_n2,strength:spread_change,925,0.0,0.0,0.0,0.0,0.0,0.0,0.0,0.0,0.0,0.0,0.0,0.0
C_n2,strength:spread_change^2,925,0.0,0.0,0.0,0.0,0.0,0.0,0.0,0.0,0.0,0.0,0.0,0.0
C_n2,strength:volume_density,925,-3.334393779035638,0.06535625948002555,-0.9680280098561934,1.210779045468356,-2.9382397084184237,-2.8570214929451625,-0.21659113494931975,-0.027994573077127705,0.0,3.334393779035638,0.0,-2.8570221189073703
C_n2,strength:volume_density^2,925,-0.0062228762691140995,0.423378456821266,0.1326367653624439,0.15360953604027638,0.0,0.006794644253344471,0.05681811865119629,0.3878339363354444,0.40043213739963673,0.423378456821266,0.0,0.3878322143142396
C_n2,strength:volume_density_x_price_displacement,925,0.0,0.0,0.0,0.0,0.0,0.0,0.0,0.0,0.0,0.0,0.0,0.0
C_n2,strength:volume_log,925,-2.5976641689342057,0.08895329912217954,-0.4929123364834502,0.5326036887988133,-1.5151237798789992,-1.4007311812299492,-0.239125148636444,-0.02786308429629819,0.0,2.5976641689342057,0.0,-1.3868043765130154
C_n2,strength:volume_log^2,925,-0.04206051645363612,0.28076225321644677,0.020291085446703397,0.03241545378633199,-0.02056681005626327,-0.008180461383225925,0.008226006381966076,0.08064953607128829,0.10332701872008405,0.28076225321644677,0.0,0.07837739372970214
C_n2,strength:volume_log_x_price_displacement,925,0.0,0.0,0.0,0.0,0.0,0.0,0.0,0.0,0.0,0.0,0.0,0.0
C_n2,strength:volume_movement_abs,925,-5.0,5.0,-0.7197369611463728,1.0183282199064663,-3.943357844328734,-2.0060642202897707,-0.19283340280453345,0.015549054207186932,0.1814098096277608,5.0,0.0,-1.9235238526485476
C_n2,strength:volume_movement_abs^2,925,-5.0,5.0,-0.30579085373555553,0.8805545377163061,-4.678970491485865,-1.4976213697719902,-0.061048879635340274,0.6209821442074106,0.6396277674899077,5.0,0.0,-1.2353218788930975
C_n2,strength:volume_movement_signed,925,-5.0,5.0,0.2959796543644629,0.8002981929826591,-0.7275545157394064,-0.46480841128515926,0.07013824574925054,1.195793271259218,2.7112884757449454,5.0,0.0,0.8134488649766514
C_n2,strength:volume_movement_signed^2,925,-5.0,5.0,0.3492982272393185,0.8658799161728259,-2.7244428698095806,-0.16864534708951237,0.03855837734981256,1.3016748967090077,4.3034890195636795,5.0,0.0,0.5527955468051425
C_n2,uncertainty:bias,925,-5.0,5.0,0.8058181979937965,0.89214703760078,0.0,0.12272085082326467,0.4277925932975957,1.8977630192932677,4.067547625543478,5.0,0.0,0.41960541370587057
C_n2,uncertainty:directional_volume,925,-5.0,5.0,-0.03362357780409465,0.9441921922434062,-5.0,-1.2322201350497093,0.0684216243909534,0.9354320599613163,2.9017578800884993,5.0,0.0,0.475946040184535
C_n2,uncertainty:directional_volume^2,925,-5.0,5.0,-0.5900808794231615,1.2434354028119,-4.726268658268379,-2.3181373629594764,-0.2372114202254791,0.12825449168059633,4.990844832742078,5.0,0.0,-0.292669707135853
C_n2,uncertainty:price_acceleration,925,-5.0,5.0,-0.20557064940182715,1.4994749357633685,-5.0,-4.527879547992893,0.04214940501035701,1.1394789160863892,1.7547979495361048,5.0,0.0,1.3767121090915992
C_n2,uncertainty:price_acceleration^2,925,-5.0,5.0,0.4632946037415469,1.65717725264743,-3.43405812212733,-1.9640764587604513,0.03978598762079756,4.870318231146299,4.998044394964396,5.0,0.0,1.129330809215297
C_n2,uncertainty:price_displacement,925,-5.0,5.0,-0.5326512263654644,1.0909095612721715,-4.238942363210607,-3.3223180799532415,-0.21121565920236077,0.03043502629972901,1.0733463915543306,5.0,0.0,-0.5198192881777032
C_n2,uncertainty:price_displacement^2,925,-5.0,5.0,-0.542332489985247,1.4877342041025774,-4.905392911874509,-4.853422220451466,-0.1089002449942572,0.15683802892257637,3.593259662761677,5.0,0.0,-0.45136656731617575
C_n2,uncertainty:price_velocity,925,-5.0,5.0,-0.5885664293410313,1.1335312986715622,-4.238942363210607,-3.3223180799532415,-0.19618673337975542,0.030902371106152515,1.0733463915543306,5.0,0.0,-1.4335734896287848
C_n2,uncertainty:price_velocity^2,925,-5.0,5.0,-0.5463846818779795,1.5296232006356176,-4.905392911874509,-4.853422220451466,-0.10302584740231124,0.166470606697049,3.593259662761677,5.0,0.0,-0.933190144664293
C_n2,uncertainty:price_velocity_x_acceleration,925,0.0,0.0,0.0,0.0,0.0,0.0,0.0,0.0,0.0,0.0,0.0,0.0
C_n2,uncertainty:relative_volume,925,-1.0980145704708462,2.2500752616122375,0.3930586894420772,0.8377309868322941,-0.7676967446724384,-0.5502393836855646,-0.04621424477448657,1.715505591335961,1.7843958824401147,2.2500752616122375,0.0,1.7191169899271717
C_n2,uncertainty:relative_volume^2,925,-0.24735805953874976,0.22208600579076776,-0.033977512592001144,0.09805455467056876,-0.21580825832567258,-0.20426954625037483,0.009885651975399184,0.09145071746874728,0.13729578434299328,0.24735805953874976,0.0,-0.2048485282387837
C_n2,uncertainty:relative_volume_x_price_velocity,925,0.0,0.0,0.0,0.0,0.0,0.0,0.0,0.0,0.0,0.0,0.0,0.0
C_n2,uncertainty:spread,925,0.0,0.0,0.0,0.0,0.0,0.0,0.0,0.0,0.0,0.0,0.0,0.0
C_n2,uncertainty:spread^2,925,0.0,0.0,0.0,0.0,0.0,0.0,0.0,0.0,0.0,0.0,0.0,0.0
C_n2,uncertainty:spread_change,925,0.0,0.0,0.0,0.0,0.0,0.0,0.0,0.0,0.0,0.0,0.0,0.0
C_n2,uncertainty:spread_change^2,925,0.0,0.0,0.0,0.0,0.0,0.0,0.0,0.0,0.0,0.0,0.0,0.0
C_n2,uncertainty:volume_density,925,-1.090955053797885,2.2667583334442405,0.40340392386773316,0.8469308327784125,-0.7595083611453812,-0.5427254617964631,-0.04485454312508637,1.7398165392221263,1.808951791139808,2.2667583334442405,0.0,1.7432539688763113
C_n2,uncertainty:volume_density^2,925,-0.25167647983856595,0.2200292950409398,-0.03665295287190626,0.10016446136606676,-0.22191968157996034,-0.21026611725338396,0.009469543337057474,0.08921353430603678,0.13517465467696843,0.25167647983856595,0.0,-0.2108297910329794
C_n2,uncertainty:volume_density_x_price_displacement,925,0.0,0.0,0.0,0.0,0.0,0.0,0.0,0.0,0.0,0.0,0.0,0.0
C_n2,uncertainty:volume_log,925,-1.5527569601167786,1.0501643416294921,-0.3427441257113331,0.31007894181684637,-1.2028363023276192,-0.934989030375764,-0.31001134041843553,-0.025686010990773712,0.0,1.5527569601167786,0.0,-0.15039330279247734
C_n2,uncertainty:volume_log^2,925,-0.1838163162556125,0.1398982499868939,0.009889486568725674,0.048685469910481956,-0.05518383927460472,-0.05300220185313752,0.0053762798432879936,0.08285561937482078,0.11000468504725688,0.1838163162556125,0.0,0.012046723957912946
C_n2,uncertainty:volume_log_x_price_displacement,925,0.0,0.0,0.0,0.0,0.0,0.0,0.0,0.0,0.0,0.0,0.0,0.0
C_n2,uncertainty:volume_movement_abs,925,-5.0,5.0,0.23577817876688395,1.5717947237832282,-4.1287374731654936,-3.6472139171805584,-0.07145813543991328,1.9997799279318074,4.093976181737026,5.0,0.0,2.008735145051602
C_n2,uncertainty:volume_movement_abs^2,925,-5.0,5.0,0.06261637377838632,1.6455275636913362,-4.751413213407691,-4.743474928670849,0.0368793535005731,1.5448304051954032,4.714168851463221,5.0,0.0,1.490950432754148
C_n2,uncertainty:volume_movement_signed,925,-5.0,5.0,-0.46619288749731147,1.1430764529778734,-3.850876732928513,-3.1132360079025596,-0.006122964903932503,0.48856406133994773,1.3855423364970643,5.0,0.0,-0.6285898446705176
C_n2,uncertainty:volume_movement_signed^2,925,-5.0,5.0,-0.5922635963702261,1.5366144669583615,-4.927988289089705,-4.870644396210029,-0.0806337129609908,0.46320585051767793,4.007795242701232,5.0,0.0,-0.3258523269175616
C_n3,direction_state:bias,925,-5.0,5.0,0.09330061563258657,1.8267566123877226,-5.0,-3.264439596703074,0.0,3.2075221999243735,5.0,5.0,0.0,-4.569802636023261
C_n3,direction_state:directional_volume,925,-5.0,5.0,-0.39091319516458317,2.3570969289537933,-5.0,-3.8278119619098603,-0.6198850568096151,4.071561488543991,5.0,5.0,0.0,1.2734754590872384
C_n3,direction_state:directional_volume^2,925,-5.0,5.0,0.47605762642516175,2.3505793061544358,-5.0,-2.335684786709389,0.31499494847313697,4.454690272498689,5.0,5.0,0.0,1.472241801573875
C_n3,direction_state:directional_volume^3,925,-5.0,5.0,1.7990124934243388,2.4593912644344353,-5.0,-3.256489953127232,2.268770963024823,4.999909949119479,5.0,5.0,0.0,3.890842624670977
C_n3,direction_state:price_acceleration,925,-5.0,5.0,-1.483630796845901,2.5874861702595067,-5.0,-5.0,-1.780733767864059,4.3457043199915555,5.0,5.0,0.0,-2.755609407451406
C_n3,direction_state:price_acceleration^2,925,-5.0,5.0,-0.06703261275782171,3.3220428103547395,-5.0,-5.0,-0.343448403797543,5.0,5.0,5.0,0.0,-4.999912311510638
C_n3,direction_state:price_acceleration^3,925,-5.0,5.0,-0.2550140751538133,3.3300805399654654,-5.0,-5.0,-0.27968862370643277,5.0,5.0,5.0,0.0,-2.737295924848399
C_n3,direction_state:price_displacement,925,-5.0,5.0,0.020543004984166727,2.248602059767767,-5.0,-3.8762710812916077,0.00919127308954315,4.486483567944832,5.0,5.0,0.0,0.31314558430037187
C_n3,direction_state:price_displacement^2,925,-5.0,5.0,0.2825717881253873,2.7893214900781094,-5.0,-5.0,-0.06397446090589358,5.0,5.0,5.0,0.0,-0.6775336878857905
C_n3,direction_state:price_displacement^3,925,-5.0,5.0,0.4905051712620613,2.823385160356648,-5.0,-4.9832721644084765,0.1844297104192435,5.0,5.0,5.0,0.0,-2.5244644880518843
C_n3,direction_state:price_velocity,925,-5.0,5.0,-0.10366082781971947,2.2710284724801633,-5.0,-3.955493405619461,-0.03025208442616697,4.451016532921654,5.0,5.0,0.0,-1.1840937330993562
C_n3,direction_state:price_velocity^2,925,-5.0,5.0,0.22297181079008088,2.723306027031193,-5.0,-5.0,-0.12120998064745155,5.0,5.0,5.0,0.0,-2.2294456359146197
C_n3,direction_state:price_velocity^3,925,-5.0,5.0,0.49421885709150315,2.8032099049381825,-5.0,-4.974994139227062,0.21365077224577558,5.0,5.0,5.0,0.0,-4.574334715440908
C_n3,direction_state:price_velocity_x_acceleration,925,0.0,0.0,0.0,0.0,0.0,0.0,0.0,0.0,0.0,0.0,0.0,0.0
C_n3,direction_state:relative_volume,925,-5.0,5.0,-0.7346693087479363,1.9891357070940732,-4.521773797585453,-4.340584161758377,0.15463553227222193,1.0776743890608087,1.6321248316491341,5.0,0.0,-1.1102630101950703
C_n3,direction_state:relative_volume^2,925,-0.33757355451861626,5.0,2.200469010103581,2.055960626372373,-0.28612855856307684,-0.2205045481117128,2.9905434970072746,4.907090042389146,4.932000505232077,5.0,0.0,3.653990591373329
C_n3,direction_state:relative_volume^3,925,-0.8449104868846922,0.10307016580488752,-0.38186892142139395,0.35985270927463725,-0.7993565672332221,-0.7876047022721289,-0.5721760981012681,0.0715419219076261,0.08335912530468301,0.8449104868846922,0.0,-0.7733220558606989
C_n3,direction_state:relative_volume_x_price_velocity,925,0.0,0.0,0.0,0.0,0.0,0.0,0.0,0.0,0.0,0.0,0.0,0.0
C_n3,direction_state:spread,925,0.0,0.0,0.0,0.0,0.0,0.0,0.0,0.0,0.0,0.0,0.0,0.0
C_n3,direction_state:spread^2,925,0.0,0.0,0.0,0.0,0.0,0.0,0.0,0.0,0.0,0.0,0.0,0.0
C_n3,direction_state:spread^3,925,0.0,0.0,0.0,0.0,0.0,0.0,0.0,0.0,0.0,0.0,0.0,0.0
C_n3,direction_state:spread_change,925,0.0,0.0,0.0,0.0,0.0,0.0,0.0,0.0,0.0,0.0,0.0,0.0
C_n3,direction_state:spread_change^2,925,0.0,0.0,0.0,0.0,0.0,0.0,0.0,0.0,0.0,0.0,0.0,0.0
C_n3,direction_state:spread_change^3,925,0.0,0.0,0.0,0.0,0.0,0.0,0.0,0.0,0.0,0.0,0.0,0.0
C_n3,direction_state:volume_density,925,-5.0,5.0,-0.7243012911287239,1.9968572263112812,-4.524489828203997,-4.344922928243507,0.15883725299727838,1.1055587699934404,1.660268732148974,5.0,0.0,-1.0822262957428121
C_n3,direction_state:volume_density^2,925,-0.3424219135842058,5.0,2.1929275131001815,2.0536514602526075,-0.2877271389292442,-0.22179462993767537,2.969130131117606,4.908272909521794,4.932766799598839,5.0,0.0,3.6328409102736727
C_n3,direction_state:volume_density^3,925,-1.0537901115176231,0.10333234746723212,-0.5050552216736365,0.46262026621368013,-1.0115662691251552,-1.001531010722645,-0.7813298729260546,0.07168478649719408,0.08348878550347617,1.0537901115176231,0.0,-0.9820915512943108
C_n3,direction_state:volume_density_x_price_displacement,925,0.0,0.0,0.0,0.0,0.0,0.0,0.0,0.0,0.0,0.0,0.0,0.0
C_n3,direction_state:volume_log,925,-5.0,5.0,-1.02867992534335,1.384542599121126,-3.9394040651914177,-3.3896216844993594,-1.3959726188662311,0.7754847951599144,1.1956457295560263,5.0,0.0,-3.0285960629239486
C_n3,direction_state:volume_log^2,925,-0.9738223206919596,5.0,2.480724703547623,2.5637575381591446,-0.9295511454969778,-0.9047762381063469,4.5500424904593935,4.813942015632276,4.952448079296888,5.0,0.0,4.598804659804776
C_n3,direction_state:volume_log^3,925,-0.35946622409158324,5.0,2.645676744405687,2.381841557527783,-0.3280263528122894,-0.2766816496418098,4.592795033061136,4.779209333872184,4.78369430515955,5.0,0.0,4.433092420605802
C_n3,direction_state:volume_log_x_price_displacement,925,0.0,0.0,0.0,0.0,0.0,0.0,0.0,0.0,0.0,0.0,0.0,0.0
C_n3,direction_state:volume_movement_abs,925,-5.0,5.0,0.18466525380949228,2.299346005130127,-5.0,-4.3121512225527185,0.09909293186257194,4.649831925421312,5.0,5.0,0.0,0.6730957296919691
C_n3,direction_state:volume_movement_abs^2,925,-5.0,5.0,0.44528833747481295,2.848712510009685,-5.0,-4.90981178411474,0.030556627762925857,5.0,5.0,5.0,0.0,0.3092816378091368
C_n3,direction_state:volume_movement_abs^3,925,-5.0,5.0,0.2652384842461865,2.9926445852326777,-5.0,-5.0,-0.007357611998302526,5.0,5.0,5.0,0.0,1.8452235571743056
C_n3,direction_state:volume_movement_signed,925,-5.0,5.0,0.10691228077378659,2.158790311610113,-5.0,-3.624339101949874,0.06343113412360304,4.269189779446371,5.0,5.0,0.0,0.6730957296919691
C_n3,direction_state:volume_movement_signed^2,925,-5.0,5.0,0.25732801628772706,2.7837906106209633,-5.0,-4.904125407778296,0.024535006371858015,5.0,5.0,5.0,0.0,0.3092816378091368
C_n3,direction_state:volume_movement_signed^3,925,-5.0,5.0,0.6409320175538176,2.838924973044765,-5.0,-4.9916449382379495,0.4646423064937282,5.0,5.0,5.0,0.0,1.8452235571743056
C_n3,forward_half_life:bias,925,-5.0,5.0,4.8403945529258525,1.0632123090359,0.0,5.0,5.0,5.0,5.0,5.0,0.0,5.0
C_n3,forward_half_life:directional_volume,925,-5.0,5.0,1.9572700344546152,3.771384780204242,-5.0,-5.0,4.169278329994123,5.0,5.0,5.0,0.0,2.0149339393433294
C_n3,forward_half_life:directional_volume^2,925,-5.0,5.0,4.814431535633786,1.1458424791770219,-0.7831339892542546,5.0,5.0,5.0,5.0,5.0,0.0,5.0
C_n3,forward_half_life:directional_volume^3,925,-5.0,5.0,1.7095912778408195,4.023969428989007,-5.0,-5.0,4.565551284538039,5.0,5.0,5.0,0.0,4.666902630349306
C_n3,forward_half_life:price_acceleration,925,-5.0,5.0,-0.12421846543465118,3.823125713614281,-5.0,-5.0,-0.15917888891954624,5.0,5.0,5.0,0.0,-5.0
C_n3,forward_half_life:price_acceleration^2,925,-5.0,5.0,4.5721875849744125,1.6761895353517564,-4.893295773942011,1.1909173504786688,5.0,5.0,5.0,5.0,0.0,5.0
C_n3,forward_half_life:price_acceleration^3,925,-5.0,5.0,0.34298963062045423,4.069729792944475,-5.0,-5.0,0.7984335008556358,5.0,5.0,5.0,0.0,3.00204788464896
C_n3,forward_half_life:price_displacement,925,-5.0,5.0,-0.2502813799969799,4.287571114663939,-5.0,-5.0,-0.32864879932460234,5.0,5.0,5.0,0.0,0.45411630012787807
C_n3,forward_half_life:price_displacement^2,925,-5.0,5.0,4.67423916999817,1.454474139837034,-4.294892260915332,2.6819448687827077,5.0,5.0,5.0,5.0,0.0,5.0
C_n3,forward_half_life:price_displacement^3,925,-5.0,5.0,-0.2555343728800796,4.473503221997174,-5.0,-5.0,-1.091300859273403,5.0,5.0,5.0,0.0,-2.968505724730573
C_n3,forward_half_life:price_velocity,925,-5.0,5.0,-0.4698404009313551,4.267218335739636,-5.0,-5.0,-1.0481455642771804,5.0,5.0,5.0,0.0,-5.0
C_n3,forward_half_life:price_velocity^2,925,-5.0,5.0,4.6742390917907635,1.4544741223227426,-4.294892260915332,2.6819448687827077,5.0,5.0,5.0,5.0,0.0,5.0
C_n3,forward_half_life:price_velocity^3,925,-5.0,5.0,-0.42012775582577416,4.440046978934243,-5.0,-5.0,-1.7102515876014326,5.0,5.0,5.0,0.0,-5.0
C_n3,forward_half_life:price_velocity_x_acceleration,925,0.0,0.0,0.0,0.0,0.0,0.0,0.0,0.0,0.0,0.0,0.0,0.0
C_n3,forward_half_life:relative_volume,925,-5.0,5.0,-4.802960290726779,1.0285505928769436,-5.0,-5.0,-5.0,-4.623846093731711,0.0,5.0,0.0,-5.0
C_n3,forward_half_life:relative_volume^2,925,0.0,5.0,4.60355106094012,1.0644948451820044,0.0,1.785847701265825,5.0,5.0,5.0,5.0,0.0,5.0
C_n3,forward_half_life:relative_volume^3,925,-5.0,0.0,-4.197347183401897,1.5851515038124624,-5.0,-5.0,-5.0,-0.38122970783854937,0.0,5.0,0.0,-5.0
C_n3,forward_half_life:relative_volume_x_price_velocity,925,0.0,0.0,0.0,0.0,0.0,0.0,0.0,0.0,0.0,0.0,0.0,0.0
C_n3,forward_half_life:spread,925,0.0,0.0,0.0,0.0,0.0,0.0,0.0,0.0,0.0,0.0,0.0,0.0
C_n3,forward_half_life:spread^2,925,0.0,0.0,0.0,0.0,0.0,0.0,0.0,0.0,0.0,0.0,0.0,0.0
C_n3,forward_half_life:spread^3,925,0.0,0.0,0.0,0.0,0.0,0.0,0.0,0.0,0.0,0.0,0.0,0.0
C_n3,forward_half_life:spread_change,925,0.0,0.0,0.0,0.0,0.0,0.0,0.0,0.0,0.0,0.0,0.0,0.0
C_n3,forward_half_life:spread_change^2,925,0.0,0.0,0.0,0.0,0.0,0.0,0.0,0.0,0.0,0.0,0.0,0.0
C_n3,forward_half_life:spread_change^3,925,0.0,0.0,0.0,0.0,0.0,0.0,0.0,0.0,0.0,0.0,0.0,0.0
C_n3,forward_half_life:volume_density,925,-5.0,5.0,-4.802822525574575,1.0291236162638824,-5.0,-5.0,-5.0,-4.629191875591404,0.0,5.0,0.0,-5.0
C_n3,forward_half_life:volume_density^2,925,0.0,5.0,4.592545011792694,1.0751210974212757,0.0,1.7369378008868472,5.0,5.0,5.0,5.0,0.0,5.0
C_n3,forward_half_life:volume_density^3,925,-5.0,0.0,-4.193071871253676,1.5851171737758356,-5.0,-5.0,-5.0,-0.3816703976584997,0.0,5.0,0.0,-5.0
C_n3,forward_half_life:volume_density_x_price_displacement,925,0.0,0.0,0.0,0.0,0.0,0.0,0.0,0.0,0.0,0.0,0.0,0.0
C_n3,forward_half_life:volume_log,925,-5.0,5.0,-4.835786107991969,0.878052441823306,-5.0,-5.0,-5.0,-4.878952523239425,0.0,5.0,0.0,-5.0
C_n3,forward_half_life:volume_log^2,925,-5.0,5.0,4.446549889359511,1.4963617498414767,-2.0506165938879226,0.9845317399805099,5.0,5.0,5.0,5.0,0.0,5.0
C_n3,forward_half_life:volume_log^3,925,-5.0,0.0,-4.348996704988768,1.4947345778208816,-5.0,-5.0,-5.0,-0.3694930653275277,0.0,5.0,0.0,-5.0
C_n3,forward_half_life:volume_log_x_price_displacement,925,0.0,0.0,0.0,0.0,0.0,0.0,0.0,0.0,0.0,0.0,0.0,0.0
C_n3,forward_half_life:volume_movement_abs,925,-5.0,5.0,-0.0010036875871174448,4.3175362479911366,-5.0,-5.0,-0.07103584989224077,5.0,5.0,5.0,0.0,-0.669175576495201
C_n3,forward_half_life:volume_movement_abs^2,925,-5.0,5.0,4.430972042524612,1.8318920627689648,-4.330936815809586,0.0,5.0,5.0,5.0,5.0,0.0,5.0
C_n3,forward_half_life:volume_movement_abs^3,925,-5.0,5.0,0.4085037987455106,4.434593712557193,-5.0,-5.0,1.2576142513390982,5.0,5.0,5.0,0.0,-3.982895685845275
C_n3,forward_half_life:volume_movement_signed,925,-5.0,5.0,-0.28026308346460593,4.3058987612446495,-5.0,-5.0,-0.5321941613201427,5.0,5.0,5.0,0.0,-0.669175576495201
C_n3,forward_half_life:volume_movement_signed^2,925,-5.0,5.0,4.583915406604739,1.6126356110501427,-4.4305725764648605,1.220718523004115,5.0,5.0,5.0,5.0,0.0,5.0
C_n3,forward_half_life:volume_movement_signed^3,925,-5.0,5.0,-0.26935892738105255,4.4946336300943734,-5.0,-5.0,-0.8340305747300718,5.0,5.0,5.0,0.0,-3.982895685845275
C_n3,magnitude_state:bias,925,-5.0,5.0,0.11534911438497973,1.7556416896716578,-5.0,-2.8110550637074345,0.19854124772751675,3.2758612173813133,4.980688241869167,5.0,0.0,4.55153069355793
C_n3,magnitude_state:directional_volume,925,-5.0,5.0,0.5540103850955523,2.316919546520747,-5.0,-3.782851731104357,0.8509497733381972,3.9135102078805786,5.0,5.0,0.0,-1.0398752968430696
C_n3,magnitude_state:directional_volume^2,925,-5.0,5.0,-0.5410174654631422,2.357548167971482,-5.0,-4.4521875894534935,-0.15020815838238705,2.264830968879949,5.0,5.0,0.0,-1.6399941093174741
C_n3,magnitude_state:directional_volume^3,925,-5.0,5.0,-1.774150483706017,2.5421433358244716,-5.0,-4.999174854730567,-2.2194182957688975,4.864979265972632,5.0,5.0,0.0,-4.005697792035986
C_n3,magnitude_state:price_acceleration,925,-5.0,5.0,1.3276115114940257,2.8878620905234853,-5.0,-4.52221639869886,1.8794776501676758,5.0,5.0,5.0,0.0,2.8990756005893195
C_n3,magnitude_state:price_acceleration^2,925,-5.0,5.0,-0.059568708373450824,3.356225734591068,-5.0,-5.0,0.0,5.0,5.0,5.0,0.0,4.999909431204164
C_n3,magnitude_state:price_acceleration^3,925,-5.0,5.0,0.20713360872771044,3.3366763671447686,-5.0,-5.0,0.2779432539842712,5.0,5.0,5.0,0.0,2.8824430855149883
C_n3,magnitude_state:price_displacement,925,-5.0,5.0,0.09178817217862177,2.229784752953284,-5.0,-4.392046317073063,0.07638299434079338,3.9378103584938913,5.0,5.0,0.0,-0.24611871953897396
C_n3,magnitude_state:price_displacement^2,925,-5.0,5.0,-0.18808750808014693,2.7610196038959804,-5.0,-5.0,0.1862159946282409,5.0,5.0,5.0,0.0,0.9013997872843422
C_n3,magnitude_state:price_displacement^3,925,-5.0,5.0,-0.4160301978144668,2.8052495831918405,-5.0,-5.0,-0.12427026116277862,4.9852631964517675,5.0,5.0,0.0,2.6142849171746407
C_n3,magnitude_state:price_velocity,925,-5.0,5.0,0.22519104853158628,2.254155127386823,-5.0,-4.386933330391055,0.1641727411688354,4.056710019648304,5.0,5.0,0.0,1.5045396871830479
C_n3,magnitude_state:price_velocity^2,925,-5.0,5.0,-0.1253893793600005,2.6951786083612905,-5.0,-5.0,0.2214579504075457,5.0,5.0,5.0,0.0,2.4123559496961313
C_n3,magnitude_state:price_velocity^3,925,-5.0,5.0,-0.419229495378327,2.7837135410248717,-5.0,-5.0,-0.13184828305189208,4.967601998097899,5.0,5.0,0.0,4.558492260017631
C_n3,magnitude_state:price_velocity_x_acceleration,925,0.0,0.0,0.0,0.0,0.0,0.0,0.0,0.0,0.0,0.0,0.0,0.0
C_n3,magnitude_state:relative_volume,925,-5.0,5.0,0.7039245845473062,1.9790128726006841,-1.697671305251283,-1.16288222060242,-0.11614556559906464,4.3592036883991465,4.534823410460493,5.0,0.0,0.8430685200155136
C_n3,magnitude_state:relative_volume^2,925,-5.0,0.323046916736868,-2.2001370467462738,2.0317790855561397,-4.933884343020289,-4.9098015830208634,-2.9608302957576806,0.1647846094202365,0.24537150914753797,5.0,0.0,-3.581356421332471
C_n3,magnitude_state:relative_volume^3,925,-0.08466753158938059,0.8797111355499712,0.40429506150021677,0.36707567685291187,-0.06363083573139149,-0.050240125368234884,0.6225154305892053,0.8119662152079632,0.8304654482183564,0.8797111355499712,0.0,0.8084946246715904
C_n3,magnitude_state:relative_volume_x_price_velocity,925,0.0,0.0,0.0,0.0,0.0,0.0,0.0,0.0,0.0,0.0,0.0,0.0
C_n3,magnitude_state:spread,925,0.0,0.0,0.0,0.0,0.0,0.0,0.0,0.0,0.0,0.0,0.0,0.0
C_n3,magnitude_state:spread^2,925,0.0,0.0,0.0,0.0,0.0,0.0,0.0,0.0,0.0,0.0,0.0,0.0
C_n3,magnitude_state:spread^3,925,0.0,0.0,0.0,0.0,0.0,0.0,0.0,0.0,0.0,0.0,0.0,0.0
C_n3,magnitude_state:spread_change,925,0.0,0.0,0.0,0.0,0.0,0.0,0.0,0.0,0.0,0.0,0.0,0.0
C_n3,magnitude_state:spread_change^2,925,0.0,0.0,0.0,0.0,0.0,0.0,0.0,0.0,0.0,0.0,0.0,0.0
C_n3,magnitude_state:spread_change^3,925,0.0,0.0,0.0,0.0,0.0,0.0,0.0,0.0,0.0,0.0,0.0,0.0
C_n3,magnitude_state:volume_density,925,-5.0,5.0,0.7013159065986563,1.9833114525930138,-1.7257922133536063,-1.1896518883384894,-0.10224215482513838,4.3633771169943145,4.5374418895576625,5.0,0.0,0.8154793018042331
C_n3,magnitude_state:volume_density^2,925,-5.0,0.31951862858837055,-2.1950166407396887,2.026801649667343,-4.934622683649814,-4.910938182157931,-2.939612971031956,0.16047370421219406,0.2385608718262525,5.0,0.0,-3.5603670182252745
C_n3,magnitude_state:volume_density^3,925,-0.08293904193779561,1.091026679370221,0.5295762097864359,0.470929757419718,-0.06257782086322664,-0.0486672372183868,0.8340273261542279,1.0249327073941534,1.0418856216664258,1.091026679370221,0.0,1.0197040595940712
C_n3,magnitude_state:volume_density_x_price_displacement,925,0.0,0.0,0.0,0.0,0.0,0.0,0.0,0.0,0.0,0.0,0.0,0.0
C_n3,magnitude_state:volume_log,925,-5.0,5.0,0.7393301635585593,1.6578694196964372,-1.9110886385187484,-1.5658227295716,1.3474772442968956,3.3931631872328607,3.9305227771749958,5.0,0.0,3.0454049906755247
C_n3,magnitude_state:volume_log^2,925,-5.0,0.1691990292974041,-2.7138481590828265,2.2656983426351966,-4.956203233003471,-4.820831948714086,-4.537371498382181,0.06998046440027189,0.10394050889416423,5.0,0.0,-4.598868141291541
C_n3,magnitude_state:volume_log^3,925,-5.0,0.038511744332869614,-2.892413202205671,2.036201094689312,-4.784053398410849,-4.779837339260549,-4.4951795638134895,-0.0051270516283567595,0.0005657614407786217,5.0,0.0,-4.351137655481287
C_n3,magnitude_state:volume_log_x_price_displacement,925,0.0,0.0,0.0,0.0,0.0,0.0,0.0,0.0,0.0,0.0,0.0,0.0
C_n3,magnitude_state:volume_movement_abs,925,-5.0,5.0,-0.2505897910191624,2.343340771145224,-5.0,-4.93477664016742,-0.2287966298089296,4.356138062085442,5.0,5.0,0.0,-0.6353262537158106
C_n3,magnitude_state:volume_movement_abs^2,925,-5.0,5.0,-0.4816441153349144,2.7836604937505176,-5.0,-5.0,0.11964673588671562,4.326794267112976,5.0,5.0,0.0,-0.1838325668730234
C_n3,magnitude_state:volume_movement_abs^3,925,-5.0,5.0,-0.414385986695349,2.932495244516856,-5.0,-5.0,-0.187858558809725,4.999038831500634,5.0,5.0,0.0,-1.8686911893195868
C_n3,magnitude_state:volume_movement_signed,925,-5.0,5.0,-0.010406269575957158,2.14662013027653,-5.0,-4.343037109497789,0.0,3.6433674479559484,5.0,5.0,0.0,-0.6353262537158106
C_n3,magnitude_state:volume_movement_signed^2,925,-5.0,5.0,-0.273965183952953,2.752365822830345,-5.0,-5.0,0.1273354211199235,4.908665201677934,5.0,5.0,0.0,-0.1838325668730234
C_n3,magnitude_state:volume_movement_signed^3,925,-5.0,5.0,-0.47072275241554484,2.864161774989994,-5.0,-5.0,-0.24490233461177735,4.999987044119341,5.0,5.0,0.0,-1.8686911893195868
C_n3,observation_half_life:bias,925,-5.0,5.0,4.8403945529258525,1.0632123090359,0.0,5.0,5.0,5.0,5.0,5.0,0.0,5.0
C_n3,observation_half_life:directional_volume,925,-5.0,5.0,1.9572700344546152,3.771384780204242,-5.0,-5.0,4.169278329994123,5.0,5.0,5.0,0.0,2.0149339393433294
C_n3,observation_half_life:directional_volume^2,925,-5.0,5.0,4.814431535633786,1.1458424791770219,-0.7831339892542546,5.0,5.0,5.0,5.0,5.0,0.0,5.0
C_n3,observation_half_life:directional_volume^3,925,-5.0,5.0,1.7095912778408195,4.023969428989007,-5.0,-5.0,4.565551284538039,5.0,5.0,5.0,0.0,4.666902630349306
C_n3,observation_half_life:price_acceleration,925,-5.0,5.0,-0.12421846543465118,3.823125713614281,-5.0,-5.0,-0.15917888891954624,5.0,5.0,5.0,0.0,-5.0
C_n3,observation_half_life:price_acceleration^2,925,-5.0,5.0,4.5721875849744125,1.6761895353517564,-4.893295773942011,1.1909173504786688,5.0,5.0,5.0,5.0,0.0,5.0
C_n3,observation_half_life:price_acceleration^3,925,-5.0,5.0,0.34298963062045423,4.069729792944475,-5.0,-5.0,0.7984335008556358,5.0,5.0,5.0,0.0,3.00204788464896
C_n3,observation_half_life:price_displacement,925,-5.0,5.0,-0.2502813799969799,4.287571114663939,-5.0,-5.0,-0.32864879932460234,5.0,5.0,5.0,0.0,0.45411630012787807
C_n3,observation_half_life:price_displacement^2,925,-5.0,5.0,4.67423916999817,1.454474139837034,-4.294892260915332,2.6819448687827077,5.0,5.0,5.0,5.0,0.0,5.0
C_n3,observation_half_life:price_displacement^3,925,-5.0,5.0,-0.2555343728800796,4.473503221997174,-5.0,-5.0,-1.091300859273403,5.0,5.0,5.0,0.0,-2.968505724730573
C_n3,observation_half_life:price_velocity,925,-5.0,5.0,-0.4698404009313551,4.267218335739636,-5.0,-5.0,-1.0481455642771804,5.0,5.0,5.0,0.0,-5.0
C_n3,observation_half_life:price_velocity^2,925,-5.0,5.0,4.6742390917907635,1.4544741223227426,-4.294892260915332,2.6819448687827077,5.0,5.0,5.0,5.0,0.0,5.0
C_n3,observation_half_life:price_velocity^3,925,-5.0,5.0,-0.42012775582577416,4.440046978934243,-5.0,-5.0,-1.7102515876014326,5.0,5.0,5.0,0.0,-5.0
C_n3,observation_half_life:price_velocity_x_acceleration,925,0.0,0.0,0.0,0.0,0.0,0.0,0.0,0.0,0.0,0.0,0.0,0.0
C_n3,observation_half_life:relative_volume,925,-5.0,5.0,-4.802960290726779,1.0285505928769436,-5.0,-5.0,-5.0,-4.623846093731711,0.0,5.0,0.0,-5.0
C_n3,observation_half_life:relative_volume^2,925,0.0,5.0,4.60355106094012,1.0644948451820044,0.0,1.785847701265825,5.0,5.0,5.0,5.0,0.0,5.0
C_n3,observation_half_life:relative_volume^3,925,-5.0,0.0,-4.197347183401897,1.5851515038124624,-5.0,-5.0,-5.0,-0.38122970783854937,0.0,5.0,0.0,-5.0
C_n3,observation_half_life:relative_volume_x_price_velocity,925,0.0,0.0,0.0,0.0,0.0,0.0,0.0,0.0,0.0,0.0,0.0,0.0
C_n3,observation_half_life:spread,925,0.0,0.0,0.0,0.0,0.0,0.0,0.0,0.0,0.0,0.0,0.0,0.0
C_n3,observation_half_life:spread^2,925,0.0,0.0,0.0,0.0,0.0,0.0,0.0,0.0,0.0,0.0,0.0,0.0
C_n3,observation_half_life:spread^3,925,0.0,0.0,0.0,0.0,0.0,0.0,0.0,0.0,0.0,0.0,0.0,0.0
C_n3,observation_half_life:spread_change,925,0.0,0.0,0.0,0.0,0.0,0.0,0.0,0.0,0.0,0.0,0.0,0.0
C_n3,observation_half_life:spread_change^2,925,0.0,0.0,0.0,0.0,0.0,0.0,0.0,0.0,0.0,0.0,0.0,0.0
C_n3,observation_half_life:spread_change^3,925,0.0,0.0,0.0,0.0,0.0,0.0,0.0,0.0,0.0,0.0,0.0,0.0
C_n3,observation_half_life:volume_density,925,-5.0,5.0,-4.802822525574575,1.0291236162638824,-5.0,-5.0,-5.0,-4.629191875591404,0.0,5.0,0.0,-5.0
C_n3,observation_half_life:volume_density^2,925,0.0,5.0,4.592545011792694,1.0751210974212757,0.0,1.7369378008868472,5.0,5.0,5.0,5.0,0.0,5.0
C_n3,observation_half_life:volume_density^3,925,-5.0,0.0,-4.193071871253676,1.5851171737758356,-5.0,-5.0,-5.0,-0.3816703976584997,0.0,5.0,0.0,-5.0
C_n3,observation_half_life:volume_density_x_price_displacement,925,0.0,0.0,0.0,0.0,0.0,0.0,0.0,0.0,0.0,0.0,0.0,0.0
C_n3,observation_half_life:volume_log,925,-5.0,5.0,-4.835786107991969,0.878052441823306,-5.0,-5.0,-5.0,-4.878952523239425,0.0,5.0,0.0,-5.0
C_n3,observation_half_life:volume_log^2,925,-5.0,5.0,4.446549889359511,1.4963617498414767,-2.0506165938879226,0.9845317399805099,5.0,5.0,5.0,5.0,0.0,5.0
C_n3,observation_half_life:volume_log^3,925,-5.0,0.0,-4.348996704988768,1.4947345778208816,-5.0,-5.0,-5.0,-0.3694930653275277,0.0,5.0,0.0,-5.0
C_n3,observation_half_life:volume_log_x_price_displacement,925,0.0,0.0,0.0,0.0,0.0,0.0,0.0,0.0,0.0,0.0,0.0,0.0
C_n3,observation_half_life:volume_movement_abs,925,-5.0,5.0,-0.0010036875871174448,4.3175362479911366,-5.0,-5.0,-0.07103584989224077,5.0,5.0,5.0,0.0,-0.669175576495201
C_n3,observation_half_life:volume_movement_abs^2,925,-5.0,5.0,4.430972042524612,1.8318920627689648,-4.330936815809586,0.0,5.0,5.0,5.0,5.0,0.0,5.0
C_n3,observation_half_life:volume_movement_abs^3,925,-5.0,5.0,0.4085037987455106,4.434593712557193,-5.0,-5.0,1.2576142513390982,5.0,5.0,5.0,0.0,-3.982895685845275
C_n3,observation_half_life:volume_movement_signed,925,-5.0,5.0,-0.28026308346460593,4.3058987612446495,-5.0,-5.0,-0.5321941613201427,5.0,5.0,5.0,0.0,-0.669175576495201
C_n3,observation_half_life:volume_movement_signed^2,925,-5.0,5.0,4.583915406604739,1.6126356110501427,-4.4305725764648605,1.220718523004115,5.0,5.0,5.0,5.0,0.0,5.0
C_n3,observation_half_life:volume_movement_signed^3,925,-5.0,5.0,-0.26935892738105255,4.4946336300943734,-5.0,-5.0,-0.8340305747300718,5.0,5.0,5.0,0.0,-3.982895685845275
C_n3,persistence:bias,925,-5.0,5.0,0.1591318587594189,1.8207831538538515,-5.0,-3.3476909611067875,0.38134267921370124,3.2208886471500806,5.0,5.0,0.0,4.630055200317762
C_n3,persistence:directional_volume,925,-5.0,5.0,0.5955277902323394,2.36374858479073,-5.0,-3.740459072152407,0.8014462301479983,4.0238851216543035,5.0,5.0,0.0,-0.9767615599555826
C_n3,persistence:directional_volume^2,925,-5.0,5.0,-0.41707140077692006,2.3197735723945683,-5.0,-4.1181746162727215,-0.18879706089298076,2.430972285211171,5.0,5.0,0.0,-1.4784200787615254
C_n3,persistence:directional_volume^3,925,-5.0,5.0,-1.642757383719546,2.584591425139028,-5.0,-4.998895311588211,-2.184157001260287,4.871945738817308,5.0,5.0,0.0,-3.8503390112377587
C_n3,persistence:price_acceleration,925,-5.0,5.0,1.6219647818658862,2.54878016353643,-5.0,-4.315831997807781,1.9990068098376543,5.0,5.0,5.0,0.0,2.8616401035995844
C_n3,persistence:price_acceleration^2,925,-5.0,5.0,-0.07412405656537369,3.3074932589868906,-5.0,-5.0,0.0,5.0,5.0,5.0,0.0,4.999910136752126
C_n3,persistence:price_acceleration^3,925,-5.0,5.0,0.21546648587834427,3.2470627913460723,-5.0,-5.0,0.007517458074182286,5.0,5.0,5.0,0.0,2.84633502842078
C_n3,persistence:price_displacement,925,-5.0,5.0,0.11375763720031036,2.214253652564024,-5.0,-4.371305055089163,0.15134057423231356,3.9095445018424018,5.0,5.0,0.0,-0.2177594458133062
C_n3,persistence:price_displacement^2,925,-5.0,5.0,-0.15585893716263136,2.7675829704043733,-5.0,-5.0,0.2318820612412078,5.0,5.0,5.0,0.0,0.9798109448069735
C_n3,persistence:price_displacement^3,925,-5.0,5.0,-0.44479339432137244,2.7780388470510418,-5.0,-5.0,-0.11147024112820642,4.984714162438599,5.0,5.0,0.0,2.8313389887095073
C_n3,persistence:price_velocity,925,-5.0,5.0,0.2469896921715547,2.2374869754218567,-5.0,-4.336787407653818,0.25192100476913337,4.02542274606545,5.0,5.0,0.0,1.477128761185513
C_n3,persistence:price_velocity^2,925,-5.0,5.0,-0.09394215277527909,2.702236827304979,-5.0,-5.0,0.28030618612374086,5.0,5.0,5.0,0.0,2.4364926013663886
C_n3,persistence:price_velocity^3,925,-5.0,5.0,-0.45555654993122896,2.753066231122441,-5.0,-5.0,-0.12188978005429557,4.967520461433291,5.0,5.0,0.0,4.554826741857193
C_n3,persistence:price_velocity_x_acceleration,925,0.0,0.0,0.0,0.0,0.0,0.0,0.0,0.0,0.0,0.0,0.0,0.0
C_n3,persistence:relative_volume,925,-5.0,5.0,0.7637115589291436,1.9079614782069325,-1.6656039256324666,-1.1468087766297987,-0.06480918403288631,4.30045422561776,4.514051474348397,5.0,0.0,0.8707443031735914
C_n3,persistence:relative_volume^2,925,-5.0,0.25114211333651265,-2.226493900123364,1.9982423732809502,-4.930916496494582,-4.902159199319024,-2.9675869188459325,0.0911513168935607,0.15297752916658972,5.0,0.0,-3.600621871645632
C_n3,persistence:relative_volume^3,925,-0.05759715088909567,0.8909120378284494,0.4182960323365874,0.36262105085326796,-0.039757823664741045,-0.02635474782585385,0.628031060853446,0.8244534441990141,0.8414442539985104,0.8909120378284494,0.0,0.818905354369577
C_n3,persistence:relative_volume_x_price_velocity,925,0.0,0.0,0.0,0.0,0.0,0.0,0.0,0.0,0.0,0.0,0.0,0.0
C_n3,persistence:spread,925,0.0,0.0,0.0,0.0,0.0,0.0,0.0,0.0,0.0,0.0,0.0,0.0
C_n3,persistence:spread^2,925,0.0,0.0,0.0,0.0,0.0,0.0,0.0,0.0,0.0,0.0,0.0,0.0
C_n3,persistence:spread^3,925,0.0,0.0,0.0,0.0,0.0,0.0,0.0,0.0,0.0,0.0,0.0,0.0
C_n3,persistence:spread_change,925,0.0,0.0,0.0,0.0,0.0,0.0,0.0,0.0,0.0,0.0,0.0,0.0
C_n3,persistence:spread_change^2,925,0.0,0.0,0.0,0.0,0.0,0.0,0.0,0.0,0.0,0.0,0.0,0.0
C_n3,persistence:spread_change^3,925,0.0,0.0,0.0,0.0,0.0,0.0,0.0,0.0,0.0,0.0,0.0,0.0
C_n3,persistence:volume_density,925,-5.0,5.0,0.7609489173353587,1.9131980345340807,-1.6937489972179196,-1.1735884407008716,-0.05692516116547984,4.304910443065108,4.516778019235727,5.0,0.0,0.8432813814321947
C_n3,persistence:volume_density^2,925,-5.0,0.24783346712346374,-2.2213399499655226,1.9933801721970132,-4.931685750266786,-4.903371749749571,-2.946601476710014,0.087420284210059,0.14886239841619653,5.0,0.0,-3.579674608526571
C_n3,persistence:volume_density^3,925,-0.05694311780839638,1.100657264017936,0.5426470186729017,0.46559913216056725,-0.03887802299463485,-0.024553010955786877,0.8379663245383467,1.034746867999348,1.051291754890303,1.100657264017936,0.0,1.0285440011735836
C_n3,persistence:volume_density_x_price_displacement,925,0.0,0.0,0.0,0.0,0.0,0.0,0.0,0.0,0.0,0.0,0.0,0.0
C_n3,persistence:volume_log,925,-5.0,5.0,0.7754927406454379,1.5710285546230336,-1.7439347016566442,-1.4092440335001837,1.3278347357928737,3.3773639263471007,3.9269357015220745,5.0,0.0,3.0117934941427547
C_n3,persistence:volume_log^2,925,-5.0,0.20013126268275175,-2.691838099825266,2.2812571146370875,-4.9521256465221235,-4.807057718526613,-4.542219727040926,0.13783090482402,0.15533571229185597,5.0,0.0,-4.5922283001895545
C_n3,persistence:volume_log^3,925,-5.0,0.06977132258273053,-2.8593607790112996,2.0850692304191805,-4.787742145217474,-4.784042459960752,-4.513592280785439,-0.0005828930083359748,0.0067828375221177534,5.0,0.0,-4.363985907845209
C_n3,persistence:volume_log_x_price_displacement,925,0.0,0.0,0.0,0.0,0.0,0.0,0.0,0.0,0.0,0.0,0.0,0.0
C_n3,persistence:volume_movement_abs,925,-5.0,5.0,-0.18103212850844014,2.360190397068568,-5.0,-4.91820290055593,-0.0368656866005978,4.299994903260305,5.0,5.0,0.0,-0.5822500528810841
C_n3,persistence:volume_movement_abs^2,925,-5.0,5.0,-0.6028991519095134,2.721932946668749,-5.0,-5.0,0.0,4.315385615823432,5.0,5.0,0.0,-0.1382252481169876
C_n3,persistence:volume_movement_abs^3,925,-5.0,5.0,-0.5073181900677031,2.914837614757011,-5.0,-5.0,-0.2593538101153133,4.995398350794135,5.0,5.0,0.0,-1.7752563147974396
C_n3,persistence:volume_movement_signed,925,-5.0,5.0,0.022004322580897843,2.131937953713016,-5.0,-4.307038325519251,0.0640144337154917,3.6093047615510847,5.0,5.0,0.0,-0.5822500528810841
C_n3,persistence:volume_movement_signed^2,925,-5.0,5.0,-0.24326092737819266,2.7382665249660865,-5.0,-5.0,0.18491757863263222,4.917648615670327,5.0,5.0,0.0,-0.1382252481169876
C_n3,persistence:volume_movement_signed^3,925,-5.0,5.0,-0.5628515267641585,2.832874431278439,-5.0,-5.0,-0.41532711644894404,4.9987162994116945,5.0,5.0,0.0,-1.7752563147974396
C_n3,perturbation_state:bias,925,-5.0,5.0,0.19218340060234793,1.8263886754949215,-5.0,-3.0971919403875785,0.02804325790654176,3.296842553858004,5.0,5.0,0.0,-4.259483650835702
C_n3,perturbation_state:directional_volume,925,-5.0,5.0,-0.5212764559711847,2.3343416789934914,-5.0,-3.8593013412754686,-0.7538933268932818,3.9168772218550068,5.0,5.0,0.0,1.1578796747182745
C_n3,perturbation_state:directional_volume^2,925,-5.0,5.0,0.5201676802693027,2.315369438088977,-5.0,-2.177496686253988,0.040466696260278184,4.39063105231514,5.0,5.0,0.0,1.7533934931328028
C_n3,perturbation_state:directional_volume^3,925,-5.0,5.0,1.7611728211079738,2.4703724304881542,-5.0,-3.3817975864121634,2.207027667903758,4.999632682358483,5.0,5.0,0.0,3.8066367963601317
C_n3,perturbation_state:price_acceleration,925,-5.0,5.0,-1.6302746092973839,2.5418228607747904,-5.0,-5.0,-1.9333534598729214,4.303920735883172,5.0,5.0,0.0,-3.079280217299721
C_n3,perturbation_state:price_acceleration^2,925,-5.0,5.0,-0.001786306828030934,3.272112185784122,-5.0,-5.0,0.0,5.0,5.0,5.0,0.0,-4.999905193347221
C_n3,perturbation_state:price_acceleration^3,925,-5.0,5.0,-0.18259868341523278,3.2717452350970806,-5.0,-5.0,-0.03164087039563294,5.0,5.0,5.0,0.0,-2.895569394927292
C_n3,perturbation_state:price_displacement,925,-5.0,5.0,-0.1467957229972185,2.2137072991843803,-5.0,-3.9648970547694167,-0.08266678371635201,4.3443011406493275,5.0,5.0,0.0,0.17551499879950322
C_n3,perturbation_state:price_displacement^2,925,-5.0,5.0,0.28469093195321377,2.754366979144762,-5.0,-5.0,-0.11928411739505503,5.0,5.0,5.0,0.0,-1.294999209428121
C_n3,perturbation_state:price_displacement^3,925,-5.0,5.0,0.48267832996835447,2.78088479778501,-5.0,-4.985050694500268,0.11797394724195628,5.0,5.0,5.0,0.0,-3.0640034537145056
C_n3,perturbation_state:price_velocity,925,-5.0,5.0,-0.27719841591033145,2.238552272641023,-5.0,-4.100419472421804,-0.1506689453333681,4.23869157125696,5.0,5.0,0.0,-1.674395336008907
C_n3,perturbation_state:price_velocity^2,925,-5.0,5.0,0.23579564111688284,2.693531405615237,-5.0,-5.0,-0.13075021581909382,5.0,5.0,5.0,0.0,-2.5299225526168794
C_n3,perturbation_state:price_velocity^3,925,-5.0,5.0,0.5126575782335535,2.7506228379610906,-5.0,-4.967318583271652,0.11797394724195628,5.0,5.0,5.0,0.0,-4.508784010381724
C_n3,perturbation_state:price_velocity_x_acceleration,925,0.0,0.0,0.0,0.0,0.0,0.0,0.0,0.0,0.0,0.0,0.0,0.0
C_n3,perturbation_state:relative_volume,925,-5.0,5.0,-0.7219381628567062,2.000462057840742,-4.539657667803885,-4.366698043667393,0.2589121704904851,1.03285982684999,1.585295965036156,5.0,0.0,-1.1676609686811
C_n3,perturbation_state:relative_volume^2,925,-0.393495780170314,5.0,2.192989011092823,2.06550918811263,-0.31044558424619917,-0.235135902003161,2.9946614268768044,4.910833318840356,4.934571242510775,5.0,0.0,3.649044000347392
C_n3,perturbation_state:relative_volume^3,925,-0.8669014466080892,0.10469576101785365,-0.384628358152398,0.3646928588471945,-0.8189401344971746,-0.8015633053643548,-0.6025008857990163,0.07232687325409835,0.08651428136932086,0.8669014466080892,0.0,-0.797915450727905
C_n3,perturbation_state:relative_volume_x_price_velocity,925,0.0,0.0,0.0,0.0,0.0,0.0,0.0,0.0,0.0,0.0,0.0,0.0
C_n3,perturbation_state:spread,925,0.0,0.0,0.0,0.0,0.0,0.0,0.0,0.0,0.0,0.0,0.0,0.0
C_n3,perturbation_state:spread^2,925,0.0,0.0,0.0,0.0,0.0,0.0,0.0,0.0,0.0,0.0,0.0,0.0
C_n3,perturbation_state:spread^3,925,0.0,0.0,0.0,0.0,0.0,0.0,0.0,0.0,0.0,0.0,0.0,0.0
C_n3,perturbation_state:spread_change,925,0.0,0.0,0.0,0.0,0.0,0.0,0.0,0.0,0.0,0.0,0.0,0.0
C_n3,perturbation_state:spread_change^2,925,0.0,0.0,0.0,0.0,0.0,0.0,0.0,0.0,0.0,0.0,0.0,0.0
C_n3,perturbation_state:spread_change^3,925,0.0,0.0,0.0,0.0,0.0,0.0,0.0,0.0,0.0,0.0,0.0,0.0
C_n3,perturbation_state:volume_density,925,-5.0,5.0,-0.7108554613161392,2.0083481274605717,-4.542245431054547,-4.3708244171755,0.2643121802606879,1.0617107788284512,1.6134557346368756,5.0,0.0,-1.140017315925983
C_n3,perturbation_state:volume_density^2,925,-0.39899903661435404,5.0,2.185288959485009,2.063539926383078,-0.3130918714416651,-0.24049764643992214,2.9734634763119563,4.911956686265777,4.935300861086918,5.0,0.0,3.628055301228064
C_n3,perturbation_state:volume_density^3,925,-1.0742977159468377,0.1057831609989464,-0.5069920404499664,0.46734163290201064,-1.0264383979511749,-1.0088657335877882,-0.8104374233010332,0.07272926868391925,0.08760472358174062,1.0742977159468377,0.0,-1.0052032219095914
C_n3,perturbation_state:volume_density_x_price_displacement,925,0.0,0.0,0.0,0.0,0.0,0.0,0.0,0.0,0.0,0.0,0.0,0.0
C_n3,perturbation_state:volume_log,925,-5.0,5.0,-1.069268901699744,1.3883185028165337,-3.9641282367656014,-3.46332940609832,-1.4635943473078465,0.6528675639207245,1.1751122372385852,5.0,0.0,-3.125727607400815
C_n3,perturbation_state:volume_log^2,925,-0.9597179914656935,5.0,2.482217818158542,2.5711112900096356,-0.9155941014465677,-0.8908313023859465,4.557833700281493,4.8230026123465235,4.9568723055124195,5.0,0.0,4.620727647027303
C_n3,perturbation_state:volume_log^3,925,-0.38367850686874616,5.0,2.6001378072452073,2.359082424486848,-0.35667284556395407,-0.3018388107580562,4.477103572597972,4.776347388605947,4.780718303887135,5.0,0.0,4.325204139173472
C_n3,perturbation_state:volume_log_x_price_displacement,925,0.0,0.0,0.0,0.0,0.0,0.0,0.0,0.0,0.0,0.0,0.0,0.0
C_n3,perturbation_state:volume_movement_abs,925,-5.0,5.0,0.08973043611026513,2.2829352043103777,-5.0,-4.365197526703419,0.0,4.670015479138228,5.0,5.0,0.0,0.6088380886582626
C_n3,perturbation_state:volume_movement_abs^2,925,-5.0,5.0,0.4852497726807802,2.7797709302349083,-5.0,-4.893666310352145,0.0,5.0,5.0,5.0,0.0,-0.08983210169641684
C_n3,perturbation_state:volume_movement_abs^3,925,-5.0,5.0,0.3602774506683124,2.904869474570593,-5.0,-4.998698556472282,0.1567460455670389,5.0,5.0,5.0,0.0,1.5880241610047594
C_n3,perturbation_state:volume_movement_signed,925,-5.0,5.0,-0.03849472226888957,2.13453234672598,-5.0,-3.681024769425369,-0.03219252160303722,4.281984005283417,5.0,5.0,0.0,0.6088380886582626
C_n3,perturbation_state:volume_movement_signed^2,925,-5.0,5.0,0.28463604399396025,2.72891753359967,-5.0,-4.904666670762377,-0.08116269955435196,5.0,5.0,5.0,0.0,-0.08983210169641684
C_n3,perturbation_state:volume_movement_signed^3,925,-5.0,5.0,0.6534637050078373,2.7856719973340844,-5.0,-4.990267683057477,0.30918083266560065,5.0,5.0,5.0,0.0,1.5880241610047594
C_n3,reinforcement:bias,925,-5.0,5.0,-0.24049777913708673,1.826525763519322,-5.0,-3.587524372184668,-0.01943220448784544,2.8623905812717068,4.852438087984318,5.0,0.0,4.256981695258343
C_n3,reinforcement:directional_volume,925,-5.0,5.0,0.5152185320620498,2.332927622849482,-5.0,-3.850758067799785,0.7630627836198112,3.861899861053034,5.0,5.0,0.0,-1.139983456876586
C_n3,reinforcement:directional_volume^2,925,-5.0,5.0,-0.5816051083151488,2.2982380051896496,-5.0,-4.320003498179873,-0.27619463812695155,2.1925412015331682,5.0,5.0,0.0,-1.7056287728913702
C_n3,reinforcement:directional_volume^3,925,-5.0,5.0,-1.638340673752628,2.591196203728017,-5.0,-4.998990878907846,-2.207846108088061,4.858776656010293,5.0,5.0,0.0,-3.810107779137881
C_n3,reinforcement:price_acceleration,925,-5.0,5.0,1.6372625053297905,2.5661611715431443,-5.0,-4.334789140168194,1.940147503060155,5.0,5.0,5.0,0.0,3.041803890888634
C_n3,reinforcement:price_acceleration^2,925,-5.0,5.0,-0.07084926673802415,3.320810014200899,-5.0,-5.0,0.0,5.0,5.0,5.0,0.0,4.999906630729459
C_n3,reinforcement:price_acceleration^3,925,-5.0,5.0,0.17379271257180728,3.2992157589813638,-5.0,-5.0,0.004169121508663239,5.0,5.0,5.0,0.0,2.8052804889830445
C_n3,reinforcement:price_displacement,925,-5.0,5.0,0.11829014070909484,2.22236719367622,-5.0,-4.372114551886113,0.15953943694881054,3.9519304465157172,5.0,5.0,0.0,-0.24177627030459495
C_n3,reinforcement:price_displacement^2,925,-5.0,5.0,-0.19828943497165885,2.771592950531866,-5.0,-5.0,0.17337718786288336,5.0,5.0,5.0,0.0,1.2728737882157877
C_n3,reinforcement:price_displacement^3,925,-5.0,5.0,-0.4647760317826697,2.7934076358878026,-5.0,-5.0,-0.13485249126191082,4.985046073190153,5.0,5.0,0.0,3.0098705464012148
C_n3,reinforcement:price_velocity,925,-5.0,5.0,0.25210169722380393,2.249457976268153,-5.0,-4.344715052147236,0.277343329791153,4.029138150786265,5.0,5.0,0.0,1.6645885347083722
C_n3,reinforcement:price_velocity^2,925,-5.0,5.0,-0.14768667560992343,2.709157331458368,-5.0,-5.0,0.22157730714648535,5.0,5.0,5.0,0.0,2.456011785972912
C_n3,reinforcement:price_velocity^3,925,-5.0,5.0,-0.4934746560533878,2.7652803632341394,-5.0,-5.0,-0.14811630466738077,4.968819174089297,5.0,5.0,0.0,4.501681546174594
C_n3,reinforcement:price_velocity_x_acceleration,925,0.0,0.0,0.0,0.0,0.0,0.0,0.0,0.0,0.0,0.0,0.0,0.0
C_n3,reinforcement:relative_volume,925,-5.0,5.0,0.85282081441455,1.9297659547325532,-1.6065116271972795,-1.0244919566219934,-0.023515264762809636,4.364340388104398,4.5370862250364645,5.0,0.0,1.103701796422119
C_n3,reinforcement:relative_volume^2,925,-5.0,0.24301747559287123,-2.2376833127639837,2.0090622283180215,-4.934210767557154,-4.910474857758802,-2.9887692707854256,0.08524128573226451,0.159857036889561,5.0,0.0,-3.6321292824401197
C_n3,reinforcement:relative_volume^3,925,-0.05911632182602021,0.9080233130426869,0.42386655034363596,0.36843014724371,-0.04123806806716851,-0.028458603259396923,0.6470683041422187,0.842346546876743,0.8596532149373923,0.9080233130426869,0.0,0.8387271644202635
C_n3,reinforcement:relative_volume_x_price_velocity,925,0.0,0.0,0.0,0.0,0.0,0.0,0.0,0.0,0.0,0.0,0.0,0.0
C_n3,reinforcement:spread,925,0.0,0.0,0.0,0.0,0.0,0.0,0.0,0.0,0.0,0.0,0.0,0.0
C_n3,reinforcement:spread^2,925,0.0,0.0,0.0,0.0,0.0,0.0,0.0,0.0,0.0,0.0,0.0,0.0
C_n3,reinforcement:spread^3,925,0.0,0.0,0.0,0.0,0.0,0.0,0.0,0.0,0.0,0.0,0.0,0.0
C_n3,reinforcement:spread_change,925,0.0,0.0,0.0,0.0,0.0,0.0,0.0,0.0,0.0,0.0,0.0,0.0
C_n3,reinforcement:spread_change^2,925,0.0,0.0,0.0,0.0,0.0,0.0,0.0,0.0,0.0,0.0,0.0,0.0
C_n3,reinforcement:spread_change^3,925,0.0,0.0,0.0,0.0,0.0,0.0,0.0,0.0,0.0,0.0,0.0,0.0
C_n3,reinforcement:volume_density,925,-5.0,5.0,0.8501111360429167,1.9345067787403818,-1.6347374028592279,-1.0524648378965473,-0.004596209381167109,4.368448239635906,4.53968383309581,5.0,0.0,1.0759464982911358
C_n3,reinforcement:volume_density^2,925,-5.0,0.23955269558526762,-2.2325453667981026,2.004099996947361,-4.9349431189235045,-4.9115945927743665,-2.9675536220687104,0.08142391123929192,0.15335645097987555,5.0,0.0,-3.611113799801549
C_n3,reinforcement:volume_density^3,925,-0.05821368192606903,1.1166621170165354,0.5476065806661404,0.4710385541760084,-0.04011112516516801,-0.026636757023581228,0.8560666469889853,1.050891496727192,1.0683936723975025,1.1166621170165354,0.0,1.0472568720093118
C_n3,reinforcement:volume_density_x_price_displacement,925,0.0,0.0,0.0,0.0,0.0,0.0,0.0,0.0,0.0,0.0,0.0,0.0
C_n3,reinforcement:volume_log,925,-5.0,5.0,0.8583827870588753,1.6077630136382046,-1.7062838609232946,-1.3684313608785545,1.450711858353797,3.459244891814148,3.954560814109254,5.0,0.0,3.121940436797492
C_n3,reinforcement:volume_log^2,925,-5.0,0.15935397556851075,-2.7174492354050837,2.279402330043259,-4.956589411787684,-4.82260243070077,-4.556902794805266,0.09337609742165144,0.11588768491961797,5.0,0.0,-4.617839391257259
C_n3,reinforcement:volume_log^3,925,-5.0,0.062272840890491975,-2.854157173978668,2.0622037979325643,-4.781195035478765,-4.776678741091139,-4.473377347470447,-0.0009421904969293447,0.0019385170549541934,5.0,0.0,-4.322687590305176
C_n3,reinforcement:volume_log_x_price_displacement,925,0.0,0.0,0.0,0.0,0.0,0.0,0.0,0.0,0.0,0.0,0.0,0.0
C_n3,reinforcement:volume_movement_abs,925,-5.0,5.0,-0.1597079874745542,2.3637121522771567,-5.0,-4.921876782170614,-0.02027400517923933,4.354402034727459,5.0,5.0,0.0,-0.6361868670762434
C_n3,reinforcement:volume_movement_abs^2,925,-5.0,5.0,-0.6312990234756242,2.7450475988136462,-5.0,-5.0,-0.03601875225168592,4.325542657419109,5.0,5.0,0.0,0.022312243897747656
C_n3,reinforcement:volume_movement_abs^3,925,-5.0,5.0,-0.46567333849613823,2.9250628066679707,-5.0,-5.0,-0.2165847087614533,4.9972264600806025,5.0,5.0,0.0,-1.5164735484832503
C_n3,reinforcement:volume_movement_signed,925,-5.0,5.0,0.03264384989279755,2.139584560444299,-5.0,-4.281272570443328,0.08577675967683218,3.653111744476989,5.0,5.0,0.0,-0.6361868670762434
C_n3,reinforcement:volume_movement_signed^2,925,-5.0,5.0,-0.273145907863186,2.7475507269733423,-5.0,-5.0,0.08773387092207807,4.906437255931402,5.0,5.0,0.0,0.022312243897747656
C_n3,reinforcement:volume_movement_signed^3,925,-5.0,5.0,-0.5555311637307501,2.8504499769603613,-5.0,-5.0,-0.3670032333828248,4.998702225959452,5.0,5.0,0.0,-1.5164735484832503
C_n3,reversal_tendency:bias,925,-5.0,5.0,0.23731752669609507,1.7766620697610234,-4.7950761003268,-2.9125907408471545,0.04594958688848029,3.2391933132619797,5.0,5.0,0.0,-4.217045060181259
C_n3,reversal_tendency:directional_volume,925,-5.0,5.0,-0.5450744209443517,2.3178595994229667,-5.0,-3.8661294415067555,-0.8021600878748857,3.8477824350013274,5.0,5.0,0.0,1.2077851393082346
C_n3,reversal_tendency:directional_volume^2,925,-5.0,5.0,0.6747057689951809,2.345519836375556,-5.0,-2.148904236372261,0.2933462280109245,4.55983247207274,5.0,5.0,0.0,1.7820272484337463
C_n3,reversal_tendency:directional_volume^3,925,-5.0,5.0,1.6554853316901754,2.5827662487341962,-5.0,-4.859086850838404,2.222553770330489,4.999340706232937,5.0,5.0,0.0,3.829059419030531
C_n3,reversal_tendency:price_acceleration,925,-5.0,5.0,-1.6231269954620122,2.56292583123689,-5.0,-5.0,-1.947491246413087,4.315485677838515,5.0,5.0,0.0,-3.144018691158597
C_n3,reversal_tendency:price_acceleration^2,925,-5.0,5.0,0.03951912094581112,3.2930269607606957,-5.0,-5.0,0.0,5.0,5.0,5.0,0.0,-4.9999032899565545
C_n3,reversal_tendency:price_acceleration^3,925,-5.0,5.0,-0.1995203126492998,3.266136445030104,-5.0,-5.0,-0.0015459353335172121,5.0,5.0,5.0,0.0,-2.9092862036138416
C_n3,reversal_tendency:price_displacement,925,-5.0,5.0,-0.10282734509322168,2.222841630833256,-5.0,-3.961512454380365,-0.11359630589254588,4.382906650244123,5.0,5.0,0.0,0.19917805931856075
C_n3,reversal_tendency:price_displacement^2,925,-5.0,5.0,0.24637707156801647,2.7509064183246763,-5.0,-5.0,-0.1451155295657541,5.0,5.0,5.0,0.0,-1.438669894760428
C_n3,reversal_tendency:price_displacement^3,925,-5.0,5.0,0.48504422593358376,2.7778575093880837,-5.0,-4.988045780826665,0.1884676779691893,5.0,5.0,5.0,0.0,-3.0815656558236793
C_n3,reversal_tendency:price_velocity,925,-5.0,5.0,-0.23416234664159005,2.252433962291061,-5.0,-4.008364623047686,-0.18202962240795442,4.347798976800978,5.0,5.0,0.0,-1.7216929992596381
C_n3,reversal_tendency:price_velocity^2,925,-5.0,5.0,0.1996661546407496,2.690541022062553,-5.0,-5.0,-0.17364981511664335,5.0,5.0,5.0,0.0,-2.5757671355467937
C_n3,reversal_tendency:price_velocity^3,925,-5.0,5.0,0.5205770387263783,2.7474919623117704,-5.0,-4.970674004347576,0.21155730976484724,5.0,5.0,5.0,0.0,-4.478922905018716
C_n3,reversal_tendency:price_velocity_x_acceleration,925,0.0,0.0,0.0,0.0,0.0,0.0,0.0,0.0,0.0,0.0,0.0,0.0
C_n3,reversal_tendency:relative_volume,925,-5.0,5.0,-0.8149064008815641,1.9559652814205184,-4.544217093833546,-4.375752505337231,0.03813701980356951,1.0126975119958894,1.585751878344993,5.0,0.0,-1.1772404471587337
C_n3,reversal_tendency:relative_volume^2,925,-0.3011150529499718,5.0,2.2203013270783716,2.0338967109019466,-0.23138599433934862,-0.14567073823882185,2.9952078668914863,4.912065054657135,4.93522329203513,5.0,0.0,3.6471466667923242
C_n3,reversal_tendency:relative_volume^3,925,-0.8856458558723969,0.08189732788270312,-0.40530133672948615,0.3657851065012995,-0.8377836896762275,-0.8206451261029105,-0.6230851791111284,0.047028621924958186,0.05980807965036515,0.8856458558723969,0.0,-0.8169439267048848
C_n3,reversal_tendency:relative_volume_x_price_velocity,925,0.0,0.0,0.0,0.0,0.0,0.0,0.0,0.0,0.0,0.0,0.0,0.0
C_n3,reversal_tendency:spread,925,0.0,0.0,0.0,0.0,0.0,0.0,0.0,0.0,0.0,0.0,0.0,0.0
C_n3,reversal_tendency:spread^2,925,0.0,0.0,0.0,0.0,0.0,0.0,0.0,0.0,0.0,0.0,0.0,0.0
C_n3,reversal_tendency:spread^3,925,0.0,0.0,0.0,0.0,0.0,0.0,0.0,0.0,0.0,0.0,0.0,0.0
C_n3,reversal_tendency:spread_change,925,0.0,0.0,0.0,0.0,0.0,0.0,0.0,0.0,0.0,0.0,0.0,0.0
C_n3,reversal_tendency:spread_change^2,925,0.0,0.0,0.0,0.0,0.0,0.0,0.0,0.0,0.0,0.0,0.0,0.0
C_n3,reversal_tendency:spread_change^3,925,0.0,0.0,0.0,0.0,0.0,0.0,0.0,0.0,0.0,0.0,0.0,0.0
C_n3,reversal_tendency:volume_density,925,-5.0,5.0,-0.8126242684366242,1.9596722895296848,-4.546777926298887,-4.379814558356747,0.03549585134067196,1.0376267804504875,1.6139770580508026,5.0,0.0,-1.149464807497299
C_n3,reversal_tendency:volume_density^2,925,-0.29726033062331797,5.0,2.215265092874791,2.0287492066054447,-0.22426951710095333,-0.1396302984065259,2.973992515600615,4.913171179226537,4.93594526510958,5.0,0.0,3.6261397343241564
C_n3,reversal_tendency:volume_density^3,925,-1.0945799532444753,0.08011736597388354,-0.5292057510933198,0.4684394824254298,-1.0468200468162945,-1.0294830261663046,-0.832340081930912,0.04527438183075289,0.05862058565502134,1.0945799532444753,0.0,-1.0257667417998841
C_n3,reversal_tendency:volume_density_x_price_displacement,925,0.0,0.0,0.0,0.0,0.0,0.0,0.0,0.0,0.0,0.0,0.0,0.0
C_n3,reversal_tendency:volume_log,925,-5.0,5.0,-0.8141925757961582,1.6855286351463725,-3.9662044693190817,-3.479814165597632,-1.4761170851715628,1.5431185693689442,1.8879698621536651,5.0,0.0,-3.1397895927278334
C_n3,reversal_tendency:volume_log^2,925,-0.16351681979251764,5.0,2.7369235044025806,2.261467199932104,-0.07149204564387403,-0.03753798049083423,4.558548839306668,4.825427838042395,4.957823117367233,5.0,0.0,4.623930556709645
C_n3,reversal_tendency:volume_log^3,925,-0.04424676704997987,5.0,2.8920282318764854,2.0290329036944814,-0.0005954157928652422,1.2465546181121235e-05,4.486373969937779,4.775427737781618,4.7800611023691335,5.0,0.0,4.333471509261663
C_n3,reversal_tendency:volume_log_x_price_displacement,925,0.0,0.0,0.0,0.0,0.0,0.0,0.0,0.0,0.0,0.0,0.0,0.0
C_n3,reversal_tendency:volume_movement_abs,925,-5.0,5.0,0.1772721871395297,2.349415358089794,-5.0,-4.374312281393537,0.01838496638827375,4.86525551354149,5.0,5.0,0.0,0.6433173080861444
C_n3,reversal_tendency:volume_movement_abs^2,925,-5.0,5.0,0.6476761542173326,2.7376487412893677,-5.0,-4.323895175478465,0.016197476674467724,5.0,5.0,5.0,0.0,-0.17068455805828903
C_n3,reversal_tendency:volume_movement_abs^3,925,-5.0,5.0,0.4814457745479964,2.887920982612262,-5.0,-4.996919826469822,0.18592985842742482,5.0,5.0,5.0,0.0,1.5077096119071929
C_n3,reversal_tendency:volume_movement_signed,925,-5.0,5.0,-0.011359202932101398,2.137395311302778,-5.0,-3.665348145411553,-0.05920758798214316,4.28731626791561,5.0,5.0,0.0,0.6433173080861444
C_n3,reversal_tendency:volume_movement_signed^2,925,-5.0,5.0,0.32027502268886804,2.737839671740687,-5.0,-4.904143813555122,-0.1468643846076336,5.0,5.0,5.0,0.0,-0.17068455805828903
C_n3,reversal_tendency:volume_movement_signed^3,925,-5.0,5.0,0.5405450283196719,2.8346067711413405,-5.0,-4.999312499364976,0.3493353494532547,5.0,5.0,5.0,0.0,1.5077096119071929
C_n3,strength:bias,925,-5.0,5.0,0.09036490547862729,1.7652913677820674,-5.0,-2.9917644059036217,0.2061482139842476,3.1327018416748684,4.967162058675406,5.0,0.0,4.520392699007085
C_n3,strength:directional_volume,925,-5.0,5.0,0.6116941833906878,2.3570363225322875,-5.0,-3.9050309217906345,0.9231426679777079,3.960413429419858,5.0,5.0,0.0,-1.0174458021193744
C_n3,strength:directional_volume^2,925,-5.0,5.0,-0.5338366801536387,2.348615669376233,-5.0,-4.380950327169613,-0.24871003237496386,2.330654345380993,5.0,5.0,0.0,-1.5420719835288053
C_n3,strength:directional_volume^3,925,-5.0,5.0,-1.6371158327487545,2.584876339784209,-5.0,-4.99903178316581,-2.1914870006998264,4.861325880255076,5.0,5.0,0.0,-3.791548708433585
C_n3,strength:price_acceleration,925,-5.0,5.0,1.6061497995475298,2.5665270874288635,-5.0,-4.328074825014614,1.9229127456194741,5.0,5.0,5.0,0.0,2.909037223669535
C_n3,strength:price_acceleration^2,925,-5.0,5.0,-0.06762679171676253,3.338916121322832,-5.0,-5.0,0.09658734414243275,5.0,5.0,5.0,0.0,4.999908480048629
C_n3,strength:price_acceleration^3,925,-5.0,5.0,0.2229400898860446,3.2866029802843757,-5.0,-5.0,0.14511198324519228,5.0,5.0,5.0,0.0,2.808222573448522
C_n3,strength:price_displacement,925,-5.0,5.0,0.10184388823185242,2.228015456062384,-5.0,-4.370200254881358,0.14298039558630196,3.932558145822516,5.0,5.0,0.0,-0.2963057914426045
C_n3,strength:price_displacement^2,925,-5.0,5.0,-0.19893533459215634,2.766608167816902,-5.0,-5.0,0.15735738975610786,5.0,5.0,5.0,0.0,1.0989772730640843
C_n3,strength:price_displacement^3,925,-5.0,5.0,-0.47741288955933336,2.7943398710758562,-5.0,-5.0,-0.13482657347311694,4.985326598387467,5.0,5.0,0.0,2.844162766614742
C_n3,strength:price_velocity,925,-5.0,5.0,0.23608970117614517,2.252760642932637,-5.0,-4.344569954465738,0.2826800373686574,4.035585480009591,5.0,5.0,0.0,1.519437240973049
C_n3,strength:price_velocity^2,925,-5.0,5.0,-0.14315261842279714,2.70234144382586,-5.0,-5.0,0.21849680120553217,5.0,5.0,5.0,0.0,2.3840766604192516
C_n3,strength:price_velocity^3,925,-5.0,5.0,-0.49562193545484085,2.7684618230888742,-5.0,-5.0,-0.1613575145017163,4.967475897489931,5.0,5.0,0.0,4.520835782329501
C_n3,strength:price_velocity_x_acceleration,925,0.0,0.0,0.0,0.0,0.0,0.0,0.0,0.0,0.0,0.0,0.0,0.0
C_n3,strength:relative_volume,925,-5.0,5.0,0.7231298071811612,1.9570727791319296,-1.6372908338867866,-1.085461012125862,-0.14061692274989526,4.331622704672586,4.5259063915549556,5.0,0.0,1.0197432779499833
C_n3,strength:relative_volume^2,925,-5.0,0.3335359521027622,-2.204063941222309,2.037107166330203,-4.932610112574772,-4.906243703647186,-2.9773375295277704,0.17504130453820865,0.2466683438593917,5.0,0.0,-3.628364651817395
C_n3,strength:relative_volume^3,925,-0.08464332891315586,0.8739720765255461,0.3966191034209038,0.3625306601266278,-0.06679642276944536,-0.05214576445396765,0.6081417014017169,0.8069707630295131,0.8251222329049924,0.8739720765255461,0.0,0.8032892230233303
C_n3,strength:relative_volume_x_price_velocity,925,0.0,0.0,0.0,0.0,0.0,0.0,0.0,0.0,0.0,0.0,0.0,0.0
C_n3,strength:spread,925,0.0,0.0,0.0,0.0,0.0,0.0,0.0,0.0,0.0,0.0,0.0,0.0
C_n3,strength:spread^2,925,0.0,0.0,0.0,0.0,0.0,0.0,0.0,0.0,0.0,0.0,0.0,0.0
C_n3,strength:spread^3,925,0.0,0.0,0.0,0.0,0.0,0.0,0.0,0.0,0.0,0.0,0.0,0.0
C_n3,strength:spread_change,925,0.0,0.0,0.0,0.0,0.0,0.0,0.0,0.0,0.0,0.0,0.0,0.0
C_n3,strength:spread_change^2,925,0.0,0.0,0.0,0.0,0.0,0.0,0.0,0.0,0.0,0.0,0.0,0.0
C_n3,strength:spread_change^3,925,0.0,0.0,0.0,0.0,0.0,0.0,0.0,0.0,0.0,0.0,0.0,0.0
C_n3,strength:volume_density,925,-5.0,5.0,0.71990332119913,1.9613606393183185,-1.6654524650454665,-1.1122653886705405,-0.1353242071301853,4.335908285122851,4.528567652274672,5.0,0.0,0.9921060288622772
C_n3,strength:volume_density^2,925,-5.0,0.33084259138736194,-2.198751292233806,2.0323365435356964,-4.933360705571044,-4.907410544702538,-2.956134986250569,0.17199124393802268,0.2413804928754785,5.0,0.0,-3.6073725719229075
C_n3,strength:volume_density^3,925,-0.08417534458857148,1.0831058875401658,0.5205695799649458,0.46528384499257097,-0.06620035312353456,-0.05079589374995699,0.8175555715156314,1.016019862704433,1.0343579819466882,1.0831058875401658,0.0,1.0123128002919939
C_n3,strength:volume_density_x_price_displacement,925,0.0,0.0,0.0,0.0,0.0,0.0,0.0,0.0,0.0,0.0,0.0,0.0
C_n3,strength:volume_log,925,-5.0,5.0,0.7477619033986849,1.6582499076830177,-1.894873320216412,-1.5378839329266423,1.392803034807148,3.4160293149529246,3.94227458955673,5.0,0.0,3.0671185459153123
C_n3,strength:volume_log^2,925,-5.0,0.2636775921385062,-2.6749180037296005,2.3155027928695193,-4.954417186211045,-4.8148437632345615,-4.550089472724373,0.1965349202746856,0.2198731627181421,5.0,0.0,-4.605275005432381
C_n3,strength:volume_log^3,925,-5.0,0.03701282837720459,-2.8549716043168187,2.0793727114394738,-4.784396446828829,-4.780367010614114,-4.500083847511548,-0.006801066429597606,0.0,5.0,0.0,-4.3469117722915644
C_n3,strength:volume_log_x_price_displacement,925,0.0,0.0,0.0,0.0,0.0,0.0,0.0,0.0,0.0,0.0,0.0,0.0
C_n3,strength:volume_movement_abs,925,-5.0,5.0,-0.18842144929146856,2.342516068101695,-5.0,-4.9269350612792,-0.036455420019652074,4.33516784993311,5.0,5.0,0.0,-0.6436072795252996
C_n3,strength:volume_movement_abs^2,925,-5.0,5.0,-0.6214446298276584,2.7462049683698786,-5.0,-5.0,-0.04667686431838518,4.325237294528635,5.0,5.0,0.0,-0.11521918112337999
C_n3,strength:volume_movement_abs^3,925,-5.0,5.0,-0.4225769785396423,2.935876303416227,-5.0,-5.0,-0.18063255766923714,4.997006959599334,5.0,5.0,0.0,-1.6384895001721322
C_n3,strength:volume_movement_signed,925,-5.0,5.0,0.003548441443072048,2.141460474749491,-5.0,-4.308562500551362,0.05530421856230388,3.630768832363958,5.0,5.0,0.0,-0.6436072795252996
C_n3,strength:volume_movement_signed^2,925,-5.0,5.0,-0.2986480014740188,2.7399024262898872,-5.0,-5.0,0.020378579368219407,4.907651320405013,5.0,5.0,0.0,-0.11521918112337999
C_n3,strength:volume_movement_signed^3,925,-5.0,5.0,-0.5637409855615877,2.8568834372511276,-5.0,-5.0,-0.3949205279590972,4.99893804836395,5.0,5.0,0.0,-1.6384895001721322
C_n3,uncertainty:bias,925,-5.0,5.0,0.15895380348983237,1.746082802540289,-5.0,-2.715071555837119,0.2554808279155115,3.2630139466309633,4.975436997496186,5.0,0.0,4.484756203689396
C_n3,uncertainty:directional_volume,925,-5.0,5.0,0.5821295749690788,2.370268107508374,-5.0,-4.017336863604945,0.8854968551181058,3.9368497887500458,5.0,5.0,0.0,-1.1069259547143722
C_n3,uncertainty:directional_volume^2,925,-5.0,5.0,-0.5927295973546857,2.392102154555936,-5.0,-4.576857296711909,-0.2635112388933383,2.307076332356793,5.0,5.0,0.0,-1.6374947196133451
C_n3,uncertainty:directional_volume^3,925,-5.0,5.0,-1.6308408413437656,2.58487432295386,-5.0,-4.999053601941134,-2.1834234885912758,4.860410600520078,5.0,5.0,0.0,-3.872358257517657
C_n3,uncertainty:price_acceleration,925,-5.0,5.0,1.5770763467671463,2.586447759395341,-5.0,-4.326010420960696,1.9185501759378876,5.0,5.0,5.0,0.0,2.995214194753273
C_n3,uncertainty:price_acceleration^2,925,-5.0,5.0,-0.05066987272924212,3.3326054980116053,-5.0,-5.0,0.17548101223038604,5.0,5.0,5.0,0.0,4.9999070135552195
C_n3,uncertainty:price_acceleration^3,925,-5.0,5.0,0.2384442403073112,3.2783858251055897,-5.0,-5.0,0.1237184465941662,5.0,5.0,5.0,0.0,2.9093065446041586
C_n3,uncertainty:price_displacement,925,-5.0,5.0,0.13559961969044987,2.2225204713315043,-5.0,-4.333199564267537,0.1540535717212354,3.9414180729771817,5.0,5.0,0.0,-0.1999452753643147
C_n3,uncertainty:price_displacement^2,925,-5.0,5.0,-0.2249059915056554,2.763963442738236,-5.0,-5.0,0.13818564288157026,5.0,5.0,5.0,0.0,1.1233332616718739
C_n3,uncertainty:price_displacement^3,925,-5.0,5.0,-0.5075443623291375,2.797723504643829,-5.0,-5.0,-0.18397850549398959,4.9855915925156875,5.0,5.0,0.0,2.98936378932205
C_n3,uncertainty:price_velocity,925,-5.0,5.0,0.2698359128232647,2.2464992721978048,-5.0,-4.224112963759913,0.2745260191045351,4.0475947506791545,5.0,5.0,0.0,1.6347047146530158
C_n3,uncertainty:price_velocity^2,925,-5.0,5.0,-0.1669797184261501,2.7016870644308355,-5.0,-5.0,0.19886352570358407,5.0,5.0,5.0,0.0,2.539489772834089
C_n3,uncertainty:price_velocity^3,925,-5.0,5.0,-0.5273543931285802,2.7689696188145216,-5.0,-5.0,-0.2274932204051098,4.972143446065067,5.0,5.0,0.0,4.540165619249875
C_n3,uncertainty:price_velocity_x_acceleration,925,0.0,0.0,0.0,0.0,0.0,0.0,0.0,0.0,0.0,0.0,0.0,0.0
C_n3,uncertainty:relative_volume,925,-5.0,5.0,0.6913987758241763,1.973355934061284,-1.6326052358505547,-1.0756150102524569,-0.2028859668068776,4.335375589579686,4.5268378594732965,5.0,0.0,0.9990356124836547
C_n3,uncertainty:relative_volume^2,925,-5.0,0.3654565009121369,-2.192114253958229,2.0496615113302816,-4.932743035841129,-4.9067160172074615,-2.9786011606772673,0.2099434343087112,0.2883615474561121,5.0,0.0,-3.6196204038936077
C_n3,uncertainty:relative_volume^3,925,-0.09709080549583213,0.8593481835800609,0.38629629630247875,0.3607469485265869,-0.07699854033363979,-0.06207201912272867,0.5965623878965784,0.792462918089091,0.8105054684372821,0.8593481835800609,0.0,0.7888326094057364
C_n3,uncertainty:relative_volume_x_price_velocity,925,0.0,0.0,0.0,0.0,0.0,0.0,0.0,0.0,0.0,0.0,0.0,0.0
C_n3,uncertainty:spread,925,0.0,0.0,0.0,0.0,0.0,0.0,0.0,0.0,0.0,0.0,0.0,0.0
C_n3,uncertainty:spread^2,925,0.0,0.0,0.0,0.0,0.0,0.0,0.0,0.0,0.0,0.0,0.0,0.0
C_n3,uncertainty:spread^3,925,0.0,0.0,0.0,0.0,0.0,0.0,0.0,0.0,0.0,0.0,0.0,0.0
C_n3,uncertainty:spread_change,925,0.0,0.0,0.0,0.0,0.0,0.0,0.0,0.0,0.0,0.0,0.0,0.0
C_n3,uncertainty:spread_change^2,925,0.0,0.0,0.0,0.0,0.0,0.0,0.0,0.0,0.0,0.0,0.0,0.0
C_n3,uncertainty:spread_change^3,925,0.0,0.0,0.0,0.0,0.0,0.0,0.0,0.0,0.0,0.0,0.0,0.0
C_n3,uncertainty:volume_density,925,-5.0,5.0,0.6889526609930446,1.9768906224594713,-1.6607616245374486,-1.1024047386056126,-0.17840862812962593,4.33967482253723,4.529495970856107,5.0,0.0,0.9715884009285068
C_n3,uncertainty:volume_density^2,925,-5.0,0.36200411848868086,-2.187067343592653,2.04467813488015,-4.933492722295607,-4.9078857733882275,-2.9574032217111883,0.2045144920687928,0.2816088667760699,5.0,0.0,-3.5986806210085067
C_n3,uncertainty:volume_density^3,925,-0.09540352081481913,1.068274104801279,0.5101654635222713,0.46333256984693844,-0.07606042103923363,-0.060689852151564895,0.8056766315125747,1.0019557401686887,1.0195334714944473,1.068274104801279,0.0,0.9976532363553625
C_n3,uncertainty:volume_density_x_price_displacement,925,0.0,0.0,0.0,0.0,0.0,0.0,0.0,0.0,0.0,0.0,0.0,0.0
C_n3,uncertainty:volume_log,925,-5.0,5.0,0.6882683710758216,1.7325082531454057,-2.1025911396366626,-1.7308933194417537,1.3948083735697303,3.419976760548172,3.9423462093812165,5.0,0.0,3.0669736525585125
C_n3,uncertainty:volume_log^2,925,-5.0,0.23807409360733264,-2.6858909728564844,2.3025733255638254,-4.954583818388849,-4.8151369086249,-4.550494899113613,0.1619463262188743,0.19179067281465556,5.0,0.0,-4.605128126000751
C_n3,uncertainty:volume_log^3,925,-5.0,0.02521342472321002,-2.884404471676355,2.048294371274822,-4.784419659285157,-4.780334608938385,-4.501027937771316,-0.005470607565987661,0.0,5.0,0.0,-4.351072273731586
C_n3,uncertainty:volume_log_x_price_displacement,925,0.0,0.0,0.0,0.0,0.0,0.0,0.0,0.0,0.0,0.0,0.0,0.0
C_n3,uncertainty:volume_movement_abs,925,-5.0,5.0,-0.17399600372240676,2.32772890832548,-5.0,-4.749956048578033,-0.026082241065604653,4.3380794751751885,5.0,5.0,0.0,-0.5819004476720682
C_n3,uncertainty:volume_movement_abs^2,925,-5.0,5.0,-0.6346587309363164,2.757536743026556,-5.0,-5.0,-0.07598369708229936,4.3247075314272045,5.0,5.0,0.0,0.010459524258157878
C_n3,uncertainty:volume_movement_abs^3,925,-5.0,5.0,-0.41373337816235956,2.945547613554243,-5.0,-5.0,-0.15099508112485685,4.996782679647457,5.0,5.0,0.0,-1.6836738302827183
C_n3,uncertainty:volume_movement_signed,925,-5.0,5.0,0.019263266596362297,2.141238744659002,-5.0,-4.2755276495041725,0.06489704441261657,3.6571548525166877,5.0,5.0,0.0,-0.5819004476720682
C_n3,uncertainty:volume_movement_signed^2,925,-5.0,5.0,-0.3298710263656452,2.7475571526138136,-5.0,-5.0,0.01231389115780264,4.9094700458728155,5.0,5.0,0.0,0.010459524258157878
C_n3,uncertainty:volume_movement_signed^3,925,-5.0,5.0,-0.5575190502535333,2.8612502448273216,-5.0,-5.0,-0.38377389441838633,4.999652900082918,5.0,5.0,0.0,-1.6836738302827183
D_n1,direction_state:bias,925,-2.618957847322613,1.026568436918279,-0.20027750292696284,0.4700898967124091,-1.3738634616156207,-1.2953953928961623,-0.07464623807453147,0.5064966456847138,0.619471113598433,2.618957847322613,0.0,-0.16621278123681182
D_n1,direction_state:directional_volume,925,-5.0,5.0,0.23682922300116965,0.679470616205442,-1.181247150652512,-0.9278847060928312,0.26567742030828884,1.2486511084485765,1.2897433818618753,5.0,0.0,0.17231408283512697
D_n1,direction_state:price_acceleration,925,-5.0,1.6301592376303808,-0.11015936545625363,0.8575682022519306,-2.76948883884523,-2.457075722586557,0.04417391471122768,1.169143369453038,1.5572916407241633,5.0,0.0,0.10507623291539372
D_n1,direction_state:price_displacement,925,-5.0,5.0,0.08545475760829135,0.7408252188797096,-2.180461983241095,-1.9643047701868035,0.21158828321509893,0.697624833994257,0.7605354755360922,5.0,0.0,0.29767041834577984
D_n1,direction_state:price_velocity,925,-5.0,5.0,0.1387555258595472,0.7956876293639975,-2.180461983241095,-1.9643047701868035,0.21224192370398134,1.1644524402695768,1.8439238911048128,5.0,0.0,1.2064546326294352
D_n1,direction_state:price_velocity_x_acceleration,925,-5.0,5.0,-0.5593535191454172,1.501969173074153,-5.0,-4.997847830139967,-0.09460557088085317,0.7251748630163155,1.2320554652577773,5.0,0.0,-0.5822729611254209
D_n1,direction_state:relative_volume,925,-0.27975490350327464,0.19976034532960005,-0.046834927944168776,0.10191834168333642,-0.26051130590154886,-0.22037090946258994,-0.016337913964372116,0.17997436290253377,0.18829025996831747,0.27975490350327464,0.0,-0.15729785438998525
D_n1,direction_state:relative_volume_x_price_velocity,925,-1.7254439234362173,0.6712172696788412,-0.39808940858143216,0.49175841417887955,-1.254333634751461,-1.1684918791390535,-0.19744177454289383,0.24921421243084718,0.2723182532140273,1.7254439234362173,0.0,-1.1755857819457092
D_n1,direction_state:spread,925,0.0,0.0,0.0,0.0,0.0,0.0,0.0,0.0,0.0,0.0,0.0,0.0
D_n1,direction_state:spread_change,925,0.0,0.0,0.0,0.0,0.0,0.0,0.0,0.0,0.0,0.0,0.0,0.0
D_n1,direction_state:volume_density,925,-0.2750421024322201,0.20314562023836477,-0.044509948947795454,0.10099575650823786,-0.2558029686726383,-0.21698861046156168,-0.01576208251110139,0.1833603750521781,0.1916764898285111,0.2750421024322201,0.0,-0.15312441930314952
D_n1,direction_state:volume_density_x_price_displacement,925,-1.7037522554866318,0.7020406455596546,-0.3740297060144959,0.47495955996535827,-1.081100535388469,-1.07190925953155,-0.16352725538348678,0.28328348992136,0.30635356683519477,1.7037522554866318,0.0,-1.0086485187446916
D_n1,direction_state:volume_log,925,-0.5928044685557257,0.05070201245142188,-0.1889937707840127,0.20615625767093668,-0.5723796211235954,-0.43928908565911934,-0.2809114505217229,0.041648698337451905,0.04698251956779629,0.5928044685557257,0.0,-0.42494160350536153
D_n1,direction_state:volume_log_x_price_displacement,925,-2.3437150926011174,0.0,-1.098025310286892,0.8798787592992517,-1.9711867757970416,-1.9659003460482574,-1.6719433000485546,-0.04007126718822716,0.0,2.3437150926011174,0.0,-1.8014674177053585
D_n1,direction_state:volume_movement_abs,925,-5.0,0.6267085762575353,-0.6500132266482729,0.9547945751100613,-3.397484270229674,-2.646124803132207,-0.09095512747062097,0.13702941475448294,0.19153246595269613,5.0,0.0,-1.029932226804137
D_n1,direction_state:volume_movement_signed,925,-5.0,5.0,-0.06856637020124559,0.7495315979217255,-2.323751380538297,-2.186120654718979,0.1607861751180572,0.4012670252296116,0.48945496501334174,5.0,0.0,0.17987560125867957
D_n1,forward_half_life:bias,925,0.0,5.0,4.9307391409636,0.5712591554036702,0.0,5.0,5.0,5.0,5.0,5.0,0.0,5.0
D_n1,forward_half_life:directional_volume,925,-5.0,5.0,1.8995470390441467,3.870564009882986,-5.0,-5.0,4.211994064288211,5.0,5.0,5.0,0.0,1.9873221240573589
D_n1,forward_half_life:price_acceleration,925,-5.0,5.0,-0.7361360182045905,3.947716872513349,-5.0,-5.0,-1.782813140848821,5.0,5.0,5.0,0.0,-5.0
D_n1,forward_half_life:price_displacement,925,-5.0,5.0,-0.4265593696336163,4.3339659548054605,-5.0,-5.0,-1.0642503356912298,5.0,5.0,5.0,0.0,0.5045673661046237
D_n1,forward_half_life:price_velocity,925,-5.0,5.0,-0.6231260837544689,4.312831663313836,-5.0,-5.0,-1.668771365551522,5.0,5.0,5.0,0.0,-5.0
D_n1,forward_half_life:price_velocity_x_acceleration,925,-5.0,5.0,4.236785733128484,1.8493679281147641,-5.0,0.0,5.0,5.0,5.0,5.0,0.0,5.0
D_n1,forward_half_life:relative_volume,925,-5.0,0.0,-4.907778471668221,0.63330523005865,-5.0,-5.0,-5.0,-5.0,0.0,5.0,0.0,-5.0
D_n1,forward_half_life:relative_volume_x_price_velocity,925,-5.0,5.0,-0.08301872038977376,3.2886199273167045,-5.0,-5.0,-0.0529175490051208,5.0,5.0,5.0,0.0,5.0
D_n1,forward_half_life:spread,925,0.0,0.0,0.0,0.0,0.0,0.0,0.0,0.0,0.0,0.0,0.0,0.0
D_n1,forward_half_life:spread_change,925,0.0,0.0,0.0,0.0,0.0,0.0,0.0,0.0,0.0,0.0,0.0,0.0
D_n1,forward_half_life:volume_density,925,-5.0,0.0,-4.907730997033955,0.6333242916328422,-5.0,-5.0,-5.0,-5.0,0.0,5.0,0.0,-5.0
D_n1,forward_half_life:volume_density_x_price_displacement,925,-5.0,5.0,-0.2644163540010642,3.2947894577261017,-5.0,-5.0,-0.35856918944318195,5.0,5.0,5.0,0.0,-2.0976197666758094
D_n1,forward_half_life:volume_log,925,-5.0,0.16150462461318593,-4.89538288519973,0.6688655259216887,-5.0,-5.0,-5.0,-4.999925,0.0,5.0,0.0,-5.0
D_n1,forward_half_life:volume_log_x_price_displacement,925,-5.0,5.0,-0.49743068929157863,3.19166958284458,-5.0,-5.0,-0.6558100999604553,5.0,5.0,5.0,0.0,-2.4048669615932066
D_n1,forward_half_life:volume_movement_abs,925,-5.0,5.0,0.29203539732247413,4.3569686819803835,-5.0,-5.0,0.6683191968955455,5.0,5.0,5.0,0.0,-0.6291152042187989
D_n1,forward_half_life:volume_movement_signed,925,-5.0,5.0,-0.4128277228929426,4.364619467555198,-5.0,-5.0,-1.1377877516955026,5.0,5.0,5.0,0.0,-0.6291152042187989
D_n1,magnitude_state:bias,925,-0.96862496287723,2.6652067502244656,0.5578763170407063,0.5284587955250465,-0.9326557779967917,-0.8456655638254416,0.5194518203381061,1.419443743313213,1.72325114994941,2.6652067502244656,0.0,0.8606303182457865
D_n1,magnitude_state:directional_volume,925,-5.0,5.0,0.007816382270562885,0.639383265725609,-0.9676665804131424,-0.6690109523529836,-0.06841463505090147,1.0837934281351684,1.1789248864968163,5.0,0.0,-0.11862117869283124
D_n1,magnitude_state:price_acceleration,925,-2.8827883025236107,2.753782001833998,0.1622153813629074,0.5122631717260028,-1.4409958150555031,-0.45603693704827797,0.02113510851754779,1.2523694360751818,1.6963737140263075,2.8827883025236107,0.0,-0.4253461044662044
D_n1,magnitude_state:price_displacement,925,-5.0,5.0,-0.21983507289775536,0.7944796680188995,-2.7553249046857706,-2.5989808209340834,-0.023491346263244395,0.24137905625938882,0.626740357009004,5.0,0.0,-0.05738976282462974
D_n1,magnitude_state:price_velocity,925,-5.0,5.0,-0.1986890269199645,0.8246365831013305,-2.7553249046857706,-2.5989808209340834,-0.019390082912873658,0.4828877992225596,1.362000504243626,5.0,0.0,0.5106650157056098
D_n1,magnitude_state:price_velocity_x_acceleration,925,-5.0,5.0,-0.2001918853269503,1.6379623410571902,-5.0,-4.998685169327707,0.3312094023903313,1.41256441936872,2.0995076159994,5.0,0.0,-0.1704874335463874
D_n1,magnitude_state:relative_volume,925,-0.5018081161226858,0.101646441215576,-0.1702714644500334,0.12551290338628376,-0.41305795186651173,-0.3621895174989052,-0.12551777136991013,0.08124388682935572,0.0918373156800508,0.5018081161226858,0.0,-0.2949282943297127
D_n1,magnitude_state:relative_volume_x_price_velocity,925,-0.8506953626399556,0.7443933138569232,-0.009986586234265633,0.14211792204402265,-0.21371450469318876,-0.20728074693095092,-0.010673248391491391,0.3532319798272039,0.37624373385234555,0.8506953626399556,0.0,-0.038336757884310034
D_n1,magnitude_state:spread,925,0.0,0.0,0.0,0.0,0.0,0.0,0.0,0.0,0.0,0.0,0.0,0.0
D_n1,magnitude_state:spread_change,925,0.0,0.0,0.0,0.0,0.0,0.0,0.0,0.0,0.0,0.0,0.0,0.0
D_n1,magnitude_state:volume_density,925,-0.49625117752614845,0.10626053998924334,-0.1673756718617577,0.12447237949112264,-0.40843498085076285,-0.35753760028586623,-0.12356078612315152,0.08590374154225906,0.09648443877728222,0.49625117752614845,0.0,-0.29086106413437945
D_n1,magnitude_state:volume_density_x_price_displacement,925,-0.8186015867690688,0.7763645977076414,0.007652180809186295,0.1378319443396848,-0.17713492265236858,-0.17067639196704526,-0.00017634727523062544,0.38893170249517284,0.40833219284549355,0.8186015867690688,0.0,0.019093891196931532
D_n1,magnitude_state:volume_log,925,-0.8130367916784683,0.0,-0.3134960438172077,0.203270240115894,-0.6552270838218024,-0.6085063987405379,-0.32349983860705,-0.08696574398834185,0.0,0.8130367916784683,0.0,-0.48868114921710193
D_n1,magnitude_state:volume_log_x_price_displacement,925,-2.304548998470661,0.045701721663344456,-1.014871606322257,0.8881796420823664,-2.079362381738708,-2.0716391616388155,-1.565261794813625,0.03189044355380778,0.03833580015172172,2.304548998470661,0.0,-1.599653876548196
D_n1,magnitude_state:volume_movement_abs,925,-4.320886378646624,0.4746472582415225,-0.42108644463222245,0.8918646264331859,-2.6807349902720548,-2.4647496959754696,-0.10664829903162487,0.23668732655660168,0.26176890355545507,4.320886378646624,0.0,-0.39253099391546814
D_n1,magnitude_state:volume_movement_signed,925,-5.0,5.0,-0.27071335561480264,0.7919392466353719,-2.761877794052281,-2.6528383273013865,-0.008068649776948626,0.09585167537069815,0.5055477191628674,5.0,0.0,-0.08728990660505587
D_n1,observation_half_life:bias,925,0.0,5.0,4.9307391409636,0.5712591554036702,0.0,5.0,5.0,5.0,5.0,5.0,0.0,5.0
D_n1,observation_half_life:directional_volume,925,-5.0,5.0,1.8995470390441467,3.870564009882986,-5.0,-5.0,4.211994064288211,5.0,5.0,5.0,0.0,1.9873221240573589
D_n1,observation_half_life:price_acceleration,925,-5.0,5.0,-0.7361360182045905,3.947716872513349,-5.0,-5.0,-1.782813140848821,5.0,5.0,5.0,0.0,-5.0
D_n1,observation_half_life:price_displacement,925,-5.0,5.0,-0.4265593696336163,4.3339659548054605,-5.0,-5.0,-1.0642503356912298,5.0,5.0,5.0,0.0,0.5045673661046237
D_n1,observation_half_life:price_velocity,925,-5.0,5.0,-0.6231260837544689,4.312831663313836,-5.0,-5.0,-1.668771365551522,5.0,5.0,5.0,0.0,-5.0
D_n1,observation_half_life:price_velocity_x_acceleration,925,-5.0,5.0,4.236785733128484,1.8493679281147641,-5.0,0.0,5.0,5.0,5.0,5.0,0.0,5.0
D_n1,observation_half_life:relative_volume,925,-5.0,0.0,-4.907778471668221,0.63330523005865,-5.0,-5.0,-5.0,-5.0,0.0,5.0,0.0,-5.0
D_n1,observation_half_life:relative_volume_x_price_velocity,925,-5.0,5.0,-0.08301872038977376,3.2886199273167045,-5.0,-5.0,-0.0529175490051208,5.0,5.0,5.0,0.0,5.0
D_n1,observation_half_life:spread,925,0.0,0.0,0.0,0.0,0.0,0.0,0.0,0.0,0.0,0.0,0.0,0.0
D_n1,observation_half_life:spread_change,925,0.0,0.0,0.0,0.0,0.0,0.0,0.0,0.0,0.0,0.0,0.0,0.0
D_n1,observation_half_life:volume_density,925,-5.0,0.0,-4.907730997033955,0.6333242916328422,-5.0,-5.0,-5.0,-5.0,0.0,5.0,0.0,-5.0
D_n1,observation_half_life:volume_density_x_price_displacement,925,-5.0,5.0,-0.2644163540010642,3.2947894577261017,-5.0,-5.0,-0.35856918944318195,5.0,5.0,5.0,0.0,-2.0976197666758094
D_n1,observation_half_life:volume_log,925,-5.0,0.16150462461318593,-4.89538288519973,0.6688655259216887,-5.0,-5.0,-5.0,-4.999925,0.0,5.0,0.0,-5.0
D_n1,observation_half_life:volume_log_x_price_displacement,925,-5.0,5.0,-0.49743068929157863,3.19166958284458,-5.0,-5.0,-0.6558100999604553,5.0,5.0,5.0,0.0,-2.4048669615932066
D_n1,observation_half_life:volume_movement_abs,925,-5.0,5.0,0.29203539732247413,4.3569686819803835,-5.0,-5.0,0.6683191968955455,5.0,5.0,5.0,0.0,-0.6291152042187989
D_n1,observation_half_life:volume_movement_signed,925,-5.0,5.0,-0.4128277228929426,4.364619467555198,-5.0,-5.0,-1.1377877516955026,5.0,5.0,5.0,0.0,-0.6291152042187989
D_n1,persistence:bias,925,-0.5061057182343094,2.5826742640394276,0.8331984886843696,0.39086899090475646,0.0,0.12489250772463033,0.8362696776818301,1.4361539139805293,1.7184089554062072,2.5826742640394276,0.0,1.1785791710591667
D_n1,persistence:directional_volume,925,-5.0,5.0,-0.07266481996547346,0.4272485839950013,-0.9180620995046879,-0.6319811030803185,0.013373706262761156,0.2529397437067226,0.2966506514246113,5.0,0.0,0.07549475064040023
D_n1,persistence:price_acceleration,925,-2.1796858728850337,1.9571925205289866,-0.1272892389143466,0.3535656688259614,-1.1713098823619092,-1.1172590111550045,-0.020117702195432793,0.14086058272266097,0.617454319890032,2.1796858728850337,0.0,0.01957474662836812
D_n1,persistence:price_displacement,925,-5.0,5.0,0.06105406264626216,0.3913154138697439,-0.49013374521051994,-0.41834309417306087,0.041640021026306484,0.37334289508904484,0.5703857272666146,5.0,0.0,0.21126814511128955
D_n1,persistence:price_velocity,925,-5.0,5.0,0.08520643605328931,0.4241553804614403,-0.49013374521051994,-0.41834309417306087,0.04182430809302343,0.5536241394916492,1.262811147421427,5.0,0.0,0.5644471698734245
D_n1,persistence:price_velocity_x_acceleration,925,-5.0,5.0,-0.2732290333557841,1.2733853087306612,-3.7913447467991985,-3.789779318768715,0.06729957731914202,1.1274661275979145,1.4066899014111904,5.0,0.0,-0.4086005018449732
D_n1,persistence:relative_volume,925,-0.3877834134655067,0.0,-0.145698663692023,0.07444403701821735,-0.3009148842945878,-0.27055302631958755,-0.13400313037775405,-0.025501164889080205,0.0,0.3877834134655067,0.0,-0.22459971105791493
D_n1,persistence:relative_volume_x_price_velocity,925,-0.9912166570847027,0.5519577081048102,-0.11568529948261683,0.15728949730264555,-0.4673352652818718,-0.37006270175549644,-0.050243561142319336,0.059071323260245535,0.06688029322669962,0.9912166570847027,0.0,-0.37131567511667324
D_n1,persistence:spread,925,0.0,0.0,0.0,0.0,0.0,0.0,0.0,0.0,0.0,0.0,0.0,0.0
D_n1,persistence:spread_change,925,0.0,0.0,0.0,0.0,0.0,0.0,0.0,0.0,0.0,0.0,0.0,0.0
D_n1,persistence:volume_density,925,-0.38623858979221326,0.0,-0.14545735230611742,0.07427933238503397,-0.3004594231745969,-0.2701065628191255,-0.13379346644618692,-0.02550232509783722,0.0,0.38623858979221326,0.0,-0.22459665094875528
D_n1,persistence:volume_density_x_price_displacement,925,-0.9903423137240008,0.5527139989297292,-0.11084005446762782,0.15257828366833381,-0.37650556069193414,-0.33570664436572656,-0.04347229116650154,0.06591888844361407,0.0737133039858539,0.9903423137240008,0.0,-0.3230925118407968
D_n1,persistence:volume_log,925,-0.5142001163562016,0.0,-0.167270212211895,0.0895799076631714,-0.34541701769003014,-0.3075170082410542,-0.15476455493853541,-0.02597099403253445,0.0,0.5142001163562016,0.0,-0.22919381795574623
D_n1,persistence:volume_log_x_price_displacement,925,-0.7865679086271703,0.7572220255898253,-0.191975115241153,0.16689601055528924,-0.4415091244937251,-0.4055337529869595,-0.2624210217134074,0.0014117510003209006,0.003014998627195333,0.7865679086271703,0.0,-0.27343859570256424
D_n1,persistence:volume_movement_abs,925,-4.926231879517129,0.40034136268157294,-0.5438326274711889,0.7653609854532999,-3.244579438595683,-2.3967474043783596,-0.12093579811672528,0.0,0.11590824069006221,4.926231879517129,0.0,-0.7749669303076719
D_n1,persistence:volume_movement_signed,925,-5.0,5.0,-0.01301152192410169,0.3810690159562142,-0.5106195792553145,-0.46765293581964634,0.01755192563102264,0.18179217479498758,0.4195688967957557,5.0,0.0,0.16318649596500276
D_n1,perturbation_state:bias,925,-1.4848825370294014,1.3155104099278587,0.04905733189994516,0.24758332016143492,-0.36486771949282687,-0.28269727203782413,0.024868524558881423,0.4106698418015715,1.1173291931130727,1.4848825370294014,0.0,0.38186278450600436
D_n1,perturbation_state:directional_volume,925,-5.0,5.0,-0.11005667850202351,0.38712819052419956,-0.8920991977663122,-0.7188253791801433,-0.0007229667674836229,0.09744210053948936,0.11945960098286315,5.0,0.0,0.07265283446675376
D_n1,perturbation_state:price_acceleration,925,-1.026591259123109,2.9663097363836997,0.04094536539324444,0.29108257378695634,-0.6021908970919787,-0.46581453660301264,-0.0013766839245707972,0.5457866022255311,0.829230619238511,2.9663097363836997,0.0,0.10684640543435228
D_n1,perturbation_state:price_displacement,925,-4.866625581206766,5.0,0.04593844626610867,0.31690570662734646,-0.2090620099541281,-0.17081766231597517,0.02350404384223398,0.2749133764511961,0.5638900075423533,5.0,0.0,0.12326420958482619
D_n1,perturbation_state:price_velocity,925,-4.866625581206766,5.0,0.08463313245864806,0.38260412574655356,-0.40028275350800446,-0.1726667565206444,0.023802580024904808,0.7170740057730924,1.510811709520319,5.0,0.0,0.7415599607929834
D_n1,perturbation_state:price_velocity_x_acceleration,925,-5.0,5.0,-0.03637991246959294,0.8689419488378065,-3.8884095256183886,-1.5187324264856508,0.03961155111093567,1.351556824517732,1.551234607813795,5.0,0.0,-0.47884602855591574
D_n1,perturbation_state:relative_volume,925,-0.2390566684696783,0.14894351076980025,-0.019288491807733562,0.04787314273475276,-0.22018257843551678,-0.12396777412015868,-0.00864875216268395,0.0368826383821284,0.04981924933700887,0.2390566684696783,0.0,-0.12126147461907748
D_n1,perturbation_state:relative_volume_x_price_velocity,925,-0.8732418128005215,0.5448650960166499,-0.1252471883518402,0.17342858213018422,-0.5358208071720916,-0.4393385715387093,-0.026267357344168858,0.020734285384102758,0.02486819646256818,0.8732418128005215,0.0,-0.44293909652037516
D_n1,perturbation_state:spread,925,0.0,0.0,0.0,0.0,0.0,0.0,0.0,0.0,0.0,0.0,0.0,0.0
D_n1,perturbation_state:spread_change,925,0.0,0.0,0.0,0.0,0.0,0.0,0.0,0.0,0.0,0.0,0.0,0.0
D_n1,perturbation_state:volume_density,925,-0.23950166668548103,0.14959959538417816,-0.019430473925397807,0.0479386382931826,-0.22061165453624262,-0.12488529249871937,-0.008867916701895306,0.03669587957882304,0.049507256556358244,0.23950166668548103,0.0,-0.12218085791820579
D_n1,perturbation_state:volume_density_x_price_displacement,925,-0.8730342795305217,0.5458624470285316,-0.11907745043100199,0.1634095342136895,-0.4162748848622899,-0.362488597769925,-0.023456166211640143,0.023576320912871956,0.027702194736402647,0.8730342795305217,0.0,-0.3513846802052347
D_n1,perturbation_state:volume_log,925,-0.21938163183199796,0.11002342453505812,-0.009452039158477768,0.048509756252842415,-0.1922490845429617,-0.06832678064537051,-0.003487188031841907,0.06132544057112535,0.07355971289616307,0.21938163183199796,0.0,-0.04919446872444911
D_n1,perturbation_state:volume_log_x_price_displacement,925,-0.773136322612206,0.5640007877912318,-0.2125810116066369,0.22182024888381177,-0.5917483785625273,-0.5360810000474505,-0.16697843092047074,0.001230987468880309,0.0025717832929417666,0.773136322612206,0.0,-0.47875312602650844
D_n1,perturbation_state:volume_movement_abs,925,-4.042421415902781,0.21267332395597696,-0.36017383119960067,0.6168739759895999,-2.446684686352391,-1.7191864764793527,0.0017632558740966868,0.03863045646905691,0.09257827245642444,4.042421415902781,0.0,-0.6693244754942472
D_n1,perturbation_state:volume_movement_signed,925,-4.795610495135281,5.0,-0.023606361199223873,0.31098639421706037,-0.41266193739198725,-0.29479838778962414,-0.0009938416824916024,0.10938678789393651,0.38228659047055846,5.0,0.0,0.05822818021589547
D_n1,reinforcement:bias,925,-1.1213797107988783,2.097111025361976,0.01902871923013506,0.35055358044497026,-1.0318318173286138,-0.630549504754837,0.019439016471624108,0.5205110319078151,0.667699453649693,2.097111025361976,0.0,-0.3163013263224622
D_n1,reinforcement:directional_volume,925,-5.0,5.0,0.04917653121642026,0.5073518672015346,-0.6037837468238239,-0.5404365389379674,-0.005359767138437292,0.8125185798658979,1.0763595089641234,5.0,0.0,-0.14701140331754364
D_n1,reinforcement:price_acceleration,925,-1.353490502418288,2.834937055660929,0.1110963197357079,0.4650484391732272,-0.8153590426134645,-0.2680892238771678,-0.0053518869355079065,1.2338015770827584,1.315517709304701,2.834937055660929,0.0,-0.14743255868205818
D_n1,reinforcement:price_displacement,925,-5.0,5.0,0.008715789276971147,0.46042701183027834,-0.6255670920294852,-0.3714056919249439,0.0040001041331047815,0.851045864148386,0.9808188046476674,5.0,0.0,-0.15431583889825956
D_n1,reinforcement:price_velocity,925,-5.0,5.0,-0.02247721021773875,0.5062380453680214,-1.5487499585379778,-0.6037292991937194,0.0028780907674173023,0.851045864148386,0.9808188046476674,5.0,0.0,-0.6079864044915133
D_n1,reinforcement:price_velocity_x_acceleration,925,-5.0,5.0,0.4281072585489617,1.5614304777587356,-1.7267557429082743,-0.9200193799988493,-0.026086061821376762,4.877812797626771,4.879905266394843,5.0,0.0,0.5449970630310529
D_n1,reinforcement:relative_volume,925,-0.18005237383146727,0.2704211515911263,0.029457849036630332,0.0727419846217326,-0.045564612188242606,-0.04187266127784964,-0.004912015075261741,0.16320736080450443,0.25755949716973536,0.2704211515911263,0.0,0.15834041796521292
D_n1,reinforcement:relative_volume_x_price_velocity,925,-0.3655658829898429,1.4137609556306314,0.2408571854879093,0.3333633752855152,-0.1344314946133302,-0.12002033455032556,0.07562000312979877,0.7544875617012126,0.8785473560204422,1.4137609556306314,0.0,0.7549363447312055
D_n1,reinforcement:spread,925,0.0,0.0,0.0,0.0,0.0,0.0,0.0,0.0,0.0,0.0,0.0,0.0
D_n1,reinforcement:spread_change,925,0.0,0.0,0.0,0.0,0.0,0.0,0.0,0.0,0.0,0.0,0.0,0.0
D_n1,reinforcement:volume_density,925,-0.18301534776376868,0.26861823730385076,0.02840906460722957,0.07248382880958917,-0.04747554003184954,-0.04333863375825063,-0.004917871829111353,0.16175898352197662,0.25576744811574986,0.26861823730385076,0.0,0.1570929938957653
D_n1,reinforcement:volume_density_x_price_displacement,925,-0.3760603407882411,1.4100458731719743,0.23341454293398164,0.3277515606887375,-0.14654962181127162,-0.13216811291017344,0.06358202448993354,0.7155352095017241,0.762471475753793,1.4100458731719743,0.0,0.692631353619214
D_n1,reinforcement:volume_log,925,-0.013783849672869521,0.40245087119347045,0.09269476804319922,0.10492860912851014,-0.012144233036016815,-0.010276725617634059,0.07827550143189026,0.24026722111425278,0.38701563541280004,0.40245087119347045,0.0,0.2363773828802058
D_n1,reinforcement:volume_log_x_price_displacement,925,-0.3072970477917101,1.2630976824617273,0.40196712101409054,0.35283502342158896,-0.012740693231970735,-0.00818812906415283,0.594773901193331,0.7859660341793647,0.8246976197750471,1.2630976824617273,0.0,0.6976080895973421
D_n1,reinforcement:volume_movement_abs,925,-0.43410719573674716,5.0,0.5862711603808071,0.817624248014239,-0.15040497592349317,0.0009086248909421338,0.12114775610902259,2.503661742283832,3.327466873433645,5.0,0.0,0.8748403702407708
D_n1,reinforcement:volume_movement_signed,925,-5.0,5.0,0.07906863177338462,0.44654470804857277,-0.46756878310729294,-0.15582088199593855,0.008309370000235154,0.8927023511639599,0.974257050421229,5.0,0.0,-0.1236387848736684
D_n1,reversal_tendency:bias,925,-1.4074101378024144,1.701914246471766,0.13572250475111097,0.33837969298933734,-0.461518954704169,-0.42765468492505154,0.0782842662017553,0.7106041629043375,1.2492963067994343,1.701914246471766,0.0,0.4040610919386291
D_n1,reversal_tendency:directional_volume,925,-5.0,5.0,-0.011791312952429803,0.4954572324112606,-0.949386744457042,-0.6661374022282829,-0.0009101546477965506,0.6281276990540242,0.6916772621417817,5.0,0.0,0.10337447368398253
D_n1,reversal_tendency:price_acceleration,925,-2.2038782891225197,1.953604349098268,-0.06735506193606529,0.36607422774972226,-1.0145029444051765,-0.9371370429140885,-0.016483371351138948,0.3777587920321688,0.7751427064480244,2.2038782891225197,0.0,-0.007481003228246991
D_n1,reversal_tendency:price_displacement,925,-5.0,5.0,-0.02561098465606681,0.5086931019068911,-1.3274132494366522,-1.199170730445263,0.02117631306943415,0.34841595713066664,0.6674465396047305,5.0,0.0,0.17840895419154718
D_n1,reversal_tendency:price_velocity,925,-5.0,5.0,0.012333635840540305,0.5654575122963218,-1.3274132494366522,-1.199170730445263,0.021877195417026145,0.7661565320180714,1.6749157990448074,5.0,0.0,0.8011609700496859
D_n1,reversal_tendency:price_velocity_x_acceleration,925,-5.0,5.0,-0.37814918640405587,1.6137432610552647,-5.0,-4.999181031813366,0.11146847498818706,1.172073673751937,1.797347930693138,5.0,0.0,-0.4965634518146958
D_n1,reversal_tendency:relative_volume,925,-0.3022475012176105,0.07164664169546786,-0.060572986226073,0.08152208127240937,-0.2860818737573382,-0.20329579250031415,-0.017580699188753535,0.05434551014065387,0.05911358045197044,0.3022475012176105,0.0,-0.17122324454878432
D_n1,reversal_tendency:relative_volume_x_price_velocity,925,-1.1019238709082837,0.4515094423167414,-0.14622769600084942,0.2066193269900529,-0.6080266601535989,-0.48311604268302616,-0.10095302860407089,0.1634728796407421,0.17775796065664826,1.1019238709082837,0.0,-0.4870322085970426
D_n1,reversal_tendency:spread,925,0.0,0.0,0.0,0.0,0.0,0.0,0.0,0.0,0.0,0.0,0.0,0.0
D_n1,reversal_tendency:spread_change,925,0.0,0.0,0.0,0.0,0.0,0.0,0.0,0.0,0.0,0.0,0.0,0.0
D_n1,reversal_tendency:volume_density,925,-0.3004480665930431,0.07446067288139396,-0.05960041148224085,0.08105476399527918,-0.2842750061846266,-0.2015985347167687,-0.01776389858187602,0.056041538518797104,0.060796932622332385,0.3004480665930431,0.0,-0.1699791584543422
D_n1,reversal_tendency:volume_density_x_price_displacement,925,-1.0901337535509112,0.4631805588008633,-0.13382421406004832,0.1962208975108031,-0.4678295741769183,-0.40747011315974224,-0.08287032695341139,0.1816838093408347,0.19594467198854176,1.0901337535509112,0.0,-0.39534066107083604
D_n1,reversal_tendency:volume_log,925,-0.4883203140042359,0.0035937817787831425,-0.11837002722613127,0.11999312898679278,-0.40273584148078695,-0.2963944630904696,-0.09276640002367528,-0.0010721286275567842,0.0024799475597881305,0.4883203140042359,0.0,-0.23923097574602245
D_n1,reversal_tendency:volume_log_x_price_displacement,925,-1.4438241093323487,0.11023708320920833,-0.5497489717975538,0.46441523445074234,-1.0810743908542795,-1.0437736140425402,-0.8110074903290083,0.0012649726899081402,0.005752695509119145,1.4438241093323487,0.0,-0.8917720851936893
D_n1,reversal_tendency:volume_movement_abs,925,-5.0,0.23286841250920332,-0.6103534415261153,0.8194574429741229,-3.3116422626499786,-2.4283120067534782,-0.1761135997225337,0.0,0.028512168039309123,5.0,0.0,-0.8314811731777451
D_n1,reversal_tendency:volume_movement_signed,925,-5.0,5.0,-0.10737281581959561,0.49958232589013885,-1.3545544710352688,-1.2709555906430472,0.0019406709846580131,0.15258004083695006,0.4829724082147902,5.0,0.0,0.12932796391166357
D_n1,strength:bias,925,-0.13459465771751966,1.2455174363510924,0.4755834094047881,0.120790500671575,0.0,0.25242334605112243,0.48443258469790335,0.6479612400409688,0.6883247819511952,1.2455174363510924,0.0,0.5502610278828096
D_n1,strength:directional_volume,925,-2.5897696175338716,2.93039263590732,-0.08788272384910839,0.22751547730594196,-0.4843032282163324,-0.423958423357344,-0.011531636126693673,0.03299059048873181,0.036297579388404284,2.93039263590732,0.0,-0.06721056256797654
D_n1,strength:price_acceleration,925,-0.6056955314965269,1.5619578188293048,-0.05666424435350145,0.12494631500447768,-0.4211223946076803,-0.37368109892231166,-0.009427216858787885,0.02830915302748927,0.03827802632505412,1.5619578188293048,0.0,-0.04299647390201219
D_n1,strength:price_displacement,925,-2.1010693105775817,2.9946777455146925,0.048695634428812896,0.17638279508080465,-0.06075491289213894,-0.05514571864134773,0.022112335075512402,0.2036266581158114,0.2159865435693339,2.9946777455146925,0.0,0.08023534315302773
D_n1,strength:price_velocity,925,-2.1010693105775817,2.9946777455146925,0.04875572153666899,0.17655418391347918,-0.06075491289213894,-0.05514571864134773,0.022112335075512402,0.2036266581158114,0.2159865435693339,2.9946777455146925,0.0,0.07435586521798258
D_n1,strength:price_velocity_x_acceleration,925,-5.0,2.0672194796986467,-0.02190138632348758,0.2939751133977134,-0.5488643579962691,-0.5484368023532323,0.02401091814989621,0.1648938416120068,0.23970492189306788,5.0,0.0,-0.04907736271558191
D_n1,strength:relative_volume,925,-0.1851021797166367,0.0,-0.08764655845677173,0.020004007670673025,-0.11925610082583313,-0.11555875431602208,-0.08807193908184115,-0.05453559885567683,0.0,0.1851021797166367,0.0,-0.09918333300831136
D_n1,strength:relative_volume_x_price_velocity,925,-0.3570936396729557,0.23527540949687076,-0.014356398585503279,0.026144401136492645,-0.053183979250683126,-0.0510937885574081,-0.007856186122662335,0.008653460800925062,0.009391747868812788,0.3570936396729557,0.0,-0.03146091157003274
D_n1,strength:spread,925,0.0,0.0,0.0,0.0,0.0,0.0,0.0,0.0,0.0,0.0,0.0,0.0
D_n1,strength:spread_change,925,0.0,0.0,0.0,0.0,0.0,0.0,0.0,0.0,0.0,0.0,0.0,0.0
D_n1,strength:volume_density,925,-0.18581456754343564,0.0,-0.08864212847343443,0.0202792971930423,-0.12062309381650121,-0.11689203486670315,-0.08917320027024914,-0.054546147860289385,0.0,0.18581456754343564,0.0,-0.10097945748677174
D_n1,strength:volume_density_x_price_displacement,925,-0.35642062268302294,0.23595057837724537,-0.012987598706030971,0.025681379797730206,-0.0501643896890976,-0.048081288849198406,-0.006241809955660329,0.010332697793020798,0.011066984884954537,0.35642062268302294,0.0,-0.03163358279709243
D_n1,strength:volume_log,925,-0.16431069866658715,0.015471699253845842,-0.038371278792374064,0.02682621716229371,-0.0732730824188083,-0.07204790982729906,-0.04823602203313159,0.008324912588201684,0.010213274330864794,0.16431069866658715,0.0,0.008495154117783484
D_n1,strength:volume_log_x_price_displacement,925,-0.3379302048333609,0.2503593842771642,-0.10399506447436241,0.09489813843332408,-0.2524508109405754,-0.24983536040950924,-0.08094320832629148,0.003938075950700072,0.00572362128253859,0.3379302048333609,0.0,-0.216490057020217
D_n1,strength:volume_movement_abs,925,-1.937325844047928,0.050161960692921684,-0.13641276216367723,0.19143425996020277,-0.7515371359675321,-0.5577386839549427,-0.03704483202559866,0.0,0.020572199252406484,1.937325844047928,0.0,-0.21329740963326319
D_n1,strength:volume_movement_signed,925,-2.067179576927919,3.0394754412586273,-0.0030238629922350667,0.17036560259486833,-0.0961385590668946,-0.09296014080984617,-0.016190749621437812,0.074794637963178,0.08658797029653043,3.0394754412586273,0.0,0.059304965257030114
D_n1,uncertainty:bias,925,-0.4693620477257987,2.3159901441933584,0.4623694070655434,0.21825353512840837,0.0,0.1859360235833316,0.41787334381101493,0.8487929091894786,1.1019097728366627,2.3159901441933584,0.0,0.6627009358012315
D_n1,uncertainty:directional_volume,925,-5.0,5.0,-0.0920585232014167,0.38847156462989874,-0.7626065938783857,-0.5373130990729517,0.0,0.12071061294590889,0.1455315235635735,5.0,0.0,-0.01112494911938142
D_n1,uncertainty:price_acceleration,925,-1.0844782501883328,2.8605293728218193,0.02061289168500184,0.26660538128248895,-0.5689269233959925,-0.5421088231633279,-0.001027243531892107,0.4476126246039648,0.5189824939354927,2.8605293728218193,0.0,0.033638260499703594
D_n1,uncertainty:price_displacement,925,-5.0,5.0,0.05926948675326807,0.3328438976263504,-0.23711143099261875,-0.1958264930553665,0.02071111009171741,0.29204214620684393,0.46490074138216153,5.0,0.0,0.20132341812677312
D_n1,uncertainty:price_velocity,925,-5.0,5.0,0.07680409148624108,0.3552534666442685,-0.23964356755269228,-0.19921154335021682,0.02053009646517208,0.4546463517471475,0.9638599665799965,5.0,0.0,0.4665744080734533
D_n1,uncertainty:price_velocity_x_acceleration,925,-5.0,5.0,-0.06103201179370444,0.825250748763161,-2.291968771055419,-1.845195632568909,0.026537460674488516,1.334095099915354,1.503717023942754,5.0,0.0,-0.31765697933092313
D_n1,uncertainty:relative_volume,925,-0.30941542118967047,0.016405884221744715,-0.07075762361365291,0.041338290243077606,-0.16468475605943475,-0.13605281696162572,-0.06867629871170322,-0.0022772999023706517,0.005729707004214537,0.30941542118967047,0.0,-0.1024549730551856
D_n1,uncertainty:relative_volume_x_price_velocity,925,-0.6026064207619047,0.8078802504478505,-0.030991016799468838,0.060484437156111716,-0.192007421054972,-0.1221883984919774,-0.004008035865091573,0.027609507487132964,0.03285134320221862,0.8078802504478505,0.0,-0.12364667292080599
D_n1,uncertainty:spread,925,0.0,0.0,0.0,0.0,0.0,0.0,0.0,0.0,0.0,0.0,0.0,0.0
D_n1,uncertainty:spread_change,925,0.0,0.0,0.0,0.0,0.0,0.0,0.0,0.0,0.0,0.0,0.0,0.0
D_n1,uncertainty:volume_density,925,-0.30833648781991524,0.017666263319256914,-0.07048923177622714,0.041268488704648734,-0.1645633416487698,-0.1354982088589699,-0.06853375938996546,-0.0018478856037822435,0.006054763729694602,0.30833648781991524,0.0,-0.10264510217238068
D_n1,uncertainty:volume_density_x_price_displacement,925,-0.6032987458179581,0.8079734833225746,-0.02810551352265605,0.05630361393311415,-0.12710420806813555,-0.09169989693361774,-0.006195957659344808,0.030286095440184325,0.035468327387431046,0.8079734833225746,0.0,-0.08807818352840711
D_n1,uncertainty:volume_log,925,-0.38576966753562253,0.022479433337026608,-0.08227059968706063,0.04916970907837971,-0.1775224336186908,-0.15756276141627837,-0.07715213279995556,-0.011544061471351029,0.0,0.38576966753562253,0.0,-0.07461221797190365
D_n1,uncertainty:volume_log_x_price_displacement,925,-0.4154714443514167,0.9144820632528121,-0.0863731029165693,0.09110507378391079,-0.21186626432919095,-0.18940019524814303,-0.12329802529381326,0.006972417648675451,0.008896602221547471,0.9144820632528121,0.0,-0.13112683702608788
D_n1,uncertainty:volume_movement_abs,925,-4.196919851575002,0.19425702883896875,-0.41060186717008346,0.6233069017556431,-2.612018768794839,-1.8659088017779017,-0.06561092245870435,0.0,0.052420462435554295,4.196919851575002,0.0,-0.5996180717656641
D_n1,uncertainty:volume_movement_signed,925,-5.0,5.0,0.003705051020013159,0.3258244130606017,-0.3260636842354853,-0.2252915387888347,0.017476404013164602,0.13435245228232032,0.31465979727880194,5.0,0.0,0.1359835896510414
D_n2,direction_state:bias,925,-5.0,5.0,0.5106717278025705,0.8476573473488376,-0.35308512398074093,-0.09520808801092964,0.3013107602540188,1.665260129966726,4.070177213075456,5.0,0.0,0.6846224651005928
D_n2,direction_state:directional_volume,925,-5.0,5.0,0.16601266524843877,0.9975614076059898,-5.0,-1.0962878628070705,0.28421807508793534,1.630394299446104,2.2888120789642,5.0,0.0,-0.5459858935359245
D_n2,direction_state:directional_volume^2,925,-5.0,5.0,-0.5584830327638776,1.4809074710608061,-4.170738843313065,-2.885057082945802,-0.03530658921534279,0.475867982441817,4.937866567512548,5.0,0.0,-0.35651544625204085
D_n2,direction_state:price_acceleration,925,-5.0,5.0,-0.5962984799860985,1.3907434998008792,-5.0,-4.477545821129939,-0.09877858354364576,0.154145853525824,0.8525322170992806,5.0,0.0,-1.1726472851165994
D_n2,direction_state:price_acceleration^2,925,-5.0,5.0,0.09904968636943928,1.8448016736599033,-4.956862816502567,-3.8247450122647235,0.0,4.859581635052856,4.972528013233688,5.0,0.0,-0.5221742263458488
D_n2,direction_state:price_displacement,925,-5.0,5.0,-0.19652284074294393,1.2870942575868403,-4.931068339397209,-3.853629540223081,0.11669150223387577,0.5593994335636738,1.4945481321004592,5.0,0.0,-0.5360572136243064
D_n2,direction_state:price_displacement^2,925,-5.0,5.0,-0.48214111019053363,1.5454384554890757,-4.9687011314477445,-4.902413319737497,-0.07218690451401429,1.1244880990409796,2.9467729403212486,5.0,0.0,0.4719980335494579
D_n2,direction_state:price_velocity,925,-5.0,5.0,-0.0901264880969034,1.4059481883166771,-4.931068339397209,-3.853629540223081,0.13016140940369358,1.8246764009476275,3.028320999069319,5.0,0.0,1.63834569961817
D_n2,direction_state:price_velocity^2,925,-5.0,5.0,-0.44387857867669234,1.6960810476319568,-4.992497182815599,-4.902504757987014,-0.07369470901501306,1.953481361328345,3.6990375078353477,5.0,0.0,2.0834983681383603
D_n2,direction_state:price_velocity_x_acceleration,925,-5.0,5.0,0.35446639674392916,1.8621567875689957,-4.981699127300426,-3.2193692714165385,-0.008393401453458557,4.807152355590973,5.0,5.0,0.0,-0.14813101022127506
D_n2,direction_state:relative_volume,925,-0.9138239355775036,2.2986871127093313,0.45273431714315554,0.7440975536391227,-0.5249966515499681,-0.2688836837249878,-0.00044354665278715177,1.5551854479148788,1.5784039103512477,2.2986871127093313,0.0,1.4285581822237274
D_n2,direction_state:relative_volume^2,925,-0.2685927403054077,0.15575706577611306,-0.045006399659855714,0.08290786500425065,-0.18112738298670208,-0.17609610934052447,0.001262812883111749,0.04778277866846405,0.08955251241028402,0.2685927403054077,0.0,-0.12882734871304408
D_n2,direction_state:relative_volume_x_price_velocity,925,-5.0,5.0,-0.5615489513382347,1.0864421888343603,-2.376028015510938,-2.2111986480553427,-0.059542400039883,1.103566447042172,1.1747689599748568,5.0,0.0,-2.200334023091842
D_n2,direction_state:spread,925,0.0,0.0,0.0,0.0,0.0,0.0,0.0,0.0,0.0,0.0,0.0,0.0
D_n2,direction_state:spread^2,925,0.0,0.0,0.0,0.0,0.0,0.0,0.0,0.0,0.0,0.0,0.0,0.0
D_n2,direction_state:spread_change,925,0.0,0.0,0.0,0.0,0.0,0.0,0.0,0.0,0.0,0.0,0.0,0.0
D_n2,direction_state:spread_change^2,925,0.0,0.0,0.0,0.0,0.0,0.0,0.0,0.0,0.0,0.0,0.0,0.0
D_n2,direction_state:volume_density,925,-0.8980307360066686,2.3267196966782286,0.4654976634232674,0.7542937459479727,-0.5095102391238765,-0.2545748278150017,-0.0009017151540617273,1.5832613117903902,1.6065826684911573,2.3267196966782286,0.0,1.4582054340130686
D_n2,direction_state:volume_density^2,925,-0.27585840240904913,0.1518318770148728,-0.04844427580141955,0.08542029257609614,-0.18847914581717085,-0.18323113222116286,0.0011314186215044312,0.04363889091541531,0.08565632275785749,0.27585840240904913,0.0,-0.1367685011789586
D_n2,direction_state:volume_density_x_price_displacement,925,-5.0,5.0,-0.5243769380627864,1.090511840613988,-2.151997085975415,-1.9970613912810729,-0.05911178549405839,1.2046451518577752,1.2756152898273587,5.0,0.0,-1.8690769058281667
D_n2,direction_state:volume_log,925,-1.7788313665877293,0.5951417882253134,-0.38190276650564003,0.389973988856472,-1.3478600913554013,-1.014037241817819,-0.40702068866840124,0.03338613781013605,0.0418555077475396,1.7788313665877293,0.0,-0.6788931528553422
D_n2,direction_state:volume_log^2,925,-0.3205567362829903,0.014840463788084481,-0.09080820617584177,0.09272996746730276,-0.2466320968324834,-0.2400116462669585,-0.06868706210738607,0.00840203194630062,0.010931061923163917,0.3205567362829903,0.0,-0.05299330480744557
D_n2,direction_state:volume_log_x_price_displacement,925,-5.0,3.276705506526902,-1.3950717250617553,1.8459460776282215,-4.779388915693457,-4.741785937456376,-0.7093845025688842,-0.0321447418491545,0.013810173876876781,5.0,0.0,-0.890507964865458
D_n2,direction_state:volume_movement_abs,925,-5.0,5.0,0.43366002726680564,1.8476798616504633,-4.872091550549444,-4.300136260251285,0.1571518414530279,3.5201246418257517,4.313743647021478,5.0,0.0,0.5664331381583735
D_n2,direction_state:volume_movement_abs^2,925,-5.0,5.0,-0.34067455895904514,1.5568900424461778,-4.831689440259642,-4.773008417381936,0.0667802278740427,0.5033114646205873,4.291787470069225,5.0,0.0,-0.9548094343218767
D_n2,direction_state:volume_movement_signed,925,-5.0,5.0,-0.49312729979420794,1.3439216046803106,-4.941475638389833,-4.131224171436295,0.13447168529188983,0.32630511921257416,0.9190642261223624,5.0,0.0,-2.029800481044058
D_n2,direction_state:volume_movement_signed^2,925,-5.0,5.0,-0.45282189792563404,1.5502627161893205,-4.994084842687616,-4.901445336814716,-0.04368590768562705,0.5808252524759756,3.39564036543923,5.0,0.0,-1.5607664957105234
D_n2,forward_half_life:bias,925,-5.0,5.0,4.89642059000924,0.775201346212578,0.0,5.0,5.0,5.0,5.0,5.0,0.0,5.0
D_n2,forward_half_life:directional_volume,925,-5.0,5.0,2.0226314980833258,3.6929777640098695,-5.0,-5.0,4.010112194756804,5.0,5.0,5.0,0.0,2.0416978987012864
D_n2,forward_half_life:directional_volume^2,925,-5.0,5.0,4.884254894248897,0.868157700008492,0.0,5.0,5.0,5.0,5.0,5.0,0.0,5.0
D_n2,forward_half_life:price_acceleration,925,-5.0,5.0,-0.583059821001091,3.7592344099026658,-5.0,-5.0,-1.0825047588101762,5.0,5.0,5.0,0.0,-5.0
D_n2,forward_half_life:price_acceleration^2,925,-5.0,5.0,4.8453975346859695,0.9719082387192582,0.0,5.0,5.0,5.0,5.0,5.0,0.0,5.0
D_n2,forward_half_life:price_displacement,925,-5.0,5.0,-0.5205162883961217,4.239967390345991,-5.0,-5.0,-1.23755904720955,5.0,5.0,5.0,0.0,0.4052143983375496
D_n2,forward_half_life:price_displacement^2,925,-5.0,5.0,4.758932534998105,1.2093655771118201,-2.7524593387994676,4.674853960002991,5.0,5.0,5.0,5.0,0.0,5.0
D_n2,forward_half_life:price_velocity,925,-5.0,5.0,-0.7185312860958364,4.211188895891712,-5.0,-5.0,-1.8270722428443948,5.0,5.0,5.0,0.0,-5.0
D_n2,forward_half_life:price_velocity^2,925,-5.0,5.0,4.752763294856576,1.2440786590503108,-3.107637588900114,4.674853960002991,5.0,5.0,5.0,5.0,0.0,5.0
D_n2,forward_half_life:price_velocity_x_acceleration,925,-5.0,5.0,4.197778357701423,1.8816706715916947,-5.0,0.0,5.0,5.0,5.0,5.0,0.0,5.0
D_n2,forward_half_life:relative_volume,925,-5.0,2.1709685648213997,-4.861174628830673,0.742670853625662,-5.0,-5.0,-5.0,-4.999925,0.0,5.0,0.0,-5.0
D_n2,forward_half_life:relative_volume^2,925,0.0,5.0,4.620452093764214,1.1084273870292474,0.0,1.508397557252469,5.0,5.0,5.0,5.0,0.0,5.0
D_n2,forward_half_life:relative_volume_x_price_velocity,925,-5.0,5.0,0.3822473575252115,3.282815572804285,-5.0,-5.0,0.5030454273096712,5.0,5.0,5.0,0.0,5.0
D_n2,forward_half_life:spread,925,0.0,0.0,0.0,0.0,0.0,0.0,0.0,0.0,0.0,0.0,0.0,0.0
D_n2,forward_half_life:spread^2,925,0.0,0.0,0.0,0.0,0.0,0.0,0.0,0.0,0.0,0.0,0.0,0.0
D_n2,forward_half_life:spread_change,925,0.0,0.0,0.0,0.0,0.0,0.0,0.0,0.0,0.0,0.0,0.0,0.0
D_n2,forward_half_life:spread_change^2,925,0.0,0.0,0.0,0.0,0.0,0.0,0.0,0.0,0.0,0.0,0.0,0.0
D_n2,forward_half_life:volume_density,925,-5.0,2.8475671554753363,-4.856928985148141,0.7623432643744164,-5.0,-5.0,-5.0,-4.999925,0.0,5.0,0.0,-5.0
D_n2,forward_half_life:volume_density^2,925,0.0,5.0,4.619263725928816,1.1085502176417161,0.0,1.5085844025924828,5.0,5.0,5.0,5.0,0.0,5.0
D_n2,forward_half_life:volume_density_x_price_displacement,925,-5.0,5.0,0.000245497533214065,3.2138896038089704,-5.0,-5.0,0.08792476116825587,5.0,5.0,5.0,0.0,-2.625313376844841
D_n2,forward_half_life:volume_log,925,-5.0,0.6703641482706688,-4.870069855449908,0.7048752188880719,-5.0,-5.0,-5.0,-4.968996894105804,0.0,5.0,0.0,-5.0
D_n2,forward_half_life:volume_log^2,925,-5.0,5.0,4.436840876035203,1.473118019156442,-1.574641968869471,0.9597225924021636,5.0,5.0,5.0,5.0,0.0,5.0
D_n2,forward_half_life:volume_log_x_price_displacement,925,-5.0,5.0,-0.13171047543480519,3.0393127204124,-5.0,-5.0,0.0,5.0,5.0,5.0,0.0,-1.493850788738635
D_n2,forward_half_life:volume_movement_abs,925,-5.0,5.0,-0.19415913449410133,4.275399403548938,-5.0,-5.0,-0.7080058440587749,5.0,5.0,5.0,0.0,-0.7080058440587749
D_n2,forward_half_life:volume_movement_abs^2,925,-5.0,5.0,4.6359178108194445,1.3788960046002436,-2.5418059488145204,1.4870130684857288,5.0,5.0,5.0,5.0,0.0,5.0
D_n2,forward_half_life:volume_movement_signed,925,-5.0,5.0,-0.5306575302253171,4.261529408298927,-5.0,-5.0,-1.2401664944026196,5.0,5.0,5.0,0.0,-0.7080058440587749
D_n2,forward_half_life:volume_movement_signed^2,925,-5.0,5.0,4.676626404945564,1.3796397331765613,-3.371079964467676,2.6495957206764715,5.0,5.0,5.0,5.0,0.0,5.0
D_n2,magnitude_state:bias,925,-5.0,5.0,0.7578305498105119,0.886368058755126,-0.09553937208446625,0.06002046883615999,0.4594203880317252,2.0676734985192193,4.2416114440573045,5.0,0.0,1.383845657984357
D_n2,magnitude_state:directional_volume,925,-5.0,5.0,-0.08460346471091602,0.9671067109382923,-5.0,-1.3916064788166789,0.10059243871269465,1.2800448048502644,1.9883115640170748,5.0,0.0,-1.449125771069086
D_n2,magnitude_state:directional_volume^2,925,-5.0,5.0,-0.4285536914103973,1.4287443896864807,-4.749339188438429,-2.614319822115124,-0.03628522662414754,0.5562418762152779,4.945599653029182,5.0,0.0,-0.30467351498936823
D_n2,magnitude_state:price_acceleration,925,-5.0,5.0,-0.5479404723286625,1.4185358194941935,-5.0,-4.5174877670469185,-0.042318996584018984,0.1720240665985185,0.9277821069884963,5.0,0.0,-0.32611419156503524
D_n2,magnitude_state:price_acceleration^2,925,-5.0,5.0,0.13671892707510255,1.90424170058342,-4.968130989355164,-3.827953630306675,0.009336856985428523,4.858337777365897,4.973550064612168,5.0,0.0,0.7205422436002964
D_n2,magnitude_state:price_displacement,925,-5.0,5.0,-0.39822359117522343,1.2796771279893988,-4.9395195300388695,-3.941696871879814,-0.07486165277734322,0.407598298283648,2.7009148775569765,5.0,0.0,-1.0296920909808818
D_n2,magnitude_state:price_displacement^2,925,-5.0,5.0,-0.3012642085781327,1.6156685325646145,-4.933824059104223,-4.872657938468304,0.08228427893326791,1.13298053440371,4.233969469772545,5.0,0.0,0.6117776340771912
D_n2,magnitude_state:price_velocity,925,-5.0,5.0,-0.3077416827298874,1.3824143793909522,-4.9395195300388695,-3.941696871879814,-0.0636512610919354,1.2724761548600225,3.787961347516879,5.0,0.0,0.8935972257587993
D_n2,magnitude_state:price_velocity^2,925,-5.0,5.0,-0.24321342608668725,1.7822636397948048,-4.933824059104223,-4.872657938468304,0.08165614758836959,2.475054533239618,4.629143163764516,5.0,0.0,2.0740990656840212
D_n2,magnitude_state:price_velocity_x_acceleration,925,-5.0,5.0,0.44561628770829204,1.940861344372759,-4.999369728624347,-3.19622764288969,0.06631388438750656,4.810748379745491,5.0,5.0,0.0,1.6323549771511314
D_n2,magnitude_state:relative_volume,925,-0.7943397791438152,2.4624275043458903,0.4502937281805514,0.7786424845586183,-0.5167931727153792,-0.2744178587179513,-0.050965624100929,1.6014790208493968,1.6261693541407014,2.4624275043458903,0.0,1.42734265006332
D_n2,magnitude_state:relative_volume^2,925,-0.2815953973703899,0.1673915222347528,-0.04028008244820206,0.0877354127126867,-0.17912775187918253,-0.17611335574072698,0.011056666460415109,0.054882574896979924,0.09736593336693142,0.2815953973703899,0.0,-0.12492703308153696
D_n2,magnitude_state:relative_volume_x_price_velocity,925,-5.0,5.0,-0.19855417115000232,1.371408635865068,-2.3627950066353804,-2.02476379614565,0.002878105393496622,2.2881977434024234,2.352333700135267,5.0,0.0,-1.9982686014854032
D_n2,magnitude_state:spread,925,0.0,0.0,0.0,0.0,0.0,0.0,0.0,0.0,0.0,0.0,0.0,0.0
D_n2,magnitude_state:spread^2,925,0.0,0.0,0.0,0.0,0.0,0.0,0.0,0.0,0.0,0.0,0.0,0.0
D_n2,magnitude_state:spread_change,925,0.0,0.0,0.0,0.0,0.0,0.0,0.0,0.0,0.0,0.0,0.0,0.0
D_n2,magnitude_state:spread_change^2,925,0.0,0.0,0.0,0.0,0.0,0.0,0.0,0.0,0.0,0.0,0.0,0.0
D_n2,magnitude_state:volume_density,925,-0.762519601187655,2.5045164069670105,0.47201943231225,0.7921567702577512,-0.48647208383629637,-0.24535085085677238,-0.047995429088990696,1.6441388640716232,1.667936159982615,2.5045164069670105,0.0,1.471466208063454
D_n2,magnitude_state:volume_density^2,925,-0.2929554787538769,0.1591660086654144,-0.04633298983563051,0.09114262422753251,-0.1905394479128355,-0.18751138935030318,0.010279378784902884,0.046472348033104065,0.08909885775635162,0.2929554787538769,0.0,-0.1370728972034882
D_n2,magnitude_state:volume_density_x_price_displacement,925,-5.0,5.0,-0.13714616950823855,1.4221409923162756,-2.1668216770738806,-1.8454341732311277,0.0014940705243724074,2.4913753217000227,2.555363417194932,5.0,0.0,-1.6858481626405741
D_n2,magnitude_state:volume_log,925,-2.4469282287077774,0.01008220311586161,-0.8133712450369471,0.6556371661465152,-2.075862376660493,-1.7594166679720153,-1.0164565599173196,-0.020906103913032777,0.0,2.4469282287077774,0.0,-1.3938837385794893
D_n2,magnitude_state:volume_log^2,925,-0.6413359514923878,0.011495657954481486,-0.27840934970193876,0.22525228215897078,-0.5358396216541697,-0.5318321998515205,-0.3946528302000663,0.005724940319974262,0.010182913594899291,0.6413359514923878,0.0,-0.3487811538739654
D_n2,magnitude_state:volume_log_x_price_displacement,925,-5.0,3.069248858699021,-1.3606796748753809,1.981742842212454,-4.9067937387487515,-4.848161824170473,-0.5616380333914848,0.07264998252294386,0.1308450388032824,5.0,0.0,-0.7769469922720179
D_n2,magnitude_state:volume_movement_abs,925,-5.0,5.0,0.3530699771318734,1.9173409501361012,-4.888308304564812,-4.357232594983906,-0.024668219887393542,3.5614181075615106,4.320143889542072,5.0,0.0,0.2803419936102487
D_n2,magnitude_state:volume_movement_abs^2,925,-5.0,5.0,-0.3245118088305024,1.587422522745557,-4.806866050287011,-4.753582456549742,-0.007404856129170376,0.7385666734002393,4.257755118273238,5.0,0.0,-1.2763454686834468
D_n2,magnitude_state:volume_movement_signed,925,-5.0,5.0,-0.6353375084689981,1.3554329399409117,-4.948675229548004,-4.191480250913562,-0.04007397404100538,0.1915914923077263,1.413896661021107,5.0,0.0,-2.6768749022119307
D_n2,magnitude_state:volume_movement_signed^2,925,-5.0,5.0,-0.36361328477821725,1.5958114585560481,-4.98814006624257,-4.882239682605838,0.06730526900021572,0.7910262183343352,3.487690990423329,5.0,0.0,-2.0064161956646283
D_n2,observation_half_life:bias,925,-5.0,5.0,4.89642059000924,0.775201346212578,0.0,5.0,5.0,5.0,5.0,5.0,0.0,5.0
D_n2,observation_half_life:directional_volume,925,-5.0,5.0,2.0226314980833258,3.6929777640098695,-5.0,-5.0,4.010112194756804,5.0,5.0,5.0,0.0,2.0416978987012864
D_n2,observation_half_life:directional_volume^2,925,-5.0,5.0,4.884254894248897,0.868157700008492,0.0,5.0,5.0,5.0,5.0,5.0,0.0,5.0
D_n2,observation_half_life:price_acceleration,925,-5.0,5.0,-0.583059821001091,3.7592344099026658,-5.0,-5.0,-1.0825047588101762,5.0,5.0,5.0,0.0,-5.0
D_n2,observation_half_life:price_acceleration^2,925,-5.0,5.0,4.8453975346859695,0.9719082387192582,0.0,5.0,5.0,5.0,5.0,5.0,0.0,5.0
D_n2,observation_half_life:price_displacement,925,-5.0,5.0,-0.5205162883961217,4.239967390345991,-5.0,-5.0,-1.23755904720955,5.0,5.0,5.0,0.0,0.4052143983375496
D_n2,observation_half_life:price_displacement^2,925,-5.0,5.0,4.758932534998105,1.2093655771118201,-2.7524593387994676,4.674853960002991,5.0,5.0,5.0,5.0,0.0,5.0
D_n2,observation_half_life:price_velocity,925,-5.0,5.0,-0.7185312860958364,4.211188895891712,-5.0,-5.0,-1.8270722428443948,5.0,5.0,5.0,0.0,-5.0
D_n2,observation_half_life:price_velocity^2,925,-5.0,5.0,4.752763294856576,1.2440786590503108,-3.107637588900114,4.674853960002991,5.0,5.0,5.0,5.0,0.0,5.0
D_n2,observation_half_life:price_velocity_x_acceleration,925,-5.0,5.0,4.197778357701423,1.8816706715916947,-5.0,0.0,5.0,5.0,5.0,5.0,0.0,5.0
D_n2,observation_half_life:relative_volume,925,-5.0,2.1709685648213997,-4.861174628830673,0.742670853625662,-5.0,-5.0,-5.0,-4.999925,0.0,5.0,0.0,-5.0
D_n2,observation_half_life:relative_volume^2,925,0.0,5.0,4.620452093764214,1.1084273870292474,0.0,1.508397557252469,5.0,5.0,5.0,5.0,0.0,5.0
D_n2,observation_half_life:relative_volume_x_price_velocity,925,-5.0,5.0,0.3822473575252115,3.282815572804285,-5.0,-5.0,0.5030454273096712,5.0,5.0,5.0,0.0,5.0
D_n2,observation_half_life:spread,925,0.0,0.0,0.0,0.0,0.0,0.0,0.0,0.0,0.0,0.0,0.0,0.0
D_n2,observation_half_life:spread^2,925,0.0,0.0,0.0,0.0,0.0,0.0,0.0,0.0,0.0,0.0,0.0,0.0
D_n2,observation_half_life:spread_change,925,0.0,0.0,0.0,0.0,0.0,0.0,0.0,0.0,0.0,0.0,0.0,0.0
D_n2,observation_half_life:spread_change^2,925,0.0,0.0,0.0,0.0,0.0,0.0,0.0,0.0,0.0,0.0,0.0,0.0
D_n2,observation_half_life:volume_density,925,-5.0,2.8475671554753363,-4.856928985148141,0.7623432643744164,-5.0,-5.0,-5.0,-4.999925,0.0,5.0,0.0,-5.0
D_n2,observation_half_life:volume_density^2,925,0.0,5.0,4.619263725928816,1.1085502176417161,0.0,1.5085844025924828,5.0,5.0,5.0,5.0,0.0,5.0
D_n2,observation_half_life:volume_density_x_price_displacement,925,-5.0,5.0,0.000245497533214065,3.2138896038089704,-5.0,-5.0,0.08792476116825587,5.0,5.0,5.0,0.0,-2.625313376844841
D_n2,observation_half_life:volume_log,925,-5.0,0.6703641482706688,-4.870069855449908,0.7048752188880719,-5.0,-5.0,-5.0,-4.968996894105804,0.0,5.0,0.0,-5.0
D_n2,observation_half_life:volume_log^2,925,-5.0,5.0,4.436840876035203,1.473118019156442,-1.574641968869471,0.9597225924021636,5.0,5.0,5.0,5.0,0.0,5.0
D_n2,observation_half_life:volume_log_x_price_displacement,925,-5.0,5.0,-0.13171047543480519,3.0393127204124,-5.0,-5.0,0.0,5.0,5.0,5.0,0.0,-1.493850788738635
D_n2,observation_half_life:volume_movement_abs,925,-5.0,5.0,-0.19415913449410133,4.275399403548938,-5.0,-5.0,-0.7080058440587749,5.0,5.0,5.0,0.0,-0.7080058440587749
D_n2,observation_half_life:volume_movement_abs^2,925,-5.0,5.0,4.6359178108194445,1.3788960046002436,-2.5418059488145204,1.4870130684857288,5.0,5.0,5.0,5.0,0.0,5.0
D_n2,observation_half_life:volume_movement_signed,925,-5.0,5.0,-0.5306575302253171,4.261529408298927,-5.0,-5.0,-1.2401664944026196,5.0,5.0,5.0,0.0,-0.7080058440587749
D_n2,observation_half_life:volume_movement_signed^2,925,-5.0,5.0,4.676626404945564,1.3796397331765613,-3.371079964467676,2.6495957206764715,5.0,5.0,5.0,5.0,0.0,5.0
D_n2,persistence:bias,925,-5.0,5.0,-0.07370589465793784,0.9498821463503748,-4.141553577589666,-1.357205509208553,0.09347210373751522,0.7931685580980922,1.6841863035097824,5.0,0.0,0.7306687808158527
D_n2,persistence:directional_volume,925,-5.0,5.0,0.11253710570598421,1.0741028462486526,-2.2735071967204443,-1.6292175728747738,0.07158045877551214,1.4788779120970625,5.0,5.0,0.0,-1.283642044078957
D_n2,persistence:directional_volume^2,925,-5.0,5.0,0.5052366416533088,1.300909203761423,-4.951307365571254,-0.269697811774898,0.08913971605343188,2.3561637388824757,4.175280813915348,5.0,0.0,-0.2053623252359992
D_n2,persistence:price_acceleration,925,-5.0,5.0,0.6594387172027643,1.4030112956914693,-2.0372916858651973,-0.03627610070878059,0.08277158213762073,4.5705114893422145,5.0,5.0,0.0,0.4224592682528505
D_n2,persistence:price_acceleration^2,925,-5.0,5.0,-0.17076292129377973,1.8669424686707652,-4.997774860292398,-4.854062053886432,0.06448770990754521,2.725432106550944,4.956950943284193,5.0,0.0,0.528293359728941
D_n2,persistence:price_displacement,925,-5.0,5.0,0.31022661973644516,0.8873136447709955,-1.477012946479749,-0.15669971210319425,0.05316418814881938,1.8938432268536916,3.582046080727225,5.0,0.0,-0.14604168922151994
D_n2,persistence:price_displacement^2,925,-5.0,5.0,0.6766721606124407,1.475255777145683,-2.887877127787446,-0.14336664706397645,0.16631299880026257,4.807668736640141,4.857619203105613,5.0,0.0,0.14122138696871486
D_n2,persistence:price_velocity,925,-5.0,5.0,0.3497856238272932,0.9430254122020192,-1.477012946479749,-0.13442700173864028,0.053324491319976346,1.9225800389198717,3.8951277825584767,5.0,0.0,0.8708725051282403
D_n2,persistence:price_velocity^2,925,-5.0,5.0,0.7455266873275176,1.5727550371263435,-2.887877127787446,-0.32702934096181957,0.16663145883154415,4.808087783385531,4.998171308821434,5.0,0.0,2.1264063146450214
D_n2,persistence:price_velocity_x_acceleration,925,-5.0,5.0,-0.5884358381172135,1.9315050560862368,-5.0,-4.818492361260448,-0.11521694035093541,3.1663738396841206,3.725583967649269,5.0,0.0,1.688799829769586
D_n2,persistence:relative_volume,925,-2.4441175764297185,0.9559891738634634,-0.5514307936928462,0.8820744841473727,-2.06442674957019,-1.897664300231537,-0.112788013262681,0.4361574157249843,0.6713039926441142,2.4441175764297185,0.0,-1.9354671450246241
D_n2,persistence:relative_volume^2,925,-0.14011426956388312,0.2963361794328635,0.06938398632506301,0.10752432185572157,-0.0966328768026297,-0.06596647314820898,0.021978906192728742,0.24179851114117107,0.26296047781107007,0.2963361794328635,0.0,0.2471091245937963
D_n2,persistence:relative_volume_x_price_velocity,925,-4.421785889783077,5.0,0.6099508632453841,0.9009792131466231,-0.340421363879049,-0.27967461778475683,0.17643422236108422,1.8129365287186394,2.0391364187744383,5.0,0.0,1.608816877217834
D_n2,persistence:spread,925,0.0,0.0,0.0,0.0,0.0,0.0,0.0,0.0,0.0,0.0,0.0,0.0
D_n2,persistence:spread^2,925,0.0,0.0,0.0,0.0,0.0,0.0,0.0,0.0,0.0,0.0,0.0,0.0
D_n2,persistence:spread_change,925,0.0,0.0,0.0,0.0,0.0,0.0,0.0,0.0,0.0,0.0,0.0,0.0
D_n2,persistence:spread_change^2,925,0.0,0.0,0.0,0.0,0.0,0.0,0.0,0.0,0.0,0.0,0.0,0.0
D_n2,persistence:volume_density,925,-2.459894498498272,0.9508860723624404,-0.5567964786455152,0.8887567646688819,-2.0783673223987447,-1.9125273190737648,-0.11161155267556269,0.43362794044765457,0.6677710029187378,2.459894498498272,0.0,-1.9493896736664105
D_n2,persistence:volume_density^2,925,-0.13949304820285846,0.30014019017375015,0.07071330099935526,0.10913354633545792,-0.095595390849848,-0.06518835042989518,0.021617320968299682,0.24548955327780048,0.26635603698891513,0.30014019017375015,0.0,0.2505296403016028
D_n2,persistence:volume_density_x_price_displacement,925,-4.417675359502579,5.0,0.6184393392891364,0.9155873882440494,-0.3514073981614641,-0.2909302077341247,0.1655674211587162,1.8251229818634025,2.0549345689085823,5.0,0.0,1.78182192348578
D_n2,persistence:volume_log,925,-1.3707635287935873,1.274321442631636,-0.09374902148891726,0.3637779843116564,-0.8686829987326686,-0.5879335515816031,-0.15143965687450409,0.590800434576474,0.867294626420352,1.3707635287935873,0.0,-0.7450155307463959
D_n2,persistence:volume_log^2,925,-0.23210498195413798,0.10468666427970601,-0.032487653477388335,0.04210021877442082,-0.1801520555017745,-0.10712608640620754,-0.020220946555721504,0.005362199897555918,0.034329007849407595,0.23210498195413798,0.0,0.014080124645537581
D_n2,persistence:volume_log_x_price_displacement,925,-5.0,5.0,0.36571557651702236,0.4990878057217054,-0.018016516029582177,0.0009069830872478978,0.2904492108890824,0.7496283774718552,1.0561884748079708,5.0,0.0,0.5239684820465504
D_n2,persistence:volume_movement_abs,925,-5.0,5.0,-0.7322499903149261,1.3844268458232067,-4.281945768487986,-3.509312248632574,-0.25416564273111664,1.722890447211242,2.239381204781486,5.0,0.0,-2.7676338350569707
D_n2,persistence:volume_movement_abs^2,925,-5.0,5.0,0.3088685972700723,1.563909595714136,-4.185699782444888,-0.7448157697214076,-0.04060785286579138,4.713426958761052,4.759039649968645,5.0,0.0,-1.8762997381471518
D_n2,persistence:volume_movement_signed,925,-5.0,5.0,0.4362864003517466,0.98964378258994,-1.7997151201663153,-0.5672783844124255,0.10672931302926639,1.7803566475400994,3.8649696792143438,5.0,0.0,0.16184758117866146
D_n2,persistence:volume_movement_signed^2,925,-5.0,5.0,0.4288418526540433,1.5338367115619684,-3.322402600471322,-0.8518543318193527,0.005633322197762422,4.843159787717553,4.976018609652332,5.0,0.0,-1.1147694751156356
D_n2,perturbation_state:bias,925,-5.0,5.0,-0.5140548661008538,0.8390878884961178,-4.227709185296338,-1.6518604951416105,-0.38984177494680017,0.041631673225637295,0.13560546550976868,5.0,0.0,-0.23487766646732905
D_n2,perturbation_state:directional_volume,925,-5.0,5.0,0.05272322820143059,1.0059092147080495,-2.2056756172833434,-1.4714888049861896,-0.011826721764056462,1.3460191606946492,5.0,5.0,0.0,-0.542420234958538
D_n2,perturbation_state:directional_volume^2,925,-5.0,5.0,0.34077890964241725,1.3072657504217602,-4.955612961752793,-0.5200928014429056,0.005534587299051607,2.2251317229132344,4.211659940815533,5.0,0.0,-0.30149547423389383
D_n2,perturbation_state:price_acceleration,925,-5.0,5.0,0.628594920834446,1.363544982510919,-0.6287059570404304,-0.02483360201147233,0.11221697473994353,4.540090570502156,5.0,5.0,0.0,0.20689722744241598
D_n2,perturbation_state:price_acceleration^2,925,-5.0,5.0,-0.1677722068877508,1.7805630071082286,-4.974800833925346,-4.863285206357953,0.022581032341694753,2.7832728069981414,4.960702621510601,5.0,0.0,0.19027054641459099
D_n2,perturbation_state:price_displacement,925,-5.0,5.0,0.31623081454800767,0.8996138733509828,-1.304782365036768,-0.10742277061250653,0.03788715216468455,2.293397267569324,3.2424084897789793,5.0,0.0,0.17431795544185616
D_n2,perturbation_state:price_displacement^2,925,-5.0,5.0,0.5915442508750044,1.471193934645758,-2.8738370596565543,-0.05287355239349267,0.10640121137825524,4.8100959241768315,4.861162420617881,5.0,0.0,0.026737995069753134
D_n2,perturbation_state:price_velocity,925,-5.0,5.0,0.32734425362057257,0.9062447629596871,-1.304782365036768,-0.10742277061250653,0.03788715216468455,2.293397267569324,3.2424084897789793,5.0,0.0,0.4886948638590788
D_n2,perturbation_state:price_velocity^2,925,-5.0,5.0,0.6240690031108546,1.4840523175967388,-2.8738370596565543,-0.15952134456356062,0.12094416590913035,4.8100959241768315,4.861162420617881,5.0,0.0,1.0385371036218074
D_n2,perturbation_state:price_velocity_x_acceleration,925,-5.0,5.0,-0.5455881161825138,1.8174639062356108,-5.0,-4.818266176278551,-0.0027558153933281175,2.561887103975578,3.7360813273003917,5.0,0.0,0.4703448798913894
D_n2,perturbation_state:relative_volume,925,-2.273250979304546,1.0536113656259016,-0.3970930064729985,0.8243283773547361,-1.634409730466264,-1.5740134562992298,-0.004583661613738205,0.5811372188372407,0.787761425109388,2.273250979304546,0.0,-1.58578985455751
D_n2,perturbation_state:relative_volume^2,925,-0.17400843882887895,0.26542163807692654,0.041700238808314645,0.09759535088470184,-0.1180355119834383,-0.09113620206951413,0.0011406252415018965,0.18095043822342838,0.18910274638466534,0.26542163807692654,0.0,0.18263467825970106
D_n2,perturbation_state:relative_volume_x_price_velocity,925,-4.1513248503208375,5.0,0.615867405380926,0.9066176315057884,-0.3943023330022175,-0.3350206997477302,0.20934417314323456,1.8038734557309044,2.022641969015008,5.0,0.0,1.704552184966885
D_n2,perturbation_state:spread,925,0.0,0.0,0.0,0.0,0.0,0.0,0.0,0.0,0.0,0.0,0.0,0.0
D_n2,perturbation_state:spread^2,925,0.0,0.0,0.0,0.0,0.0,0.0,0.0,0.0,0.0,0.0,0.0,0.0
D_n2,perturbation_state:spread_change,925,0.0,0.0,0.0,0.0,0.0,0.0,0.0,0.0,0.0,0.0,0.0,0.0
D_n2,perturbation_state:spread_change^2,925,0.0,0.0,0.0,0.0,0.0,0.0,0.0,0.0,0.0,0.0,0.0,0.0
D_n2,perturbation_state:volume_density,925,-2.291150870325652,1.046495856996873,-0.40414505443826826,0.8311544008227144,-1.6516379899973563,-1.5913968842080037,-0.004758820900301983,0.5763613183317929,0.7824023073773602,2.291150870325652,0.0,-1.6030599136355645
D_n2,perturbation_state:volume_density^2,925,-0.17272401030070297,0.2698635106859561,0.04354097295317938,0.09923177015666655,-0.11636499756640224,-0.0896886022338022,0.0011969180459249602,0.1854572119023266,0.1935153911957975,0.2698635106859561,0.0,0.18705554162889418
D_n2,perturbation_state:volume_density_x_price_displacement,925,-4.152662587985088,5.0,0.6183364549320153,0.9165522446193118,-0.40998306484031605,-0.35095639057067746,0.19380857917016758,1.8163235890436082,2.038797685057042,5.0,0.0,1.7651292861635925
D_n2,perturbation_state:volume_log,925,-1.0972291469771833,1.4582116742453222,0.13269038113654905,0.34454624278469015,-0.25888780242636966,-0.15365517677104326,7.197228162670132e-05,0.8374693133104696,1.097729700165354,1.4582116742453222,0.0,-0.20462317295242144
D_n2,perturbation_state:volume_log^2,925,-0.20821653175569274,0.1141970285267449,-0.029144355470777473,0.03978526372793711,-0.1715921995818532,-0.09393441646070247,-0.021928250901449054,0.007881504934465886,0.008030029108307064,0.20821653175569274,0.0,-0.0393620784899047
D_n2,perturbation_state:volume_log_x_price_displacement,925,-4.672725311455611,5.0,0.4210610212722775,0.5479087384851595,-0.043705305710860835,-0.019800462266786722,0.48168998038532584,1.017856914517815,1.2830480698920896,5.0,0.0,0.6078896078881781
D_n2,perturbation_state:volume_movement_abs,925,-5.0,5.0,-0.5181933084972314,1.4849522959700454,-4.217842936523332,-3.444235428896773,-0.0008413884844286862,2.436955775977186,2.91922119312284,5.0,0.0,-1.9571631224950432
D_n2,perturbation_state:volume_movement_abs^2,925,-5.0,5.0,0.32163971646060535,1.52704551558065,-4.135537564242134,-0.5537051891354425,-0.002385230281491607,4.712453110631765,4.758386931597287,5.0,0.0,-0.9693919064384472
D_n2,perturbation_state:volume_movement_signed,925,-5.0,5.0,0.42506583599652237,1.0121671371275425,-1.6482963287372692,-0.6168917459750475,0.0,2.101799824610477,2.9377806691614916,5.0,0.0,0.8745859916636515
D_n2,perturbation_state:volume_movement_signed^2,925,-5.0,5.0,0.45617031577067896,1.5009553669014921,-3.308457033596035,-0.5508264662599572,0.023060969257396924,4.843294499174225,4.976351472103835,5.0,0.0,-0.16516258786349394
D_n2,reinforcement:bias,925,-5.0,5.0,0.5990702736108431,0.8516967250107348,-0.01981854601195926,-0.007399145035658989,0.5481125057459518,1.725067740234585,4.240819486192033,5.0,0.0,0.6609884857204307
D_n2,reinforcement:directional_volume,925,-5.0,5.0,-0.0902136249554411,1.023690598629727,-5.0,-1.3596768971928948,0.03379178381139938,1.476266252060987,2.2131416279750273,5.0,0.0,-0.821210880378387
D_n2,reinforcement:directional_volume^2,925,-5.0,5.0,-0.34151858438921606,1.2924462608175329,-4.223528855991743,-2.1948223200703576,-0.08692801717644322,0.6008199360395285,4.956466262337547,5.0,0.0,-0.10814213524709149
D_n2,reinforcement:price_acceleration,925,-5.0,5.0,-0.6937060047130018,1.3641851993547338,-5.0,-4.538969592718805,-0.19276290864994494,0.029436331680275197,1.0173080687395442,5.0,0.0,0.05133702040155112
D_n2,reinforcement:price_acceleration^2,925,-5.0,5.0,0.11599104696397883,1.8349738762789023,-4.96108769424413,-3.7722372935820765,0.009260220840318679,4.863078890114237,4.975115250402429,5.0,0.0,0.1250883337886546
D_n2,reinforcement:price_displacement,925,-5.0,5.0,-0.23553707997306092,0.8816820266942779,-3.160627845320833,-2.0567398909949413,-0.02300006066727718,0.31035470763864376,1.9414318610185122,5.0,0.0,-0.9637360981572205
D_n2,reinforcement:price_displacement^2,925,-5.0,5.0,-0.5384469193000846,1.5034805554606852,-4.851696050187172,-4.805063636832973,-0.019710700997370437,0.282297400248833,2.892079501750772,5.0,0.0,-0.3287220912515671
D_n2,reinforcement:price_velocity,925,-5.0,5.0,-0.1890692367519043,0.9160626745065553,-3.160627845320833,-2.0567398909949413,-0.014279858090639912,0.49381751273221525,2.394253294547285,5.0,0.0,0.14812281335946162
D_n2,reinforcement:price_velocity^2,925,-5.0,5.0,-0.4487387290623173,1.6442669072453309,-4.851696050187172,-4.805063636832973,0.009360952477504764,1.5049251822016487,4.39482781128546,5.0,0.0,2.12776540976855
D_n2,reinforcement:price_velocity_x_acceleration,925,-5.0,5.0,0.5790061614896436,1.8691692065908503,-3.7323669038048335,-2.906197890938818,-0.009624648934439354,4.8184398044689996,5.0,5.0,0.0,1.4892651262175838
D_n2,reinforcement:relative_volume,925,-1.0676394880248623,2.27962906344732,0.37688800741157735,0.815552792344771,-0.8069941393495271,-0.6037902610202044,-0.0028717027311407637,1.525509664148364,1.54685764002489,2.27962906344732,0.0,1.4729528091243778
D_n2,reinforcement:relative_volume^2,925,-0.2642844037647293,0.17639317933769302,-0.03619259627924779,0.09456635203687236,-0.17284422922242454,-0.17018978105386356,0.0009505314088067426,0.0954800852178787,0.12216369941353941,0.2642844037647293,0.0,-0.15090077096768895
D_n2,reinforcement:relative_volume_x_price_velocity,925,-5.0,3.9179100277987997,-0.6396403495840725,0.9251241915688563,-2.172985527733022,-1.9166249314840542,-0.2043636819568393,0.297022012420124,0.35518843784200005,5.0,0.0,-1.9010695314128392
D_n2,reinforcement:spread,925,0.0,0.0,0.0,0.0,0.0,0.0,0.0,0.0,0.0,0.0,0.0,0.0
D_n2,reinforcement:spread^2,925,0.0,0.0,0.0,0.0,0.0,0.0,0.0,0.0,0.0,0.0,0.0,0.0
D_n2,reinforcement:spread_change,925,0.0,0.0,0.0,0.0,0.0,0.0,0.0,0.0,0.0,0.0,0.0,0.0
D_n2,reinforcement:spread_change^2,925,0.0,0.0,0.0,0.0,0.0,0.0,0.0,0.0,0.0,0.0,0.0,0.0
D_n2,reinforcement:volume_density,925,-1.0604587736150906,2.2975380179915623,0.38417947075007974,0.822366295310182,-0.8014525985927781,-0.5989664783972003,-0.002630130565122992,1.5432326408638164,1.5647082548655709,2.2975380179915623,0.0,1.4923579862220284
D_n2,reinforcement:volume_density^2,925,-0.26873919887916753,0.17507116143194296,-0.03810955644012932,0.09618887971663909,-0.17743833442655407,-0.17461547698202223,0.000808147833139052,0.09401187861136974,0.12046094654891513,0.26873919887916753,0.0,-0.15594809610876725
D_n2,reinforcement:volume_density_x_price_displacement,925,-5.0,3.9168028289702583,-0.6324958864920117,0.9204386921334734,-2.0924198041534723,-1.8342586049311531,-0.19203044580893144,0.3097472879370111,0.36765511261254824,5.0,0.0,-1.7341485266478713
D_n2,reinforcement:volume_log,925,-1.4705573050081244,1.1079453103746193,-0.16254822342135472,0.3412834400806695,-1.119798064663386,-0.8620201678661311,-0.025020188555259143,0.12435978056915968,0.16046044243755672,1.4705573050081244,0.0,-0.07826408399699297
D_n2,reinforcement:volume_log^2,925,-0.1179283498904089,0.20541091373207293,0.030829552522256283,0.04653171417348447,-0.01772726243212406,-0.016322955489138997,0.02422622589577524,0.11573615739211168,0.16778044089886487,0.20541091373207293,0.0,0.11579136740329458
D_n2,reinforcement:volume_log_x_price_displacement,925,-5.0,4.527666302257623,-0.40277786982106717,0.5306971799272442,-1.1419014219558752,-0.8817863497789217,-0.36213131999973974,0.02175110799272189,0.04636433036856038,5.0,0.0,-0.6991858809301842
D_n2,reinforcement:volume_movement_abs,925,-5.0,5.0,0.5545988115164995,1.46449003486809,-2.684029205394758,-2.209334322670372,0.008914004945594167,3.453545755975252,4.219290467677348,5.0,0.0,0.547403264940532
D_n2,reinforcement:volume_movement_abs^2,925,-5.0,5.0,-0.3652468406368627,1.5241965002973266,-4.754050953608971,-4.709398670445237,-0.031237499923367197,0.5623600083872272,4.121776384827737,5.0,0.0,-0.815924222316364
D_n2,reinforcement:volume_movement_signed,925,-5.0,5.0,-0.3678530457871386,0.9997942985398038,-2.9255046112237673,-1.8660862509017964,0.0,0.6880825558754258,1.7884060821286953,5.0,0.0,-2.2425844034590394
D_n2,reinforcement:volume_movement_signed^2,925,-5.0,5.0,-0.5058403899922684,1.512112412007304,-4.974861308598017,-4.84011638551498,-0.05373812867047959,0.5344610951312654,3.2890207801337663,5.0,0.0,-1.6643501188858014
D_n2,reversal_tendency:bias,925,-5.0,5.0,0.4904396601996591,0.9192819125702963,-0.765850404439997,-0.3787230863262436,0.07069560437627609,1.8633679813711148,3.0145882406899025,5.0,0.0,1.560469478734348
D_n2,reversal_tendency:directional_volume,925,-5.0,5.0,0.14458585319828915,0.8085759440865864,-3.045061534842788,-0.7854218399809023,0.007304704695298912,1.3872517457554714,2.1056309500987034,5.0,0.0,-0.839927037360793
D_n2,reversal_tendency:directional_volume^2,925,-5.0,5.0,0.14549989693309603,0.8910226993117578,-4.194275281176394,-0.2173817957836788,0.06934396319725325,0.6074640994983491,4.988528130645079,5.0,0.0,-0.19147855969167316
D_n2,reversal_tendency:price_acceleration,925,-5.0,5.0,-0.8914745816730028,1.477684258671925,-5.0,-4.586416098785502,-0.180880023567394,0.01675843194136146,0.06853525965247427,5.0,0.0,-1.2286258134869057
D_n2,reversal_tendency:price_acceleration^2,925,-5.0,5.0,0.31809683158557084,1.8786304901349111,-4.948778600107138,-3.7875325895445524,0.09835564164776422,4.9124525345561345,4.927736534214931,5.0,0.0,-0.38021820122163325
D_n2,reversal_tendency:price_displacement,925,-5.0,5.0,0.02065886940415118,0.7006065575049423,-3.0124515326056476,-0.40079126406727167,0.012343257512116837,0.7968700596721068,1.723916914933901,5.0,0.0,-0.6972326125533715
D_n2,reversal_tendency:price_displacement^2,925,-5.0,5.0,-0.16253882423495977,0.9112787154082483,-4.111888955584816,-1.3006331558972501,-0.04137218197060147,1.0091573296232863,3.0480135255362244,5.0,0.0,0.3950521988659779
D_n2,reversal_tendency:price_velocity,925,-5.0,5.0,0.11220791508563548,0.8348177671161267,-3.0124515326056476,-0.35505747247795766,0.015460083331840662,1.4920847054090323,2.9464911669532974,5.0,0.0,1.1528083260240027
D_n2,reversal_tendency:price_velocity^2,925,-5.0,5.0,-0.1029929312579952,1.1963708257647383,-4.803519552728467,-1.3023192849107852,-0.04288329529501197,2.184630441543567,4.301353812313472,5.0,0.0,2.487826259368563
D_n2,reversal_tendency:price_velocity_x_acceleration,925,-5.0,5.0,0.016130568939699722,1.3124036985584042,-4.9181851697723475,-3.2381194009857355,0.04836887449002629,1.7288450705066458,4.7944400152748745,5.0,0.0,0.12258084214592947
D_n2,reversal_tendency:relative_volume,925,-0.25363942123030997,3.1249474705674904,0.756750512530588,1.0397877247240745,-0.06643334194156633,-0.033944078361288176,0.0776818245792071,2.286976170784715,2.328886300044079,3.1249474705674904,0.0,2.059160489370173
D_n2,reversal_tendency:relative_volume^2,925,-0.3912066424665143,0.037933282125701566,-0.09315160391901481,0.12329752088615799,-0.2953433307271352,-0.29083449922725796,-0.02991173067887576,0.0075956578396700475,0.011967712035518534,0.3912066424665143,0.0,-0.21500297077964087
D_n2,reversal_tendency:relative_volume_x_price_velocity,925,-5.0,3.0130777688268218,-0.6493085457283145,0.9162446914288802,-2.3060346887527596,-2.108193967952926,-0.06844587174482057,0.0,0.028129558932167103,5.0,0.0,-2.079195332495113
D_n2,reversal_tendency:spread,925,0.0,0.0,0.0,0.0,0.0,0.0,0.0,0.0,0.0,0.0,0.0,0.0
D_n2,reversal_tendency:spread^2,925,0.0,0.0,0.0,0.0,0.0,0.0,0.0,0.0,0.0,0.0,0.0,0.0
D_n2,reversal_tendency:spread_change,925,0.0,0.0,0.0,0.0,0.0,0.0,0.0,0.0,0.0,0.0,0.0,0.0
D_n2,reversal_tendency:spread_change^2,925,0.0,0.0,0.0,0.0,0.0,0.0,0.0,0.0,0.0,0.0,0.0,0.0
D_n2,reversal_tendency:volume_density,925,-0.2525641671794336,3.137390151428589,0.7609355123471601,1.0456779505426068,-0.06603828134863703,-0.03371058350288121,0.07773377819963508,2.298611732346582,2.3421753807834813,3.137390151428589,0.0,2.073438351241987
D_n2,reversal_tendency:volume_density^2,925,-0.39413328587526975,0.03762438553239447,-0.09417594431824071,0.1247256268347662,-0.2990183728418236,-0.29368144654936174,-0.02988428118613832,0.007525662023452302,0.011849550734104456,0.39413328587526975,0.0,-0.2186821646266751
D_n2,reversal_tendency:volume_density_x_price_displacement,925,-5.0,3.0124648378846643,-0.6385577757077887,0.8990684307429601,-2.096670608618738,-1.9458736391610083,-0.06620180353922693,0.0,0.030297222229142464,5.0,0.0,-1.7990560556593322
D_n2,reversal_tendency:volume_log,925,-0.32352248811131007,2.2511166537380087,0.37580961662689266,0.5182560462072109,-0.09721964888507323,-0.053915017815571675,0.0805888298231006,1.192905180812003,1.2849422503272157,2.2511166537380087,0.0,0.7873927032363338
D_n2,reversal_tendency:volume_log^2,925,-0.24142339075672456,0.09495212953650842,-0.009383961747156788,0.0377085791976659,-0.09061351551031033,-0.05317826371547504,0.001024595835483456,0.05869803687884926,0.08024290151013568,0.24142339075672456,0.0,0.06617304520273193
D_n2,reversal_tendency:volume_log_x_price_displacement,925,-5.0,3.0162901095448564,-0.2893003056431661,0.4666402019216451,-1.1566480552681264,-0.8770027297221864,-0.12533443936763114,0.00031513262855115105,0.06152449143290362,5.0,0.0,-0.8244745725770115
D_n2,reversal_tendency:volume_movement_abs,925,-5.0,5.0,0.6853384553979444,1.2200068789699618,-0.4931155659262174,-0.227964430719742,0.024008816162647818,3.501270108391012,4.2683280067417195,5.0,0.0,0.41562443498154106
D_n2,reversal_tendency:volume_movement_abs^2,925,-5.0,5.0,-0.1329226326663504,0.9022429304677654,-2.8198857192665523,-1.5347368354713626,0.010455871398798397,0.39103797920182504,4.181441335267051,5.0,0.0,-1.153976424235982
D_n2,reversal_tendency:volume_movement_signed,925,-5.0,5.0,-0.2719484902498222,0.8465563468195413,-2.966396770668345,-1.317346865478298,-0.008234383835749292,0.5645857534415173,0.9869571258259662,5.0,0.0,-2.234823957353608
D_n2,reversal_tendency:volume_movement_signed^2,925,-5.0,5.0,-0.23644455276309864,0.9099631617023067,-3.437617964030033,-1.245610156204738,-0.012853125619598022,0.660305701225148,3.4045479094606406,5.0,0.0,-1.8808879869558683
D_n2,strength:bias,925,-5.0,5.0,-0.29510873292402934,0.8862184811053898,-4.178983585081448,-1.4744120354894283,-0.14047785287381054,0.4091691507246169,0.4222115283330378,5.0,0.0,0.014204017647807567
D_n2,strength:directional_volume,925,-5.0,5.0,0.10339990032951876,1.0154169407602993,-2.2245745569866826,-1.5229933495375758,0.04023806285700947,1.3795133493757261,5.0,5.0,0.0,-0.31663693567910023
D_n2,strength:directional_volume^2,925,-5.0,5.0,0.4775104790355866,1.310653340333221,-4.952103534820877,-0.33349354204036885,0.09125068955221996,2.3598283822183626,4.188492487441937,5.0,0.0,-0.028464097728461712
D_n2,strength:price_acceleration,925,-5.0,5.0,0.6372877984308744,1.3593467949629234,-0.3722643897171015,0.0,0.08314140019612166,4.55198173297844,5.0,5.0,0.0,0.14319655817170301
D_n2,strength:price_acceleration^2,925,-5.0,5.0,-0.1484495867949316,1.774302181445889,-4.974504107950257,-4.857663430567924,0.04411260036689241,2.7314312455913767,4.956956735732259,5.0,0.0,0.1471968765057238
D_n2,strength:price_displacement,925,-5.0,5.0,0.3125490391122094,0.8953020848598692,-1.313290563003857,-0.10403011833052671,0.044810435514898904,2.2971995399305647,3.2680135839646245,5.0,0.0,0.2870843576577915
D_n2,strength:price_displacement^2,925,-5.0,5.0,0.6204940963921034,1.4580560865650707,-2.89129784654504,-0.01841171339738941,0.13433724049622936,4.816197534767505,4.868117432356071,5.0,0.0,0.07909656441122714
D_n2,strength:price_velocity,925,-5.0,5.0,0.3138978773911109,0.8964758213472834,-1.313290563003857,-0.10403011833052671,0.044810435514898904,2.2971995399305647,3.2680135839646245,5.0,0.0,0.34569647446267876
D_n2,strength:price_velocity^2,925,-5.0,5.0,0.6406477288917409,1.4610767140593552,-2.89129784654504,-0.19273164256076253,0.13433724049622936,4.816197534767505,4.868117432356071,5.0,0.0,0.7133861133506954
D_n2,strength:price_velocity_x_acceleration,925,-5.0,5.0,-0.5785879149458641,1.8027690701297632,-5.0,-4.817158315910268,-0.08040095431467487,2.5373199117419434,3.7280335755004104,5.0,0.0,0.19688180251137455
D_n2,strength:relative_volume,925,-2.3700888700425615,0.9820358468058247,-0.4865602691537918,0.8388317470079851,-1.7406838813486911,-1.6985185826719844,-0.07129713044795825,0.4785727125209398,0.701943178206846,2.3700888700425615,0.0,-1.719538994542123
D_n2,strength:relative_volume^2,925,-0.15522616444320725,0.2827452303415018,0.057488587527764354,0.09932423095938604,-0.10275353265544071,-0.07352540773356513,0.014409012797283474,0.20114114035324906,0.20616861286048746,0.2827452303415018,0.0,0.20321058497180208
D_n2,strength:relative_volume_x_price_velocity,925,-4.417247856503778,5.0,0.6212889512518418,0.9126666707280485,-0.3962582281707586,-0.33491652276074724,0.20776093851240704,1.8051474633270397,2.0254933743180232,5.0,0.0,1.7456123705591884
D_n2,strength:spread,925,0.0,0.0,0.0,0.0,0.0,0.0,0.0,0.0,0.0,0.0,0.0,0.0
D_n2,strength:spread^2,925,0.0,0.0,0.0,0.0,0.0,0.0,0.0,0.0,0.0,0.0,0.0,0.0
D_n2,strength:spread_change,925,0.0,0.0,0.0,0.0,0.0,0.0,0.0,0.0,0.0,0.0,0.0,0.0
D_n2,strength:spread_change^2,925,0.0,0.0,0.0,0.0,0.0,0.0,0.0,0.0,0.0,0.0,0.0,0.0
D_n2,strength:volume_density,925,-2.3871749906344744,0.9757111203174617,-0.4928854396199439,0.8457771264120911,-1.7573750916895787,-1.7154342714621067,-0.07059555490875213,0.474789550989614,0.6971694058175486,2.3871749906344744,0.0,-1.7362957089625102
D_n2,strength:volume_density^2,925,-0.15422902821770457,0.28692917941266194,0.05910067953452876,0.10099653325004523,-0.10135051700677103,-0.07237699580754546,0.014194220808262919,0.20541897199007886,0.2103953379821528,0.28692917941266194,0.0,0.20745223596790816
D_n2,strength:volume_density_x_price_displacement,925,-4.418794058480242,5.0,0.621530761042475,0.9209471800986488,-0.412992265075912,-0.35191330046088753,0.1911634571700187,1.817740029551163,2.0412580092384567,5.0,0.0,1.7662396230530066
D_n2,strength:volume_log,925,-1.2248507539094122,1.3600892841010264,0.019853033396033087,0.3326818902384329,-0.3642879326826677,-0.29413572064783705,-0.09164876596633782,0.6991728296341555,0.9827130873139145,1.3600892841010264,0.0,-0.3369712797188167
D_n2,strength:volume_log^2,925,-0.21768550765568567,0.10840937696688652,-0.03403396586567246,0.039757349154624234,-0.17692707497034668,-0.09906322244520173,-0.021708188300459536,0.007607988709814166,0.008173732830853868,0.21768550765568567,0.0,-0.04823481259764313
D_n2,strength:volume_log_x_price_displacement,925,-4.964735119265409,5.0,0.4448849152230625,0.5501898162688652,-0.030201564559554056,0.0007237161639635452,0.5326048862502482,1.0654970819325824,1.33444382619154,5.0,0.0,0.6107534570647781
D_n2,strength:volume_movement_abs,925,-5.0,5.0,-0.6395475054292223,1.4429427355662943,-4.262773933119299,-3.491921611330037,-0.17772104850749837,2.2605114540982374,2.767757975482679,5.0,0.0,-1.8318513429370484
D_n2,strength:volume_movement_abs^2,925,-5.0,5.0,0.31471634990876,1.526237829650065,-4.170392802545948,-0.5170978140818232,-0.0473223942261629,4.717382116090209,4.764081224378439,5.0,0.0,-0.7524035298162854
D_n2,strength:volume_movement_signed,925,-5.0,5.0,0.45552691131068807,0.9960002370143904,-1.6256168555113557,-0.5312164781777747,0.06949283522337327,2.1767946144490944,2.9355011077708175,5.0,0.0,1.0341392592032888
D_n2,strength:volume_movement_signed^2,925,-5.0,5.0,0.4466507522919755,1.5025050006216196,-3.3262747424067665,-0.576711067522095,0.020072414912229095,4.847646848228136,4.977552470955741,5.0,0.0,0.020317030602279663
D_n2,uncertainty:bias,925,-5.0,5.0,0.8064840050940281,0.8326848613495303,0.0,0.12802329518711292,0.6676297685407203,1.940240243387054,4.216369085562096,5.0,0.0,1.3264083201353083
D_n2,uncertainty:directional_volume,925,-5.0,5.0,-0.022717238564976476,0.9804175887591087,-5.0,-1.3585709991547397,0.07331958216117615,1.4234337517606757,2.1470958466251586,5.0,0.0,-1.4623432060355643
D_n2,uncertainty:directional_volume^2,925,-5.0,5.0,-0.39945967229925755,1.4166968001662081,-4.2134434690467435,-2.5576218694660793,-0.04568122778603262,0.6387024015860172,4.948430888323597,5.0,0.0,-0.26749728489573793
D_n2,uncertainty:price_acceleration,925,-5.0,5.0,-0.5259317666238043,1.4199588736761521,-5.0,-4.499939118018406,-0.008846942742836487,0.14019954018630612,1.355024013432649,5.0,0.0,-0.012869610009246805
D_n2,uncertainty:price_acceleration^2,925,-5.0,5.0,0.1636487709631109,1.9210570391874098,-4.964996752188302,-3.8504453596567823,0.03614932810449957,4.862729780024218,4.973784111265287,5.0,0.0,1.2906712809059409
D_n2,uncertainty:price_displacement,925,-5.0,5.0,-0.3932307004122339,1.2897154387661154,-4.9212043923742215,-3.949898371178136,-0.06573121638554241,0.2806951058159133,3.180579100314304,5.0,0.0,-1.0097832961250648
D_n2,uncertainty:price_displacement^2,925,-5.0,5.0,-0.4453330177184075,1.5736145062489744,-4.922788107123714,-4.860821442478359,0.021330413722370583,0.697746770291426,4.172163004330707,5.0,0.0,0.23453857376299259
D_n2,uncertainty:price_velocity,925,-5.0,5.0,-0.32137878777992873,1.3677646207570733,-4.9212043923742215,-3.949898371178136,-0.04044136539883987,1.0537287543334766,3.837020748484715,5.0,0.0,0.6055006253177363
D_n2,uncertainty:price_velocity^2,925,-5.0,5.0,-0.38412879765735636,1.7426860803572601,-4.922788107123714,-4.860821442478359,0.021330413722370583,2.1115806861152135,4.596700715948753,5.0,0.0,1.839300651787473
D_n2,uncertainty:price_velocity_x_acceleration,925,-5.0,5.0,0.48766662298776037,1.9462461134571183,-4.999024459331244,-3.223053960524773,-0.005572808518279957,4.809973486636872,5.0,5.0,0.0,2.423285103853992
D_n2,uncertainty:relative_volume,925,-1.02357750292302,2.1852281910794336,0.3195273050491269,0.7400542367694889,-0.7560594842237474,-0.5302258452524694,-0.04505246278597186,1.3811795225768615,1.3979739764042067,2.1852281910794336,0.0,1.2352865074431938
D_n2,uncertainty:relative_volume^2,925,-0.2455788996184494,0.19736944048368218,-0.022542174023470845,0.08252012563608613,-0.14996975834278906,-0.14592276981362184,0.009671430143279968,0.08888088552090176,0.13137971201551954,0.2455788996184494,0.0,-0.10011982828540926
D_n2,uncertainty:relative_volume_x_price_velocity,925,-5.0,4.699752216928038,-0.6377809495444194,0.960321153311961,-2.4248789790961727,-2.0506743342878426,-0.26715865939925915,0.5690023110940736,0.6352683814752748,5.0,0.0,-2.018322880734541
D_n2,uncertainty:spread,925,0.0,0.0,0.0,0.0,0.0,0.0,0.0,0.0,0.0,0.0,0.0,0.0
D_n2,uncertainty:spread^2,925,0.0,0.0,0.0,0.0,0.0,0.0,0.0,0.0,0.0,0.0,0.0,0.0
D_n2,uncertainty:spread_change,925,0.0,0.0,0.0,0.0,0.0,0.0,0.0,0.0,0.0,0.0,0.0,0.0
D_n2,uncertainty:spread_change^2,925,0.0,0.0,0.0,0.0,0.0,0.0,0.0,0.0,0.0,0.0,0.0,0.0
D_n2,uncertainty:volume_density,925,-1.0123895235368139,2.2072003652497116,0.32936946416438573,0.7477956326486892,-0.746318517500636,-0.521645618483994,-0.04370169632835627,1.402176145161822,1.419835219703255,2.2072003652497116,0.0,1.259722383315946
D_n2,uncertainty:volume_density^2,925,-0.2511763028739118,0.1949827147557101,-0.025188018270794754,0.08432424922895036,-0.15647726300927553,-0.15138926387611681,0.009246379056267425,0.08632495822650506,0.12902130004843723,0.2511763028739118,0.0,-0.10660053393677282
D_n2,uncertainty:volume_density_x_price_displacement,925,-5.0,4.723459516549832,-0.6185914186114065,0.9510371869001856,-2.2959598973236757,-1.8835802419730256,-0.22722719624632914,0.6094191467784655,0.6754205051869124,5.0,0.0,-1.7560626286634862
D_n2,uncertainty:volume_log,925,-1.6221998741564345,0.8035367265755645,-0.34436954822085486,0.3307982038554818,-1.264363209694763,-0.9720264909476634,-0.22653994448403064,-0.02590868905699457,0.0,1.6221998741564345,0.0,-0.6021546974282568
D_n2,uncertainty:volume_log^2,925,-0.18944055555878211,0.14432349986160325,-0.013591946108129253,0.04314736786682332,-0.08688023196553818,-0.08220621233301982,-0.01805554658936162,0.07357790262811871,0.10818234824153725,0.18944055555878211,0.0,0.1007610588573461
D_n2,uncertainty:volume_log_x_price_displacement,925,-5.0,4.143907206816186,-0.7357253667477665,0.936098764438544,-2.4346726388842894,-2.3616889747019334,-0.6331583863064679,0.055955434110250966,0.06751256180559385,5.0,0.0,-0.8335937578072936
D_n2,uncertainty:volume_movement_abs,925,-5.0,5.0,0.248914621679518,1.8839372273938508,-4.884620126954653,-4.383219798292747,-0.1382554702049052,3.5241206805947183,4.60665113233091,5.0,0.0,0.05984802720207315
D_n2,uncertainty:volume_movement_abs^2,925,-5.0,5.0,-0.34689582093059235,1.5767520002018502,-4.795191462869301,-4.742445050981797,-0.004538304513594914,0.6242552927471671,4.1979299259864895,5.0,0.0,-1.4121426422531842
D_n2,uncertainty:volume_movement_signed,925,-5.0,5.0,-0.5474356862446854,1.3088719539798355,-4.559908831859905,-3.844310331927171,-0.0026352830817978905,0.42145894884082785,1.7820329028776019,5.0,0.0,-2.6527842320938
D_n2,uncertainty:volume_movement_signed^2,925,-5.0,5.0,-0.4680166908747732,1.5729646834142508,-4.986059773038429,-4.873639735641673,-0.07238916783448636,0.7817904000963549,3.372202150987128,5.0,0.0,-2.206210621918596
D_n3,direction_state:bias,925,-5.0,5.0,0.3051885577557986,1.7701057052074167,-4.4910688930801586,-3.083058213299289,0.28623058054332895,3.350158068341224,5.0,5.0,0.0,-3.192667564253746
D_n3,direction_state:directional_volume,925,-5.0,5.0,-0.9187499905794085,2.307376307731114,-5.0,-3.96070472872314,-0.9970362834669029,3.197301062105409,5.0,5.0,0.0,-0.14842081980850033
D_n3,direction_state:directional_volume^2,925,-5.0,5.0,0.3820229040965152,2.5014855943824474,-5.0,-2.449916613733811,-0.18137416119208688,4.563413787951333,5.0,5.0,0.0,1.548090058016444
D_n3,direction_state:directional_volume^3,925,-5.0,5.0,1.7142008191815832,2.4631678564794224,-5.0,-4.844632646542348,2.1421989165434647,4.885817303667497,5.0,5.0,0.0,3.766827072393174
D_n3,direction_state:price_acceleration,925,-5.0,5.0,-0.810751228669724,2.6051966961921615,-5.0,-4.859909836748708,-0.7282347266596392,4.442691053361663,5.0,5.0,0.0,-0.6908233096451775
D_n3,direction_state:price_acceleration^2,925,-5.0,5.0,0.8011747422804596,3.156208601628835,-5.0,-4.9823429805920965,1.1889976443027663,5.0,5.0,5.0,0.0,-1.097009628565478
D_n3,direction_state:price_acceleration^3,925,-5.0,5.0,-0.2575119402956023,3.3002954325917546,-5.0,-5.0,0.0,5.0,5.0,5.0,0.0,-3.103744365882788
D_n3,direction_state:price_displacement,925,-5.0,5.0,-0.37350307632375057,2.2564373236488464,-5.0,-4.7090661035409225,-0.2012723978029587,3.909377852337296,5.0,5.0,0.0,-1.0162007461088844
D_n3,direction_state:price_displacement^2,925,-5.0,5.0,0.10048043203328037,2.8505975683540368,-5.0,-5.0,-0.033667746091115565,5.0,5.0,5.0,0.0,-4.074715913836864
D_n3,direction_state:price_displacement^3,925,-5.0,5.0,0.4484531899680843,2.8807465266130334,-5.0,-5.0,0.30878719788809916,5.0,5.0,5.0,0.0,-2.543480097290486
D_n3,direction_state:price_velocity,925,-5.0,5.0,-0.47777027797877564,2.274963101166074,-5.0,-4.782040256368458,-0.21954202327713812,3.77635470775516,5.0,5.0,0.0,-3.0149806382518367
D_n3,direction_state:price_velocity^2,925,-5.0,5.0,0.1266725737767739,2.85658368762759,-5.0,-5.0,-0.03743543408245719,5.0,5.0,5.0,0.0,-4.381960780429507
D_n3,direction_state:price_velocity^3,925,-5.0,5.0,0.4749997937140782,2.96198634732478,-5.0,-5.0,0.30878719788809916,5.0,5.0,5.0,0.0,-4.444846233159644
D_n3,direction_state:price_velocity_x_acceleration,925,-5.0,5.0,0.18446783826173155,3.251761531588819,-5.0,-5.0,0.09146917914042803,5.0,5.0,5.0,0.0,-3.194321404941703
D_n3,direction_state:relative_volume,925,-5.0,5.0,-0.6470208158076455,1.9035501260804653,-4.51997159631996,-4.339158630426729,0.1005802358639775,1.1151825353516724,1.5957725851551703,5.0,0.0,-0.10023821408496938
D_n3,direction_state:relative_volume^2,925,-0.3834040955574122,5.0,2.185335126797326,2.049247970094394,-0.32225931293673676,-0.24568733951372762,3.0059810492444243,4.906898628364237,4.931749678967493,5.0,0.0,3.4046349588462554
D_n3,direction_state:relative_volume^3,925,-0.8108421057004237,0.11257139030131023,-0.3807975066144633,0.3620841980109489,-0.7976303885805459,-0.794770388441687,-0.5802665482028877,0.07815258757818254,0.09263129277338936,0.8108421057004237,0.0,-0.7055632522263995
D_n3,direction_state:relative_volume_x_price_velocity,925,-5.0,5.0,0.2165014933734331,2.3284945521780873,-3.436997913278273,-3.414567127965631,0.1301559952115916,3.75871387761711,4.5592961098326,5.0,0.0,0.5059857673640373
D_n3,direction_state:spread,925,0.0,0.0,0.0,0.0,0.0,0.0,0.0,0.0,0.0,0.0,0.0,0.0
D_n3,direction_state:spread^2,925,0.0,0.0,0.0,0.0,0.0,0.0,0.0,0.0,0.0,0.0,0.0,0.0
D_n3,direction_state:spread^3,925,0.0,0.0,0.0,0.0,0.0,0.0,0.0,0.0,0.0,0.0,0.0,0.0
D_n3,direction_state:spread_change,925,0.0,0.0,0.0,0.0,0.0,0.0,0.0,0.0,0.0,0.0,0.0,0.0
D_n3,direction_state:spread_change^2,925,0.0,0.0,0.0,0.0,0.0,0.0,0.0,0.0,0.0,0.0,0.0,0.0
D_n3,direction_state:spread_change^3,925,0.0,0.0,0.0,0.0,0.0,0.0,0.0,0.0,0.0,0.0,0.0,0.0
D_n3,direction_state:volume_density,925,-5.0,5.0,-0.6554334102001229,1.9016070569006878,-4.52269805557012,-4.343555018556835,0.08980715709649664,1.1244714688423534,1.6228327140793037,5.0,0.0,-0.07705042234286949
D_n3,direction_state:volume_density^2,925,-0.36837855538117154,5.0,2.1835304749981477,2.0404040511886157,-0.3063934978102867,-0.22892085670784995,2.9845457437903127,4.908095352853536,4.932518869274023,5.0,0.0,3.3846838134084534
D_n3,direction_state:volume_density^3,925,-1.038034983322865,0.10837350032381488,-0.5135681661044185,0.4706696932732394,-1.026457562784861,-1.0235255208137493,-0.8033760661588099,0.07414176180785138,0.08933544995770958,1.038034983322865,0.0,-0.9284796245914637
D_n3,direction_state:volume_density_x_price_displacement,925,-5.0,5.0,0.33109058731287355,2.3561451747054356,-3.443630640952392,-3.42128483253972,0.24434541507012192,3.745482753726578,4.539627789291917,5.0,0.0,1.5318058255153235
D_n3,direction_state:volume_log,925,-5.0,5.0,-0.19043766335524148,2.0892612912981607,-2.935587885144598,-2.5361019249881394,-1.3654883457068023,3.06627700634413,3.350912673907707,5.0,0.0,-1.8502378518669176
D_n3,direction_state:volume_log^2,925,-0.2229589288442294,5.0,3.023833831777427,1.9570760892722787,-0.10189498681245797,-0.019977536381861387,4.513975064764219,4.815272007436603,4.956760473716922,5.0,0.0,4.67517359696773
D_n3,direction_state:volume_log^3,925,-0.027293703336079535,5.0,3.287128824138041,1.7066898975609857,-0.0007411613237096452,0.0024733094114743116,4.498254616580077,4.807158205035597,4.809252929886476,5.0,0.0,4.491192021061216
D_n3,direction_state:volume_log_x_price_displacement,925,-5.0,5.0,1.590083631686079,2.8872971411012385,-3.9636315983204606,-3.1582717827686757,3.10473787681961,4.774986400127319,5.0,5.0,0.0,2.8694859339964425
D_n3,direction_state:volume_movement_abs,925,-5.0,5.0,0.2255376500694152,2.500726976503797,-5.0,-4.437490113953136,0.12011804705759893,4.86780911103382,5.0,5.0,0.0,-0.5480407256677396
D_n3,direction_state:volume_movement_abs^2,925,-5.0,5.0,0.7147713064057207,2.832246265025832,-5.0,-4.988834408515697,0.4982641050451755,5.0,5.0,5.0,0.0,-2.3536174781926777
D_n3,direction_state:volume_movement_abs^3,925,-5.0,5.0,0.473628218252715,2.9465797332444494,-5.0,-5.0,0.24568131283430503,5.0,5.0,5.0,0.0,-1.0707685642043443
D_n3,direction_state:volume_movement_signed,925,-5.0,5.0,-0.19310326740447184,2.2277523012566856,-5.0,-4.308811081661387,-0.13852707371648312,4.082723401736435,5.0,5.0,0.0,-0.5480407256677396
D_n3,direction_state:volume_movement_signed^2,925,-5.0,5.0,0.2989811296549418,2.7951962146481737,-5.0,-5.0,0.013595348974415998,5.0,5.0,5.0,0.0,-2.3536174781926777
D_n3,direction_state:volume_movement_signed^3,925,-5.0,5.0,0.5854708420513038,2.9196797002295574,-5.0,-5.0,0.44776547140381573,5.0,5.0,5.0,0.0,-1.0707685642043443
D_n3,forward_half_life:bias,925,-5.0,5.0,4.833505600988276,1.0657797846287034,0.0,5.0,5.0,5.0,5.0,5.0,0.0,5.0
D_n3,forward_half_life:directional_volume,925,-5.0,5.0,1.9648962024792873,3.756186447606657,-5.0,-5.0,4.222649267462714,5.0,5.0,5.0,0.0,2.0192319718386864
D_n3,forward_half_life:directional_volume^2,925,-5.0,5.0,4.8008807111204215,1.1592790862960207,-0.7841232293639694,4.999925,5.0,5.0,5.0,5.0,0.0,5.0
D_n3,forward_half_life:directional_volume^3,925,-5.0,5.0,1.725174527512229,3.9887768724859427,-5.0,-5.0,4.582401787323089,5.0,5.0,5.0,0.0,4.667382142996867
D_n3,forward_half_life:price_acceleration,925,-5.0,5.0,-0.13989975344134442,3.818503990818669,-5.0,-5.0,0.0,5.0,5.0,5.0,0.0,-5.0
D_n3,forward_half_life:price_acceleration^2,925,-5.0,5.0,4.551059887150249,1.722121219955107,-4.943203811394239,0.6988096060313415,5.0,5.0,5.0,5.0,0.0,5.0
D_n3,forward_half_life:price_acceleration^3,925,-5.0,5.0,0.3934566445865911,4.049627547460559,-5.0,-5.0,0.7657059644946143,5.0,5.0,5.0,0.0,3.0121037516467357
D_n3,forward_half_life:price_displacement,925,-5.0,5.0,-0.24701608580321302,4.2559853653943645,-5.0,-5.0,-0.3117584168048273,5.0,5.0,5.0,0.0,0.4462631286233014
D_n3,forward_half_life:price_displacement^2,925,-5.0,5.0,4.651526081359702,1.4860037551038863,-4.295066446876661,2.4522423377785594,5.0,5.0,5.0,5.0,0.0,5.0
D_n3,forward_half_life:price_displacement^3,925,-5.0,5.0,-0.26526096942859456,4.481558981518903,-5.0,-5.0,-1.1493496906886982,5.0,5.0,5.0,0.0,-2.971430727144108
D_n3,forward_half_life:price_velocity,925,-5.0,5.0,-0.4656633978590923,4.235598477088521,-5.0,-5.0,-1.0134787288255396,5.0,5.0,5.0,0.0,-5.0
D_n3,forward_half_life:price_velocity^2,925,-5.0,5.0,4.651977822337349,1.4860341859621298,-4.295066446876661,2.4522423377785594,5.0,5.0,5.0,5.0,0.0,5.0
D_n3,forward_half_life:price_velocity^3,925,-5.0,5.0,-0.4283368835758343,4.448684656667487,-5.0,-5.0,-1.772796447829644,5.0,5.0,5.0,0.0,-5.0
D_n3,forward_half_life:price_velocity_x_acceleration,925,-5.0,5.0,3.8163343790333513,2.3867057106150864,-5.0,-2.349821174893581,5.0,5.0,5.0,5.0,0.0,5.0
D_n3,forward_half_life:relative_volume,925,-5.0,5.0,-4.801564146970282,1.028156344891972,-5.0,-5.0,-5.0,-4.64844391111216,0.0,5.0,0.0,-5.0
D_n3,forward_half_life:relative_volume^2,925,0.0,5.0,4.587419268361594,1.0954538995258294,0.0,1.636769112113977,5.0,5.0,5.0,5.0,0.0,5.0
D_n3,forward_half_life:relative_volume^3,925,-5.0,0.0,-4.195026151331725,1.5904880917289572,-5.0,-5.0,-5.0,-0.3546589355544416,0.0,5.0,0.0,-5.0
D_n3,forward_half_life:relative_volume_x_price_velocity,925,-5.0,5.0,-0.417207596187923,3.148729896612169,-5.0,-5.0,-0.7267108257531543,5.0,5.0,5.0,0.0,3.965258144134084
D_n3,forward_half_life:spread,925,0.0,0.0,0.0,0.0,0.0,0.0,0.0,0.0,0.0,0.0,0.0,0.0
D_n3,forward_half_life:spread^2,925,0.0,0.0,0.0,0.0,0.0,0.0,0.0,0.0,0.0,0.0,0.0,0.0
D_n3,forward_half_life:spread^3,925,0.0,0.0,0.0,0.0,0.0,0.0,0.0,0.0,0.0,0.0,0.0,0.0
D_n3,forward_half_life:spread_change,925,0.0,0.0,0.0,0.0,0.0,0.0,0.0,0.0,0.0,0.0,0.0,0.0
D_n3,forward_half_life:spread_change^2,925,0.0,0.0,0.0,0.0,0.0,0.0,0.0,0.0,0.0,0.0,0.0,0.0
D_n3,forward_half_life:spread_change^3,925,0.0,0.0,0.0,0.0,0.0,0.0,0.0,0.0,0.0,0.0,0.0,0.0
D_n3,forward_half_life:volume_density,925,-5.0,5.0,-4.801431947652197,1.028737204043825,-5.0,-5.0,-5.0,-4.647450248867679,0.0,5.0,0.0,-5.0
D_n3,forward_half_life:volume_density^2,925,0.0,5.0,4.5751818884284505,1.1075956769977413,0.0,1.5962995660527355,5.0,5.0,5.0,5.0,0.0,5.0
D_n3,forward_half_life:volume_density^3,925,-5.0,0.0,-4.190349030015285,1.5903587988160424,-5.0,-5.0,-5.0,-0.3551371189748992,0.0,5.0,0.0,-5.0
D_n3,forward_half_life:volume_density_x_price_displacement,925,-5.0,5.0,-0.4903336538249752,3.1937971116377963,-5.0,-5.0,-0.7183104190098903,5.0,5.0,5.0,0.0,-2.9880673282577446
D_n3,forward_half_life:volume_log,925,-5.0,5.0,-4.834080358188321,0.8756450895644461,-5.0,-5.0,-5.0,-4.763108779341286,0.0,5.0,0.0,-5.0
D_n3,forward_half_life:volume_log^2,925,-5.0,5.0,4.429802030022215,1.516645102266498,-2.0513091669778443,0.939638075156503,5.0,5.0,5.0,5.0,0.0,5.0
D_n3,forward_half_life:volume_log^3,925,-5.0,0.0,-4.343722666945106,1.5058042836630974,-5.0,-5.0,-5.0,-0.3371264318352357,0.0,5.0,0.0,-5.0
D_n3,forward_half_life:volume_log_x_price_displacement,925,-5.0,5.0,-0.6363363579390555,2.9959362977011175,-5.0,-5.0,-0.7273405375635863,5.0,5.0,5.0,0.0,-2.1685276094887254
D_n3,forward_half_life:volume_movement_abs,925,-5.0,5.0,0.008518256275781308,4.323856753225709,-5.0,-5.0,-0.168677493696598,5.0,5.0,5.0,0.0,-0.6754113411501796
D_n3,forward_half_life:volume_movement_abs^2,925,-5.0,5.0,4.427972055367315,1.8330773981487487,-4.332097734439018,0.0,5.0,5.0,5.0,5.0,0.0,5.0
D_n3,forward_half_life:volume_movement_abs^3,925,-5.0,5.0,0.3484223878870096,4.410883101449221,-5.0,-5.0,0.9363603069844555,5.0,5.0,5.0,0.0,-3.9843600872294473
D_n3,forward_half_life:volume_movement_signed,925,-5.0,5.0,-0.27670561985148123,4.280433320581777,-5.0,-5.0,-0.5418214503271752,5.0,5.0,5.0,0.0,-0.6754113411501796
D_n3,forward_half_life:volume_movement_signed^2,925,-5.0,5.0,4.559942582788428,1.6438135408859424,-4.430725266069832,0.2521194956019925,5.0,5.0,5.0,5.0,0.0,5.0
D_n3,forward_half_life:volume_movement_signed^3,925,-5.0,5.0,-0.2736486660570189,4.507606089515913,-5.0,-5.0,-0.8118579171195215,5.0,5.0,5.0,0.0,-3.9843600872294473
D_n3,magnitude_state:bias,925,-5.0,5.0,-0.06996750673538561,1.8341842928130732,-5.0,-3.503138995811758,-0.07751167045486293,3.398862570736385,4.956140576982955,5.0,0.0,2.978453340581296
D_n3,magnitude_state:directional_volume,925,-5.0,5.0,0.9294147084851837,2.3177172951796168,-5.0,-2.942284691179568,1.012716535343648,4.03882858814959,5.0,5.0,0.0,0.42052660719196877
D_n3,magnitude_state:directional_volume^2,925,-5.0,5.0,-0.21216499570177938,2.3148425959119745,-5.0,-3.755801197341981,0.28498055178481146,2.3802812260365385,5.0,5.0,0.0,-1.7577411796636717
D_n3,magnitude_state:directional_volume^3,925,-5.0,5.0,-1.7733098957961664,2.335868297898115,-5.0,-4.883500402431691,-2.096984802184391,3.6044273393022976,5.0,5.0,0.0,-3.679651240436339
D_n3,magnitude_state:price_acceleration,925,-5.0,5.0,0.5257665674013039,2.8186597560924316,-5.0,-4.543610318684388,0.6845317076755149,4.88448109841996,5.0,5.0,0.0,0.9313310969211976
D_n3,magnitude_state:price_acceleration^2,925,-5.0,5.0,-0.7432587713639016,3.1731541182631378,-5.0,-5.0,-1.1069197405039486,4.978003714035896,5.0,5.0,0.0,-0.2852300690213156
D_n3,magnitude_state:price_acceleration^3,925,-5.0,5.0,0.19669662928112142,3.3137362023582386,-5.0,-5.0,-0.1375986409930875,5.0,5.0,5.0,0.0,2.8380097871735486
D_n3,magnitude_state:price_displacement,925,-5.0,5.0,0.5745290559291278,2.233353558562758,-5.0,-3.7528018698215138,0.5834044608790002,4.818195351794614,5.0,5.0,0.0,1.2517797207447643
D_n3,magnitude_state:price_displacement^2,925,-5.0,5.0,-0.07471992253761987,2.8383682568332995,-5.0,-5.0,0.11004748503155568,5.0,5.0,5.0,0.0,4.0297713049983885
D_n3,magnitude_state:price_displacement^3,925,-5.0,5.0,-0.4790811877079916,2.9414047342843004,-5.0,-4.999921013203967,-0.34852170967953866,5.0,5.0,5.0,0.0,2.2618745307579937
D_n3,magnitude_state:price_velocity,925,-5.0,5.0,0.6797003086408716,2.248057340934641,-5.0,-3.6325520574876817,0.6010960354043648,4.85233150141396,5.0,5.0,0.0,3.2810169295434437
D_n3,magnitude_state:price_velocity^2,925,-5.0,5.0,-0.09888688237959234,2.8624106930777673,-5.0,-5.0,0.11004748503155568,5.0,5.0,5.0,0.0,4.807973268550823
D_n3,magnitude_state:price_velocity^3,925,-5.0,5.0,-0.498192887206244,3.023233072994212,-5.0,-5.0,-0.34852170967953866,5.0,5.0,5.0,0.0,4.392067719281591
D_n3,magnitude_state:price_velocity_x_acceleration,925,-5.0,5.0,-0.3344284048300788,3.3019045699213705,-5.0,-5.0,-0.05555334842532378,5.0,5.0,5.0,0.0,2.710111248245458
D_n3,magnitude_state:relative_volume,925,-5.0,5.0,0.5773394619024405,1.9351571514944512,-1.6721885804174748,-1.3368873161015131,-0.1329769226518415,4.3577769289510275,4.533023565508536,5.0,0.0,-0.10047524652904195
D_n3,magnitude_state:relative_volume^2,925,-5.0,0.5182487543257283,-2.165897316154231,2.04994043689743,-4.933633863090034,-4.909610048929476,-2.981836556156521,0.33854036984655045,0.4305377056535718,5.0,0.0,-3.3527687123826735
D_n3,magnitude_state:relative_volume^3,925,-0.15045494323737812,0.8801726444074924,0.39106095701022525,0.37503707066231856,-0.12364301387962551,-0.10769514056917774,0.6446313820602091,0.7663014924485834,0.7757175011230776,0.8801726444074924,0.0,0.7628770771683026
D_n3,magnitude_state:relative_volume_x_price_velocity,925,-5.0,5.0,-0.5131146591076752,2.4055939486627,-4.663895644898702,-3.9407628460570656,-0.3249759129098603,3.407339700352908,3.4248567514158164,5.0,0.0,-1.5055897601062838
D_n3,magnitude_state:spread,925,0.0,0.0,0.0,0.0,0.0,0.0,0.0,0.0,0.0,0.0,0.0,0.0
D_n3,magnitude_state:spread^2,925,0.0,0.0,0.0,0.0,0.0,0.0,0.0,0.0,0.0,0.0,0.0,0.0
D_n3,magnitude_state:spread^3,925,0.0,0.0,0.0,0.0,0.0,0.0,0.0,0.0,0.0,0.0,0.0,0.0
D_n3,magnitude_state:spread_change,925,0.0,0.0,0.0,0.0,0.0,0.0,0.0,0.0,0.0,0.0,0.0,0.0
D_n3,magnitude_state:spread_change^2,925,0.0,0.0,0.0,0.0,0.0,0.0,0.0,0.0,0.0,0.0,0.0,0.0
D_n3,magnitude_state:spread_change^3,925,0.0,0.0,0.0,0.0,0.0,0.0,0.0,0.0,0.0,0.0,0.0,0.0
D_n3,magnitude_state:volume_density,925,-5.0,5.0,0.5717023936242682,1.9410459628565926,-1.6864986119302787,-1.3419154329168717,-0.1588446070587824,4.362008037204312,4.535652463867643,5.0,0.0,-0.12290824395152149
D_n3,magnitude_state:volume_density^2,925,-5.0,0.5157339632525388,-2.1597534275677956,2.0461878584744935,-4.934375096835156,-4.9107605189882975,-2.9605178329659934,0.3365155037300553,0.42938789612488704,5.0,0.0,-3.333018946861867
D_n3,magnitude_state:volume_density^3,925,-0.14976189442642615,1.1023160687606444,0.5201163967134326,0.4829453483533577,-0.12372377882720886,-0.1071656087682758,0.8627130612156285,0.9891385600923015,0.9986265947889232,1.1023160687606444,0.0,0.9808172441704027
D_n3,magnitude_state:volume_density_x_price_displacement,925,-5.0,5.0,-0.5746321073110818,2.4329124322090148,-4.649576506361174,-3.934803097504046,-0.3474097731574098,3.4141740178198012,3.4315403061183187,5.0,0.0,-1.990709760361275
D_n3,magnitude_state:volume_log,925,-5.0,5.0,0.6554530165583002,1.3635753606317955,-1.8977563751045712,-1.4215039770970244,1.2749687506987433,2.5176553050614183,2.802673868597031,5.0,0.0,1.5746220444134502
D_n3,magnitude_state:volume_log^2,925,-5.0,0.6980535958856665,-2.5990051782701267,2.4161011472102873,-4.956262438634737,-4.8234605511748105,-4.479463582075686,0.4959908961940684,0.5411899305697356,5.0,0.0,-4.683857484103421
D_n3,magnitude_state:volume_log^3,925,-5.0,0.014169974166960062,-2.723500570405434,2.1301610169725036,-4.817827481171837,-4.815959123325933,-4.2854977254177635,-0.00543712742269493,0.00022035447793537278,5.0,0.0,-4.283788930386555
D_n3,magnitude_state:volume_log_x_price_displacement,925,-5.0,5.0,-2.1564628393406573,2.3049313047489,-5.0,-4.782584919496345,-3.21754901580118,1.9357238068963512,2.733354497103878,5.0,0.0,-3.1538267504758517
D_n3,magnitude_state:volume_movement_abs,925,-5.0,5.0,-0.07846677891127207,2.432941724995712,-5.0,-4.697547505172571,-0.1412045010686652,4.4458382643408925,5.0,5.0,0.0,0.7349513686806289
D_n3,magnitude_state:volume_movement_abs^2,925,-5.0,5.0,-0.49905787388636547,2.8148908464477858,-5.0,-5.0,-0.2847471149043894,4.955313045390911,5.0,5.0,0.0,2.9068961739498267
D_n3,magnitude_state:volume_movement_abs^3,925,-5.0,5.0,-0.4400293486598112,2.9335983028055628,-5.0,-5.0,-0.05829826110367761,5.0,5.0,5.0,0.0,1.2921175140547894
D_n3,magnitude_state:volume_movement_signed,925,-5.0,5.0,0.3419311629180763,2.1967436441575594,-5.0,-3.699843560415762,0.27635883662319277,4.5591152665271695,5.0,5.0,0.0,0.7349513686806289
D_n3,magnitude_state:volume_movement_signed^2,925,-5.0,5.0,-0.26446757332789556,2.7861428678385463,-5.0,-5.0,-0.029202008344943242,5.0,5.0,5.0,0.0,2.9068961739498267
D_n3,magnitude_state:volume_movement_signed^3,925,-5.0,5.0,-0.48968285378542864,2.913293382892175,-5.0,-5.0,-0.332886380559013,5.0,5.0,5.0,0.0,1.2921175140547894
D_n3,observation_half_life:bias,925,-5.0,5.0,4.833505600988276,1.0657797846287034,0.0,5.0,5.0,5.0,5.0,5.0,0.0,5.0
D_n3,observation_half_life:directional_volume,925,-5.0,5.0,1.9648962024792873,3.756186447606657,-5.0,-5.0,4.222649267462714,5.0,5.0,5.0,0.0,2.0192319718386864
D_n3,observation_half_life:directional_volume^2,925,-5.0,5.0,4.8008807111204215,1.1592790862960207,-0.7841232293639694,4.999925,5.0,5.0,5.0,5.0,0.0,5.0
D_n3,observation_half_life:directional_volume^3,925,-5.0,5.0,1.725174527512229,3.9887768724859427,-5.0,-5.0,4.582401787323089,5.0,5.0,5.0,0.0,4.667382142996867
D_n3,observation_half_life:price_acceleration,925,-5.0,5.0,-0.13989975344134442,3.818503990818669,-5.0,-5.0,0.0,5.0,5.0,5.0,0.0,-5.0
D_n3,observation_half_life:price_acceleration^2,925,-5.0,5.0,4.551059887150249,1.722121219955107,-4.943203811394239,0.6988096060313415,5.0,5.0,5.0,5.0,0.0,5.0
D_n3,observation_half_life:price_acceleration^3,925,-5.0,5.0,0.3934566445865911,4.049627547460559,-5.0,-5.0,0.7657059644946143,5.0,5.0,5.0,0.0,3.0121037516467357
D_n3,observation_half_life:price_displacement,925,-5.0,5.0,-0.24701608580321302,4.2559853653943645,-5.0,-5.0,-0.3117584168048273,5.0,5.0,5.0,0.0,0.4462631286233014
D_n3,observation_half_life:price_displacement^2,925,-5.0,5.0,4.651526081359702,1.4860037551038863,-4.295066446876661,2.4522423377785594,5.0,5.0,5.0,5.0,0.0,5.0
D_n3,observation_half_life:price_displacement^3,925,-5.0,5.0,-0.26526096942859456,4.481558981518903,-5.0,-5.0,-1.1493496906886982,5.0,5.0,5.0,0.0,-2.971430727144108
D_n3,observation_half_life:price_velocity,925,-5.0,5.0,-0.4656633978590923,4.235598477088521,-5.0,-5.0,-1.0134787288255396,5.0,5.0,5.0,0.0,-5.0
D_n3,observation_half_life:price_velocity^2,925,-5.0,5.0,4.651977822337349,1.4860341859621298,-4.295066446876661,2.4522423377785594,5.0,5.0,5.0,5.0,0.0,5.0
D_n3,observation_half_life:price_velocity^3,925,-5.0,5.0,-0.4283368835758343,4.448684656667487,-5.0,-5.0,-1.772796447829644,5.0,5.0,5.0,0.0,-5.0
D_n3,observation_half_life:price_velocity_x_acceleration,925,-5.0,5.0,3.8163343790333513,2.3867057106150864,-5.0,-2.349821174893581,5.0,5.0,5.0,5.0,0.0,5.0
D_n3,observation_half_life:relative_volume,925,-5.0,5.0,-4.801564146970282,1.028156344891972,-5.0,-5.0,-5.0,-4.64844391111216,0.0,5.0,0.0,-5.0
D_n3,observation_half_life:relative_volume^2,925,0.0,5.0,4.587419268361594,1.0954538995258294,0.0,1.636769112113977,5.0,5.0,5.0,5.0,0.0,5.0
D_n3,observation_half_life:relative_volume^3,925,-5.0,0.0,-4.195026151331725,1.5904880917289572,-5.0,-5.0,-5.0,-0.3546589355544416,0.0,5.0,0.0,-5.0
D_n3,observation_half_life:relative_volume_x_price_velocity,925,-5.0,5.0,-0.417207596187923,3.148729896612169,-5.0,-5.0,-0.7267108257531543,5.0,5.0,5.0,0.0,3.965258144134084
D_n3,observation_half_life:spread,925,0.0,0.0,0.0,0.0,0.0,0.0,0.0,0.0,0.0,0.0,0.0,0.0
D_n3,observation_half_life:spread^2,925,0.0,0.0,0.0,0.0,0.0,0.0,0.0,0.0,0.0,0.0,0.0,0.0
D_n3,observation_half_life:spread^3,925,0.0,0.0,0.0,0.0,0.0,0.0,0.0,0.0,0.0,0.0,0.0,0.0
D_n3,observation_half_life:spread_change,925,0.0,0.0,0.0,0.0,0.0,0.0,0.0,0.0,0.0,0.0,0.0,0.0
D_n3,observation_half_life:spread_change^2,925,0.0,0.0,0.0,0.0,0.0,0.0,0.0,0.0,0.0,0.0,0.0,0.0
D_n3,observation_half_life:spread_change^3,925,0.0,0.0,0.0,0.0,0.0,0.0,0.0,0.0,0.0,0.0,0.0,0.0
D_n3,observation_half_life:volume_density,925,-5.0,5.0,-4.801431947652197,1.028737204043825,-5.0,-5.0,-5.0,-4.647450248867679,0.0,5.0,0.0,-5.0
D_n3,observation_half_life:volume_density^2,925,0.0,5.0,4.5751818884284505,1.1075956769977413,0.0,1.5962995660527355,5.0,5.0,5.0,5.0,0.0,5.0
D_n3,observation_half_life:volume_density^3,925,-5.0,0.0,-4.190349030015285,1.5903587988160424,-5.0,-5.0,-5.0,-0.3551371189748992,0.0,5.0,0.0,-5.0
D_n3,observation_half_life:volume_density_x_price_displacement,925,-5.0,5.0,-0.4903336538249752,3.1937971116377963,-5.0,-5.0,-0.7183104190098903,5.0,5.0,5.0,0.0,-2.9880673282577446
D_n3,observation_half_life:volume_log,925,-5.0,5.0,-4.834080358188321,0.8756450895644461,-5.0,-5.0,-5.0,-4.763108779341286,0.0,5.0,0.0,-5.0
D_n3,observation_half_life:volume_log^2,925,-5.0,5.0,4.429802030022215,1.516645102266498,-2.0513091669778443,0.939638075156503,5.0,5.0,5.0,5.0,0.0,5.0
D_n3,observation_half_life:volume_log^3,925,-5.0,0.0,-4.343722666945106,1.5058042836630974,-5.0,-5.0,-5.0,-0.3371264318352357,0.0,5.0,0.0,-5.0
D_n3,observation_half_life:volume_log_x_price_displacement,925,-5.0,5.0,-0.6363363579390555,2.9959362977011175,-5.0,-5.0,-0.7273405375635863,5.0,5.0,5.0,0.0,-2.1685276094887254
D_n3,observation_half_life:volume_movement_abs,925,-5.0,5.0,0.008518256275781308,4.323856753225709,-5.0,-5.0,-0.168677493696598,5.0,5.0,5.0,0.0,-0.6754113411501796
D_n3,observation_half_life:volume_movement_abs^2,925,-5.0,5.0,4.427972055367315,1.8330773981487487,-4.332097734439018,0.0,5.0,5.0,5.0,5.0,0.0,5.0
D_n3,observation_half_life:volume_movement_abs^3,925,-5.0,5.0,0.3484223878870096,4.410883101449221,-5.0,-5.0,0.9363603069844555,5.0,5.0,5.0,0.0,-3.9843600872294473
D_n3,observation_half_life:volume_movement_signed,925,-5.0,5.0,-0.27670561985148123,4.280433320581777,-5.0,-5.0,-0.5418214503271752,5.0,5.0,5.0,0.0,-0.6754113411501796
D_n3,observation_half_life:volume_movement_signed^2,925,-5.0,5.0,4.559942582788428,1.6438135408859424,-4.430725266069832,0.2521194956019925,5.0,5.0,5.0,5.0,0.0,5.0
D_n3,observation_half_life:volume_movement_signed^3,925,-5.0,5.0,-0.2736486660570189,4.507606089515913,-5.0,-5.0,-0.8118579171195215,5.0,5.0,5.0,0.0,-3.9843600872294473
D_n3,persistence:bias,925,-5.0,5.0,0.0923325165448133,1.8570135611268348,-5.0,-3.3105517124926775,0.04646931345272027,3.584123513930182,5.0,5.0,0.0,3.138798947318051
D_n3,persistence:directional_volume,925,-5.0,5.0,1.0227504421987514,2.322673021767928,-5.0,-2.9423149770469665,1.1087958395596291,4.1537842666630205,5.0,5.0,0.0,0.5517849397268317
D_n3,persistence:directional_volume^2,925,-5.0,5.0,-0.22284236271213256,2.4449311771902233,-5.0,-4.69906148207614,0.41105548432879,2.5629221756306193,5.0,5.0,0.0,-1.5737828313263642
D_n3,persistence:directional_volume^3,925,-5.0,5.0,-1.6597387146066742,2.4828753647255857,-5.0,-4.8983664920879395,-2.085195623825197,4.866067718817454,5.0,5.0,0.0,-3.700500566481977
D_n3,persistence:price_acceleration,925,-5.0,5.0,0.7092092631415119,2.686483618881927,-5.0,-4.58038209606247,0.6422565467245485,4.8750959361361,5.0,5.0,0.0,0.8260052587452754
D_n3,persistence:price_acceleration^2,925,-5.0,5.0,-0.8680907871634581,3.1648688111976337,-5.0,-5.0,-1.4093403738487358,4.9851860932666945,5.0,5.0,0.0,-0.6737594414343278
D_n3,persistence:price_acceleration^3,925,-5.0,5.0,0.33377209713516637,3.2919097923503133,-5.0,-5.0,0.0,5.0,5.0,5.0,0.0,2.647827666211448
D_n3,persistence:price_displacement,925,-5.0,5.0,0.5455895002563175,2.2442742710165158,-5.0,-3.824966177147256,0.5309881139733377,4.82952304146437,5.0,5.0,0.0,1.2842352895825544
D_n3,persistence:price_displacement^2,925,-5.0,5.0,-0.04257163123421384,2.86812567498118,-5.0,-5.0,0.2357464295819205,5.0,5.0,5.0,0.0,4.0015879444305735
D_n3,persistence:price_displacement^3,925,-5.0,5.0,-0.5169997101056499,2.954982053304595,-5.0,-5.0,-0.5104126018695896,5.0,5.0,5.0,0.0,2.268240891601277
D_n3,persistence:price_velocity,925,-5.0,5.0,0.6439073046787642,2.2597002661081076,-5.0,-3.5605015839783336,0.5309881139733377,4.840162005447598,5.0,5.0,0.0,3.101920562746049
D_n3,persistence:price_velocity^2,925,-5.0,5.0,-0.06293460698578332,2.8929510821470092,-5.0,-5.0,0.2498346040596377,5.0,5.0,5.0,0.0,4.811897517495068
D_n3,persistence:price_velocity^3,925,-5.0,5.0,-0.5357970047097805,3.0365175608067037,-5.0,-5.0,-0.5056658026593,5.0,5.0,5.0,0.0,4.385147101860032
D_n3,persistence:price_velocity_x_acceleration,925,-5.0,5.0,-0.26998066759146944,3.2712176409060336,-5.0,-5.0,0.0,5.0,5.0,5.0,0.0,2.4802095940402547
D_n3,persistence:relative_volume,925,-5.0,5.0,0.6136456014276671,1.8732330370161698,-1.5957970098473047,-1.252304487692976,-0.12857548134249622,4.2990307405177015,4.512251799339757,5.0,0.0,-0.11844332700979174
D_n3,persistence:relative_volume^2,925,-5.0,0.41691177579481076,-2.194952576080723,2.0140942482964643,-4.930666032256198,-4.901968101881442,-2.994114003564114,0.2526901042739265,0.34105978966362444,5.0,0.0,-3.357571849947895
D_n3,persistence:relative_volume^3,925,-0.11260389508121044,0.9065995279087421,0.42095672536806944,0.3772964026547582,-0.0872490639991826,-0.0723896839027287,0.6720536969433709,0.8035996719542975,0.8139492759528074,0.9065995279087421,0.0,0.7897868943619231
D_n3,persistence:relative_volume_x_price_velocity,925,-5.0,5.0,-0.1679344177973869,2.4548003259977076,-4.669314785192458,-3.919568639581054,-0.07149289320214401,3.412171526859373,3.4304163683324136,5.0,0.0,-1.3610354592052827
D_n3,persistence:spread,925,0.0,0.0,0.0,0.0,0.0,0.0,0.0,0.0,0.0,0.0,0.0,0.0
D_n3,persistence:spread^2,925,0.0,0.0,0.0,0.0,0.0,0.0,0.0,0.0,0.0,0.0,0.0,0.0
D_n3,persistence:spread^3,925,0.0,0.0,0.0,0.0,0.0,0.0,0.0,0.0,0.0,0.0,0.0,0.0
D_n3,persistence:spread_change,925,0.0,0.0,0.0,0.0,0.0,0.0,0.0,0.0,0.0,0.0,0.0,0.0
D_n3,persistence:spread_change^2,925,0.0,0.0,0.0,0.0,0.0,0.0,0.0,0.0,0.0,0.0,0.0,0.0
D_n3,persistence:spread_change^3,925,0.0,0.0,0.0,0.0,0.0,0.0,0.0,0.0,0.0,0.0,0.0,0.0
D_n3,persistence:volume_density,925,-5.0,5.0,0.6214716406892163,1.8730649051748962,-1.6228570830572138,-1.2474571565278232,-0.1207472291622538,4.303544571190024,4.514988759108711,5.0,0.0,-0.141000538523463
D_n3,persistence:volume_density^2,925,-5.0,0.4000474274854887,-2.1930119754373933,2.005607119656669,-4.931438178022093,-4.903194506717301,-2.972694845547406,0.23656365042608102,0.3264410091970772,5.0,0.0,-3.337825789646049
D_n3,persistence:volume_density^3,925,-0.10847835434261408,1.1334181478888634,0.5537137692830606,0.4863451494601472,-0.08333598705980273,-0.0684743271217259,0.8949775579758776,1.032880447384961,1.0419134007849717,1.1334181478888634,0.0,1.0123887474546966
D_n3,persistence:volume_density_x_price_displacement,925,-5.0,5.0,-0.2423573920668192,2.485826330354609,-4.654963541616435,-3.909737023695269,-0.07186361433961017,3.418949331968641,3.437065171063008,5.0,0.0,-1.9301333263712928
D_n3,persistence:volume_log,925,-5.0,5.0,0.16310131738246766,1.9769676195277648,-3.491435729371105,-3.0966249065850917,1.1058719904330125,2.4599469871794346,2.765875763167173,5.0,0.0,1.5855475862904784
D_n3,persistence:volume_log^2,925,-5.0,0.07066161419916547,-2.9829016872950125,1.9751317346246773,-4.952184485498032,-4.810697204358772,-4.46655755764235,0.01722724560381448,0.023492008717426533,5.0,0.0,-4.681217508703026
D_n3,persistence:volume_log^3,925,-5.0,0.07240308080921555,-3.1797170182566723,1.7002015528418004,-4.825809057343955,-4.823376080007492,-4.315580572620363,-0.0016616641209875201,0.005088059428116081,5.0,0.0,-4.3139872834889665
D_n3,persistence:volume_log_x_price_displacement,925,-5.0,5.0,-1.5884069621947787,3.001269791054079,-5.0,-4.7769003819647935,-3.187121999965679,3.7713550585572677,4.597795262710222,5.0,0.0,-3.100702863926875
D_n3,persistence:volume_movement_abs,925,-5.0,5.0,-0.13760445400229734,2.5263373678986683,-5.0,-4.924469296235364,0.0,4.408543665360065,5.0,5.0,0.0,0.7512624670765709
D_n3,persistence:volume_movement_abs^2,925,-5.0,5.0,-0.7406655391723632,2.8363747427194146,-5.0,-5.0,-0.5100919836587274,4.945444346212786,5.0,5.0,0.0,2.915428228645951
D_n3,persistence:volume_movement_abs^3,925,-5.0,5.0,-0.41981816758505286,2.945430387727623,-5.0,-5.0,-0.23885612295894146,5.0,5.0,5.0,0.0,1.4660830242093328
D_n3,persistence:volume_movement_signed,925,-5.0,5.0,0.34431644094462804,2.2041012858008626,-5.0,-3.671517804104734,0.26930822606881644,4.56838200601892,5.0,5.0,0.0,0.7512624670765709
D_n3,persistence:volume_movement_signed^2,925,-5.0,5.0,-0.2990795068023395,2.8301304314479134,-5.0,-5.0,0.0,5.0,5.0,5.0,0.0,2.915428228645951
D_n3,persistence:volume_movement_signed^3,925,-5.0,5.0,-0.46061017132194043,2.9131014536054347,-5.0,-5.0,-0.3258041528411336,5.0,5.0,5.0,0.0,1.4660830242093328
D_n3,perturbation_state:bias,925,-5.0,5.0,0.2932277710636715,1.7740274512630307,-4.705361696989923,-3.057496896117705,0.2340862459868197,3.283123407546348,5.0,5.0,0.0,-2.5931150870113404
D_n3,perturbation_state:directional_volume,925,-5.0,5.0,-0.8629363481454198,2.351268997038805,-5.0,-3.998186297967759,-1.0029780177760226,3.2312055899270393,5.0,5.0,0.0,-0.4217446582028099
D_n3,perturbation_state:directional_volume^2,925,-5.0,5.0,0.4705479643781315,2.482776375430228,-5.0,-2.2841067440565626,-0.06672930485840038,4.5636312580900675,5.0,5.0,0.0,1.7556325395018162
D_n3,perturbation_state:directional_volume^3,925,-5.0,5.0,1.6829640738631482,2.492922600435157,-5.0,-4.88788406072315,2.0788360102440766,4.8971868568600545,5.0,5.0,0.0,3.7671597084168464
D_n3,perturbation_state:price_acceleration,925,-5.0,5.0,-0.796529727724112,2.578371043360153,-5.0,-4.871450264585918,-0.7550428340326478,4.442923541279878,5.0,5.0,0.0,-0.9661916277024453
D_n3,perturbation_state:price_acceleration^2,925,-5.0,5.0,0.8302366148717165,3.1389860659384663,-5.0,-4.974201273458883,1.1793272352076973,5.0,5.0,5.0,0.0,0.5908612340809087
D_n3,perturbation_state:price_acceleration^3,925,-5.0,5.0,-0.2730791097383111,3.2546045678641944,-5.0,-5.0,0.0,5.0,5.0,5.0,0.0,-2.6953567953970725
D_n3,perturbation_state:price_displacement,925,-5.0,5.0,-0.5475633628436775,2.2280462666083682,-5.0,-4.850494481832525,-0.4071379726816533,3.725697564969118,5.0,5.0,0.0,-1.1628181281031824
D_n3,perturbation_state:price_displacement^2,925,-5.0,5.0,0.1421469407429798,2.823981203043008,-5.0,-5.0,-0.0876879257595701,5.0,5.0,5.0,0.0,-4.022108769618984
D_n3,perturbation_state:price_displacement^3,925,-5.0,5.0,0.5928103666862714,2.8896088038482266,-5.0,-5.0,0.466211810843402,5.0,5.0,5.0,0.0,-2.294744629033004
D_n3,perturbation_state:price_velocity,925,-5.0,5.0,-0.6582000298897001,2.246056022642792,-5.0,-4.856875406798373,-0.4871412502836644,3.4280284049333822,5.0,5.0,0.0,-3.2712368100572067
D_n3,perturbation_state:price_velocity^2,925,-5.0,5.0,0.16281619430271166,2.8492695020736822,-5.0,-5.0,-0.08874928958704893,5.0,5.0,5.0,0.0,-4.817952244392103
D_n3,perturbation_state:price_velocity^3,925,-5.0,5.0,0.6138213356733947,2.971481084547505,-5.0,-5.0,0.4240800966936041,5.0,5.0,5.0,0.0,-4.394981963620592
D_n3,perturbation_state:price_velocity_x_acceleration,925,-5.0,5.0,0.18329990860719234,3.2228767810934027,-5.0,-5.0,0.0,5.0,5.0,5.0,0.0,-2.4632605513946384
D_n3,perturbation_state:relative_volume,925,-5.0,5.0,-0.6254740066338391,1.9223292175150002,-4.53785009203018,-4.3652546136808,0.0759231037017723,1.158537007365988,1.5478135529886752,5.0,0.0,-0.12347817480490758
D_n3,perturbation_state:relative_volume^2,925,-0.473544378589728,5.0,2.1734645955387406,2.0637709885632303,-0.38071114711310716,-0.30244755433702153,3.0093338697527194,4.9106395209099825,4.934319659101771,5.0,0.0,3.39438330973587
D_n3,perturbation_state:relative_volume^3,925,-0.9047958723552482,0.1378306751941048,-0.40352344612477176,0.3869721096401993,-0.8053240700648946,-0.7940013288696885,-0.6732928284167853,0.09670282261596373,0.11303043877742949,0.9047958723552482,0.0,-0.7930277825909291
D_n3,perturbation_state:relative_volume_x_price_velocity,925,-5.0,5.0,0.5767151568744391,2.366348737336283,-3.4218728853621267,-3.4047436001249056,0.8103240155490512,3.866345406504414,4.664450474749542,5.0,0.0,1.566112924610331
D_n3,perturbation_state:spread,925,0.0,0.0,0.0,0.0,0.0,0.0,0.0,0.0,0.0,0.0,0.0,0.0
D_n3,perturbation_state:spread^2,925,0.0,0.0,0.0,0.0,0.0,0.0,0.0,0.0,0.0,0.0,0.0,0.0
D_n3,perturbation_state:spread^3,925,0.0,0.0,0.0,0.0,0.0,0.0,0.0,0.0,0.0,0.0,0.0,0.0
D_n3,perturbation_state:spread_change,925,0.0,0.0,0.0,0.0,0.0,0.0,0.0,0.0,0.0,0.0,0.0,0.0
D_n3,perturbation_state:spread_change^2,925,0.0,0.0,0.0,0.0,0.0,0.0,0.0,0.0,0.0,0.0,0.0,0.0
D_n3,perturbation_state:spread_change^3,925,0.0,0.0,0.0,0.0,0.0,0.0,0.0,0.0,0.0,0.0,0.0,0.0
D_n3,perturbation_state:volume_density,925,-5.0,5.0,-0.6243532005720278,1.9248226256573633,-4.540448318768878,-4.369438796248668,0.09748322903847925,1.1428275570138393,1.5748800943806367,5.0,0.0,-0.10062061442854807
D_n3,perturbation_state:volume_density^2,925,-0.46631609785344585,5.0,2.1687150685131167,2.0583043493103688,-0.37323104532676965,-0.29533584259810347,2.98828976158981,4.911776793526478,4.935052183410083,5.0,0.0,3.374570218619147
D_n3,perturbation_state:volume_density^3,925,-1.1286069610016702,0.13604352860388097,-0.5338976407935027,0.49540156226582016,-1.024905297077118,-1.0141172443032842,-0.8930294705448857,0.09496141136817898,0.11172245336474101,1.1286069610016702,0.0,-1.0126231616958863
D_n3,perturbation_state:volume_density_x_price_displacement,925,-5.0,5.0,0.6282851946355387,2.387514813842772,-3.428574600252982,-3.4115651408580416,0.8542701724090142,3.8635092622444147,4.646887696188265,5.0,0.0,1.8852976126704037
D_n3,perturbation_state:volume_log,925,-5.0,5.0,-0.5362600714750592,1.657487938237927,-2.8433848573963765,-2.54956705769503,-1.3620712369180472,1.9202585464838344,2.288716177594449,5.0,0.0,-1.8573047698563587
D_n3,perturbation_state:volume_log^2,925,-0.22066034177573596,5.0,2.7302365498282453,2.2835125278394184,-0.11042285881690711,-0.0546354772720203,4.504517642281692,4.825734052899765,4.9608352470047725,5.0,0.0,4.6989925065590015
D_n3,perturbation_state:volume_log^3,925,-0.014602415408802652,5.0,2.8681135245675713,1.952695824841907,-0.00020786073976215402,1.5684354173542403e-05,4.254591721507584,4.812978500927085,4.814940817892271,5.0,0.0,4.252584338941088
D_n3,perturbation_state:volume_log_x_price_displacement,925,-5.0,5.0,2.1101803218652417,2.341996559067432,-2.582741557732696,-1.7723048914560493,3.1908894051509566,4.785284309237633,5.0,5.0,0.0,3.1172500696257086
D_n3,perturbation_state:volume_movement_abs,925,-5.0,5.0,0.02724117720489667,2.4314760050846354,-5.0,-4.4706473407175125,-0.08583479023008894,4.6820001029411085,5.0,5.0,0.0,-0.7051650857183972
D_n3,perturbation_state:volume_movement_abs^2,925,-5.0,5.0,0.7160760011754993,2.787000802125976,-5.0,-4.983526275180501,0.30367891732591934,5.0,5.0,5.0,0.0,-2.782778435034163
D_n3,perturbation_state:volume_movement_abs^3,925,-5.0,5.0,0.4731989396329455,2.892420389119384,-5.0,-5.0,0.2003354842127959,5.0,5.0,5.0,0.0,-1.3799324041435392
D_n3,perturbation_state:volume_movement_signed,925,-5.0,5.0,-0.34743390660000173,2.1923195145413064,-5.0,-4.616946079330024,-0.2523681518169915,3.692987729458436,5.0,5.0,0.0,-0.7051650857183972
D_n3,perturbation_state:volume_movement_signed^2,925,-5.0,5.0,0.360714256738356,2.783164123360473,-5.0,-5.0,0.0,5.0,5.0,5.0,0.0,-2.782778435034163
D_n3,perturbation_state:volume_movement_signed^3,925,-5.0,5.0,0.522126227444404,2.894597704676962,-5.0,-5.0,0.30927540321053776,5.0,5.0,5.0,0.0,-1.3799324041435392
D_n3,reinforcement:bias,925,-5.0,5.0,-0.36000503630902875,1.8699880302134957,-5.0,-3.838008811963116,-0.2488457947877384,3.0982258935359255,4.730490537961992,5.0,0.0,2.594294286714846
D_n3,reinforcement:directional_volume,925,-5.0,5.0,0.9604242198016014,2.294360016269309,-5.0,-2.958104395374518,1.0702863805019849,3.999363440409824,5.0,5.0,0.0,0.37503931077325176
D_n3,reinforcement:directional_volume^2,925,-5.0,5.0,-0.36695676889212975,2.4043870652048405,-5.0,-4.707090994435792,0.254990415223258,2.3099257649908966,5.0,5.0,0.0,-1.7876159857578562
D_n3,reinforcement:directional_volume^3,925,-5.0,5.0,-1.658120684691654,2.489666965395325,-5.0,-4.890370166089786,-2.0949649730305784,4.870425666921732,5.0,5.0,0.0,-3.687244057857222
D_n3,reinforcement:price_acceleration,925,-5.0,5.0,0.742873153972022,2.689783716824202,-5.0,-4.473841636157336,0.7027210086706682,4.878975024876281,5.0,5.0,0.0,0.9399033192978243
D_n3,reinforcement:price_acceleration^2,925,-5.0,5.0,-0.8898151068472528,3.162851993719951,-5.0,-5.0,-1.359230071960184,4.9670323491041,5.0,5.0,0.0,-0.8702355464061019
D_n3,reinforcement:price_acceleration^3,925,-5.0,5.0,0.3101163234520777,3.311032401278274,-5.0,-5.0,0.0,5.0,5.0,5.0,0.0,2.602833245873726
D_n3,reinforcement:price_displacement,925,-5.0,5.0,0.5704326441491527,2.248006976354598,-5.0,-3.78878037004726,0.6055052719485758,4.778518765981173,5.0,5.0,0.0,1.2382291779893324
D_n3,reinforcement:price_displacement^2,925,-5.0,5.0,-0.09962321649132977,2.8715871636948376,-5.0,-5.0,0.08148712625574062,5.0,5.0,5.0,0.0,3.9863105819995477
D_n3,reinforcement:price_displacement^3,925,-5.0,5.0,-0.5206516505209792,2.952987174595388,-5.0,-5.0,-0.5593233700276066,5.0,5.0,5.0,0.0,2.2349377633062515
D_n3,reinforcement:price_velocity,925,-5.0,5.0,0.6762891191962422,2.26694911604247,-5.0,-3.604525982864098,0.6374169376706724,4.826655502822445,5.0,5.0,0.0,3.2653365545041115
D_n3,reinforcement:price_velocity^2,925,-5.0,5.0,-0.11903125652643015,2.8946224689184343,-5.0,-5.0,0.0834533977814412,5.0,5.0,5.0,0.0,4.80146559705466
D_n3,reinforcement:price_velocity^3,925,-5.0,5.0,-0.5398061073731736,3.0343861512844574,-5.0,-5.0,-0.49198793758846915,5.0,5.0,5.0,0.0,4.386035800338564
D_n3,reinforcement:price_velocity_x_acceleration,925,-5.0,5.0,-0.27275217910577465,3.2790752369162,-5.0,-5.0,0.00034096558176016666,5.0,5.0,5.0,0.0,2.2930697128051265
D_n3,reinforcement:relative_volume,925,-5.0,5.0,0.7625383546741383,1.860850238916888,-1.5552707851190684,-1.0831755050095566,0.0026829817293498423,4.362899076989575,4.535280148508768,5.0,0.0,0.1405309348508965
D_n3,reinforcement:relative_volume^2,925,-5.0,0.37642871962666624,-2.2229801513182434,2.0064861543121286,-4.9339593982427745,-4.910281364067373,-3.007039028761455,0.19862303856135782,0.2884909104589396,5.0,0.0,-3.4023142388116363
D_n3,reinforcement:relative_volume^3,925,-0.10363924121160686,0.9386243684398107,0.43907064622666153,0.3853700993576804,-0.07765489634554006,-0.0613494354820847,0.7066455700078745,0.830225032041374,0.8418763008023815,0.9386243684398107,0.0,0.8295412474633354
D_n3,reinforcement:relative_volume_x_price_velocity,925,-5.0,5.0,-0.0787284454784233,2.4483548082055218,-4.611833149273176,-3.8025600793982854,-0.06427741445482178,3.4053460350759273,3.4225810025427936,5.0,0.0,-1.1814565228645606
D_n3,reinforcement:spread,925,0.0,0.0,0.0,0.0,0.0,0.0,0.0,0.0,0.0,0.0,0.0,0.0
D_n3,reinforcement:spread^2,925,0.0,0.0,0.0,0.0,0.0,0.0,0.0,0.0,0.0,0.0,0.0,0.0
D_n3,reinforcement:spread^3,925,0.0,0.0,0.0,0.0,0.0,0.0,0.0,0.0,0.0,0.0,0.0,0.0
D_n3,reinforcement:spread_change,925,0.0,0.0,0.0,0.0,0.0,0.0,0.0,0.0,0.0,0.0,0.0,0.0
D_n3,reinforcement:spread_change^2,925,0.0,0.0,0.0,0.0,0.0,0.0,0.0,0.0,0.0,0.0,0.0,0.0
D_n3,reinforcement:spread_change^3,925,0.0,0.0,0.0,0.0,0.0,0.0,0.0,0.0,0.0,0.0,0.0,0.0
D_n3,reinforcement:volume_density,925,-5.0,5.0,0.7698324801354861,1.8614310686109754,-1.582357876567934,-1.0858818348004173,0.0,4.367064726042097,4.537888211093937,5.0,0.0,0.1174552622043646
D_n3,reinforcement:volume_density^2,925,-5.0,0.3599197463367796,-2.2209005537896878,1.9980840003496803,-4.934694652784057,-4.911415000808127,-2.9859928803178093,0.18269543964082308,0.27449302315278995,5.0,0.0,-3.3824277537987846
D_n3,reinforcement:volume_density^3,925,-0.09957543616909437,1.1637343007362313,0.5708633303767362,0.4936456096577175,-0.07368037015277037,-0.05747344433492526,0.9276712028113011,1.0512866007162378,1.0627291599651962,1.1637343007362313,0.0,1.0504085361295659
D_n3,reinforcement:volume_density_x_price_displacement,925,-5.0,5.0,-0.15837838025856865,2.4800063648002912,-4.588468173569323,-3.790507067238278,-0.06474266210557982,3.412168443538008,3.429289787660318,5.0,0.0,-1.8094036114099858
D_n3,reinforcement:volume_log,925,-5.0,5.0,0.3415624230760217,1.938508224449394,-3.2932789896420123,-2.7909495456098514,1.3373765169964513,2.566724556377885,2.894697096817466,5.0,0.0,1.901051278872403
D_n3,reinforcement:volume_log^2,925,-5.0,0.04076255369345757,-3.00005516315437,1.9843275517755068,-4.9606604490669755,-4.825349471062689,-4.505228743943627,0.01565786587202119,0.02139384916354276,5.0,0.0,-4.697380149116293
D_n3,reinforcement:volume_log^3,925,-5.0,0.07873849554034214,-3.1410356895898635,1.6985205012606703,-4.816409995985025,-4.814323189304643,-4.253316310899666,-0.0005767201056582016,0.012091295567957117,5.0,0.0,-4.248737849311326
D_n3,reinforcement:volume_log_x_price_displacement,925,-5.0,5.0,-1.5464615030199393,3.0616442227305427,-5.0,-4.785382780329259,-3.194495786728499,3.9240409318444547,4.756008210606192,5.0,0.0,-3.0873231044398977
D_n3,reinforcement:volume_movement_abs,925,-5.0,5.0,-0.07471530843577975,2.5484327484926537,-5.0,-4.925232148786201,0.03635732500713135,4.467642914839227,5.0,5.0,0.0,0.7030764658536122
D_n3,reinforcement:volume_movement_abs^2,925,-5.0,5.0,-0.7639234654836613,2.8382437309039066,-5.0,-5.0,-0.5646955226402876,4.899154552242467,5.0,5.0,0.0,2.8431882441391165
D_n3,reinforcement:volume_movement_abs^3,925,-5.0,5.0,-0.46665798732285857,2.9623851539017707,-5.0,-5.0,-0.2155898656761519,5.0,5.0,5.0,0.0,1.4659988923686111
D_n3,reinforcement:volume_movement_signed,925,-5.0,5.0,0.3839651669498928,2.20168432010872,-5.0,-3.6483407505554584,0.450923746802963,4.391430837582413,5.0,5.0,0.0,0.7030764658536122
D_n3,reinforcement:volume_movement_signed^2,925,-5.0,5.0,-0.32523970002400976,2.8308475102958552,-5.0,-5.0,-0.0804247674106221,5.0,5.0,5.0,0.0,2.8431882441391165
D_n3,reinforcement:volume_movement_signed^3,925,-5.0,5.0,-0.516544461071712,2.9238490304133156,-5.0,-5.0,-0.4076381844905118,5.0,5.0,5.0,0.0,1.4659988923686111
D_n3,reversal_tendency:bias,925,-5.0,5.0,0.3418409214633589,1.7765262105788897,-4.282090973949241,-3.0588797031326886,0.3252695274270793,3.5115839142071232,5.0,5.0,0.0,-2.5952395796144905
D_n3,reversal_tendency:directional_volume,925,-5.0,5.0,-0.9164345579973824,2.3042523574733154,-5.0,-3.9902119142086425,-1.0873385878437423,3.180222684832833,5.0,5.0,0.0,-0.32228682210013143
D_n3,reversal_tendency:directional_volume^2,925,-5.0,5.0,0.4821787726640741,2.4647845141641525,-5.0,-2.266025625650986,-0.05303325576479949,4.56964177423701,5.0,5.0,0.0,1.8197600213549439
D_n3,reversal_tendency:directional_volume^3,925,-5.0,5.0,1.6574349228960636,2.480590529295902,-5.0,-4.866892956427269,2.108633483279717,4.845210200077706,5.0,5.0,0.0,3.6690279935209458
D_n3,reversal_tendency:price_acceleration,925,-5.0,5.0,-0.8087246323515263,2.6053854689616682,-5.0,-4.876439706705209,-0.6873950813595189,4.461753984508376,5.0,5.0,0.0,-0.9594074471460893
D_n3,reversal_tendency:price_acceleration^2,925,-5.0,5.0,0.8274408604910958,3.139675273928813,-5.0,-4.943846848987026,1.0829762369573985,5.0,5.0,5.0,0.0,0.6275120177017369
D_n3,reversal_tendency:price_acceleration^3,925,-5.0,5.0,-0.24266784024930754,3.282061199577569,-5.0,-5.0,0.0,5.0,5.0,5.0,0.0,-2.6694802213581004
D_n3,reversal_tendency:price_displacement,925,-5.0,5.0,-0.548710441200495,2.2344385144707606,-5.0,-4.818282317340142,-0.4203520692719982,3.7146560494471967,5.0,5.0,0.0,-1.2025487527279526
D_n3,reversal_tendency:price_displacement^2,925,-5.0,5.0,0.16759584101156355,2.8457266825001835,-5.0,-5.0,-0.03486018247378847,5.0,5.0,5.0,0.0,-4.055491233067055
D_n3,reversal_tendency:price_displacement^3,925,-5.0,5.0,0.604431672301638,2.9018620956659213,-5.0,-5.0,0.526693736350925,5.0,5.0,5.0,0.0,-2.261237777845409
D_n3,reversal_tendency:price_velocity,925,-5.0,5.0,-0.656500961595722,2.254884480308912,-5.0,-4.85383469316118,-0.4594601405048555,3.4579420901403046,5.0,5.0,0.0,-3.2997795777238776
D_n3,reversal_tendency:price_velocity^2,925,-5.0,5.0,0.18711108137987337,2.867042604771083,-5.0,-5.0,-0.048469755207957176,5.0,5.0,5.0,0.0,-4.832420249839062
D_n3,reversal_tendency:price_velocity^3,925,-5.0,5.0,0.6250968365833524,2.983108389931963,-5.0,-5.0,0.4977953077457097,5.0,5.0,5.0,0.0,-4.3823047097880155
D_n3,reversal_tendency:price_velocity_x_acceleration,925,-5.0,5.0,0.21472990852378182,3.2382471465816405,-5.0,-5.0,0.0,5.0,5.0,5.0,0.0,-2.4403834926975447
D_n3,reversal_tendency:relative_volume,925,-5.0,5.0,-0.6529532861263204,1.9173743063544484,-4.54241241407814,-4.374504912746068,0.05838159037672841,1.168734637225813,1.5448683919156738,5.0,0.0,-0.21551384505187002
D_n3,reversal_tendency:relative_volume^2,925,-0.46381824237391756,5.0,2.1799138825681275,2.061733694091564,-0.3774866860514355,-0.2969882160784332,3.0112168480087056,4.911893893412994,4.93497212506636,5.0,0.0,3.4194202703898964
D_n3,reversal_tendency:relative_volume^3,925,-0.9033677257614704,0.13542136668554117,-0.4049824623791738,0.38631728210944266,-0.8106767084267552,-0.7992687079281191,-0.6723683119181312,0.09547469896810876,0.11091582567886694,0.9033677257614704,0.0,-0.7984023374831357
D_n3,reversal_tendency:relative_volume_x_price_velocity,925,-5.0,5.0,0.4688086729777456,2.3461188648901348,-3.4207238289404454,-3.4034991252444264,0.5484612649599047,3.8030116292020857,4.611011390342923,5.0,0.0,1.0372483925708924
D_n3,reversal_tendency:spread,925,0.0,0.0,0.0,0.0,0.0,0.0,0.0,0.0,0.0,0.0,0.0,0.0
D_n3,reversal_tendency:spread^2,925,0.0,0.0,0.0,0.0,0.0,0.0,0.0,0.0,0.0,0.0,0.0,0.0
D_n3,reversal_tendency:spread^3,925,0.0,0.0,0.0,0.0,0.0,0.0,0.0,0.0,0.0,0.0,0.0,0.0
D_n3,reversal_tendency:spread_change,925,0.0,0.0,0.0,0.0,0.0,0.0,0.0,0.0,0.0,0.0,0.0,0.0
D_n3,reversal_tendency:spread_change^2,925,0.0,0.0,0.0,0.0,0.0,0.0,0.0,0.0,0.0,0.0,0.0,0.0
D_n3,reversal_tendency:spread_change^3,925,0.0,0.0,0.0,0.0,0.0,0.0,0.0,0.0,0.0,0.0,0.0,0.0
D_n3,reversal_tendency:volume_density,925,-5.0,5.0,-0.6568669047281948,1.9170148176496828,-4.5449836944390976,-4.378625884169542,0.05558421083312176,1.1407706858868218,1.5719526607762504,5.0,0.0,-0.19242177238492023
D_n3,reversal_tendency:volume_density^2,925,-0.4511557597418573,5.0,2.1767204930705604,2.0544312833331895,-0.36632673042495656,-0.2847439069612875,2.990136371760208,4.913014150736749,4.935696999379341,5.0,0.0,3.3995289726826927
D_n3,reversal_tendency:volume_density^3,925,-1.128092895175383,0.13235458034550782,-0.5362495288628413,0.494714372812553,-1.0311457372723063,-1.0198958148253312,-0.8930101609251266,0.09254236789209769,0.10820295969555685,1.128092895175383,0.0,-1.0188840345713917
D_n3,reversal_tendency:volume_density_x_price_displacement,925,-5.0,5.0,0.5576784386351812,2.3736911968719863,-3.4274387181726658,-3.410330906184595,0.6331395804006735,3.792567827701993,4.587659756458148,5.0,0.0,1.7833516804058602
D_n3,reversal_tendency:volume_log,925,-5.0,5.0,-0.38226570536908416,1.9043615525516313,-2.9653533638829592,-2.5987935326553977,-1.3724127292567199,2.5115333526601824,2.8661010105401887,5.0,0.0,-1.977766584381272
D_n3,reversal_tendency:volume_log^2,925,-0.218314536923062,5.0,2.9009293983458027,2.0941639011161133,-0.0898749530942865,-0.00258708021583592,4.5109520923993065,4.829226434910155,4.961626501336541,5.0,0.0,4.69804828034208
D_n3,reversal_tendency:volume_log^3,925,-0.021527275271882428,5.0,3.0562334917655076,1.771281082985296,-0.00032075885692211056,0.0,4.256839084965546,4.812690567763461,4.814757972990995,5.0,0.0,4.249576813219794
D_n3,reversal_tendency:volume_log_x_price_displacement,925,-5.0,5.0,1.9017368607243954,2.5923162011124767,-3.296091709844646,-2.4813854382180116,3.198121058974309,4.787541574706563,5.0,5.0,0.0,3.0729063050979177
D_n3,reversal_tendency:volume_movement_abs,925,-5.0,5.0,0.08205414862153736,2.471860576889247,-5.0,-4.477239838651069,-0.06542350149669744,4.729732284018789,5.0,5.0,0.0,-0.6803536347766809
D_n3,reversal_tendency:volume_movement_abs^2,925,-5.0,5.0,0.7512033408420988,2.8126550864096167,-5.0,-4.981186315765613,0.4191457564975298,5.0,5.0,5.0,0.0,-2.7861618352882123
D_n3,reversal_tendency:volume_movement_abs^3,925,-5.0,5.0,0.45166646353124157,2.896376193796954,-5.0,-5.0,0.2529941825608373,5.0,5.0,5.0,0.0,-1.3765022382625574
D_n3,reversal_tendency:volume_movement_signed,925,-5.0,5.0,-0.358599378245877,2.205819951374562,-5.0,-4.550740659811321,-0.268105006920013,3.6894280722654043,5.0,5.0,0.0,-0.6803536347766809
D_n3,reversal_tendency:volume_movement_signed^2,925,-5.0,5.0,0.37646279685369605,2.7949780769962467,-5.0,-5.0,0.08194642238869995,5.0,5.0,5.0,0.0,-2.7861618352882123
D_n3,reversal_tendency:volume_movement_signed^3,925,-5.0,5.0,0.506226303975852,2.8996122981120873,-5.0,-5.0,0.334537737148863,5.0,5.0,5.0,0.0,-1.3765022382625574
D_n3,strength:bias,925,-5.0,5.0,-0.0684601482361582,1.8651219483301744,-5.0,-3.517941745528099,-0.018171776020992614,3.2971495897488263,4.982847316259106,5.0,0.0,2.843839750455439
D_n3,strength:directional_volume,925,-5.0,5.0,0.9943330117597661,2.3104457867172483,-5.0,-2.9503954646599477,1.0971137974497043,4.086723857371765,5.0,5.0,0.0,0.5173107396115527
D_n3,strength:directional_volume^2,925,-5.0,5.0,-0.24217701311318957,2.435057403025956,-5.0,-4.7015274354399965,0.451944861808682,2.445959043486319,5.0,5.0,0.0,-1.546206272470061
D_n3,strength:directional_volume^3,925,-5.0,5.0,-1.6971654174569517,2.4747663077648596,-5.0,-4.898035738342703,-2.0805695567700964,4.871344478585806,5.0,5.0,0.0,-3.70173916506739
D_n3,strength:price_acceleration,925,-5.0,5.0,0.6636175021610716,2.7203513992194517,-5.0,-4.61290736918023,0.6658805808193405,4.876272065954167,5.0,5.0,0.0,0.8461054597032337
D_n3,strength:price_acceleration^2,925,-5.0,5.0,-0.9184799400617853,3.1896490897995053,-5.0,-5.0,-1.345718455473106,4.976584784612035,5.0,5.0,0.0,-0.8033036547963369
D_n3,strength:price_acceleration^3,925,-5.0,5.0,0.3133406661056481,3.3217671103214523,-5.0,-5.0,0.0,5.0,5.0,5.0,0.0,2.560822544977219
D_n3,strength:price_displacement,925,-5.0,5.0,0.581054772806428,2.2452250793330077,-5.0,-3.817685764593244,0.6543622140469757,4.826079668991585,5.0,5.0,0.0,1.1817030167872318
D_n3,strength:price_displacement^2,925,-5.0,5.0,-0.03580725484258758,2.881680697759263,-5.0,-5.0,0.1898658774691624,5.0,5.0,5.0,0.0,4.012314511024014
D_n3,strength:price_displacement^3,925,-5.0,5.0,-0.478525485178851,2.9758896651756683,-5.0,-5.0,-0.4545615519728114,5.0,5.0,5.0,0.0,2.2488155014539593
D_n3,strength:price_velocity,925,-5.0,5.0,0.6843229471036718,2.2607148549431915,-5.0,-3.5441823095785647,0.6543622140469757,4.847340137761322,5.0,5.0,0.0,3.1250068754836398
D_n3,strength:price_velocity^2,925,-5.0,5.0,-0.05616659970625929,2.905927778665651,-5.0,-5.0,0.20062069068366548,5.0,5.0,5.0,0.0,4.814273484304132
D_n3,strength:price_velocity^3,925,-5.0,5.0,-0.49805428260328855,3.0568306156938867,-5.0,-5.0,-0.4520107773265758,5.0,5.0,5.0,0.0,4.376299149357562
D_n3,strength:price_velocity_x_acceleration,925,-5.0,5.0,-0.37791329044376704,3.3074994873287236,-5.0,-5.0,-0.1623023550691336,5.0,5.0,5.0,0.0,2.336695807537817
D_n3,strength:relative_volume,925,-5.0,5.0,0.7441420120394928,1.8435268033455872,-1.577142691079049,-1.0798438903201253,-0.004162480397270725,4.330179150076754,4.524096698636928,5.0,0.0,-0.003383253006880055
D_n3,strength:relative_volume^2,925,-5.0,0.3222670444880425,-2.2286024848887753,1.987561511151939,-4.93235822054053,-4.9060498662212595,-2.9995369418806037,0.15760665933514234,0.24721004196892432,5.0,0.0,-3.3762128162101748
D_n3,strength:relative_volume^3,925,-0.08598421067337514,0.9458292851758356,0.4493624594203042,0.38500696823327046,-0.06087726691088718,-0.045904878669643746,0.7122282323185984,0.8340482277620885,0.844242903227471,0.9458292851758356,0.0,0.8318013629145284
D_n3,strength:relative_volume_x_price_velocity,925,-5.0,5.0,0.058178853537284046,2.5260913292009253,-4.658989630470395,-3.864684978710532,0.22996051775631648,3.4113972491734628,3.5403273772269723,5.0,0.0,-1.3235386917482739
D_n3,strength:spread,925,0.0,0.0,0.0,0.0,0.0,0.0,0.0,0.0,0.0,0.0,0.0,0.0
D_n3,strength:spread^2,925,0.0,0.0,0.0,0.0,0.0,0.0,0.0,0.0,0.0,0.0,0.0,0.0
D_n3,strength:spread^3,925,0.0,0.0,0.0,0.0,0.0,0.0,0.0,0.0,0.0,0.0,0.0,0.0
D_n3,strength:spread_change,925,0.0,0.0,0.0,0.0,0.0,0.0,0.0,0.0,0.0,0.0,0.0,0.0
D_n3,strength:spread_change^2,925,0.0,0.0,0.0,0.0,0.0,0.0,0.0,0.0,0.0,0.0,0.0,0.0
D_n3,strength:spread_change^3,925,0.0,0.0,0.0,0.0,0.0,0.0,0.0,0.0,0.0,0.0,0.0,0.0
D_n3,strength:volume_density,925,-5.0,5.0,0.750890000538316,1.8454811297811506,-1.6042113582482478,-1.1001951531631042,0.0,4.334522499364204,4.526768431532784,5.0,0.0,-0.026212361610352994
D_n3,strength:volume_density^2,925,-5.0,0.3063025203248302,-2.226390174696872,1.9794411319667102,-4.93311172185095,-4.9072306031179975,-2.978240401415324,0.14240072225216815,0.23417917416397344,5.0,0.0,-3.3563955443429427
D_n3,strength:volume_density^3,925,-0.08200196375376566,1.172045241628459,0.5817570670640515,0.4938797229094228,-0.057289399757839386,-0.04213710134242246,0.9343645157715939,1.05993592033576,1.0688812091327895,1.172045241628459,0.0,1.053787455196519
D_n3,strength:volume_density_x_price_displacement,925,-5.0,5.0,-0.012957179651160226,2.5576225574621683,-4.644623868121957,-3.8550196940389716,0.18392393857982475,3.4181639222778206,3.5165969099436913,5.0,0.0,-1.8639850982265067
D_n3,strength:volume_log,925,-5.0,5.0,0.32826564376608114,1.8443920345136398,-3.1561791589689867,-2.6653948455892063,1.224354585442745,2.50266656217407,2.787695240622858,5.0,0.0,1.7282352405898247
D_n3,strength:volume_log^2,925,-5.0,0.07681043407879753,-2.96796536026699,2.004310456385917,-4.954750422196554,-4.817864175351185,-4.488364540761808,0.04307297812323246,0.04956633838916259,5.0,0.0,-4.690596388593053
D_n3,strength:volume_log^3,925,-5.0,0.08715095415565538,-3.118293375459396,1.7328182703065462,-4.82081996643556,-4.818614558414577,-4.282412036172124,-0.001418105259055715,0.01884121265861397,5.0,0.0,-4.28040368034316
D_n3,strength:volume_log_x_price_displacement,925,-5.0,5.0,-1.467984354098887,3.1639585879712135,-5.0,-4.7808492839262975,-3.1853725196003726,4.159781699616554,5.0,5.0,0.0,-3.084263020459821
D_n3,strength:volume_movement_abs,925,-5.0,5.0,-0.11279067057665264,2.538788492459012,-5.0,-4.9261060168581166,0.0058818447014376,4.448287411025824,5.0,5.0,0.0,0.6691776751383645
D_n3,strength:volume_movement_abs^2,925,-5.0,5.0,-0.7297939401414831,2.844408394626341,-5.0,-5.0,-0.46329199729827186,4.86874654852619,5.0,5.0,0.0,2.8859417627917834
D_n3,strength:volume_movement_abs^3,925,-5.0,5.0,-0.40129486611872406,2.977289954667473,-5.0,-5.0,-0.2910577263567249,5.0,5.0,5.0,0.0,1.5196747079805257
D_n3,strength:volume_movement_signed,925,-5.0,5.0,0.3752795572014604,2.202335474126928,-5.0,-3.6604831498531283,0.367267164506786,4.569788903524755,5.0,5.0,0.0,0.6691776751383645
D_n3,strength:volume_movement_signed^2,925,-5.0,5.0,-0.293352006305021,2.837675813362173,-5.0,-5.0,-0.02031651028978526,5.0,5.0,5.0,0.0,2.8859417627917834
D_n3,strength:volume_movement_signed^3,925,-5.0,5.0,-0.4683510023913582,2.922126864233448,-5.0,-5.0,-0.34460278603007793,5.0,5.0,5.0,0.0,1.5196747079805257
D_n3,uncertainty:bias,925,-5.0,5.0,-0.09131141718076705,1.8617284365706077,-5.0,-3.534232965646995,-0.032551719987943595,3.333285449840304,4.978253983487191,5.0,0.0,2.8450543615203
D_n3,uncertainty:directional_volume,925,-5.0,5.0,0.9897666097610803,2.307125980050793,-5.0,-2.956966675216447,1.0934599715640478,4.051136883828188,5.0,5.0,0.0,0.43576363533010326
D_n3,uncertainty:directional_volume^2,925,-5.0,5.0,-0.28094502598964655,2.429536042801514,-5.0,-4.701668995921733,0.3215566816294556,2.422472925391582,5.0,5.0,0.0,-1.6532327003168827
D_n3,uncertainty:directional_volume^3,925,-5.0,5.0,-1.6767167491455464,2.490576859984345,-5.0,-4.900052952839132,-2.0742516568313163,4.8688646543613405,5.0,5.0,0.0,-3.7803516429109703
D_n3,uncertainty:price_acceleration,925,-5.0,5.0,0.7060514471694284,2.7108575224465525,-5.0,-4.6115402755436055,0.7149280319583254,4.875320948008832,5.0,5.0,0.0,0.9197551542311163
D_n3,uncertainty:price_acceleration^2,925,-5.0,5.0,-0.8715163966870253,3.1859447482497747,-5.0,-5.0,-1.1093612605427365,4.976339856853017,5.0,5.0,0.0,-0.7165925554379662
D_n3,uncertainty:price_acceleration^3,925,-5.0,5.0,0.34238081578500407,3.320362053772496,-5.0,-5.0,0.0,5.0,5.0,5.0,0.0,2.6828588214684896
D_n3,uncertainty:price_displacement,925,-5.0,5.0,0.5863162482127897,2.2483637544019244,-5.0,-3.80851049509928,0.6474292240400954,4.824223274221354,5.0,5.0,0.0,1.327836488380329
D_n3,uncertainty:price_displacement^2,925,-5.0,5.0,-0.032611323998323165,2.8876819616165346,-5.0,-5.0,0.1946679086802167,5.0,5.0,5.0,0.0,3.997899904805612
D_n3,uncertainty:price_displacement^3,925,-5.0,5.0,-0.48689880646858635,2.981582155588187,-5.0,-5.0,-0.4839377014816568,5.0,5.0,5.0,0.0,2.282491564421508
D_n3,uncertainty:price_velocity,925,-5.0,5.0,0.6892709371358453,2.264699000078819,-5.0,-3.5484959342849427,0.6474292240400954,4.847769121349406,5.0,5.0,0.0,3.254368836987719
D_n3,uncertainty:price_velocity^2,925,-5.0,5.0,-0.05205641251059977,2.913773803667412,-5.0,-5.0,0.19909451105491746,5.0,5.0,5.0,0.0,4.814100685251005
D_n3,uncertainty:price_velocity^3,925,-5.0,5.0,-0.5058299393554004,3.0621319019441264,-5.0,-5.0,-0.46690726219598105,5.0,5.0,5.0,0.0,4.398079143031195
D_n3,uncertainty:price_velocity_x_acceleration,925,-5.0,5.0,-0.33932751643632386,3.298548551386359,-5.0,-5.0,-0.034011335780532115,5.0,5.0,5.0,0.0,2.482446355818801
D_n3,uncertainty:relative_volume,925,-5.0,5.0,0.7551595208267458,1.841543998370065,-1.5737494658829678,-1.0726645357608953,0.0,4.333929658877155,4.525026940516994,5.0,0.0,-0.014048997101918849
D_n3,uncertainty:relative_volume^2,925,-5.0,0.32657997071013134,-2.2277470050483705,1.988383384029796,-4.932490968750652,-4.906521857616704,-3.0002054391370723,0.1610171848751983,0.25090774834890595,5.0,0.0,-3.371317405536337
D_n3,uncertainty:relative_volume^3,925,-0.08854377950691428,0.9422906826637021,0.44661333508162204,0.3840377822938914,-0.06350452717422746,-0.04835596701518272,0.7085813504109244,0.8293129582959632,0.8391702109713175,0.9422906826637021,0.0,0.8266108619141226
D_n3,uncertainty:relative_volume_x_price_velocity,925,-5.0,5.0,0.04529047525267005,2.535520368176228,-4.662732635994729,-3.8713700945701874,0.23280587918630868,3.4110073265022742,3.546397044851335,5.0,0.0,-1.4955257409945144
D_n3,uncertainty:spread,925,0.0,0.0,0.0,0.0,0.0,0.0,0.0,0.0,0.0,0.0,0.0,0.0
D_n3,uncertainty:spread^2,925,0.0,0.0,0.0,0.0,0.0,0.0,0.0,0.0,0.0,0.0,0.0,0.0
D_n3,uncertainty:spread^3,925,0.0,0.0,0.0,0.0,0.0,0.0,0.0,0.0,0.0,0.0,0.0,0.0
D_n3,uncertainty:spread_change,925,0.0,0.0,0.0,0.0,0.0,0.0,0.0,0.0,0.0,0.0,0.0,0.0
D_n3,uncertainty:spread_change^2,925,0.0,0.0,0.0,0.0,0.0,0.0,0.0,0.0,0.0,0.0,0.0,0.0
D_n3,uncertainty:spread_change^3,925,0.0,0.0,0.0,0.0,0.0,0.0,0.0,0.0,0.0,0.0,0.0,0.0
D_n3,uncertainty:volume_density,925,-5.0,5.0,0.762495528371224,1.843404725437159,-1.6008160409897334,-1.095614699025659,0.0,4.338286676955617,4.527695530826245,5.0,0.0,-0.0366833753209905
D_n3,uncertainty:volume_density^2,925,-5.0,0.31007175078699256,-2.2257067608088343,1.9800772719616488,-4.933243565448142,-4.907705513994659,-2.9789108366702224,0.1451866143954521,0.2373194891561771,5.0,0.0,-3.3515577894246427
D_n3,uncertainty:volume_density^3,925,-0.084440680802751,1.1684835184183795,0.5790310577173698,0.49285635618422885,-0.05974864927842644,-0.04446421509859211,0.9306957297804286,1.0562998537510155,1.065820899844014,1.1684835184183795,0.0,1.0485878727319367
D_n3,uncertainty:volume_density_x_price_displacement,925,-5.0,5.0,-0.016489994906461303,2.562922541573879,-4.648366636168088,-3.8684064745586544,0.18130759212076059,3.417771575281801,3.5168508373155425,5.0,0.0,-1.9131863551543602
D_n3,uncertainty:volume_log,925,-5.0,5.0,0.3101403509363739,1.8698199451568283,-3.2226539180273384,-2.730065074876962,1.2311996126261757,2.5055388158698304,2.7890572842806005,5.0,0.0,1.7023973920414823
D_n3,uncertainty:volume_log^2,925,-5.0,0.0754659597362145,-2.9784759943811734,1.9932802346661456,-4.954723215925463,-4.8181903572644655,-4.487959876736462,0.03924282857543971,0.04513624901004339,5.0,0.0,-4.689842117028538
D_n3,uncertainty:volume_log^3,925,-5.0,0.08487606222797242,-3.134703962469061,1.7200975966559728,-4.82106224845741,-4.81885709932213,-4.285889529283895,-0.0014548379171726408,0.016545514197120973,5.0,0.0,-4.28402791987655
D_n3,uncertainty:volume_log_x_price_displacement,925,-5.0,5.0,-1.4704885245402282,3.166339429934177,-5.0,-4.7807870639136345,-3.200544921174475,4.158123112275805,5.0,5.0,0.0,-3.139193409439039
D_n3,uncertainty:volume_movement_abs,925,-5.0,5.0,-0.08970754594293487,2.550345297507791,-5.0,-4.926487169999429,0.009870469538634963,4.436909503919448,5.0,5.0,0.0,0.7777568082089251
D_n3,uncertainty:volume_movement_abs^2,925,-5.0,5.0,-0.774352501796156,2.845949995632103,-5.0,-5.0,-0.5259469129723394,4.874246041091166,5.0,5.0,0.0,2.9309073382846895
D_n3,uncertainty:volume_movement_abs^3,925,-5.0,5.0,-0.4240813402340344,2.989951041215147,-5.0,-5.0,-0.2896151052784412,5.0,5.0,5.0,0.0,1.4085275439607385
D_n3,uncertainty:volume_movement_signed,925,-5.0,5.0,0.38077492364868876,2.206901462166305,-5.0,-3.6621021605862722,0.3563615990214462,4.569943572063412,5.0,5.0,0.0,0.7777568082089251
D_n3,uncertainty:volume_movement_signed^2,925,-5.0,5.0,-0.29654947115768127,2.8414607901763453,-5.0,-5.0,-0.028444428993126,5.0,5.0,5.0,0.0,2.9309073382846895
D_n3,uncertainty:volume_movement_signed^3,925,-5.0,5.0,-0.4933755053554147,2.930745357705406,-5.0,-5.0,-0.37599820956115376,5.0,5.0,5.0,0.0,1.4085275439607385
E_n1,direction_state:bias,925,-2.618957847322613,1.026568436918279,-0.20027750292696284,0.4700898967124091,-1.3738634616156207,-1.2953953928961623,-0.07464623807453147,0.5064966456847138,0.619471113598433,2.618957847322613,0.0,-0.16621278123681182
E_n1,direction_state:directional_volume,925,-5.0,5.0,0.23682922300116965,0.679470616205442,-1.181247150652512,-0.9278847060928312,0.26567742030828884,1.2486511084485765,1.2897433818618753,5.0,0.0,0.17231408283512697
E_n1,direction_state:price_acceleration,925,-5.0,1.6301592376303808,-0.11015936545625363,0.8575682022519306,-2.76948883884523,-2.457075722586557,0.04417391471122768,1.169143369453038,1.5572916407241633,5.0,0.0,0.10507623291539372
E_n1,direction_state:price_displacement,925,-5.0,5.0,0.08545475760829135,0.7408252188797096,-2.180461983241095,-1.9643047701868035,0.21158828321509893,0.697624833994257,0.7605354755360922,5.0,0.0,0.29767041834577984
E_n1,direction_state:price_velocity,925,-5.0,5.0,0.1387555258595472,0.7956876293639975,-2.180461983241095,-1.9643047701868035,0.21224192370398134,1.1644524402695768,1.8439238911048128,5.0,0.0,1.2064546326294352
E_n1,direction_state:price_velocity_x_acceleration,925,-5.0,5.0,-0.5593535191454172,1.501969173074153,-5.0,-4.997847830139967,-0.09460557088085317,0.7251748630163155,1.2320554652577773,5.0,0.0,-0.5822729611254209
E_n1,direction_state:relative_volume,925,-0.27975490350327464,0.19976034532960005,-0.046834927944168776,0.10191834168333642,-0.26051130590154886,-0.22037090946258994,-0.016337913964372116,0.17997436290253377,0.18829025996831747,0.27975490350327464,0.0,-0.15729785438998525
E_n1,direction_state:relative_volume_x_price_velocity,925,-1.7254439234362173,0.6712172696788412,-0.39808940858143216,0.49175841417887955,-1.254333634751461,-1.1684918791390535,-0.19744177454289383,0.24921421243084718,0.2723182532140273,1.7254439234362173,0.0,-1.1755857819457092
E_n1,direction_state:spread,925,0.0,0.0,0.0,0.0,0.0,0.0,0.0,0.0,0.0,0.0,0.0,0.0
E_n1,direction_state:spread_change,925,0.0,0.0,0.0,0.0,0.0,0.0,0.0,0.0,0.0,0.0,0.0,0.0
E_n1,direction_state:volume_density,925,-0.2750421024322201,0.20314562023836477,-0.044509948947795454,0.10099575650823786,-0.2558029686726383,-0.21698861046156168,-0.01576208251110139,0.1833603750521781,0.1916764898285111,0.2750421024322201,0.0,-0.15312441930314952
E_n1,direction_state:volume_density_x_price_displacement,925,-1.7037522554866318,0.7020406455596546,-0.3740297060144959,0.47495955996535827,-1.081100535388469,-1.07190925953155,-0.16352725538348678,0.28328348992136,0.30635356683519477,1.7037522554866318,0.0,-1.0086485187446916
E_n1,direction_state:volume_log,925,-0.5928044685557257,0.05070201245142188,-0.1889937707840127,0.20615625767093668,-0.5723796211235954,-0.43928908565911934,-0.2809114505217229,0.041648698337451905,0.04698251956779629,0.5928044685557257,0.0,-0.42494160350536153
E_n1,direction_state:volume_log_x_price_displacement,925,-2.3437150926011174,0.0,-1.098025310286892,0.8798787592992517,-1.9711867757970416,-1.9659003460482574,-1.6719433000485546,-0.04007126718822716,0.0,2.3437150926011174,0.0,-1.8014674177053585
E_n1,direction_state:volume_movement_abs,925,-5.0,0.6267085762575353,-0.6500132266482729,0.9547945751100613,-3.397484270229674,-2.646124803132207,-0.09095512747062097,0.13702941475448294,0.19153246595269613,5.0,0.0,-1.029932226804137
E_n1,direction_state:volume_movement_signed,925,-5.0,5.0,-0.06856637020124559,0.7495315979217255,-2.323751380538297,-2.186120654718979,0.1607861751180572,0.4012670252296116,0.48945496501334174,5.0,0.0,0.17987560125867957
E_n1,forward_half_life:bias,925,-4.207694778493188,5.0,4.394561473830575,1.2090256954198293,-0.6193225431276741,2.068332159696776,5.0,5.0,5.0,5.0,0.0,3.0720579004674136
E_n1,forward_half_life:directional_volume,925,-5.0,5.0,1.4195610025575005,2.818572125169114,-5.0,-3.0404742994456107,0.0,5.0,5.0,5.0,0.0,-0.21230737751164155
E_n1,forward_half_life:price_acceleration,925,-5.0,5.0,-0.2854128237538256,2.141720026352254,-5.0,-4.276250899065176,0.07456116397758261,3.0736437736210895,3.433661509449614,5.0,0.0,0.6418552086816235
E_n1,forward_half_life:price_displacement,925,-5.0,5.0,-0.4564520744176305,2.3290388757945464,-5.0,-5.0,-0.5836691890294522,4.000594662282699,5.0,5.0,0.0,-0.6536580567938761
E_n1,forward_half_life:price_velocity,925,-5.0,5.0,-0.4656498715419457,2.3354970544385405,-5.0,-5.0,-0.590106922365048,4.000594662282699,5.0,5.0,0.0,-1.0289641099919677
E_n1,forward_half_life:price_velocity_x_acceleration,925,-5.0,5.0,2.1609086679861824,3.2219219730911415,-4.993609819650147,-4.82666395554493,4.210368676876223,5.0,5.0,5.0,0.0,0.2933650602644109
E_n1,forward_half_life:relative_volume,925,-5.0,0.0,-4.804455711708144,0.6515491381910877,-5.0,-5.0,-5.0,-4.376603255607803,0.0,5.0,0.0,-4.510333358521747
E_n1,forward_half_life:relative_volume_x_price_velocity,925,-5.0,5.0,0.7975475734199038,2.678856476575625,-4.746718524924017,-3.5222993509174905,1.7228113679922543,5.0,5.0,5.0,0.0,1.7287814610288157
E_n1,forward_half_life:spread,925,0.0,0.0,0.0,0.0,0.0,0.0,0.0,0.0,0.0,0.0,0.0,0.0
E_n1,forward_half_life:spread_change,925,0.0,0.0,0.0,0.0,0.0,0.0,0.0,0.0,0.0,0.0,0.0,0.0
E_n1,forward_half_life:volume_density,925,-5.0,0.0,-4.800684615979386,0.6538447222950313,-5.0,-5.0,-5.0,-4.369481078386209,0.0,5.0,0.0,-4.5104501370771475
E_n1,forward_half_life:volume_density_x_price_displacement,925,-5.0,5.0,0.8127374864659671,2.680350732320224,-4.6954443509831965,-3.522383998129393,1.7507160090065208,5.0,5.0,5.0,0.0,1.7695769002693718
E_n1,forward_half_life:volume_log,925,-5.0,0.0,-4.7107539729909895,0.6839902191839705,-5.0,-5.0,-5.0,-4.035138573960896,0.0,5.0,0.0,-4.173355332793985
E_n1,forward_half_life:volume_log_x_price_displacement,925,-5.0,1.7651975483199027,-3.040517384029353,1.6133789312836364,-5.0,-4.9081086183409015,-3.266815651686256,0.7198294794774549,1.3285538961475345,5.0,0.0,-3.253597534653925
E_n1,forward_half_life:volume_movement_abs,925,-5.0,5.0,0.08327761006225734,2.333351382297676,-5.0,-5.0,0.7555968674971203,3.020629430437211,5.0,5.0,0.0,1.177157338330495
E_n1,forward_half_life:volume_movement_signed,925,-5.0,5.0,-0.4793492911317291,2.302535715780552,-5.0,-5.0,-0.358679066268346,4.340667929724088,5.0,5.0,0.0,-0.23551757108281102
E_n1,magnitude_state:bias,925,-0.96862496287723,2.6652067502244656,0.5578763170407063,0.5284587955250465,-0.9326557779967917,-0.8456655638254416,0.5194518203381061,1.419443743313213,1.72325114994941,2.6652067502244656,0.0,0.8606303182457865
E_n1,magnitude_state:directional_volume,925,-5.0,5.0,0.007816382270562885,0.639383265725609,-0.9676665804131424,-0.6690109523529836,-0.06841463505090147,1.0837934281351684,1.1789248864968163,5.0,0.0,-0.11862117869283124
E_n1,magnitude_state:price_acceleration,925,-2.8827883025236107,2.753782001833998,0.1622153813629074,0.5122631717260028,-1.4409958150555031,-0.45603693704827797,0.02113510851754779,1.2523694360751818,1.6963737140263075,2.8827883025236107,0.0,-0.4253461044662044
E_n1,magnitude_state:price_displacement,925,-5.0,5.0,-0.21983507289775536,0.7944796680188995,-2.7553249046857706,-2.5989808209340834,-0.023491346263244395,0.24137905625938882,0.626740357009004,5.0,0.0,-0.05738976282462974
E_n1,magnitude_state:price_velocity,925,-5.0,5.0,-0.1986890269199645,0.8246365831013305,-2.7553249046857706,-2.5989808209340834,-0.019390082912873658,0.4828877992225596,1.362000504243626,5.0,0.0,0.5106650157056098
E_n1,magnitude_state:price_velocity_x_acceleration,925,-5.0,5.0,-0.2001918853269503,1.6379623410571902,-5.0,-4.998685169327707,0.3312094023903313,1.41256441936872,2.0995076159994,5.0,0.0,-0.1704874335463874
E_n1,magnitude_state:relative_volume,925,-0.5018081161226858,0.101646441215576,-0.1702714644500334,0.12551290338628376,-0.41305795186651173,-0.3621895174989052,-0.12551777136991013,0.08124388682935572,0.0918373156800508,0.5018081161226858,0.0,-0.2949282943297127
E_n1,magnitude_state:relative_volume_x_price_velocity,925,-0.8506953626399556,0.7443933138569232,-0.009986586234265633,0.14211792204402265,-0.21371450469318876,-0.20728074693095092,-0.010673248391491391,0.3532319798272039,0.37624373385234555,0.8506953626399556,0.0,-0.038336757884310034
E_n1,magnitude_state:spread,925,0.0,0.0,0.0,0.0,0.0,0.0,0.0,0.0,0.0,0.0,0.0,0.0
E_n1,magnitude_state:spread_change,925,0.0,0.0,0.0,0.0,0.0,0.0,0.0,0.0,0.0,0.0,0.0,0.0
E_n1,magnitude_state:volume_density,925,-0.49625117752614845,0.10626053998924334,-0.1673756718617577,0.12447237949112264,-0.40843498085076285,-0.35753760028586623,-0.12356078612315152,0.08590374154225906,0.09648443877728222,0.49625117752614845,0.0,-0.29086106413437945
E_n1,magnitude_state:volume_density_x_price_displacement,925,-0.8186015867690688,0.7763645977076414,0.007652180809186295,0.1378319443396848,-0.17713492265236858,-0.17067639196704526,-0.00017634727523062544,0.38893170249517284,0.40833219284549355,0.8186015867690688,0.0,0.019093891196931532
E_n1,magnitude_state:volume_log,925,-0.8130367916784683,0.0,-0.3134960438172077,0.203270240115894,-0.6552270838218024,-0.6085063987405379,-0.32349983860705,-0.08696574398834185,0.0,0.8130367916784683,0.0,-0.48868114921710193
E_n1,magnitude_state:volume_log_x_price_displacement,925,-2.304548998470661,0.045701721663344456,-1.014871606322257,0.8881796420823664,-2.079362381738708,-2.0716391616388155,-1.565261794813625,0.03189044355380778,0.03833580015172172,2.304548998470661,0.0,-1.599653876548196
E_n1,magnitude_state:volume_movement_abs,925,-4.320886378646624,0.4746472582415225,-0.42108644463222245,0.8918646264331859,-2.6807349902720548,-2.4647496959754696,-0.10664829903162487,0.23668732655660168,0.26176890355545507,4.320886378646624,0.0,-0.39253099391546814
E_n1,magnitude_state:volume_movement_signed,925,-5.0,5.0,-0.27071335561480264,0.7919392466353719,-2.761877794052281,-2.6528383273013865,-0.008068649776948626,0.09585167537069815,0.5055477191628674,5.0,0.0,-0.08728990660505587
E_n1,observation_half_life:bias,925,-0.7315404512535322,5.0,3.3473020525239723,1.2886468742033574,-0.5343100071751531,0.6976275040364425,3.2075512811801317,5.0,5.0,5.0,0.0,3.556411446944247
E_n1,observation_half_life:directional_volume,925,-5.0,5.0,0.9204050128825755,2.0217929672176,-5.0,-1.586351470660692,0.9004191964049373,3.973660195146082,5.0,5.0,0.0,0.3242795322687844
E_n1,observation_half_life:price_acceleration,925,-5.0,4.14843229869893,-0.4936402404706491,1.981054489425092,-4.92732595595727,-4.209121804175563,-0.45959104572571396,2.760728330385605,3.9180437999388373,5.0,0.0,-0.04917251520470726
E_n1,observation_half_life:price_displacement,925,-5.0,5.0,0.05717401078417603,2.124118580491573,-4.752100466367559,-4.720334613677099,0.08984466683772685,3.2785000392860875,5.0,5.0,0.0,-0.08036538369027177
E_n1,observation_half_life:price_velocity,925,-5.0,5.0,0.09992273433691189,2.1340136178843316,-4.752100466367559,-4.720334613677099,0.18395587080102496,3.2785000392860875,5.0,5.0,0.0,0.45436469920535466
E_n1,observation_half_life:price_velocity_x_acceleration,925,-5.0,5.0,0.6400706553381177,2.7327655154441453,-5.0,-4.988297458801773,0.13345538642859764,5.0,5.0,5.0,0.0,-0.47904419897335204
E_n1,observation_half_life:relative_volume,925,-5.0,0.0,-4.536080571406669,0.6443015235768088,-5.0,-5.0,-4.556029007199532,-4.118270721810851,0.0,5.0,0.0,-4.471597828640684
E_n1,observation_half_life:relative_volume_x_price_velocity,925,-1.7712238030817529,1.6052588682150506,-0.17106617003811742,0.7996000428640803,-1.7712238030817529,-1.2286222949272627,-0.1985748888888183,1.5628576217420822,1.5665000979568346,1.7712238030817529,0.0,-0.2451364622268193
E_n1,observation_half_life:spread,925,0.0,0.0,0.0,0.0,0.0,0.0,0.0,0.0,0.0,0.0,0.0,0.0
E_n1,observation_half_life:spread_change,925,0.0,0.0,0.0,0.0,0.0,0.0,0.0,0.0,0.0,0.0,0.0,0.0
E_n1,observation_half_life:volume_density,925,-5.0,0.0,-4.518556255625973,0.6459189505644013,-5.0,-5.0,-4.5428903607672195,-4.0887708250649615,0.0,5.0,0.0,-4.443042083893773
E_n1,observation_half_life:volume_density_x_price_displacement,925,-1.7661904436386928,1.8694055328287975,-0.005847286947120075,0.8777525029918232,-1.7340224991279667,-1.191453639304148,0.05416819309136404,1.8271354067038004,1.8306661632394083,1.8694055328287975,0.0,0.08919580343743369
E_n1,observation_half_life:volume_log,925,-5.0,0.0,-4.70767298095202,0.6450856874341752,-5.0,-5.0,-4.782719140946478,-4.56104867831521,0.0,5.0,0.0,-4.606971874242705
E_n1,observation_half_life:volume_log_x_price_displacement,925,-5.0,1.0540971451294494,-3.1482584873208768,1.883193238554131,-5.0,-4.999025871015574,-4.291556206536699,0.5456108275223605,0.8341769897456764,5.0,0.0,-4.2842474659120855
E_n1,observation_half_life:volume_movement_abs,925,-5.0,5.0,-2.162698222442601,2.0812103202444803,-5.0,-4.982731189327143,-1.3118984982657151,0.5116427526990635,3.882148385896745,5.0,0.0,-0.8737072406391189
E_n1,observation_half_life:volume_movement_signed,925,-5.0,5.0,-0.07498762297432782,2.1458952170466707,-4.939614375719484,-4.849563340299651,0.07461116381549773,3.4006362502505656,5.0,5.0,0.0,0.11946519185221632
E_n1,persistence:bias,925,-0.21429567043879624,0.2248897379581388,0.03865623769787659,0.05282556651070227,-0.03740424675681946,-0.027980926150703297,0.024910100289851068,0.1560893784343361,0.16593633781470482,0.2248897379581388,0.0,0.010639934969347207
E_n1,persistence:directional_volume,925,-0.9261090298856227,0.802878119958208,0.018289481426019265,0.07112877608258947,-0.019760150706597045,-0.01759841397776575,-0.006705452592142067,0.11421068797623923,0.1305366720989808,0.9261090298856227,0.0,0.031093117556435894
E_n1,persistence:price_acceleration,925,-0.48967990364480213,0.26636722074831515,0.027087406031307198,0.04947639917948408,-0.012267558243512947,-0.00394356290823318,0.006859760201380286,0.16304497926013234,0.18344445419576144,0.48967990364480213,0.0,0.019553931358374497
E_n1,persistence:price_displacement,925,-0.9354237519365528,0.6606308441154521,-0.008971110199859907,0.05721286877852942,-0.06913621272779079,-0.06135815586686954,0.0009533944374791109,0.02903946312983494,0.03221100536892047,0.9354237519365528,0.0,-0.02681305708114214
E_n1,persistence:price_velocity,925,-0.9354237519365528,0.6606308441154521,-0.007894876687411036,0.057012700062650155,-0.06913621272779079,-0.06135815586686954,0.0009533944374791109,0.02903946312983494,0.03221100536892047,0.9354237519365528,0.0,-0.008205239139776083
E_n1,persistence:price_velocity_x_acceleration,925,-0.6251785090097306,1.7444698687694258,0.023724570718866876,0.09629333457832627,-0.03806758376214121,-0.02358493023892796,0.0026530338222312505,0.19713019842394036,0.19717504706568634,1.7444698687694258,0.0,0.004142074711470454
E_n1,persistence:relative_volume,925,-0.028376005984661248,0.027198501330441507,-0.006017622573816517,0.009458053917947386,-0.028376005984661248,-0.027007007888829072,-0.003621536077642159,0.005382980249383751,0.006555432495496368,0.028376005984661248,0.0,-0.002162637916226404
E_n1,persistence:relative_volume_x_price_velocity,925,-0.07306956287863414,0.11246818129324238,0.004284955498876175,0.008658953186076181,-0.004192963843378752,-0.0037971913283119246,0.0024812324686829266,0.016983379453094603,0.018329137387205537,0.11246818129324238,0.0,0.008614425247294298
E_n1,persistence:spread,925,0.0,0.0,0.0,0.0,0.0,0.0,0.0,0.0,0.0,0.0,0.0,0.0
E_n1,persistence:spread_change,925,0.0,0.0,0.0,0.0,0.0,0.0,0.0,0.0,0.0,0.0,0.0,0.0
E_n1,persistence:volume_density,925,-0.028528320159649154,0.026920135325142674,-0.006136761766289926,0.00943999098731251,-0.028528320159649154,-0.027166666372697785,-0.0037753177132651733,0.005291097042350421,0.006465628381396532,0.028528320159649154,0.0,-0.0021450443416129754
E_n1,persistence:volume_density_x_price_displacement,925,-0.072978192935739,0.11256022977906545,0.004263069738284643,0.00861797878699552,-0.004414832327871269,-0.004019928291045168,0.0022902047091397097,0.016343316133555903,0.01768690920838743,0.11256022977906545,0.0,0.011460815040682203
E_n1,persistence:volume_log,925,-0.025358543014554067,0.04199068248728155,-0.003351329019180395,0.011002725073372802,-0.024351855811060343,-0.022814540695286552,-0.0025754069764875346,0.01264239026290049,0.0132144748013471,0.04199068248728155,0.0,-0.011162411203635186
E_n1,persistence:volume_log_x_price_displacement,925,-0.08704208989493094,0.09721777530136784,0.02401425866948337,0.029898618534050986,-0.004965583968486387,-0.004205800592093132,0.01585402049653509,0.06996925396724131,0.07147134919277849,0.09721777530136784,0.0,0.06162691521354406
E_n1,persistence:volume_movement_abs,925,-0.037733979669093004,0.5872000730594295,0.024131284911884338,0.06019098453373343,-0.02465699296076482,-0.021296443736914278,-0.00880346321008113,0.15489926614610786,0.20104551512534025,0.5872000730594295,0.0,0.05700012156733352
E_n1,persistence:volume_movement_signed,925,-0.9595902068322115,0.6398810576607561,-0.003382327319775218,0.05453408467500481,-0.03674606593152389,-0.02932841810199382,0.00021831961225657605,0.02802902444999293,0.030002433417697812,0.9595902068322115,0.0,-0.021260829217329368
E_n1,perturbation_state:bias,925,-1.4848825370294014,1.3155104099278587,0.04905733189994516,0.24758332016143492,-0.36486771949282687,-0.28269727203782413,0.024868524558881423,0.4106698418015715,1.1173291931130727,1.4848825370294014,0.0,0.38186278450600436
E_n1,perturbation_state:directional_volume,925,-5.0,5.0,-0.11005667850202351,0.38712819052419956,-0.8920991977663122,-0.7188253791801433,-0.0007229667674836229,0.09744210053948936,0.11945960098286315,5.0,0.0,0.07265283446675376
E_n1,perturbation_state:price_acceleration,925,-1.026591259123109,2.9663097363836997,0.04094536539324444,0.29108257378695634,-0.6021908970919787,-0.46581453660301264,-0.0013766839245707972,0.5457866022255311,0.829230619238511,2.9663097363836997,0.0,0.10684640543435228
E_n1,perturbation_state:price_displacement,925,-4.866625581206766,5.0,0.04593844626610867,0.31690570662734646,-0.2090620099541281,-0.17081766231597517,0.02350404384223398,0.2749133764511961,0.5638900075423533,5.0,0.0,0.12326420958482619
E_n1,perturbation_state:price_velocity,925,-4.866625581206766,5.0,0.08463313245864806,0.38260412574655356,-0.40028275350800446,-0.1726667565206444,0.023802580024904808,0.7170740057730924,1.510811709520319,5.0,0.0,0.7415599607929834
E_n1,perturbation_state:price_velocity_x_acceleration,925,-5.0,5.0,-0.03637991246959294,0.8689419488378065,-3.8884095256183886,-1.5187324264856508,0.03961155111093567,1.351556824517732,1.551234607813795,5.0,0.0,-0.47884602855591574
E_n1,perturbation_state:relative_volume,925,-0.2390566684696783,0.14894351076980025,-0.019288491807733562,0.04787314273475276,-0.22018257843551678,-0.12396777412015868,-0.00864875216268395,0.0368826383821284,0.04981924933700887,0.2390566684696783,0.0,-0.12126147461907748
E_n1,perturbation_state:relative_volume_x_price_velocity,925,-0.8732418128005215,0.5448650960166499,-0.1252471883518402,0.17342858213018422,-0.5358208071720916,-0.4393385715387093,-0.026267357344168858,0.020734285384102758,0.02486819646256818,0.8732418128005215,0.0,-0.44293909652037516
E_n1,perturbation_state:spread,925,0.0,0.0,0.0,0.0,0.0,0.0,0.0,0.0,0.0,0.0,0.0,0.0
E_n1,perturbation_state:spread_change,925,0.0,0.0,0.0,0.0,0.0,0.0,0.0,0.0,0.0,0.0,0.0,0.0
E_n1,perturbation_state:volume_density,925,-0.23950166668548103,0.14959959538417816,-0.019430473925397807,0.0479386382931826,-0.22061165453624262,-0.12488529249871937,-0.008867916701895306,0.03669587957882304,0.049507256556358244,0.23950166668548103,0.0,-0.12218085791820579
E_n1,perturbation_state:volume_density_x_price_displacement,925,-0.8730342795305217,0.5458624470285316,-0.11907745043100199,0.1634095342136895,-0.4162748848622899,-0.362488597769925,-0.023456166211640143,0.023576320912871956,0.027702194736402647,0.8730342795305217,0.0,-0.3513846802052347
E_n1,perturbation_state:volume_log,925,-0.21938163183199796,0.11002342453505812,-0.009452039158477768,0.048509756252842415,-0.1922490845429617,-0.06832678064537051,-0.003487188031841907,0.06132544057112535,0.07355971289616307,0.21938163183199796,0.0,-0.04919446872444911
E_n1,perturbation_state:volume_log_x_price_displacement,925,-0.773136322612206,0.5640007877912318,-0.2125810116066369,0.22182024888381177,-0.5917483785625273,-0.5360810000474505,-0.16697843092047074,0.001230987468880309,0.0025717832929417666,0.773136322612206,0.0,-0.47875312602650844
E_n1,perturbation_state:volume_movement_abs,925,-4.042421415902781,0.21267332395597696,-0.36017383119960067,0.6168739759895999,-2.446684686352391,-1.7191864764793527,0.0017632558740966868,0.03863045646905691,0.09257827245642444,4.042421415902781,0.0,-0.6693244754942472
E_n1,perturbation_state:volume_movement_signed,925,-4.795610495135281,5.0,-0.023606361199223873,0.31098639421706037,-0.41266193739198725,-0.29479838778962414,-0.0009938416824916024,0.10938678789393651,0.38228659047055846,5.0,0.0,0.05822818021589547
E_n1,reinforcement:bias,925,-1.1213797107988783,2.097111025361976,0.01902871923013506,0.35055358044497026,-1.0318318173286138,-0.630549504754837,0.019439016471624108,0.5205110319078151,0.667699453649693,2.097111025361976,0.0,-0.3163013263224622
E_n1,reinforcement:directional_volume,925,-5.0,5.0,0.04917653121642026,0.5073518672015346,-0.6037837468238239,-0.5404365389379674,-0.005359767138437292,0.8125185798658979,1.0763595089641234,5.0,0.0,-0.14701140331754364
E_n1,reinforcement:price_acceleration,925,-1.353490502418288,2.834937055660929,0.1110963197357079,0.4650484391732272,-0.8153590426134645,-0.2680892238771678,-0.0053518869355079065,1.2338015770827584,1.315517709304701,2.834937055660929,0.0,-0.14743255868205818
E_n1,reinforcement:price_displacement,925,-5.0,5.0,0.008715789276971147,0.46042701183027834,-0.6255670920294852,-0.3714056919249439,0.0040001041331047815,0.851045864148386,0.9808188046476674,5.0,0.0,-0.15431583889825956
E_n1,reinforcement:price_velocity,925,-5.0,5.0,-0.02247721021773875,0.5062380453680214,-1.5487499585379778,-0.6037292991937194,0.0028780907674173023,0.851045864148386,0.9808188046476674,5.0,0.0,-0.6079864044915133
E_n1,reinforcement:price_velocity_x_acceleration,925,-5.0,5.0,0.4281072585489617,1.5614304777587356,-1.7267557429082743,-0.9200193799988493,-0.026086061821376762,4.877812797626771,4.879905266394843,5.0,0.0,0.5449970630310529
E_n1,reinforcement:relative_volume,925,-0.18005237383146727,0.2704211515911263,0.029457849036630332,0.0727419846217326,-0.045564612188242606,-0.04187266127784964,-0.004912015075261741,0.16320736080450443,0.25755949716973536,0.2704211515911263,0.0,0.15834041796521292
E_n1,reinforcement:relative_volume_x_price_velocity,925,-0.3655658829898429,1.4137609556306314,0.2408571854879093,0.3333633752855152,-0.1344314946133302,-0.12002033455032556,0.07562000312979877,0.7544875617012126,0.8785473560204422,1.4137609556306314,0.0,0.7549363447312055
E_n1,reinforcement:spread,925,0.0,0.0,0.0,0.0,0.0,0.0,0.0,0.0,0.0,0.0,0.0,0.0
E_n1,reinforcement:spread_change,925,0.0,0.0,0.0,0.0,0.0,0.0,0.0,0.0,0.0,0.0,0.0,0.0
E_n1,reinforcement:volume_density,925,-0.18301534776376868,0.26861823730385076,0.02840906460722957,0.07248382880958917,-0.04747554003184954,-0.04333863375825063,-0.004917871829111353,0.16175898352197662,0.25576744811574986,0.26861823730385076,0.0,0.1570929938957653
E_n1,reinforcement:volume_density_x_price_displacement,925,-0.3760603407882411,1.4100458731719743,0.23341454293398164,0.3277515606887375,-0.14654962181127162,-0.13216811291017344,0.06358202448993354,0.7155352095017241,0.762471475753793,1.4100458731719743,0.0,0.692631353619214
E_n1,reinforcement:volume_log,925,-0.013783849672869521,0.40245087119347045,0.09269476804319922,0.10492860912851014,-0.012144233036016815,-0.010276725617634059,0.07827550143189026,0.24026722111425278,0.38701563541280004,0.40245087119347045,0.0,0.2363773828802058
E_n1,reinforcement:volume_log_x_price_displacement,925,-0.3072970477917101,1.2630976824617273,0.40196712101409054,0.35283502342158896,-0.012740693231970735,-0.00818812906415283,0.594773901193331,0.7859660341793647,0.8246976197750471,1.2630976824617273,0.0,0.6976080895973421
E_n1,reinforcement:volume_movement_abs,925,-0.43410719573674716,5.0,0.5862711603808071,0.817624248014239,-0.15040497592349317,0.0009086248909421338,0.12114775610902259,2.503661742283832,3.327466873433645,5.0,0.0,0.8748403702407708
E_n1,reinforcement:volume_movement_signed,925,-5.0,5.0,0.07906863177338462,0.44654470804857277,-0.46756878310729294,-0.15582088199593855,0.008309370000235154,0.8927023511639599,0.974257050421229,5.0,0.0,-0.1236387848736684
E_n1,reversal_tendency:bias,925,-1.4074101378024144,1.701914246471766,0.13572250475111097,0.33837969298933734,-0.461518954704169,-0.42765468492505154,0.0782842662017553,0.7106041629043375,1.2492963067994343,1.701914246471766,0.0,0.4040610919386291
E_n1,reversal_tendency:directional_volume,925,-5.0,5.0,-0.011791312952429803,0.4954572324112606,-0.949386744457042,-0.6661374022282829,-0.0009101546477965506,0.6281276990540242,0.6916772621417817,5.0,0.0,0.10337447368398253
E_n1,reversal_tendency:price_acceleration,925,-2.2038782891225197,1.953604349098268,-0.06735506193606529,0.36607422774972226,-1.0145029444051765,-0.9371370429140885,-0.016483371351138948,0.3777587920321688,0.7751427064480244,2.2038782891225197,0.0,-0.007481003228246991
E_n1,reversal_tendency:price_displacement,925,-5.0,5.0,-0.02561098465606681,0.5086931019068911,-1.3274132494366522,-1.199170730445263,0.02117631306943415,0.34841595713066664,0.6674465396047305,5.0,0.0,0.17840895419154718
E_n1,reversal_tendency:price_velocity,925,-5.0,5.0,0.012333635840540305,0.5654575122963218,-1.3274132494366522,-1.199170730445263,0.021877195417026145,0.7661565320180714,1.6749157990448074,5.0,0.0,0.8011609700496859
E_n1,reversal_tendency:price_velocity_x_acceleration,925,-5.0,5.0,-0.37814918640405587,1.6137432610552647,-5.0,-4.999181031813366,0.11146847498818706,1.172073673751937,1.797347930693138,5.0,0.0,-0.4965634518146958
E_n1,reversal_tendency:relative_volume,925,-0.3022475012176105,0.07164664169546786,-0.060572986226073,0.08152208127240937,-0.2860818737573382,-0.20329579250031415,-0.017580699188753535,0.05434551014065387,0.05911358045197044,0.3022475012176105,0.0,-0.17122324454878432
E_n1,reversal_tendency:relative_volume_x_price_velocity,925,-1.1019238709082837,0.4515094423167414,-0.14622769600084942,0.2066193269900529,-0.6080266601535989,-0.48311604268302616,-0.10095302860407089,0.1634728796407421,0.17775796065664826,1.1019238709082837,0.0,-0.4870322085970426
E_n1,reversal_tendency:spread,925,0.0,0.0,0.0,0.0,0.0,0.0,0.0,0.0,0.0,0.0,0.0,0.0
E_n1,reversal_tendency:spread_change,925,0.0,0.0,0.0,0.0,0.0,0.0,0.0,0.0,0.0,0.0,0.0,0.0
E_n1,reversal_tendency:volume_density,925,-0.3004480665930431,0.07446067288139396,-0.05960041148224085,0.08105476399527918,-0.2842750061846266,-0.2015985347167687,-0.01776389858187602,0.056041538518797104,0.060796932622332385,0.3004480665930431,0.0,-0.1699791584543422
E_n1,reversal_tendency:volume_density_x_price_displacement,925,-1.0901337535509112,0.4631805588008633,-0.13382421406004832,0.1962208975108031,-0.4678295741769183,-0.40747011315974224,-0.08287032695341139,0.1816838093408347,0.19594467198854176,1.0901337535509112,0.0,-0.39534066107083604
E_n1,reversal_tendency:volume_log,925,-0.4883203140042359,0.0035937817787831425,-0.11837002722613127,0.11999312898679278,-0.40273584148078695,-0.2963944630904696,-0.09276640002367528,-0.0010721286275567842,0.0024799475597881305,0.4883203140042359,0.0,-0.23923097574602245
E_n1,reversal_tendency:volume_log_x_price_displacement,925,-1.4438241093323487,0.11023708320920833,-0.5497489717975538,0.46441523445074234,-1.0810743908542795,-1.0437736140425402,-0.8110074903290083,0.0012649726899081402,0.005752695509119145,1.4438241093323487,0.0,-0.8917720851936893
E_n1,reversal_tendency:volume_movement_abs,925,-5.0,0.23286841250920332,-0.6103534415261153,0.8194574429741229,-3.3116422626499786,-2.4283120067534782,-0.1761135997225337,0.0,0.028512168039309123,5.0,0.0,-0.8314811731777451
E_n1,reversal_tendency:volume_movement_signed,925,-5.0,5.0,-0.10737281581959561,0.49958232589013885,-1.3545544710352688,-1.2709555906430472,0.0019406709846580131,0.15258004083695006,0.4829724082147902,5.0,0.0,0.12932796391166357
E_n1,strength:bias,925,-0.13459465771751966,1.2455174363510924,0.4755834094047881,0.120790500671575,0.0,0.25242334605112243,0.48443258469790335,0.6479612400409688,0.6883247819511952,1.2455174363510924,0.0,0.5502610278828096
E_n1,strength:directional_volume,925,-2.5897696175338716,2.93039263590732,-0.08788272384910839,0.22751547730594196,-0.4843032282163324,-0.423958423357344,-0.011531636126693673,0.03299059048873181,0.036297579388404284,2.93039263590732,0.0,-0.06721056256797654
E_n1,strength:price_acceleration,925,-0.6056955314965269,1.5619578188293048,-0.05666424435350145,0.12494631500447768,-0.4211223946076803,-0.37368109892231166,-0.009427216858787885,0.02830915302748927,0.03827802632505412,1.5619578188293048,0.0,-0.04299647390201219
E_n1,strength:price_displacement,925,-2.1010693105775817,2.9946777455146925,0.048695634428812896,0.17638279508080465,-0.06075491289213894,-0.05514571864134773,0.022112335075512402,0.2036266581158114,0.2159865435693339,2.9946777455146925,0.0,0.08023534315302773
E_n1,strength:price_velocity,925,-2.1010693105775817,2.9946777455146925,0.04875572153666899,0.17655418391347918,-0.06075491289213894,-0.05514571864134773,0.022112335075512402,0.2036266581158114,0.2159865435693339,2.9946777455146925,0.0,0.07435586521798258
E_n1,strength:price_velocity_x_acceleration,925,-5.0,2.0672194796986467,-0.02190138632348758,0.2939751133977134,-0.5488643579962691,-0.5484368023532323,0.02401091814989621,0.1648938416120068,0.23970492189306788,5.0,0.0,-0.04907736271558191
E_n1,strength:relative_volume,925,-0.1851021797166367,0.0,-0.08764655845677173,0.020004007670673025,-0.11925610082583313,-0.11555875431602208,-0.08807193908184115,-0.05453559885567683,0.0,0.1851021797166367,0.0,-0.09918333300831136
E_n1,strength:relative_volume_x_price_velocity,925,-0.3570936396729557,0.23527540949687076,-0.014356398585503279,0.026144401136492645,-0.053183979250683126,-0.0510937885574081,-0.007856186122662335,0.008653460800925062,0.009391747868812788,0.3570936396729557,0.0,-0.03146091157003274
E_n1,strength:spread,925,0.0,0.0,0.0,0.0,0.0,0.0,0.0,0.0,0.0,0.0,0.0,0.0
E_n1,strength:spread_change,925,0.0,0.0,0.0,0.0,0.0,0.0,0.0,0.0,0.0,0.0,0.0,0.0
E_n1,strength:volume_density,925,-0.18581456754343564,0.0,-0.08864212847343443,0.0202792971930423,-0.12062309381650121,-0.11689203486670315,-0.08917320027024914,-0.054546147860289385,0.0,0.18581456754343564,0.0,-0.10097945748677174
E_n1,strength:volume_density_x_price_displacement,925,-0.35642062268302294,0.23595057837724537,-0.012987598706030971,0.025681379797730206,-0.0501643896890976,-0.048081288849198406,-0.006241809955660329,0.010332697793020798,0.011066984884954537,0.35642062268302294,0.0,-0.03163358279709243
E_n1,strength:volume_log,925,-0.16431069866658715,0.015471699253845842,-0.038371278792374064,0.02682621716229371,-0.0732730824188083,-0.07204790982729906,-0.04823602203313159,0.008324912588201684,0.010213274330864794,0.16431069866658715,0.0,0.008495154117783484
E_n1,strength:volume_log_x_price_displacement,925,-0.3379302048333609,0.2503593842771642,-0.10399506447436241,0.09489813843332408,-0.2524508109405754,-0.24983536040950924,-0.08094320832629148,0.003938075950700072,0.00572362128253859,0.3379302048333609,0.0,-0.216490057020217
E_n1,strength:volume_movement_abs,925,-1.937325844047928,0.050161960692921684,-0.13641276216367723,0.19143425996020277,-0.7515371359675321,-0.5577386839549427,-0.03704483202559866,0.0,0.020572199252406484,1.937325844047928,0.0,-0.21329740963326319
E_n1,strength:volume_movement_signed,925,-2.067179576927919,3.0394754412586273,-0.0030238629922350667,0.17036560259486833,-0.0961385590668946,-0.09296014080984617,-0.016190749621437812,0.074794637963178,0.08658797029653043,3.0394754412586273,0.0,0.059304965257030114
E_n1,uncertainty:bias,925,-0.4693620477257987,2.3159901441933584,0.4623694070655434,0.21825353512840837,0.0,0.1859360235833316,0.41787334381101493,0.8487929091894786,1.1019097728366627,2.3159901441933584,0.0,0.6627009358012315
E_n1,uncertainty:directional_volume,925,-5.0,5.0,-0.0920585232014167,0.38847156462989874,-0.7626065938783857,-0.5373130990729517,0.0,0.12071061294590889,0.1455315235635735,5.0,0.0,-0.01112494911938142
E_n1,uncertainty:price_acceleration,925,-1.0844782501883328,2.8605293728218193,0.02061289168500184,0.26660538128248895,-0.5689269233959925,-0.5421088231633279,-0.001027243531892107,0.4476126246039648,0.5189824939354927,2.8605293728218193,0.0,0.033638260499703594
E_n1,uncertainty:price_displacement,925,-5.0,5.0,0.05926948675326807,0.3328438976263504,-0.23711143099261875,-0.1958264930553665,0.02071111009171741,0.29204214620684393,0.46490074138216153,5.0,0.0,0.20132341812677312
E_n1,uncertainty:price_velocity,925,-5.0,5.0,0.07680409148624108,0.3552534666442685,-0.23964356755269228,-0.19921154335021682,0.02053009646517208,0.4546463517471475,0.9638599665799965,5.0,0.0,0.4665744080734533
E_n1,uncertainty:price_velocity_x_acceleration,925,-5.0,5.0,-0.06103201179370444,0.825250748763161,-2.291968771055419,-1.845195632568909,0.026537460674488516,1.334095099915354,1.503717023942754,5.0,0.0,-0.31765697933092313
E_n1,uncertainty:relative_volume,925,-0.30941542118967047,0.016405884221744715,-0.07075762361365291,0.041338290243077606,-0.16468475605943475,-0.13605281696162572,-0.06867629871170322,-0.0022772999023706517,0.005729707004214537,0.30941542118967047,0.0,-0.1024549730551856
E_n1,uncertainty:relative_volume_x_price_velocity,925,-0.6026064207619047,0.8078802504478505,-0.030991016799468838,0.060484437156111716,-0.192007421054972,-0.1221883984919774,-0.004008035865091573,0.027609507487132964,0.03285134320221862,0.8078802504478505,0.0,-0.12364667292080599
E_n1,uncertainty:spread,925,0.0,0.0,0.0,0.0,0.0,0.0,0.0,0.0,0.0,0.0,0.0,0.0
E_n1,uncertainty:spread_change,925,0.0,0.0,0.0,0.0,0.0,0.0,0.0,0.0,0.0,0.0,0.0,0.0
E_n1,uncertainty:volume_density,925,-0.30833648781991524,0.017666263319256914,-0.07048923177622714,0.041268488704648734,-0.1645633416487698,-0.1354982088589699,-0.06853375938996546,-0.0018478856037822435,0.006054763729694602,0.30833648781991524,0.0,-0.10264510217238068
E_n1,uncertainty:volume_density_x_price_displacement,925,-0.6032987458179581,0.8079734833225746,-0.02810551352265605,0.05630361393311415,-0.12710420806813555,-0.09169989693361774,-0.006195957659344808,0.030286095440184325,0.035468327387431046,0.8079734833225746,0.0,-0.08807818352840711
E_n1,uncertainty:volume_log,925,-0.38576966753562253,0.022479433337026608,-0.08227059968706063,0.04916970907837971,-0.1775224336186908,-0.15756276141627837,-0.07715213279995556,-0.011544061471351029,0.0,0.38576966753562253,0.0,-0.07461221797190365
E_n1,uncertainty:volume_log_x_price_displacement,925,-0.4154714443514167,0.9144820632528121,-0.0863731029165693,0.09110507378391079,-0.21186626432919095,-0.18940019524814303,-0.12329802529381326,0.006972417648675451,0.008896602221547471,0.9144820632528121,0.0,-0.13112683702608788
E_n1,uncertainty:volume_movement_abs,925,-4.196919851575002,0.19425702883896875,-0.41060186717008346,0.6233069017556431,-2.612018768794839,-1.8659088017779017,-0.06561092245870435,0.0,0.052420462435554295,4.196919851575002,0.0,-0.5996180717656641
E_n1,uncertainty:volume_movement_signed,925,-5.0,5.0,0.003705051020013159,0.3258244130606017,-0.3260636842354853,-0.2252915387888347,0.017476404013164602,0.13435245228232032,0.31465979727880194,5.0,0.0,0.1359835896510414
E_n2,direction_state:bias,925,-5.0,5.0,0.5106717278025705,0.8476573473488376,-0.35308512398074093,-0.09520808801092964,0.3013107602540188,1.665260129966726,4.070177213075456,5.0,0.0,0.6846224651005928
E_n2,direction_state:directional_volume,925,-5.0,5.0,0.16601266524843877,0.9975614076059898,-5.0,-1.0962878628070705,0.28421807508793534,1.630394299446104,2.2888120789642,5.0,0.0,-0.5459858935359245
E_n2,direction_state:directional_volume^2,925,-5.0,5.0,-0.5584830327638776,1.4809074710608061,-4.170738843313065,-2.885057082945802,-0.03530658921534279,0.475867982441817,4.937866567512548,5.0,0.0,-0.35651544625204085
E_n2,direction_state:price_acceleration,925,-5.0,5.0,-0.5962984799860985,1.3907434998008792,-5.0,-4.477545821129939,-0.09877858354364576,0.154145853525824,0.8525322170992806,5.0,0.0,-1.1726472851165994
E_n2,direction_state:price_acceleration^2,925,-5.0,5.0,0.09904968636943928,1.8448016736599033,-4.956862816502567,-3.8247450122647235,0.0,4.859581635052856,4.972528013233688,5.0,0.0,-0.5221742263458488
E_n2,direction_state:price_displacement,925,-5.0,5.0,-0.19652284074294393,1.2870942575868403,-4.931068339397209,-3.853629540223081,0.11669150223387577,0.5593994335636738,1.4945481321004592,5.0,0.0,-0.5360572136243064
E_n2,direction_state:price_displacement^2,925,-5.0,5.0,-0.48214111019053363,1.5454384554890757,-4.9687011314477445,-4.902413319737497,-0.07218690451401429,1.1244880990409796,2.9467729403212486,5.0,0.0,0.4719980335494579
E_n2,direction_state:price_velocity,925,-5.0,5.0,-0.0901264880969034,1.4059481883166771,-4.931068339397209,-3.853629540223081,0.13016140940369358,1.8246764009476275,3.028320999069319,5.0,0.0,1.63834569961817
E_n2,direction_state:price_velocity^2,925,-5.0,5.0,-0.44387857867669234,1.6960810476319568,-4.992497182815599,-4.902504757987014,-0.07369470901501306,1.953481361328345,3.6990375078353477,5.0,0.0,2.0834983681383603
E_n2,direction_state:price_velocity_x_acceleration,925,-5.0,5.0,0.35446639674392916,1.8621567875689957,-4.981699127300426,-3.2193692714165385,-0.008393401453458557,4.807152355590973,5.0,5.0,0.0,-0.14813101022127506
E_n2,direction_state:relative_volume,925,-0.9138239355775036,2.2986871127093313,0.45273431714315554,0.7440975536391227,-0.5249966515499681,-0.2688836837249878,-0.00044354665278715177,1.5551854479148788,1.5784039103512477,2.2986871127093313,0.0,1.4285581822237274
E_n2,direction_state:relative_volume^2,925,-0.2685927403054077,0.15575706577611306,-0.045006399659855714,0.08290786500425065,-0.18112738298670208,-0.17609610934052447,0.001262812883111749,0.04778277866846405,0.08955251241028402,0.2685927403054077,0.0,-0.12882734871304408
E_n2,direction_state:relative_volume_x_price_velocity,925,-5.0,5.0,-0.5615489513382347,1.0864421888343603,-2.376028015510938,-2.2111986480553427,-0.059542400039883,1.103566447042172,1.1747689599748568,5.0,0.0,-2.200334023091842
E_n2,direction_state:spread,925,0.0,0.0,0.0,0.0,0.0,0.0,0.0,0.0,0.0,0.0,0.0,0.0
E_n2,direction_state:spread^2,925,0.0,0.0,0.0,0.0,0.0,0.0,0.0,0.0,0.0,0.0,0.0,0.0
E_n2,direction_state:spread_change,925,0.0,0.0,0.0,0.0,0.0,0.0,0.0,0.0,0.0,0.0,0.0,0.0
E_n2,direction_state:spread_change^2,925,0.0,0.0,0.0,0.0,0.0,0.0,0.0,0.0,0.0,0.0,0.0,0.0
E_n2,direction_state:volume_density,925,-0.8980307360066686,2.3267196966782286,0.4654976634232674,0.7542937459479727,-0.5095102391238765,-0.2545748278150017,-0.0009017151540617273,1.5832613117903902,1.6065826684911573,2.3267196966782286,0.0,1.4582054340130686
E_n2,direction_state:volume_density^2,925,-0.27585840240904913,0.1518318770148728,-0.04844427580141955,0.08542029257609614,-0.18847914581717085,-0.18323113222116286,0.0011314186215044312,0.04363889091541531,0.08565632275785749,0.27585840240904913,0.0,-0.1367685011789586
E_n2,direction_state:volume_density_x_price_displacement,925,-5.0,5.0,-0.5243769380627864,1.090511840613988,-2.151997085975415,-1.9970613912810729,-0.05911178549405839,1.2046451518577752,1.2756152898273587,5.0,0.0,-1.8690769058281667
E_n2,direction_state:volume_log,925,-1.7788313665877293,0.5951417882253134,-0.38190276650564003,0.389973988856472,-1.3478600913554013,-1.014037241817819,-0.40702068866840124,0.03338613781013605,0.0418555077475396,1.7788313665877293,0.0,-0.6788931528553422
E_n2,direction_state:volume_log^2,925,-0.3205567362829903,0.014840463788084481,-0.09080820617584177,0.09272996746730276,-0.2466320968324834,-0.2400116462669585,-0.06868706210738607,0.00840203194630062,0.010931061923163917,0.3205567362829903,0.0,-0.05299330480744557
E_n2,direction_state:volume_log_x_price_displacement,925,-5.0,3.276705506526902,-1.3950717250617553,1.8459460776282215,-4.779388915693457,-4.741785937456376,-0.7093845025688842,-0.0321447418491545,0.013810173876876781,5.0,0.0,-0.890507964865458
E_n2,direction_state:volume_movement_abs,925,-5.0,5.0,0.43366002726680564,1.8476798616504633,-4.872091550549444,-4.300136260251285,0.1571518414530279,3.5201246418257517,4.313743647021478,5.0,0.0,0.5664331381583735
E_n2,direction_state:volume_movement_abs^2,925,-5.0,5.0,-0.34067455895904514,1.5568900424461778,-4.831689440259642,-4.773008417381936,0.0667802278740427,0.5033114646205873,4.291787470069225,5.0,0.0,-0.9548094343218767
E_n2,direction_state:volume_movement_signed,925,-5.0,5.0,-0.49312729979420794,1.3439216046803106,-4.941475638389833,-4.131224171436295,0.13447168529188983,0.32630511921257416,0.9190642261223624,5.0,0.0,-2.029800481044058
E_n2,direction_state:volume_movement_signed^2,925,-5.0,5.0,-0.45282189792563404,1.5502627161893205,-4.994084842687616,-4.901445336814716,-0.04368590768562705,0.5808252524759756,3.39564036543923,5.0,0.0,-1.5607664957105234
E_n2,forward_half_life:bias,925,-5.0,5.0,4.165363226581322,1.2643365056143643,0.0,2.611522802924202,5.0,5.0,5.0,5.0,0.0,3.265344251116853
E_n2,forward_half_life:directional_volume,925,-5.0,5.0,1.6364056642696798,2.9229294343734913,-5.0,-3.495641663060845,1.8283325579478364,5.0,5.0,5.0,0.0,-0.3924415847713299
E_n2,forward_half_life:directional_volume^2,925,-5.0,5.0,3.300804927927661,2.25434848316901,-4.892470112129899,0.19683539129117525,4.991192322671242,5.0,5.0,5.0,0.0,0.5100428859198035
E_n2,forward_half_life:price_acceleration,925,-5.0,5.0,-0.8628052641830197,2.613159415531529,-5.0,-5.0,-0.6757953432591342,2.9271862456867828,5.0,5.0,0.0,0.4486046859083482
E_n2,forward_half_life:price_acceleration^2,925,-5.0,5.0,3.136242419983715,2.273959080733393,-1.979531009088014,-0.2914220911114087,4.4464305193384295,5.0,5.0,5.0,0.0,0.36875328714075906
E_n2,forward_half_life:price_displacement,925,-5.0,5.0,-0.5885126704147816,2.2345644095103903,-5.0,-5.0,0.0,2.708042278814801,5.0,5.0,0.0,0.430953642629602
E_n2,forward_half_life:price_displacement^2,925,-5.0,5.0,2.265575609500323,2.884968190389273,-4.505160211869182,-4.280938349037976,3.0753856988771604,5.0,5.0,5.0,0.0,0.1460454933015581
E_n2,forward_half_life:price_velocity,925,-5.0,5.0,-0.5924702545756952,2.2326788748646833,-5.0,-5.0,0.0,2.708042278814801,5.0,5.0,0.0,0.29420701812017125
E_n2,forward_half_life:price_velocity^2,925,-5.0,5.0,2.267112053977074,2.8851518937474716,-4.505160211869182,-4.280938349037976,3.0753856988771604,5.0,5.0,5.0,0.0,0.38142774768330273
E_n2,forward_half_life:price_velocity_x_acceleration,925,-5.0,5.0,1.5555509154161515,2.8787977629039423,-5.0,-3.3950658577087913,1.4061079562156187,5.0,5.0,5.0,0.0,-0.26655421190971584
E_n2,forward_half_life:relative_volume,925,-5.0,0.0,-4.685733201184565,0.7239169896918975,-5.0,-5.0,-4.982308265889866,-3.55090087740848,0.0,5.0,0.0,-4.593981528147504
E_n2,forward_half_life:relative_volume^2,925,0.0,5.0,4.488766441751051,1.2113201892945393,0.0,1.1781771161881602,4.955541640094579,5.0,5.0,5.0,0.0,4.901985407382665
E_n2,forward_half_life:relative_volume_x_price_velocity,925,-5.0,5.0,2.446847157823218,1.3105698404659145,-0.07280873593699937,0.4007573990122996,2.5377973122915773,4.999985,5.0,5.0,0.0,2.5305159600300566
E_n2,forward_half_life:spread,925,0.0,0.0,0.0,0.0,0.0,0.0,0.0,0.0,0.0,0.0,0.0,0.0
E_n2,forward_half_life:spread^2,925,0.0,0.0,0.0,0.0,0.0,0.0,0.0,0.0,0.0,0.0,0.0,0.0
E_n2,forward_half_life:spread_change,925,0.0,0.0,0.0,0.0,0.0,0.0,0.0,0.0,0.0,0.0,0.0,0.0
E_n2,forward_half_life:spread_change^2,925,0.0,0.0,0.0,0.0,0.0,0.0,0.0,0.0,0.0,0.0,0.0,0.0
E_n2,forward_half_life:volume_density,925,-5.0,0.0,-4.6715350107889435,0.7432319707796001,-5.0,-5.0,-4.978974486355449,-3.391657271607042,0.0,5.0,0.0,-4.6002244541336506
E_n2,forward_half_life:volume_density^2,925,0.0,5.0,4.48163521998218,1.2099231496865537,0.0,1.178042093416873,4.944397894922776,5.0,5.0,5.0,0.0,4.903540059532493
E_n2,forward_half_life:volume_density_x_price_displacement,925,-5.0,5.0,2.4386176381388944,1.3193539371736258,-0.09879523510594097,0.39985372794437607,2.553876471437852,4.999985,5.0,5.0,0.0,2.5289759443138102
E_n2,forward_half_life:volume_log,925,-5.0,0.0,-4.060207292586369,1.2419402831412758,-5.0,-5.0,-5.0,-2.4988398508262772,0.0,5.0,0.0,-2.5484844687717034
E_n2,forward_half_life:volume_log^2,925,-1.2579792324291308,5.0,2.0261184660135045,1.9680132691888066,-0.8826262457871409,-0.5787773381262004,1.0287079029907633,5.0,5.0,5.0,0.0,0.9786273719477683
E_n2,forward_half_life:volume_log_x_price_displacement,925,-5.0,5.0,0.3418206421198433,3.075576914560106,-4.980521920001038,-4.827048369466423,1.0924017130227508,4.1246349054483735,4.804720885230906,5.0,0.0,1.0462707891673448
E_n2,forward_half_life:volume_movement_abs,925,-5.0,5.0,-2.050556051486224,2.041579057117239,-5.0,-5.0,-1.5500557504812675,1.042975760785828,2.5013252225762552,5.0,0.0,-1.1497217642516613
E_n2,forward_half_life:volume_movement_abs^2,925,-5.0,5.0,1.8625753330557027,3.0349554893619795,-5.0,-4.437555372726444,1.6579919062840698,5.0,5.0,5.0,0.0,-0.40979162869027236
E_n2,forward_half_life:volume_movement_signed,925,-5.0,5.0,-0.63019922850221,2.2315140559094315,-5.0,-5.0,-0.05267484369002304,2.651921709313928,5.0,5.0,0.0,0.6438473564280617
E_n2,forward_half_life:volume_movement_signed^2,925,-5.0,5.0,1.8503729205518868,2.966609647057662,-4.674937449525453,-4.508960080798683,0.8027977625670789,5.0,5.0,5.0,0.0,0.1135120502841143
E_n2,magnitude_state:bias,925,-5.0,5.0,0.7578305498105119,0.886368058755126,-0.09553937208446625,0.06002046883615999,0.4594203880317252,2.0676734985192193,4.2416114440573045,5.0,0.0,1.383845657984357
E_n2,magnitude_state:directional_volume,925,-5.0,5.0,-0.08460346471091602,0.9671067109382923,-5.0,-1.3916064788166789,0.10059243871269465,1.2800448048502644,1.9883115640170748,5.0,0.0,-1.449125771069086
E_n2,magnitude_state:directional_volume^2,925,-5.0,5.0,-0.4285536914103973,1.4287443896864807,-4.749339188438429,-2.614319822115124,-0.03628522662414754,0.5562418762152779,4.945599653029182,5.0,0.0,-0.30467351498936823
E_n2,magnitude_state:price_acceleration,925,-5.0,5.0,-0.5479404723286625,1.4185358194941935,-5.0,-4.5174877670469185,-0.042318996584018984,0.1720240665985185,0.9277821069884963,5.0,0.0,-0.32611419156503524
E_n2,magnitude_state:price_acceleration^2,925,-5.0,5.0,0.13671892707510255,1.90424170058342,-4.968130989355164,-3.827953630306675,0.009336856985428523,4.858337777365897,4.973550064612168,5.0,0.0,0.7205422436002964
E_n2,magnitude_state:price_displacement,925,-5.0,5.0,-0.39822359117522343,1.2796771279893988,-4.9395195300388695,-3.941696871879814,-0.07486165277734322,0.407598298283648,2.7009148775569765,5.0,0.0,-1.0296920909808818
E_n2,magnitude_state:price_displacement^2,925,-5.0,5.0,-0.3012642085781327,1.6156685325646145,-4.933824059104223,-4.872657938468304,0.08228427893326791,1.13298053440371,4.233969469772545,5.0,0.0,0.6117776340771912
E_n2,magnitude_state:price_velocity,925,-5.0,5.0,-0.3077416827298874,1.3824143793909522,-4.9395195300388695,-3.941696871879814,-0.0636512610919354,1.2724761548600225,3.787961347516879,5.0,0.0,0.8935972257587993
E_n2,magnitude_state:price_velocity^2,925,-5.0,5.0,-0.24321342608668725,1.7822636397948048,-4.933824059104223,-4.872657938468304,0.08165614758836959,2.475054533239618,4.629143163764516,5.0,0.0,2.0740990656840212
E_n2,magnitude_state:price_velocity_x_acceleration,925,-5.0,5.0,0.44561628770829204,1.940861344372759,-4.999369728624347,-3.19622764288969,0.06631388438750656,4.810748379745491,5.0,5.0,0.0,1.6323549771511314
E_n2,magnitude_state:relative_volume,925,-0.7943397791438152,2.4624275043458903,0.4502937281805514,0.7786424845586183,-0.5167931727153792,-0.2744178587179513,-0.050965624100929,1.6014790208493968,1.6261693541407014,2.4624275043458903,0.0,1.42734265006332
E_n2,magnitude_state:relative_volume^2,925,-0.2815953973703899,0.1673915222347528,-0.04028008244820206,0.0877354127126867,-0.17912775187918253,-0.17611335574072698,0.011056666460415109,0.054882574896979924,0.09736593336693142,0.2815953973703899,0.0,-0.12492703308153696
E_n2,magnitude_state:relative_volume_x_price_velocity,925,-5.0,5.0,-0.19855417115000232,1.371408635865068,-2.3627950066353804,-2.02476379614565,0.002878105393496622,2.2881977434024234,2.352333700135267,5.0,0.0,-1.9982686014854032
E_n2,magnitude_state:spread,925,0.0,0.0,0.0,0.0,0.0,0.0,0.0,0.0,0.0,0.0,0.0,0.0
E_n2,magnitude_state:spread^2,925,0.0,0.0,0.0,0.0,0.0,0.0,0.0,0.0,0.0,0.0,0.0,0.0
E_n2,magnitude_state:spread_change,925,0.0,0.0,0.0,0.0,0.0,0.0,0.0,0.0,0.0,0.0,0.0,0.0
E_n2,magnitude_state:spread_change^2,925,0.0,0.0,0.0,0.0,0.0,0.0,0.0,0.0,0.0,0.0,0.0,0.0
E_n2,magnitude_state:volume_density,925,-0.762519601187655,2.5045164069670105,0.47201943231225,0.7921567702577512,-0.48647208383629637,-0.24535085085677238,-0.047995429088990696,1.6441388640716232,1.667936159982615,2.5045164069670105,0.0,1.471466208063454
E_n2,magnitude_state:volume_density^2,925,-0.2929554787538769,0.1591660086654144,-0.04633298983563051,0.09114262422753251,-0.1905394479128355,-0.18751138935030318,0.010279378784902884,0.046472348033104065,0.08909885775635162,0.2929554787538769,0.0,-0.1370728972034882
E_n2,magnitude_state:volume_density_x_price_displacement,925,-5.0,5.0,-0.13714616950823855,1.4221409923162756,-2.1668216770738806,-1.8454341732311277,0.0014940705243724074,2.4913753217000227,2.555363417194932,5.0,0.0,-1.6858481626405741
E_n2,magnitude_state:volume_log,925,-2.4469282287077774,0.01008220311586161,-0.8133712450369471,0.6556371661465152,-2.075862376660493,-1.7594166679720153,-1.0164565599173196,-0.020906103913032777,0.0,2.4469282287077774,0.0,-1.3938837385794893
E_n2,magnitude_state:volume_log^2,925,-0.6413359514923878,0.011495657954481486,-0.27840934970193876,0.22525228215897078,-0.5358396216541697,-0.5318321998515205,-0.3946528302000663,0.005724940319974262,0.010182913594899291,0.6413359514923878,0.0,-0.3487811538739654
E_n2,magnitude_state:volume_log_x_price_displacement,925,-5.0,3.069248858699021,-1.3606796748753809,1.981742842212454,-4.9067937387487515,-4.848161824170473,-0.5616380333914848,0.07264998252294386,0.1308450388032824,5.0,0.0,-0.7769469922720179
E_n2,magnitude_state:volume_movement_abs,925,-5.0,5.0,0.3530699771318734,1.9173409501361012,-4.888308304564812,-4.357232594983906,-0.024668219887393542,3.5614181075615106,4.320143889542072,5.0,0.0,0.2803419936102487
E_n2,magnitude_state:volume_movement_abs^2,925,-5.0,5.0,-0.3245118088305024,1.587422522745557,-4.806866050287011,-4.753582456549742,-0.007404856129170376,0.7385666734002393,4.257755118273238,5.0,0.0,-1.2763454686834468
E_n2,magnitude_state:volume_movement_signed,925,-5.0,5.0,-0.6353375084689981,1.3554329399409117,-4.948675229548004,-4.191480250913562,-0.04007397404100538,0.1915914923077263,1.413896661021107,5.0,0.0,-2.6768749022119307
E_n2,magnitude_state:volume_movement_signed^2,925,-5.0,5.0,-0.36361328477821725,1.5958114585560481,-4.98814006624257,-4.882239682605838,0.06730526900021572,0.7910262183343352,3.487690990423329,5.0,0.0,-2.0064161956646283
E_n2,observation_half_life:bias,925,-5.0,5.0,2.865841988650709,1.9563042469921164,-2.173693755142643,-0.6805463674496189,3.4530377996499064,5.0,5.0,5.0,0.0,3.508663438380902
E_n2,observation_half_life:directional_volume,925,-5.0,5.0,1.0995242158002525,1.843676173567342,-2.8904038974635564,-1.9500792332175851,0.6917035916983054,4.35067237131555,5.0,5.0,0.0,-0.5518992280143599
E_n2,observation_half_life:directional_volume^2,925,-5.0,5.0,2.913338550728332,1.8976475265851742,-4.988658727242365,0.6533528921709301,3.4213873413293343,5.0,5.0,5.0,0.0,1.325033722531927
E_n2,observation_half_life:price_acceleration,925,-5.0,5.0,-0.11257426787438157,2.2391670894124407,-5.0,-4.49792974022799,0.07157352243574783,4.542237240040285,5.0,5.0,0.0,-2.9641759214452477
E_n2,observation_half_life:price_acceleration^2,925,-5.0,5.0,0.5126989980003295,2.551168144911458,-4.997585193767753,-4.828166880599076,0.40621206306384494,5.0,5.0,5.0,0.0,-1.3071288858887484
E_n2,observation_half_life:price_displacement,925,-5.0,5.0,0.5058408148136688,1.6089329620369808,-4.707619091343911,-2.255558034436049,0.524355070093335,3.845221669503599,4.934609687125366,5.0,0.0,0.9586833217017465
E_n2,observation_half_life:price_displacement^2,925,-5.0,5.0,1.6190056241197355,1.9677107862885497,-3.070472267205387,-0.1867883977511192,0.7369734478740225,5.0,5.0,5.0,0.0,1.1259463201748041
E_n2,observation_half_life:price_velocity,925,-5.0,5.0,0.5187205067017128,1.640391328824814,-4.707619091343911,-2.255558034436049,0.5218460406050186,3.845221669503599,4.934609687125366,5.0,0.0,1.391410641310836
E_n2,observation_half_life:price_velocity^2,925,-5.0,5.0,1.6762938787550503,2.0717447977705397,-4.70103399883153,-0.3170383485291094,0.736370286517342,5.0,5.0,5.0,0.0,2.559615228482866
E_n2,observation_half_life:price_velocity_x_acceleration,925,-5.0,5.0,-0.4652286003078894,2.603920748125088,-5.0,-4.801979947952101,-0.8246295322511974,5.0,5.0,5.0,0.0,-0.6294181256441062
E_n2,observation_half_life:relative_volume,925,-5.0,0.0,-4.55161558396814,0.6910129734878863,-5.0,-5.0,-4.669269094187086,-3.937883668134526,0.0,5.0,0.0,-4.8748038605491235
E_n2,observation_half_life:relative_volume^2,925,0.0,3.1730395011207118,2.6669986469931746,0.673688181490241,0.0,0.9449355782010466,2.8698910951907433,3.1460724888508755,3.1608826334627573,3.1730395011207118,0.0,3.1476850283833078
E_n2,observation_half_life:relative_volume_x_price_velocity,925,-5.0,5.0,0.04833441280525154,2.481824614585578,-4.911329330999426,-4.834238267599238,1.314811791341979,1.916573058950039,2.4425611181765836,5.0,0.0,1.7015503831344483
E_n2,observation_half_life:spread,925,0.0,0.0,0.0,0.0,0.0,0.0,0.0,0.0,0.0,0.0,0.0,0.0
E_n2,observation_half_life:spread^2,925,0.0,0.0,0.0,0.0,0.0,0.0,0.0,0.0,0.0,0.0,0.0,0.0
E_n2,observation_half_life:spread_change,925,0.0,0.0,0.0,0.0,0.0,0.0,0.0,0.0,0.0,0.0,0.0,0.0
E_n2,observation_half_life:spread_change^2,925,0.0,0.0,0.0,0.0,0.0,0.0,0.0,0.0,0.0,0.0,0.0,0.0
E_n2,observation_half_life:volume_density,925,-5.0,0.0,-4.551307622360592,0.6909747330131984,-5.0,-5.0,-4.669629633227775,-3.9375202946984063,0.0,5.0,0.0,-4.874276866100917
E_n2,observation_half_life:volume_density^2,925,0.0,3.1902051996641894,2.6663709040921124,0.6778935258876131,0.0,0.9447238910569701,2.8751547346829014,3.1630685743474016,3.1780859710647453,3.1902051996641894,0.0,3.1646815727223565
E_n2,observation_half_life:volume_density_x_price_displacement,925,-5.0,5.0,0.029672085882166417,2.4715685966482885,-4.911837600162243,-4.83503255786487,1.2581845076102451,1.9296851420639594,2.1073376098332313,5.0,0.0,1.6884913998114095
E_n2,observation_half_life:volume_log,925,-5.0,4.071164870416804,-0.35274695297474595,3.5859840038723383,-5.0,-5.0,2.1734288536336956,3.0992624489250074,3.509813837443766,5.0,0.0,1.8615056928834006
E_n2,observation_half_life:volume_log^2,925,0.0,5.0,3.530194785252169,1.6584746303636138,0.0,0.8803715970670332,4.83414090635973,4.9712462107577755,4.982672940543006,5.0,0.0,4.962705979933693
E_n2,observation_half_life:volume_log_x_price_displacement,925,-4.23936215492353,5.0,2.435389880832742,1.8831568450819565,-0.332237553031084,0.17388578304568225,3.428054582058382,4.86976205217,4.92984944690343,5.0,0.0,0.3321241573421624
E_n2,observation_half_life:volume_movement_abs,925,-5.0,5.0,-2.239890685739726,2.54452570979215,-5.0,-5.0,-2.5496887862777142,4.242270483446535,4.878205800814659,5.0,0.0,-2.583423905108635
E_n2,observation_half_life:volume_movement_abs^2,925,-5.0,5.0,1.0798606643161468,2.2445782317023175,-4.9008481588815,-1.5466951028903853,0.27069903558281905,5.0,5.0,5.0,0.0,-1.5642600285867159
E_n2,observation_half_life:volume_movement_signed,925,-5.0,5.0,1.2885655435988128,1.9365864489725595,-3.676197515918075,-2.2259789634901455,1.1684673540950716,4.090341045786989,4.944494454795455,5.0,0.0,0.9639040990326263
E_n2,observation_half_life:volume_movement_signed^2,925,-5.0,5.0,0.6886968600314475,2.2250894597125863,-4.958451182370817,-1.6538013204459139,0.07593706945988954,5.0,5.0,5.0,0.0,-0.8810009881915472
E_n2,persistence:bias,925,-5.0,5.0,0.6409901880917913,0.8493732282918827,0.0,0.021991297913230668,0.5831584369497516,1.7844131651505462,4.245820299867599,5.0,0.0,0.7526141594417456
E_n2,persistence:directional_volume,925,-5.0,5.0,-0.11709587412346815,1.0244513830635729,-5.0,-1.4046092574320124,0.01724466545542753,1.4556278916760546,2.180434615334133,5.0,0.0,-0.8619271515671679
E_n2,persistence:directional_volume^2,925,-5.0,5.0,-0.31970272028164815,1.2597364702202685,-4.203670182593087,-2.0843092182094223,0.000730801602408645,0.5082759414876146,4.958940346944151,5.0,0.0,-0.17343554329649485
E_n2,persistence:price_acceleration,925,-5.0,5.0,-0.6551264330466263,1.389181194844385,-5.0,-4.5519992301536245,-0.0981015109956609,0.029943601611287382,1.0803092128818517,5.0,0.0,0.09588140471938975
E_n2,persistence:price_acceleration^2,925,-5.0,5.0,0.1229307439048348,1.8415583095299948,-4.956449607572942,-3.8088804419655897,0.005647855439298229,4.865930863972603,4.975435793335967,5.0,0.0,0.1193407818140371
E_n2,persistence:price_displacement,925,-5.0,5.0,-0.21040134728322296,0.8379857262773737,-3.0869972070669824,-1.7567115170038063,-0.013003313073924576,0.4217880800267295,1.999130231528368,5.0,0.0,-0.9870871335541206
E_n2,persistence:price_displacement^2,925,-5.0,5.0,-0.5473963022365235,1.4996226155508785,-4.839204682623258,-4.791735663994943,4.281203123891568e-05,0.30739643280654716,2.972027628878768,5.0,0.0,-0.30346190342056956
E_n2,persistence:price_velocity,925,-5.0,5.0,-0.16336983039232936,0.8730910673537726,-3.0869972070669824,-1.7567115170038063,-0.008365349257459036,0.5727493598883592,2.3634710181357916,5.0,0.0,0.11424388536535515
E_n2,persistence:price_velocity^2,925,-5.0,5.0,-0.4552157845439625,1.6483457368560055,-4.839204682623258,-4.791735663994943,0.007624383361054493,1.558530189532706,4.252230847584031,5.0,0.0,2.199568375395767
E_n2,persistence:price_velocity_x_acceleration,925,-5.0,5.0,0.5993804970193419,1.882454552001422,-3.7279368580735683,-2.9744617017358697,0.006374925070357538,4.822210323108295,5.0,5.0,0.0,1.4982178715749035
E_n2,persistence:relative_volume,925,-1.0913140702621564,2.2559046455275076,0.35687862098198386,0.8103521484059795,-0.8344059779549045,-0.6347142844296275,-0.008765908067539784,1.497879670973047,1.5199099529990145,2.2559046455275076,0.0,1.4318003650941886
E_n2,persistence:relative_volume^2,925,-0.26211901417619754,0.17579848055677255,-0.03378220927922471,0.09422721720471537,-0.170118273765606,-0.1678462645706479,0.0021494525593012724,0.0997969098408887,0.1260361828471352,0.26211901417619754,0.0,-0.14566568526688398
E_n2,persistence:relative_volume_x_price_velocity,925,-5.0,3.9285630933212325,-0.6375356036002572,0.9226138853924458,-2.1760331826694363,-1.919796826797507,-0.18622501184344004,0.259570260552532,0.3165122306008071,5.0,0.0,-1.896746848050129
E_n2,persistence:spread,925,0.0,0.0,0.0,0.0,0.0,0.0,0.0,0.0,0.0,0.0,0.0,0.0
E_n2,persistence:spread^2,925,0.0,0.0,0.0,0.0,0.0,0.0,0.0,0.0,0.0,0.0,0.0,0.0
E_n2,persistence:spread_change,925,0.0,0.0,0.0,0.0,0.0,0.0,0.0,0.0,0.0,0.0,0.0,0.0
E_n2,persistence:spread_change^2,925,0.0,0.0,0.0,0.0,0.0,0.0,0.0,0.0,0.0,0.0,0.0,0.0
E_n2,persistence:volume_density,925,-1.0847953508455843,2.273247560853396,0.3637883929727929,0.8170503062788196,-0.8292956815232514,-0.6304004860385621,-0.008547919094279164,1.5148937665970286,1.537156859858634,2.273247560853396,0.0,1.450630492471762
E_n2,persistence:volume_density^2,925,-0.2664108942358024,0.17464465532479154,-0.03558746219312632,0.09581887075872055,-0.1745361997022227,-0.17210760200466457,0.0020331516961989995,0.0984822347249999,0.12451415910470953,0.2664108942358024,0.0,-0.1505448435839884
E_n2,persistence:volume_density_x_price_displacement,925,-5.0,3.9228981878450253,-0.631356437862573,0.9170169545838615,-2.094518906690734,-1.8307075345262123,-0.1784748455027712,0.26770591137584737,0.32439881076697824,5.0,0.0,-1.7297609796098474
E_n2,persistence:volume_log,925,-1.4635257934947465,1.1080476874922938,-0.16720156674583322,0.34015440731185864,-1.1184513846721307,-0.8650039874067275,-0.02268595917804248,0.11921781061428449,0.15566107753729547,1.4635257934947465,0.0,-0.09687856516215812
E_n2,persistence:volume_log^2,925,-0.09444656434462709,0.22826834742604485,0.04743166519873389,0.054111460788595155,-0.010464029938888125,-0.009993888253581856,0.04901780711797721,0.14147802366119072,0.1914874592581362,0.22826834742604485,0.0,0.14231867960617578
E_n2,persistence:volume_log_x_price_displacement,925,-5.0,4.776461007527855,-0.3385447394493297,0.5054246339040893,-1.0775052925320276,-0.7312358648624244,-0.1594881089749166,0.019440168500209302,0.04706473375550936,5.0,0.0,-0.6853122493494893
E_n2,persistence:volume_movement_abs,925,-5.0,5.0,0.5677198835683525,1.4306687319246028,-2.3885058678421403,-1.9220182341323082,-0.00579851726094026,3.4759546130923455,4.236410575060042,5.0,0.0,0.5337259711965179
E_n2,persistence:volume_movement_abs^2,925,-5.0,5.0,-0.37878192361969953,1.5194628861703907,-4.745613816341788,-4.702038430382625,-0.027662610313845433,0.5227460858808836,4.155161960738306,5.0,0.0,-0.8667591244525044
E_n2,persistence:volume_movement_signed,925,-5.0,5.0,-0.3381515768611084,0.972504060802844,-2.928970996223914,-1.5801234053443114,0.0,0.729784052476829,1.8627525321135023,5.0,0.0,-2.2484096267384444
E_n2,persistence:volume_movement_signed^2,925,-5.0,5.0,-0.502509278543891,1.5117981963136167,-4.972916434735988,-4.832341140574384,-0.0332129286287031,0.5856579284793485,3.3383953378563507,5.0,0.0,-1.6546515535428112
E_n2,perturbation_state:bias,925,-5.0,5.0,-0.5140548661008538,0.8390878884961178,-4.227709185296338,-1.6518604951416105,-0.38984177494680017,0.041631673225637295,0.13560546550976868,5.0,0.0,-0.23487766646732905
E_n2,perturbation_state:directional_volume,925,-5.0,5.0,0.05272322820143059,1.0059092147080495,-2.2056756172833434,-1.4714888049861896,-0.011826721764056462,1.3460191606946492,5.0,5.0,0.0,-0.542420234958538
E_n2,perturbation_state:directional_volume^2,925,-5.0,5.0,0.34077890964241725,1.3072657504217602,-4.955612961752793,-0.5200928014429056,0.005534587299051607,2.2251317229132344,4.211659940815533,5.0,0.0,-0.30149547423389383
E_n2,perturbation_state:price_acceleration,925,-5.0,5.0,0.628594920834446,1.363544982510919,-0.6287059570404304,-0.02483360201147233,0.11221697473994353,4.540090570502156,5.0,5.0,0.0,0.20689722744241598
E_n2,perturbation_state:price_acceleration^2,925,-5.0,5.0,-0.1677722068877508,1.7805630071082286,-4.974800833925346,-4.863285206357953,0.022581032341694753,2.7832728069981414,4.960702621510601,5.0,0.0,0.19027054641459099
E_n2,perturbation_state:price_displacement,925,-5.0,5.0,0.31623081454800767,0.8996138733509828,-1.304782365036768,-0.10742277061250653,0.03788715216468455,2.293397267569324,3.2424084897789793,5.0,0.0,0.17431795544185616
E_n2,perturbation_state:price_displacement^2,925,-5.0,5.0,0.5915442508750044,1.471193934645758,-2.8738370596565543,-0.05287355239349267,0.10640121137825524,4.8100959241768315,4.861162420617881,5.0,0.0,0.026737995069753134
E_n2,perturbation_state:price_velocity,925,-5.0,5.0,0.32734425362057257,0.9062447629596871,-1.304782365036768,-0.10742277061250653,0.03788715216468455,2.293397267569324,3.2424084897789793,5.0,0.0,0.4886948638590788
E_n2,perturbation_state:price_velocity^2,925,-5.0,5.0,0.6240690031108546,1.4840523175967388,-2.8738370596565543,-0.15952134456356062,0.12094416590913035,4.8100959241768315,4.861162420617881,5.0,0.0,1.0385371036218074
E_n2,perturbation_state:price_velocity_x_acceleration,925,-5.0,5.0,-0.5455881161825138,1.8174639062356108,-5.0,-4.818266176278551,-0.0027558153933281175,2.561887103975578,3.7360813273003917,5.0,0.0,0.4703448798913894
E_n2,perturbation_state:relative_volume,925,-2.273250979304546,1.0536113656259016,-0.3970930064729985,0.8243283773547361,-1.634409730466264,-1.5740134562992298,-0.004583661613738205,0.5811372188372407,0.787761425109388,2.273250979304546,0.0,-1.58578985455751
E_n2,perturbation_state:relative_volume^2,925,-0.17400843882887895,0.26542163807692654,0.041700238808314645,0.09759535088470184,-0.1180355119834383,-0.09113620206951413,0.0011406252415018965,0.18095043822342838,0.18910274638466534,0.26542163807692654,0.0,0.18263467825970106
E_n2,perturbation_state:relative_volume_x_price_velocity,925,-4.1513248503208375,5.0,0.615867405380926,0.9066176315057884,-0.3943023330022175,-0.3350206997477302,0.20934417314323456,1.8038734557309044,2.022641969015008,5.0,0.0,1.704552184966885
E_n2,perturbation_state:spread,925,0.0,0.0,0.0,0.0,0.0,0.0,0.0,0.0,0.0,0.0,0.0,0.0
E_n2,perturbation_state:spread^2,925,0.0,0.0,0.0,0.0,0.0,0.0,0.0,0.0,0.0,0.0,0.0,0.0
E_n2,perturbation_state:spread_change,925,0.0,0.0,0.0,0.0,0.0,0.0,0.0,0.0,0.0,0.0,0.0,0.0
E_n2,perturbation_state:spread_change^2,925,0.0,0.0,0.0,0.0,0.0,0.0,0.0,0.0,0.0,0.0,0.0,0.0
E_n2,perturbation_state:volume_density,925,-2.291150870325652,1.046495856996873,-0.40414505443826826,0.8311544008227144,-1.6516379899973563,-1.5913968842080037,-0.004758820900301983,0.5763613183317929,0.7824023073773602,2.291150870325652,0.0,-1.6030599136355645
E_n2,perturbation_state:volume_density^2,925,-0.17272401030070297,0.2698635106859561,0.04354097295317938,0.09923177015666655,-0.11636499756640224,-0.0896886022338022,0.0011969180459249602,0.1854572119023266,0.1935153911957975,0.2698635106859561,0.0,0.18705554162889418
E_n2,perturbation_state:volume_density_x_price_displacement,925,-4.152662587985088,5.0,0.6183364549320153,0.9165522446193118,-0.40998306484031605,-0.35095639057067746,0.19380857917016758,1.8163235890436082,2.038797685057042,5.0,0.0,1.7651292861635925
E_n2,perturbation_state:volume_log,925,-1.0972291469771833,1.4582116742453222,0.13269038113654905,0.34454624278469015,-0.25888780242636966,-0.15365517677104326,7.197228162670132e-05,0.8374693133104696,1.097729700165354,1.4582116742453222,0.0,-0.20462317295242144
E_n2,perturbation_state:volume_log^2,925,-0.20821653175569274,0.1141970285267449,-0.029144355470777473,0.03978526372793711,-0.1715921995818532,-0.09393441646070247,-0.021928250901449054,0.007881504934465886,0.008030029108307064,0.20821653175569274,0.0,-0.0393620784899047
E_n2,perturbation_state:volume_log_x_price_displacement,925,-4.672725311455611,5.0,0.4210610212722775,0.5479087384851595,-0.043705305710860835,-0.019800462266786722,0.48168998038532584,1.017856914517815,1.2830480698920896,5.0,0.0,0.6078896078881781
E_n2,perturbation_state:volume_movement_abs,925,-5.0,5.0,-0.5181933084972314,1.4849522959700454,-4.217842936523332,-3.444235428896773,-0.0008413884844286862,2.436955775977186,2.91922119312284,5.0,0.0,-1.9571631224950432
E_n2,perturbation_state:volume_movement_abs^2,925,-5.0,5.0,0.32163971646060535,1.52704551558065,-4.135537564242134,-0.5537051891354425,-0.002385230281491607,4.712453110631765,4.758386931597287,5.0,0.0,-0.9693919064384472
E_n2,perturbation_state:volume_movement_signed,925,-5.0,5.0,0.42506583599652237,1.0121671371275425,-1.6482963287372692,-0.6168917459750475,0.0,2.101799824610477,2.9377806691614916,5.0,0.0,0.8745859916636515
E_n2,perturbation_state:volume_movement_signed^2,925,-5.0,5.0,0.45617031577067896,1.5009553669014921,-3.308457033596035,-0.5508264662599572,0.023060969257396924,4.843294499174225,4.976351472103835,5.0,0.0,-0.16516258786349394
E_n2,reinforcement:bias,925,-5.0,5.0,0.5990702736108431,0.8516967250107348,-0.01981854601195926,-0.007399145035658989,0.5481125057459518,1.725067740234585,4.240819486192033,5.0,0.0,0.6609884857204307
E_n2,reinforcement:directional_volume,925,-5.0,5.0,-0.0902136249554411,1.023690598629727,-5.0,-1.3596768971928948,0.03379178381139938,1.476266252060987,2.2131416279750273,5.0,0.0,-0.821210880378387
E_n2,reinforcement:directional_volume^2,925,-5.0,5.0,-0.34151858438921606,1.2924462608175329,-4.223528855991743,-2.1948223200703576,-0.08692801717644322,0.6008199360395285,4.956466262337547,5.0,0.0,-0.10814213524709149
E_n2,reinforcement:price_acceleration,925,-5.0,5.0,-0.6937060047130018,1.3641851993547338,-5.0,-4.538969592718805,-0.19276290864994494,0.029436331680275197,1.0173080687395442,5.0,0.0,0.05133702040155112
E_n2,reinforcement:price_acceleration^2,925,-5.0,5.0,0.11599104696397883,1.8349738762789023,-4.96108769424413,-3.7722372935820765,0.009260220840318679,4.863078890114237,4.975115250402429,5.0,0.0,0.1250883337886546
E_n2,reinforcement:price_displacement,925,-5.0,5.0,-0.23553707997306092,0.8816820266942779,-3.160627845320833,-2.0567398909949413,-0.02300006066727718,0.31035470763864376,1.9414318610185122,5.0,0.0,-0.9637360981572205
E_n2,reinforcement:price_displacement^2,925,-5.0,5.0,-0.5384469193000846,1.5034805554606852,-4.851696050187172,-4.805063636832973,-0.019710700997370437,0.282297400248833,2.892079501750772,5.0,0.0,-0.3287220912515671
E_n2,reinforcement:price_velocity,925,-5.0,5.0,-0.1890692367519043,0.9160626745065553,-3.160627845320833,-2.0567398909949413,-0.014279858090639912,0.49381751273221525,2.394253294547285,5.0,0.0,0.14812281335946162
E_n2,reinforcement:price_velocity^2,925,-5.0,5.0,-0.4487387290623173,1.6442669072453309,-4.851696050187172,-4.805063636832973,0.009360952477504764,1.5049251822016487,4.39482781128546,5.0,0.0,2.12776540976855
E_n2,reinforcement:price_velocity_x_acceleration,925,-5.0,5.0,0.5790061614896436,1.8691692065908503,-3.7323669038048335,-2.906197890938818,-0.009624648934439354,4.8184398044689996,5.0,5.0,0.0,1.4892651262175838
E_n2,reinforcement:relative_volume,925,-1.0676394880248623,2.27962906344732,0.37688800741157735,0.815552792344771,-0.8069941393495271,-0.6037902610202044,-0.0028717027311407637,1.525509664148364,1.54685764002489,2.27962906344732,0.0,1.4729528091243778
E_n2,reinforcement:relative_volume^2,925,-0.2642844037647293,0.17639317933769302,-0.03619259627924779,0.09456635203687236,-0.17284422922242454,-0.17018978105386356,0.0009505314088067426,0.0954800852178787,0.12216369941353941,0.2642844037647293,0.0,-0.15090077096768895
E_n2,reinforcement:relative_volume_x_price_velocity,925,-5.0,3.9179100277987997,-0.6396403495840725,0.9251241915688563,-2.172985527733022,-1.9166249314840542,-0.2043636819568393,0.297022012420124,0.35518843784200005,5.0,0.0,-1.9010695314128392
E_n2,reinforcement:spread,925,0.0,0.0,0.0,0.0,0.0,0.0,0.0,0.0,0.0,0.0,0.0,0.0
E_n2,reinforcement:spread^2,925,0.0,0.0,0.0,0.0,0.0,0.0,0.0,0.0,0.0,0.0,0.0,0.0
E_n2,reinforcement:spread_change,925,0.0,0.0,0.0,0.0,0.0,0.0,0.0,0.0,0.0,0.0,0.0,0.0
E_n2,reinforcement:spread_change^2,925,0.0,0.0,0.0,0.0,0.0,0.0,0.0,0.0,0.0,0.0,0.0,0.0
E_n2,reinforcement:volume_density,925,-1.0604587736150906,2.2975380179915623,0.38417947075007974,0.822366295310182,-0.8014525985927781,-0.5989664783972003,-0.002630130565122992,1.5432326408638164,1.5647082548655709,2.2975380179915623,0.0,1.4923579862220284
E_n2,reinforcement:volume_density^2,925,-0.26873919887916753,0.17507116143194296,-0.03810955644012932,0.09618887971663909,-0.17743833442655407,-0.17461547698202223,0.000808147833139052,0.09401187861136974,0.12046094654891513,0.26873919887916753,0.0,-0.15594809610876725
E_n2,reinforcement:volume_density_x_price_displacement,925,-5.0,3.9168028289702583,-0.6324958864920117,0.9204386921334734,-2.0924198041534723,-1.8342586049311531,-0.19203044580893144,0.3097472879370111,0.36765511261254824,5.0,0.0,-1.7341485266478713
E_n2,reinforcement:volume_log,925,-1.4705573050081244,1.1079453103746193,-0.16254822342135472,0.3412834400806695,-1.119798064663386,-0.8620201678661311,-0.025020188555259143,0.12435978056915968,0.16046044243755672,1.4705573050081244,0.0,-0.07826408399699297
E_n2,reinforcement:volume_log^2,925,-0.1179283498904089,0.20541091373207293,0.030829552522256283,0.04653171417348447,-0.01772726243212406,-0.016322955489138997,0.02422622589577524,0.11573615739211168,0.16778044089886487,0.20541091373207293,0.0,0.11579136740329458
E_n2,reinforcement:volume_log_x_price_displacement,925,-5.0,4.527666302257623,-0.40277786982106717,0.5306971799272442,-1.1419014219558752,-0.8817863497789217,-0.36213131999973974,0.02175110799272189,0.04636433036856038,5.0,0.0,-0.6991858809301842
E_n2,reinforcement:volume_movement_abs,925,-5.0,5.0,0.5545988115164995,1.46449003486809,-2.684029205394758,-2.209334322670372,0.008914004945594167,3.453545755975252,4.219290467677348,5.0,0.0,0.547403264940532
E_n2,reinforcement:volume_movement_abs^2,925,-5.0,5.0,-0.3652468406368627,1.5241965002973266,-4.754050953608971,-4.709398670445237,-0.031237499923367197,0.5623600083872272,4.121776384827737,5.0,0.0,-0.815924222316364
E_n2,reinforcement:volume_movement_signed,925,-5.0,5.0,-0.3678530457871386,0.9997942985398038,-2.9255046112237673,-1.8660862509017964,0.0,0.6880825558754258,1.7884060821286953,5.0,0.0,-2.2425844034590394
E_n2,reinforcement:volume_movement_signed^2,925,-5.0,5.0,-0.5058403899922684,1.512112412007304,-4.974861308598017,-4.84011638551498,-0.05373812867047959,0.5344610951312654,3.2890207801337663,5.0,0.0,-1.6643501188858014
E_n2,reversal_tendency:bias,925,-5.0,5.0,0.4904396601996591,0.9192819125702963,-0.765850404439997,-0.3787230863262436,0.07069560437627609,1.8633679813711148,3.0145882406899025,5.0,0.0,1.560469478734348
E_n2,reversal_tendency:directional_volume,925,-5.0,5.0,0.14458585319828915,0.8085759440865864,-3.045061534842788,-0.7854218399809023,0.007304704695298912,1.3872517457554714,2.1056309500987034,5.0,0.0,-0.839927037360793
E_n2,reversal_tendency:directional_volume^2,925,-5.0,5.0,0.14549989693309603,0.8910226993117578,-4.194275281176394,-0.2173817957836788,0.06934396319725325,0.6074640994983491,4.988528130645079,5.0,0.0,-0.19147855969167316
E_n2,reversal_tendency:price_acceleration,925,-5.0,5.0,-0.8914745816730028,1.477684258671925,-5.0,-4.586416098785502,-0.180880023567394,0.01675843194136146,0.06853525965247427,5.0,0.0,-1.2286258134869057
E_n2,reversal_tendency:price_acceleration^2,925,-5.0,5.0,0.31809683158557084,1.8786304901349111,-4.948778600107138,-3.7875325895445524,0.09835564164776422,4.9124525345561345,4.927736534214931,5.0,0.0,-0.38021820122163325
E_n2,reversal_tendency:price_displacement,925,-5.0,5.0,0.02065886940415118,0.7006065575049423,-3.0124515326056476,-0.40079126406727167,0.012343257512116837,0.7968700596721068,1.723916914933901,5.0,0.0,-0.6972326125533715
E_n2,reversal_tendency:price_displacement^2,925,-5.0,5.0,-0.16253882423495977,0.9112787154082483,-4.111888955584816,-1.3006331558972501,-0.04137218197060147,1.0091573296232863,3.0480135255362244,5.0,0.0,0.3950521988659779
E_n2,reversal_tendency:price_velocity,925,-5.0,5.0,0.11220791508563548,0.8348177671161267,-3.0124515326056476,-0.35505747247795766,0.015460083331840662,1.4920847054090323,2.9464911669532974,5.0,0.0,1.1528083260240027
E_n2,reversal_tendency:price_velocity^2,925,-5.0,5.0,-0.1029929312579952,1.1963708257647383,-4.803519552728467,-1.3023192849107852,-0.04288329529501197,2.184630441543567,4.301353812313472,5.0,0.0,2.487826259368563
E_n2,reversal_tendency:price_velocity_x_acceleration,925,-5.0,5.0,0.016130568939699722,1.3124036985584042,-4.9181851697723475,-3.2381194009857355,0.04836887449002629,1.7288450705066458,4.7944400152748745,5.0,0.0,0.12258084214592947
E_n2,reversal_tendency:relative_volume,925,-0.25363942123030997,3.1249474705674904,0.756750512530588,1.0397877247240745,-0.06643334194156633,-0.033944078361288176,0.0776818245792071,2.286976170784715,2.328886300044079,3.1249474705674904,0.0,2.059160489370173
E_n2,reversal_tendency:relative_volume^2,925,-0.3912066424665143,0.037933282125701566,-0.09315160391901481,0.12329752088615799,-0.2953433307271352,-0.29083449922725796,-0.02991173067887576,0.0075956578396700475,0.011967712035518534,0.3912066424665143,0.0,-0.21500297077964087
E_n2,reversal_tendency:relative_volume_x_price_velocity,925,-5.0,3.0130777688268218,-0.6493085457283145,0.9162446914288802,-2.3060346887527596,-2.108193967952926,-0.06844587174482057,0.0,0.028129558932167103,5.0,0.0,-2.079195332495113
E_n2,reversal_tendency:spread,925,0.0,0.0,0.0,0.0,0.0,0.0,0.0,0.0,0.0,0.0,0.0,0.0
E_n2,reversal_tendency:spread^2,925,0.0,0.0,0.0,0.0,0.0,0.0,0.0,0.0,0.0,0.0,0.0,0.0
E_n2,reversal_tendency:spread_change,925,0.0,0.0,0.0,0.0,0.0,0.0,0.0,0.0,0.0,0.0,0.0,0.0
E_n2,reversal_tendency:spread_change^2,925,0.0,0.0,0.0,0.0,0.0,0.0,0.0,0.0,0.0,0.0,0.0,0.0
E_n2,reversal_tendency:volume_density,925,-0.2525641671794336,3.137390151428589,0.7609355123471601,1.0456779505426068,-0.06603828134863703,-0.03371058350288121,0.07773377819963508,2.298611732346582,2.3421753807834813,3.137390151428589,0.0,2.073438351241987
E_n2,reversal_tendency:volume_density^2,925,-0.39413328587526975,0.03762438553239447,-0.09417594431824071,0.1247256268347662,-0.2990183728418236,-0.29368144654936174,-0.02988428118613832,0.007525662023452302,0.011849550734104456,0.39413328587526975,0.0,-0.2186821646266751
E_n2,reversal_tendency:volume_density_x_price_displacement,925,-5.0,3.0124648378846643,-0.6385577757077887,0.8990684307429601,-2.096670608618738,-1.9458736391610083,-0.06620180353922693,0.0,0.030297222229142464,5.0,0.0,-1.7990560556593322
E_n2,reversal_tendency:volume_log,925,-0.32352248811131007,2.2511166537380087,0.37580961662689266,0.5182560462072109,-0.09721964888507323,-0.053915017815571675,0.0805888298231006,1.192905180812003,1.2849422503272157,2.2511166537380087,0.0,0.7873927032363338
E_n2,reversal_tendency:volume_log^2,925,-0.24142339075672456,0.09495212953650842,-0.009383961747156788,0.0377085791976659,-0.09061351551031033,-0.05317826371547504,0.001024595835483456,0.05869803687884926,0.08024290151013568,0.24142339075672456,0.0,0.06617304520273193
E_n2,reversal_tendency:volume_log_x_price_displacement,925,-5.0,3.0162901095448564,-0.2893003056431661,0.4666402019216451,-1.1566480552681264,-0.8770027297221864,-0.12533443936763114,0.00031513262855115105,0.06152449143290362,5.0,0.0,-0.8244745725770115
E_n2,reversal_tendency:volume_movement_abs,925,-5.0,5.0,0.6853384553979444,1.2200068789699618,-0.4931155659262174,-0.227964430719742,0.024008816162647818,3.501270108391012,4.2683280067417195,5.0,0.0,0.41562443498154106
E_n2,reversal_tendency:volume_movement_abs^2,925,-5.0,5.0,-0.1329226326663504,0.9022429304677654,-2.8198857192665523,-1.5347368354713626,0.010455871398798397,0.39103797920182504,4.181441335267051,5.0,0.0,-1.153976424235982
E_n2,reversal_tendency:volume_movement_signed,925,-5.0,5.0,-0.2719484902498222,0.8465563468195413,-2.966396770668345,-1.317346865478298,-0.008234383835749292,0.5645857534415173,0.9869571258259662,5.0,0.0,-2.234823957353608
E_n2,reversal_tendency:volume_movement_signed^2,925,-5.0,5.0,-0.23644455276309864,0.9099631617023067,-3.437617964030033,-1.245610156204738,-0.012853125619598022,0.660305701225148,3.4045479094606406,5.0,0.0,-1.8808879869558683
E_n2,strength:bias,925,-5.0,5.0,-0.29510873292402934,0.8862184811053898,-4.178983585081448,-1.4744120354894283,-0.14047785287381054,0.4091691507246169,0.4222115283330378,5.0,0.0,0.014204017647807567
E_n2,strength:directional_volume,925,-5.0,5.0,0.10339990032951876,1.0154169407602993,-2.2245745569866826,-1.5229933495375758,0.04023806285700947,1.3795133493757261,5.0,5.0,0.0,-0.31663693567910023
E_n2,strength:directional_volume^2,925,-5.0,5.0,0.4775104790355866,1.310653340333221,-4.952103534820877,-0.33349354204036885,0.09125068955221996,2.3598283822183626,4.188492487441937,5.0,0.0,-0.028464097728461712
E_n2,strength:price_acceleration,925,-5.0,5.0,0.6372877984308744,1.3593467949629234,-0.3722643897171015,0.0,0.08314140019612166,4.55198173297844,5.0,5.0,0.0,0.14319655817170301
E_n2,strength:price_acceleration^2,925,-5.0,5.0,-0.1484495867949316,1.774302181445889,-4.974504107950257,-4.857663430567924,0.04411260036689241,2.7314312455913767,4.956956735732259,5.0,0.0,0.1471968765057238
E_n2,strength:price_displacement,925,-5.0,5.0,0.3125490391122094,0.8953020848598692,-1.313290563003857,-0.10403011833052671,0.044810435514898904,2.2971995399305647,3.2680135839646245,5.0,0.0,0.2870843576577915
E_n2,strength:price_displacement^2,925,-5.0,5.0,0.6204940963921034,1.4580560865650707,-2.89129784654504,-0.01841171339738941,0.13433724049622936,4.816197534767505,4.868117432356071,5.0,0.0,0.07909656441122714
E_n2,strength:price_velocity,925,-5.0,5.0,0.3138978773911109,0.8964758213472834,-1.313290563003857,-0.10403011833052671,0.044810435514898904,2.2971995399305647,3.2680135839646245,5.0,0.0,0.34569647446267876
E_n2,strength:price_velocity^2,925,-5.0,5.0,0.6406477288917409,1.4610767140593552,-2.89129784654504,-0.19273164256076253,0.13433724049622936,4.816197534767505,4.868117432356071,5.0,0.0,0.7133861133506954
E_n2,strength:price_velocity_x_acceleration,925,-5.0,5.0,-0.5785879149458641,1.8027690701297632,-5.0,-4.817158315910268,-0.08040095431467487,2.5373199117419434,3.7280335755004104,5.0,0.0,0.19688180251137455
E_n2,strength:relative_volume,925,-2.3700888700425615,0.9820358468058247,-0.4865602691537918,0.8388317470079851,-1.7406838813486911,-1.6985185826719844,-0.07129713044795825,0.4785727125209398,0.701943178206846,2.3700888700425615,0.0,-1.719538994542123
E_n2,strength:relative_volume^2,925,-0.15522616444320725,0.2827452303415018,0.057488587527764354,0.09932423095938604,-0.10275353265544071,-0.07352540773356513,0.014409012797283474,0.20114114035324906,0.20616861286048746,0.2827452303415018,0.0,0.20321058497180208
E_n2,strength:relative_volume_x_price_velocity,925,-4.417247856503778,5.0,0.6212889512518418,0.9126666707280485,-0.3962582281707586,-0.33491652276074724,0.20776093851240704,1.8051474633270397,2.0254933743180232,5.0,0.0,1.7456123705591884
E_n2,strength:spread,925,0.0,0.0,0.0,0.0,0.0,0.0,0.0,0.0,0.0,0.0,0.0,0.0
E_n2,strength:spread^2,925,0.0,0.0,0.0,0.0,0.0,0.0,0.0,0.0,0.0,0.0,0.0,0.0
E_n2,strength:spread_change,925,0.0,0.0,0.0,0.0,0.0,0.0,0.0,0.0,0.0,0.0,0.0,0.0
E_n2,strength:spread_change^2,925,0.0,0.0,0.0,0.0,0.0,0.0,0.0,0.0,0.0,0.0,0.0,0.0
E_n2,strength:volume_density,925,-2.3871749906344744,0.9757111203174617,-0.4928854396199439,0.8457771264120911,-1.7573750916895787,-1.7154342714621067,-0.07059555490875213,0.474789550989614,0.6971694058175486,2.3871749906344744,0.0,-1.7362957089625102
E_n2,strength:volume_density^2,925,-0.15422902821770457,0.28692917941266194,0.05910067953452876,0.10099653325004523,-0.10135051700677103,-0.07237699580754546,0.014194220808262919,0.20541897199007886,0.2103953379821528,0.28692917941266194,0.0,0.20745223596790816
E_n2,strength:volume_density_x_price_displacement,925,-4.418794058480242,5.0,0.621530761042475,0.9209471800986488,-0.412992265075912,-0.35191330046088753,0.1911634571700187,1.817740029551163,2.0412580092384567,5.0,0.0,1.7662396230530066
E_n2,strength:volume_log,925,-1.2248507539094122,1.3600892841010264,0.019853033396033087,0.3326818902384329,-0.3642879326826677,-0.29413572064783705,-0.09164876596633782,0.6991728296341555,0.9827130873139145,1.3600892841010264,0.0,-0.3369712797188167
E_n2,strength:volume_log^2,925,-0.21768550765568567,0.10840937696688652,-0.03403396586567246,0.039757349154624234,-0.17692707497034668,-0.09906322244520173,-0.021708188300459536,0.007607988709814166,0.008173732830853868,0.21768550765568567,0.0,-0.04823481259764313
E_n2,strength:volume_log_x_price_displacement,925,-4.964735119265409,5.0,0.4448849152230625,0.5501898162688652,-0.030201564559554056,0.0007237161639635452,0.5326048862502482,1.0654970819325824,1.33444382619154,5.0,0.0,0.6107534570647781
E_n2,strength:volume_movement_abs,925,-5.0,5.0,-0.6395475054292223,1.4429427355662943,-4.262773933119299,-3.491921611330037,-0.17772104850749837,2.2605114540982374,2.767757975482679,5.0,0.0,-1.8318513429370484
E_n2,strength:volume_movement_abs^2,925,-5.0,5.0,0.31471634990876,1.526237829650065,-4.170392802545948,-0.5170978140818232,-0.0473223942261629,4.717382116090209,4.764081224378439,5.0,0.0,-0.7524035298162854
E_n2,strength:volume_movement_signed,925,-5.0,5.0,0.45552691131068807,0.9960002370143904,-1.6256168555113557,-0.5312164781777747,0.06949283522337327,2.1767946144490944,2.9355011077708175,5.0,0.0,1.0341392592032888
E_n2,strength:volume_movement_signed^2,925,-5.0,5.0,0.4466507522919755,1.5025050006216196,-3.3262747424067665,-0.576711067522095,0.020072414912229095,4.847646848228136,4.977552470955741,5.0,0.0,0.020317030602279663
E_n2,uncertainty:bias,925,-5.0,5.0,0.8064840050940281,0.8326848613495303,0.0,0.12802329518711292,0.6676297685407203,1.940240243387054,4.216369085562096,5.0,0.0,1.3264083201353083
E_n2,uncertainty:directional_volume,925,-5.0,5.0,-0.022717238564976476,0.9804175887591087,-5.0,-1.3585709991547397,0.07331958216117615,1.4234337517606757,2.1470958466251586,5.0,0.0,-1.4623432060355643
E_n2,uncertainty:directional_volume^2,925,-5.0,5.0,-0.39945967229925755,1.4166968001662081,-4.2134434690467435,-2.5576218694660793,-0.04568122778603262,0.6387024015860172,4.948430888323597,5.0,0.0,-0.26749728489573793
E_n2,uncertainty:price_acceleration,925,-5.0,5.0,-0.5259317666238043,1.4199588736761521,-5.0,-4.499939118018406,-0.008846942742836487,0.14019954018630612,1.355024013432649,5.0,0.0,-0.012869610009246805
E_n2,uncertainty:price_acceleration^2,925,-5.0,5.0,0.1636487709631109,1.9210570391874098,-4.964996752188302,-3.8504453596567823,0.03614932810449957,4.862729780024218,4.973784111265287,5.0,0.0,1.2906712809059409
E_n2,uncertainty:price_displacement,925,-5.0,5.0,-0.3932307004122339,1.2897154387661154,-4.9212043923742215,-3.949898371178136,-0.06573121638554241,0.2806951058159133,3.180579100314304,5.0,0.0,-1.0097832961250648
E_n2,uncertainty:price_displacement^2,925,-5.0,5.0,-0.4453330177184075,1.5736145062489744,-4.922788107123714,-4.860821442478359,0.021330413722370583,0.697746770291426,4.172163004330707,5.0,0.0,0.23453857376299259
E_n2,uncertainty:price_velocity,925,-5.0,5.0,-0.32137878777992873,1.3677646207570733,-4.9212043923742215,-3.949898371178136,-0.04044136539883987,1.0537287543334766,3.837020748484715,5.0,0.0,0.6055006253177363
E_n2,uncertainty:price_velocity^2,925,-5.0,5.0,-0.38412879765735636,1.7426860803572601,-4.922788107123714,-4.860821442478359,0.021330413722370583,2.1115806861152135,4.596700715948753,5.0,0.0,1.839300651787473
E_n2,uncertainty:price_velocity_x_acceleration,925,-5.0,5.0,0.48766662298776037,1.9462461134571183,-4.999024459331244,-3.223053960524773,-0.005572808518279957,4.809973486636872,5.0,5.0,0.0,2.423285103853992
E_n2,uncertainty:relative_volume,925,-1.02357750292302,2.1852281910794336,0.3195273050491269,0.7400542367694889,-0.7560594842237474,-0.5302258452524694,-0.04505246278597186,1.3811795225768615,1.3979739764042067,2.1852281910794336,0.0,1.2352865074431938
E_n2,uncertainty:relative_volume^2,925,-0.2455788996184494,0.19736944048368218,-0.022542174023470845,0.08252012563608613,-0.14996975834278906,-0.14592276981362184,0.009671430143279968,0.08888088552090176,0.13137971201551954,0.2455788996184494,0.0,-0.10011982828540926
E_n2,uncertainty:relative_volume_x_price_velocity,925,-5.0,4.699752216928038,-0.6377809495444194,0.960321153311961,-2.4248789790961727,-2.0506743342878426,-0.26715865939925915,0.5690023110940736,0.6352683814752748,5.0,0.0,-2.018322880734541
E_n2,uncertainty:spread,925,0.0,0.0,0.0,0.0,0.0,0.0,0.0,0.0,0.0,0.0,0.0,0.0
E_n2,uncertainty:spread^2,925,0.0,0.0,0.0,0.0,0.0,0.0,0.0,0.0,0.0,0.0,0.0,0.0
E_n2,uncertainty:spread_change,925,0.0,0.0,0.0,0.0,0.0,0.0,0.0,0.0,0.0,0.0,0.0,0.0
E_n2,uncertainty:spread_change^2,925,0.0,0.0,0.0,0.0,0.0,0.0,0.0,0.0,0.0,0.0,0.0,0.0
E_n2,uncertainty:volume_density,925,-1.0123895235368139,2.2072003652497116,0.32936946416438573,0.7477956326486892,-0.746318517500636,-0.521645618483994,-0.04370169632835627,1.402176145161822,1.419835219703255,2.2072003652497116,0.0,1.259722383315946
E_n2,uncertainty:volume_density^2,925,-0.2511763028739118,0.1949827147557101,-0.025188018270794754,0.08432424922895036,-0.15647726300927553,-0.15138926387611681,0.009246379056267425,0.08632495822650506,0.12902130004843723,0.2511763028739118,0.0,-0.10660053393677282
E_n2,uncertainty:volume_density_x_price_displacement,925,-5.0,4.723459516549832,-0.6185914186114065,0.9510371869001856,-2.2959598973236757,-1.8835802419730256,-0.22722719624632914,0.6094191467784655,0.6754205051869124,5.0,0.0,-1.7560626286634862
E_n2,uncertainty:volume_log,925,-1.6221998741564345,0.8035367265755645,-0.34436954822085486,0.3307982038554818,-1.264363209694763,-0.9720264909476634,-0.22653994448403064,-0.02590868905699457,0.0,1.6221998741564345,0.0,-0.6021546974282568
E_n2,uncertainty:volume_log^2,925,-0.18944055555878211,0.14432349986160325,-0.013591946108129253,0.04314736786682332,-0.08688023196553818,-0.08220621233301982,-0.01805554658936162,0.07357790262811871,0.10818234824153725,0.18944055555878211,0.0,0.1007610588573461
E_n2,uncertainty:volume_log_x_price_displacement,925,-5.0,4.143907206816186,-0.7357253667477665,0.936098764438544,-2.4346726388842894,-2.3616889747019334,-0.6331583863064679,0.055955434110250966,0.06751256180559385,5.0,0.0,-0.8335937578072936
E_n2,uncertainty:volume_movement_abs,925,-5.0,5.0,0.248914621679518,1.8839372273938508,-4.884620126954653,-4.383219798292747,-0.1382554702049052,3.5241206805947183,4.60665113233091,5.0,0.0,0.05984802720207315
E_n2,uncertainty:volume_movement_abs^2,925,-5.0,5.0,-0.34689582093059235,1.5767520002018502,-4.795191462869301,-4.742445050981797,-0.004538304513594914,0.6242552927471671,4.1979299259864895,5.0,0.0,-1.4121426422531842
E_n2,uncertainty:volume_movement_signed,925,-5.0,5.0,-0.5474356862446854,1.3088719539798355,-4.559908831859905,-3.844310331927171,-0.0026352830817978905,0.42145894884082785,1.7820329028776019,5.0,0.0,-2.6527842320938
E_n2,uncertainty:volume_movement_signed^2,925,-5.0,5.0,-0.4680166908747732,1.5729646834142508,-4.986059773038429,-4.873639735641673,-0.07238916783448636,0.7817904000963549,3.372202150987128,5.0,0.0,-2.206210621918596
E_n3,direction_state:bias,925,-5.0,5.0,0.3051885577557986,1.7701057052074167,-4.4910688930801586,-3.083058213299289,0.28623058054332895,3.350158068341224,5.0,5.0,0.0,-3.192667564253746
E_n3,direction_state:directional_volume,925,-5.0,5.0,-0.9187499905794085,2.307376307731114,-5.0,-3.96070472872314,-0.9970362834669029,3.197301062105409,5.0,5.0,0.0,-0.14842081980850033
E_n3,direction_state:directional_volume^2,925,-5.0,5.0,0.3820229040965152,2.5014855943824474,-5.0,-2.449916613733811,-0.18137416119208688,4.563413787951333,5.0,5.0,0.0,1.548090058016444
E_n3,direction_state:directional_volume^3,925,-5.0,5.0,1.7142008191815832,2.4631678564794224,-5.0,-4.844632646542348,2.1421989165434647,4.885817303667497,5.0,5.0,0.0,3.766827072393174
E_n3,direction_state:price_acceleration,925,-5.0,5.0,-0.810751228669724,2.6051966961921615,-5.0,-4.859909836748708,-0.7282347266596392,4.442691053361663,5.0,5.0,0.0,-0.6908233096451775
E_n3,direction_state:price_acceleration^2,925,-5.0,5.0,0.8011747422804596,3.156208601628835,-5.0,-4.9823429805920965,1.1889976443027663,5.0,5.0,5.0,0.0,-1.097009628565478
E_n3,direction_state:price_acceleration^3,925,-5.0,5.0,-0.2575119402956023,3.3002954325917546,-5.0,-5.0,0.0,5.0,5.0,5.0,0.0,-3.103744365882788
E_n3,direction_state:price_displacement,925,-5.0,5.0,-0.37350307632375057,2.2564373236488464,-5.0,-4.7090661035409225,-0.2012723978029587,3.909377852337296,5.0,5.0,0.0,-1.0162007461088844
E_n3,direction_state:price_displacement^2,925,-5.0,5.0,0.10048043203328037,2.8505975683540368,-5.0,-5.0,-0.033667746091115565,5.0,5.0,5.0,0.0,-4.074715913836864
E_n3,direction_state:price_displacement^3,925,-5.0,5.0,0.4484531899680843,2.8807465266130334,-5.0,-5.0,0.30878719788809916,5.0,5.0,5.0,0.0,-2.543480097290486
E_n3,direction_state:price_velocity,925,-5.0,5.0,-0.47777027797877564,2.274963101166074,-5.0,-4.782040256368458,-0.21954202327713812,3.77635470775516,5.0,5.0,0.0,-3.0149806382518367
E_n3,direction_state:price_velocity^2,925,-5.0,5.0,0.1266725737767739,2.85658368762759,-5.0,-5.0,-0.03743543408245719,5.0,5.0,5.0,0.0,-4.381960780429507
E_n3,direction_state:price_velocity^3,925,-5.0,5.0,0.4749997937140782,2.96198634732478,-5.0,-5.0,0.30878719788809916,5.0,5.0,5.0,0.0,-4.444846233159644
E_n3,direction_state:price_velocity_x_acceleration,925,-5.0,5.0,0.18446783826173155,3.251761531588819,-5.0,-5.0,0.09146917914042803,5.0,5.0,5.0,0.0,-3.194321404941703
E_n3,direction_state:relative_volume,925,-5.0,5.0,-0.6470208158076455,1.9035501260804653,-4.51997159631996,-4.339158630426729,0.1005802358639775,1.1151825353516724,1.5957725851551703,5.0,0.0,-0.10023821408496938
E_n3,direction_state:relative_volume^2,925,-0.3834040955574122,5.0,2.185335126797326,2.049247970094394,-0.32225931293673676,-0.24568733951372762,3.0059810492444243,4.906898628364237,4.931749678967493,5.0,0.0,3.4046349588462554
E_n3,direction_state:relative_volume^3,925,-0.8108421057004237,0.11257139030131023,-0.3807975066144633,0.3620841980109489,-0.7976303885805459,-0.794770388441687,-0.5802665482028877,0.07815258757818254,0.09263129277338936,0.8108421057004237,0.0,-0.7055632522263995
E_n3,direction_state:relative_volume_x_price_velocity,925,-5.0,5.0,0.2165014933734331,2.3284945521780873,-3.436997913278273,-3.414567127965631,0.1301559952115916,3.75871387761711,4.5592961098326,5.0,0.0,0.5059857673640373
E_n3,direction_state:spread,925,0.0,0.0,0.0,0.0,0.0,0.0,0.0,0.0,0.0,0.0,0.0,0.0
E_n3,direction_state:spread^2,925,0.0,0.0,0.0,0.0,0.0,0.0,0.0,0.0,0.0,0.0,0.0,0.0
E_n3,direction_state:spread^3,925,0.0,0.0,0.0,0.0,0.0,0.0,0.0,0.0,0.0,0.0,0.0,0.0
E_n3,direction_state:spread_change,925,0.0,0.0,0.0,0.0,0.0,0.0,0.0,0.0,0.0,0.0,0.0,0.0
E_n3,direction_state:spread_change^2,925,0.0,0.0,0.0,0.0,0.0,0.0,0.0,0.0,0.0,0.0,0.0,0.0
E_n3,direction_state:spread_change^3,925,0.0,0.0,0.0,0.0,0.0,0.0,0.0,0.0,0.0,0.0,0.0,0.0
E_n3,direction_state:volume_density,925,-5.0,5.0,-0.6554334102001229,1.9016070569006878,-4.52269805557012,-4.343555018556835,0.08980715709649664,1.1244714688423534,1.6228327140793037,5.0,0.0,-0.07705042234286949
E_n3,direction_state:volume_density^2,925,-0.36837855538117154,5.0,2.1835304749981477,2.0404040511886157,-0.3063934978102867,-0.22892085670784995,2.9845457437903127,4.908095352853536,4.932518869274023,5.0,0.0,3.3846838134084534
E_n3,direction_state:volume_density^3,925,-1.038034983322865,0.10837350032381488,-0.5135681661044185,0.4706696932732394,-1.026457562784861,-1.0235255208137493,-0.8033760661588099,0.07414176180785138,0.08933544995770958,1.038034983322865,0.0,-0.9284796245914637
E_n3,direction_state:volume_density_x_price_displacement,925,-5.0,5.0,0.33109058731287355,2.3561451747054356,-3.443630640952392,-3.42128483253972,0.24434541507012192,3.745482753726578,4.539627789291917,5.0,0.0,1.5318058255153235
E_n3,direction_state:volume_log,925,-5.0,5.0,-0.19043766335524148,2.0892612912981607,-2.935587885144598,-2.5361019249881394,-1.3654883457068023,3.06627700634413,3.350912673907707,5.0,0.0,-1.8502378518669176
E_n3,direction_state:volume_log^2,925,-0.2229589288442294,5.0,3.023833831777427,1.9570760892722787,-0.10189498681245797,-0.019977536381861387,4.513975064764219,4.815272007436603,4.956760473716922,5.0,0.0,4.67517359696773
E_n3,direction_state:volume_log^3,925,-0.027293703336079535,5.0,3.287128824138041,1.7066898975609857,-0.0007411613237096452,0.0024733094114743116,4.498254616580077,4.807158205035597,4.809252929886476,5.0,0.0,4.491192021061216
E_n3,direction_state:volume_log_x_price_displacement,925,-5.0,5.0,1.590083631686079,2.8872971411012385,-3.9636315983204606,-3.1582717827686757,3.10473787681961,4.774986400127319,5.0,5.0,0.0,2.8694859339964425
E_n3,direction_state:volume_movement_abs,925,-5.0,5.0,0.2255376500694152,2.500726976503797,-5.0,-4.437490113953136,0.12011804705759893,4.86780911103382,5.0,5.0,0.0,-0.5480407256677396
E_n3,direction_state:volume_movement_abs^2,925,-5.0,5.0,0.7147713064057207,2.832246265025832,-5.0,-4.988834408515697,0.4982641050451755,5.0,5.0,5.0,0.0,-2.3536174781926777
E_n3,direction_state:volume_movement_abs^3,925,-5.0,5.0,0.473628218252715,2.9465797332444494,-5.0,-5.0,0.24568131283430503,5.0,5.0,5.0,0.0,-1.0707685642043443
E_n3,direction_state:volume_movement_signed,925,-5.0,5.0,-0.19310326740447184,2.2277523012566856,-5.0,-4.308811081661387,-0.13852707371648312,4.082723401736435,5.0,5.0,0.0,-0.5480407256677396
E_n3,direction_state:volume_movement_signed^2,925,-5.0,5.0,0.2989811296549418,2.7951962146481737,-5.0,-5.0,0.013595348974415998,5.0,5.0,5.0,0.0,-2.3536174781926777
E_n3,direction_state:volume_movement_signed^3,925,-5.0,5.0,0.5854708420513038,2.9196797002295574,-5.0,-5.0,0.44776547140381573,5.0,5.0,5.0,0.0,-1.0707685642043443
E_n3,forward_half_life:bias,925,-5.0,5.0,3.9621131786203625,1.8426965970644498,-1.7119962341439898,-0.10257173672809436,5.0,5.0,5.0,5.0,0.0,0.24068366543765823
E_n3,forward_half_life:directional_volume,925,-5.0,5.0,1.6411364659698533,3.0075639342064817,-5.0,-3.828472934193977,1.6202717722115205,5.0,5.0,5.0,0.0,-0.026321258108273793
E_n3,forward_half_life:directional_volume^2,925,-5.0,5.0,3.8296368136818515,1.9325897736606268,-5.0,0.5678805611059512,5.0,5.0,5.0,5.0,0.0,3.1111763410575866
E_n3,forward_half_life:directional_volume^3,925,-5.0,5.0,0.30386518115970046,3.486810934772631,-5.0,-5.0,0.13651087469270742,5.0,5.0,5.0,0.0,1.9102093931530186
E_n3,forward_half_life:price_acceleration,925,-5.0,5.0,-0.887503346083703,2.92226702058189,-5.0,-5.0,-1.0785875000128105,4.999985,5.0,5.0,0.0,-0.6690919217513567
E_n3,forward_half_life:price_acceleration^2,925,-5.0,5.0,3.203267725467065,2.9847542272678838,-5.0,-4.718614504992208,5.0,5.0,5.0,5.0,0.0,1.4118403139362632
E_n3,forward_half_life:price_acceleration^3,925,-5.0,5.0,-0.3416835279900997,3.711216772057498,-5.0,-5.0,-0.5364247331455108,5.0,5.0,5.0,0.0,-2.1498478299002177
E_n3,forward_half_life:price_displacement,925,-5.0,5.0,-0.3528891526471935,2.892892103253548,-5.0,-5.0,-0.30818117627624964,5.0,5.0,5.0,0.0,-0.8819076635369324
E_n3,forward_half_life:price_displacement^2,925,-5.0,5.0,3.2095845321746257,2.790312993634401,-5.0,-4.362604306869982,5.0,5.0,5.0,5.0,0.0,-3.9687617016373165
E_n3,forward_half_life:price_displacement^3,925,-5.0,5.0,0.6388784838813597,3.4064109841962233,-5.0,-5.0,1.275855638157707,5.0,5.0,5.0,0.0,-2.0891612321301234
E_n3,forward_half_life:price_velocity,925,-5.0,5.0,-0.45070568038809267,2.8508384064911967,-5.0,-5.0,-0.39302385161241615,4.993540981871506,5.0,5.0,0.0,-1.6148768029433578
E_n3,forward_half_life:price_velocity^2,925,-5.0,5.0,2.9997113512799287,3.0778105375198828,-5.0,-4.959776579339953,5.0,5.0,5.0,5.0,0.0,-4.747785136398116
E_n3,forward_half_life:price_velocity^3,925,-5.0,5.0,0.5537107905061114,3.540258765316178,-5.0,-5.0,1.3041176940410966,5.0,5.0,5.0,0.0,-4.410817496169996
E_n3,forward_half_life:price_velocity_x_acceleration,925,-5.0,5.0,2.0225740252362057,3.786931524586271,-5.0,-5.0,4.613003027754179,5.0,5.0,5.0,0.0,-0.8712233182331698
E_n3,forward_half_life:relative_volume,925,-5.0,5.0,-4.6663609421441485,0.8557773229025726,-5.0,-5.0,-5.0,-3.8887831571044473,0.0,5.0,0.0,-4.378904994807906
E_n3,forward_half_life:relative_volume^2,925,0.0,5.0,4.511368042087372,1.136402952525421,0.0,1.3489331783641503,4.992503081239374,5.0,5.0,5.0,0.0,4.87491381429085
E_n3,forward_half_life:relative_volume^3,925,-5.0,0.0,-3.343075537333134,1.641532286040753,-4.97683533042285,-4.970644189368371,-3.862342355262505,-0.3006427341700964,0.0,5.0,0.0,-4.9662748175113745
E_n3,forward_half_life:relative_volume_x_price_velocity,925,-5.0,5.0,-1.7551782811638679,0.9843661345921597,-3.7366480336031,-2.9543920269214867,-1.8744355460569033,-0.1707458789887329,0.4684356154162703,5.0,0.0,-2.3067152757410887
E_n3,forward_half_life:spread,925,0.0,0.0,0.0,0.0,0.0,0.0,0.0,0.0,0.0,0.0,0.0,0.0
E_n3,forward_half_life:spread^2,925,0.0,0.0,0.0,0.0,0.0,0.0,0.0,0.0,0.0,0.0,0.0,0.0
E_n3,forward_half_life:spread^3,925,0.0,0.0,0.0,0.0,0.0,0.0,0.0,0.0,0.0,0.0,0.0,0.0
E_n3,forward_half_life:spread_change,925,0.0,0.0,0.0,0.0,0.0,0.0,0.0,0.0,0.0,0.0,0.0,0.0
E_n3,forward_half_life:spread_change^2,925,0.0,0.0,0.0,0.0,0.0,0.0,0.0,0.0,0.0,0.0,0.0,0.0
E_n3,forward_half_life:spread_change^3,925,0.0,0.0,0.0,0.0,0.0,0.0,0.0,0.0,0.0,0.0,0.0,0.0
E_n3,forward_half_life:volume_density,925,-5.0,5.0,-4.666638960667934,0.8554142465420245,-5.0,-5.0,-5.0,-3.8905691804918963,0.0,5.0,0.0,-4.377669003569014
E_n3,forward_half_life:volume_density^2,925,0.0,5.0,4.51644747219004,1.1367283380745274,0.0,1.3501157594681004,4.994256228004816,5.0,5.0,5.0,0.0,4.874416255905699
E_n3,forward_half_life:volume_density^3,925,-5.0,0.0,-3.374778699590854,1.6625813380771202,-5.0,-4.9965440545223085,-3.9838537307628825,-0.3010378210066679,0.0,5.0,0.0,-4.965893087547929
E_n3,forward_half_life:volume_density_x_price_displacement,925,-5.0,5.0,-1.8261531664566093,1.0327989127623658,-3.769584693869231,-3.1561336502092185,-1.891616371113594,-0.17336662230104966,0.46819430727374994,5.0,0.0,-3.0113929646699824
E_n3,forward_half_life:volume_log,925,-5.0,5.0,-4.500435101561283,1.0603040540394664,-5.0,-5.0,-5.0,-2.79104139704488,0.0,5.0,0.0,-4.2150080532854135
E_n3,forward_half_life:volume_log^2,925,-0.2522899939980441,5.0,3.3663361945344574,1.8220642917764147,0.0,0.8474039653307064,4.987291799179345,5.0,5.0,5.0,0.0,1.8382137241563705
E_n3,forward_half_life:volume_log^3,925,-5.0,5.0,0.784812946947458,3.636212807595451,-5.0,-5.0,3.375476704385341,4.432840355195534,4.613975720065634,5.0,0.0,3.371093635507816
E_n3,forward_half_life:volume_log_x_price_displacement,925,-5.0,5.0,1.044419653331911,2.108458015581037,-3.087163382392771,-1.3774138463501437,0.2380188985632673,5.0,5.0,5.0,0.0,-0.38834788613267446
E_n3,forward_half_life:volume_movement_abs,925,-5.0,5.0,-0.8249770742948739,2.997767925305955,-5.0,-5.0,-0.5991229011776102,4.887858534514639,5.0,5.0,0.0,-0.3696939743208752
E_n3,forward_half_life:volume_movement_abs^2,925,-5.0,5.0,2.926771531656697,2.989382573578563,-5.0,-4.148095873062695,5.0,5.0,5.0,5.0,0.0,-2.362380154336043
E_n3,forward_half_life:volume_movement_abs^3,925,-5.0,5.0,-0.31260388540097084,3.5318936194009103,-5.0,-5.0,-0.9771676208655613,5.0,5.0,5.0,0.0,-2.1069993075055455
E_n3,forward_half_life:volume_movement_signed,925,-5.0,5.0,-0.46307538686729344,2.837320930920413,-5.0,-5.0,-0.28842725104584765,4.974722210751039,5.0,5.0,0.0,-0.3696939743208752
E_n3,forward_half_life:volume_movement_signed^2,925,-5.0,5.0,3.1036266609810705,2.7876577757589285,-5.0,-3.033355891510062,5.0,5.0,5.0,5.0,0.0,-2.362380154336043
E_n3,forward_half_life:volume_movement_signed^3,925,-5.0,5.0,0.11650330889261833,3.4814620493665336,-5.0,-5.0,0.0,5.0,5.0,5.0,0.0,-2.1069993075055455
E_n3,magnitude_state:bias,925,-5.0,5.0,-0.06996750673538561,1.8341842928130732,-5.0,-3.503138995811758,-0.07751167045486293,3.398862570736385,4.956140576982955,5.0,0.0,2.978453340581296
E_n3,magnitude_state:directional_volume,925,-5.0,5.0,0.9294147084851837,2.3177172951796168,-5.0,-2.942284691179568,1.012716535343648,4.03882858814959,5.0,5.0,0.0,0.42052660719196877
E_n3,magnitude_state:directional_volume^2,925,-5.0,5.0,-0.21216499570177938,2.3148425959119745,-5.0,-3.755801197341981,0.28498055178481146,2.3802812260365385,5.0,5.0,0.0,-1.7577411796636717
E_n3,magnitude_state:directional_volume^3,925,-5.0,5.0,-1.7733098957961664,2.335868297898115,-5.0,-4.883500402431691,-2.096984802184391,3.6044273393022976,5.0,5.0,0.0,-3.679651240436339
E_n3,magnitude_state:price_acceleration,925,-5.0,5.0,0.5257665674013039,2.8186597560924316,-5.0,-4.543610318684388,0.6845317076755149,4.88448109841996,5.0,5.0,0.0,0.9313310969211976
E_n3,magnitude_state:price_acceleration^2,925,-5.0,5.0,-0.7432587713639016,3.1731541182631378,-5.0,-5.0,-1.1069197405039486,4.978003714035896,5.0,5.0,0.0,-0.2852300690213156
E_n3,magnitude_state:price_acceleration^3,925,-5.0,5.0,0.19669662928112142,3.3137362023582386,-5.0,-5.0,-0.1375986409930875,5.0,5.0,5.0,0.0,2.8380097871735486
E_n3,magnitude_state:price_displacement,925,-5.0,5.0,0.5745290559291278,2.233353558562758,-5.0,-3.7528018698215138,0.5834044608790002,4.818195351794614,5.0,5.0,0.0,1.2517797207447643
E_n3,magnitude_state:price_displacement^2,925,-5.0,5.0,-0.07471992253761987,2.8383682568332995,-5.0,-5.0,0.11004748503155568,5.0,5.0,5.0,0.0,4.0297713049983885
E_n3,magnitude_state:price_displacement^3,925,-5.0,5.0,-0.4790811877079916,2.9414047342843004,-5.0,-4.999921013203967,-0.34852170967953866,5.0,5.0,5.0,0.0,2.2618745307579937
E_n3,magnitude_state:price_velocity,925,-5.0,5.0,0.6797003086408716,2.248057340934641,-5.0,-3.6325520574876817,0.6010960354043648,4.85233150141396,5.0,5.0,0.0,3.2810169295434437
E_n3,magnitude_state:price_velocity^2,925,-5.0,5.0,-0.09888688237959234,2.8624106930777673,-5.0,-5.0,0.11004748503155568,5.0,5.0,5.0,0.0,4.807973268550823
E_n3,magnitude_state:price_velocity^3,925,-5.0,5.0,-0.498192887206244,3.023233072994212,-5.0,-5.0,-0.34852170967953866,5.0,5.0,5.0,0.0,4.392067719281591
E_n3,magnitude_state:price_velocity_x_acceleration,925,-5.0,5.0,-0.3344284048300788,3.3019045699213705,-5.0,-5.0,-0.05555334842532378,5.0,5.0,5.0,0.0,2.710111248245458
E_n3,magnitude_state:relative_volume,925,-5.0,5.0,0.5773394619024405,1.9351571514944512,-1.6721885804174748,-1.3368873161015131,-0.1329769226518415,4.3577769289510275,4.533023565508536,5.0,0.0,-0.10047524652904195
E_n3,magnitude_state:relative_volume^2,925,-5.0,0.5182487543257283,-2.165897316154231,2.04994043689743,-4.933633863090034,-4.909610048929476,-2.981836556156521,0.33854036984655045,0.4305377056535718,5.0,0.0,-3.3527687123826735
E_n3,magnitude_state:relative_volume^3,925,-0.15045494323737812,0.8801726444074924,0.39106095701022525,0.37503707066231856,-0.12364301387962551,-0.10769514056917774,0.6446313820602091,0.7663014924485834,0.7757175011230776,0.8801726444074924,0.0,0.7628770771683026
E_n3,magnitude_state:relative_volume_x_price_velocity,925,-5.0,5.0,-0.5131146591076752,2.4055939486627,-4.663895644898702,-3.9407628460570656,-0.3249759129098603,3.407339700352908,3.4248567514158164,5.0,0.0,-1.5055897601062838
E_n3,magnitude_state:spread,925,0.0,0.0,0.0,0.0,0.0,0.0,0.0,0.0,0.0,0.0,0.0,0.0
E_n3,magnitude_state:spread^2,925,0.0,0.0,0.0,0.0,0.0,0.0,0.0,0.0,0.0,0.0,0.0,0.0
E_n3,magnitude_state:spread^3,925,0.0,0.0,0.0,0.0,0.0,0.0,0.0,0.0,0.0,0.0,0.0,0.0
E_n3,magnitude_state:spread_change,925,0.0,0.0,0.0,0.0,0.0,0.0,0.0,0.0,0.0,0.0,0.0,0.0
E_n3,magnitude_state:spread_change^2,925,0.0,0.0,0.0,0.0,0.0,0.0,0.0,0.0,0.0,0.0,0.0,0.0
E_n3,magnitude_state:spread_change^3,925,0.0,0.0,0.0,0.0,0.0,0.0,0.0,0.0,0.0,0.0,0.0,0.0
E_n3,magnitude_state:volume_density,925,-5.0,5.0,0.5717023936242682,1.9410459628565926,-1.6864986119302787,-1.3419154329168717,-0.1588446070587824,4.362008037204312,4.535652463867643,5.0,0.0,-0.12290824395152149
E_n3,magnitude_state:volume_density^2,925,-5.0,0.5157339632525388,-2.1597534275677956,2.0461878584744935,-4.934375096835156,-4.9107605189882975,-2.9605178329659934,0.3365155037300553,0.42938789612488704,5.0,0.0,-3.333018946861867
E_n3,magnitude_state:volume_density^3,925,-0.14976189442642615,1.1023160687606444,0.5201163967134326,0.4829453483533577,-0.12372377882720886,-0.1071656087682758,0.8627130612156285,0.9891385600923015,0.9986265947889232,1.1023160687606444,0.0,0.9808172441704027
E_n3,magnitude_state:volume_density_x_price_displacement,925,-5.0,5.0,-0.5746321073110818,2.4329124322090148,-4.649576506361174,-3.934803097504046,-0.3474097731574098,3.4141740178198012,3.4315403061183187,5.0,0.0,-1.990709760361275
E_n3,magnitude_state:volume_log,925,-5.0,5.0,0.6554530165583002,1.3635753606317955,-1.8977563751045712,-1.4215039770970244,1.2749687506987433,2.5176553050614183,2.802673868597031,5.0,0.0,1.5746220444134502
E_n3,magnitude_state:volume_log^2,925,-5.0,0.6980535958856665,-2.5990051782701267,2.4161011472102873,-4.956262438634737,-4.8234605511748105,-4.479463582075686,0.4959908961940684,0.5411899305697356,5.0,0.0,-4.683857484103421
E_n3,magnitude_state:volume_log^3,925,-5.0,0.014169974166960062,-2.723500570405434,2.1301610169725036,-4.817827481171837,-4.815959123325933,-4.2854977254177635,-0.00543712742269493,0.00022035447793537278,5.0,0.0,-4.283788930386555
E_n3,magnitude_state:volume_log_x_price_displacement,925,-5.0,5.0,-2.1564628393406573,2.3049313047489,-5.0,-4.782584919496345,-3.21754901580118,1.9357238068963512,2.733354497103878,5.0,0.0,-3.1538267504758517
E_n3,magnitude_state:volume_movement_abs,925,-5.0,5.0,-0.07846677891127207,2.432941724995712,-5.0,-4.697547505172571,-0.1412045010686652,4.4458382643408925,5.0,5.0,0.0,0.7349513686806289
E_n3,magnitude_state:volume_movement_abs^2,925,-5.0,5.0,-0.49905787388636547,2.8148908464477858,-5.0,-5.0,-0.2847471149043894,4.955313045390911,5.0,5.0,0.0,2.9068961739498267
E_n3,magnitude_state:volume_movement_abs^3,925,-5.0,5.0,-0.4400293486598112,2.9335983028055628,-5.0,-5.0,-0.05829826110367761,5.0,5.0,5.0,0.0,1.2921175140547894
E_n3,magnitude_state:volume_movement_signed,925,-5.0,5.0,0.3419311629180763,2.1967436441575594,-5.0,-3.699843560415762,0.27635883662319277,4.5591152665271695,5.0,5.0,0.0,0.7349513686806289
E_n3,magnitude_state:volume_movement_signed^2,925,-5.0,5.0,-0.26446757332789556,2.7861428678385463,-5.0,-5.0,-0.029202008344943242,5.0,5.0,5.0,0.0,2.9068961739498267
E_n3,magnitude_state:volume_movement_signed^3,925,-5.0,5.0,-0.48968285378542864,2.913293382892175,-5.0,-5.0,-0.332886380559013,5.0,5.0,5.0,0.0,1.2921175140547894
E_n3,observation_half_life:bias,925,-5.0,5.0,2.4444528146740474,2.345431471857878,-5.0,-1.7724540047664663,2.9029519776368393,5.0,5.0,5.0,0.0,-0.1291258484517278
E_n3,observation_half_life:directional_volume,925,-5.0,5.0,1.3716667517707044,2.57768040159379,-5.0,-2.648802270707275,1.7340290812672088,4.9134763074964996,5.0,5.0,0.0,0.5750268761303304
E_n3,observation_half_life:directional_volume^2,925,-5.0,5.0,3.1602133590963053,2.189533757262557,-5.0,0.0,4.068243879541332,5.0,5.0,5.0,0.0,4.220130160816776
E_n3,observation_half_life:directional_volume^3,925,-5.0,5.0,0.4144934720641667,3.051563238050822,-5.0,-4.785903418236665,-0.01875982394912013,5.0,5.0,5.0,0.0,2.5756471162771852
E_n3,observation_half_life:price_acceleration,925,-5.0,5.0,0.41517747043262576,2.781405988981561,-5.0,-4.591934343711555,0.19284541953195689,4.896603728388734,5.0,5.0,0.0,-1.972528241097121
E_n3,observation_half_life:price_acceleration^2,925,-5.0,5.0,1.0940347013301008,3.554982905032349,-5.0,-4.988714633205068,1.7924345568349334,5.0,5.0,5.0,0.0,0.8154139678922485
E_n3,observation_half_life:price_acceleration^3,925,-5.0,5.0,0.921503290349968,3.2804768946093623,-5.0,-4.996321487184207,1.1291608410663305,5.0,5.0,5.0,0.0,-2.5936539539556316
E_n3,observation_half_life:price_displacement,925,-5.0,5.0,0.3982710649387798,2.2911190578777347,-5.0,-4.6016696652754545,0.3249925334314793,4.338017486824478,5.0,5.0,0.0,-1.3468477585161196
E_n3,observation_half_life:price_displacement^2,925,-5.0,5.0,0.5721268141914967,3.1674255159397644,-5.0,-5.0,0.741141318598574,5.0,5.0,5.0,0.0,-4.2004971326669
E_n3,observation_half_life:price_displacement^3,925,-5.0,5.0,-0.39866785999936577,3.072553165614991,-5.0,-5.0,-0.6478860665704472,5.0,5.0,5.0,0.0,-1.9499090749865482
E_n3,observation_half_life:price_velocity,925,-5.0,5.0,0.2945936525511111,2.3904299481854254,-5.0,-4.782441226362048,0.26647991493318,4.370531495719595,5.0,5.0,0.0,-3.8739721277658625
E_n3,observation_half_life:price_velocity^2,925,-5.0,5.0,0.5879654583419905,3.180642221213449,-5.0,-4.999905262088827,0.741141318598574,5.0,5.0,5.0,0.0,-4.342087616824164
E_n3,observation_half_life:price_velocity^3,925,-5.0,5.0,-0.3672008025883778,3.157994110320663,-5.0,-5.0,-0.6478860665704472,5.0,5.0,5.0,0.0,-4.3374700720406345
E_n3,observation_half_life:price_velocity_x_acceleration,925,-5.0,5.0,-0.1412185650921671,3.56730232846466,-5.0,-5.0,-0.3965152736705276,5.0,5.0,5.0,0.0,-2.0479415514287878
E_n3,observation_half_life:relative_volume,925,-5.0,5.0,-1.8202052419925412,3.0842739195858364,-5.0,-5.0,-2.7559591038875766,3.9052852145136727,4.400896465795484,5.0,0.0,-3.3392182474989043
E_n3,observation_half_life:relative_volume^2,925,-3.6556765744791146,3.802745249904698,0.08876938574599855,2.4366171430992596,-2.7815981735352575,-2.7231272045212775,-1.1907556914686686,3.63886170125946,3.7013961071026826,3.802745249904698,0.0,-1.0427456357507574
E_n3,observation_half_life:relative_volume^3,925,-0.7114979264193723,0.2554783055607557,-0.20176138605290136,0.3145260876475579,-0.6847007818182819,-0.6721348710695556,-0.09701255039463469,0.2056958287078114,0.2126692421426276,0.7114979264193723,0.0,-0.1363121214270642
E_n3,observation_half_life:relative_volume_x_price_velocity,925,-5.0,5.0,0.18197788450488783,2.476981015355887,-4.680798347661098,-3.3229333517657715,1.2138847341458503,3.4513390872573138,3.506856640010271,5.0,0.0,-2.8316966767404206
E_n3,observation_half_life:spread,925,0.0,0.0,0.0,0.0,0.0,0.0,0.0,0.0,0.0,0.0,0.0,0.0
E_n3,observation_half_life:spread^2,925,0.0,0.0,0.0,0.0,0.0,0.0,0.0,0.0,0.0,0.0,0.0,0.0
E_n3,observation_half_life:spread^3,925,0.0,0.0,0.0,0.0,0.0,0.0,0.0,0.0,0.0,0.0,0.0,0.0
E_n3,observation_half_life:spread_change,925,0.0,0.0,0.0,0.0,0.0,0.0,0.0,0.0,0.0,0.0,0.0,0.0
E_n3,observation_half_life:spread_change^2,925,0.0,0.0,0.0,0.0,0.0,0.0,0.0,0.0,0.0,0.0,0.0,0.0
E_n3,observation_half_life:spread_change^3,925,0.0,0.0,0.0,0.0,0.0,0.0,0.0,0.0,0.0,0.0,0.0,0.0
E_n3,observation_half_life:volume_density,925,-5.0,5.0,-1.8278577160989316,3.087720322721755,-5.0,-5.0,-2.7810378653893117,3.9115209191291895,4.404096637195013,5.0,0.0,-3.369041918075356
E_n3,observation_half_life:volume_density^2,925,-4.699106320916156,3.8309956311573146,-0.5062741596951599,2.9327821969701957,-3.8359854502006683,-3.7775916094244577,-2.2097768057971723,3.6675003295815785,3.729488560965595,4.699106320916156,0.0,-2.059337395249475
E_n3,observation_half_life:volume_density^3,925,-0.7179101600047766,0.4785101651640178,-0.0744861126374247,0.41655867342377856,-0.691279189289803,-0.6785890223938265,0.12079199748696628,0.43080989323008223,0.43778307011898876,0.7179101600047766,0.0,0.08164509979633477
E_n3,observation_half_life:volume_density_x_price_displacement,925,-5.0,5.0,0.18943371463459918,2.542019806674794,-4.387723241713041,-3.657210161402228,1.3266634387288667,3.4583561791831716,3.5506786353104003,5.0,0.0,-3.6626665283057083
E_n3,observation_half_life:volume_log,925,-5.0,5.0,-1.3816409468043511,2.6928517366480085,-5.0,-5.0,-0.08661234287281849,2.024712986587412,2.5419236371386145,5.0,0.0,-0.28683196433584346
E_n3,observation_half_life:volume_log^2,925,-5.0,5.0,-0.9965159109366896,4.206073875554882,-4.846722987259098,-4.735565205182319,-4.208548981421084,5.0,5.0,5.0,0.0,-4.150653480139946
E_n3,observation_half_life:volume_log^3,925,-5.0,4.6955607917131195,-1.5168405875503748,3.957855725806506,-4.868515584928373,-4.8643110483320084,-4.513074160990196,4.281288601617791,4.452280001317961,5.0,0.0,-4.601110492929974
E_n3,observation_half_life:volume_log_x_price_displacement,925,-5.0,5.0,-2.7889897377607644,1.4794997943952386,-4.99355237866868,-4.713601324807605,-2.819659755916053,-0.1120959249666521,0.7090884330377136,5.0,0.0,-2.3390784590205267
E_n3,observation_half_life:volume_movement_abs,925,-5.0,5.0,-0.33224339970953926,2.621475302423973,-5.0,-5.0,-0.49785544895019707,4.172688721333899,5.0,5.0,0.0,-0.37973027248669855
E_n3,observation_half_life:volume_movement_abs^2,925,-5.0,5.0,0.18022759345573347,3.151551187476771,-5.0,-4.956154097242141,0.0,5.0,5.0,5.0,0.0,-2.2992652365714568
E_n3,observation_half_life:volume_movement_abs^3,925,-5.0,5.0,-0.9827456922611949,3.012952591387184,-5.0,-5.0,-0.6726790201510248,5.0,5.0,5.0,0.0,-1.270711015687363
E_n3,observation_half_life:volume_movement_signed,925,-5.0,5.0,0.28617794250351014,2.198148757514637,-5.0,-4.123540066100896,0.08026953450068763,4.122861853660325,5.0,5.0,0.0,-0.37973027248669855
E_n3,observation_half_life:volume_movement_signed^2,925,-5.0,5.0,0.5447605589377478,3.1019390752677305,-5.0,-4.9793155032785705,0.6419036254726314,5.0,5.0,5.0,0.0,-2.2992652365714568
E_n3,observation_half_life:volume_movement_signed^3,925,-5.0,5.0,-0.80987260766159,2.899508846530711,-5.0,-5.0,-0.619781208360798,5.0,5.0,5.0,0.0,-1.270711015687363
E_n3,persistence:bias,925,-5.0,5.0,-0.3360456817274735,1.8249820204907106,-5.0,-3.7066184906448667,-0.2431837878247118,3.0648881824963112,4.519248540325785,5.0,0.0,2.601179275317271
E_n3,persistence:directional_volume,925,-5.0,5.0,0.9669715508954025,2.2981593933128472,-5.0,-3.016972173535835,1.1065079451542787,3.99003076368034,5.0,5.0,0.0,0.43707150067737377
E_n3,persistence:directional_volume^2,925,-5.0,5.0,-0.3748488911213142,2.4198991416485907,-5.0,-4.707244830693409,0.312227192799613,2.305014467351763,5.0,5.0,0.0,-1.7282797074224117
E_n3,persistence:directional_volume^3,925,-5.0,5.0,-1.68122489620133,2.4859197276054874,-5.0,-4.893504312239219,-2.076067374125875,4.867493928885832,5.0,5.0,0.0,-3.758508866867067
E_n3,persistence:price_acceleration,925,-5.0,5.0,0.7397175887563582,2.6770085102234202,-5.0,-4.499484939942703,0.6856502524353727,4.875622889007604,5.0,5.0,0.0,0.9419673855751803
E_n3,persistence:price_acceleration^2,925,-5.0,5.0,-0.8939609847668099,3.1568817065116686,-5.0,-5.0,-1.3357646754686485,4.969282318414004,5.0,5.0,0.0,-0.7713385608709331
E_n3,persistence:price_acceleration^3,925,-5.0,5.0,0.30174293521007595,3.290625303936028,-5.0,-5.0,-0.06726565373116003,5.0,5.0,5.0,0.0,2.626687842291021
E_n3,persistence:price_displacement,925,-5.0,5.0,0.5513145408169025,2.2523922421431055,-5.0,-3.818128245538606,0.5315665618225928,4.787629375564754,5.0,5.0,0.0,1.2072496845000604
E_n3,persistence:price_displacement^2,925,-5.0,5.0,-0.10275573901203609,2.8561235100672437,-5.0,-5.0,0.11466594821241698,5.0,5.0,5.0,0.0,4.009709628296294
E_n3,persistence:price_displacement^3,925,-5.0,5.0,-0.5331201240970022,2.938082652932793,-5.0,-5.0,-0.49168821289220577,5.0,5.0,5.0,0.0,2.2440135185030154
E_n3,persistence:price_velocity,925,-5.0,5.0,0.6597083670684782,2.27146317810654,-5.0,-3.631539966564117,0.5600892715941062,4.84732586417042,5.0,5.0,0.0,3.268039308454637
E_n3,persistence:price_velocity^2,925,-5.0,5.0,-0.12244476599028467,2.8818323738875637,-5.0,-5.0,0.12685728439503852,5.0,5.0,5.0,0.0,4.814436843582595
E_n3,persistence:price_velocity^3,925,-5.0,5.0,-0.5529530187294268,3.01941909526077,-5.0,-5.0,-0.47306008348478257,5.0,5.0,5.0,0.0,4.382588547944979
E_n3,persistence:price_velocity_x_acceleration,925,-5.0,5.0,-0.25955516899991754,3.270853677921877,-5.0,-5.0,0.0,5.0,5.0,5.0,0.0,2.384091254486543
E_n3,persistence:relative_volume,925,-5.0,5.0,0.703427852434437,1.8862757431944996,-1.5543446961148522,-1.167581941021647,-0.07980189397332049,4.3635993902692425,4.536608048888344,5.0,0.0,0.09366117577999623
E_n3,persistence:relative_volume^2,925,-5.0,0.43119405758985885,-2.2046852269828014,2.0259476903022904,-4.934144865593188,-4.9104173098874915,-3.0071907563646443,0.24625016097741517,0.3339279947003188,5.0,0.0,-3.3893060110536553
E_n3,persistence:relative_volume^3,925,-0.11941444428200407,0.9273402665134133,0.42689997743482955,0.38530408365095115,-0.09150972630586227,-0.07569748790778714,0.6954530739094004,0.8157225805628396,0.8269751829826928,0.9273402665134133,0.0,0.8146365665973629
E_n3,persistence:relative_volume_x_price_velocity,925,-5.0,5.0,-0.24569657893084154,2.4280742492317278,-4.655282057569991,-3.8520515737636383,-0.06358234664679768,3.4053667980919453,3.422508092668921,5.0,0.0,-1.5294773195950138
E_n3,persistence:spread,925,0.0,0.0,0.0,0.0,0.0,0.0,0.0,0.0,0.0,0.0,0.0,0.0
E_n3,persistence:spread^2,925,0.0,0.0,0.0,0.0,0.0,0.0,0.0,0.0,0.0,0.0,0.0,0.0
E_n3,persistence:spread^3,925,0.0,0.0,0.0,0.0,0.0,0.0,0.0,0.0,0.0,0.0,0.0,0.0
E_n3,persistence:spread_change,925,0.0,0.0,0.0,0.0,0.0,0.0,0.0,0.0,0.0,0.0,0.0,0.0
E_n3,persistence:spread_change^2,925,0.0,0.0,0.0,0.0,0.0,0.0,0.0,0.0,0.0,0.0,0.0,0.0
E_n3,persistence:spread_change^3,925,0.0,0.0,0.0,0.0,0.0,0.0,0.0,0.0,0.0,0.0,0.0,0.0
E_n3,persistence:volume_density,925,-5.0,5.0,0.7117456117273253,1.8852328624100287,-1.5814179172132452,-1.1431435992603436,-0.06288966800779919,4.367791973629116,4.539212850374069,5.0,0.0,0.07079582803563396
E_n3,persistence:volume_density^2,925,-5.0,0.41373712973407223,-2.2028931566162813,2.017184130984909,-4.934879236674775,-4.9115569045160665,-2.986148338850821,0.22937588882019314,0.3192896057109901,5.0,0.0,-3.3694863747461707
E_n3,persistence:volume_density^3,925,-0.11516592650374768,1.153107037123859,0.5591320649198042,0.4938415194896547,-0.08733755055494744,-0.07163327704383554,0.9171400996306847,1.0377071963104012,1.0485008301555314,1.153107037123859,0.0,1.036176409150635
E_n3,persistence:volume_density_x_price_displacement,925,-5.0,5.0,-0.30548029513604863,2.4516290331079915,-4.632035354908616,-3.8460087480938916,-0.06318006211056396,3.4121850204690336,3.429206601251261,5.0,0.0,-1.8824883257803469
E_n3,persistence:volume_log,925,-5.0,5.0,0.24916736704755393,2.0414609614880415,-3.45131574430136,-3.0328694206982116,1.3435280116094344,2.545713799827127,2.82289675952143,5.0,0.0,1.8302467070926145
E_n3,persistence:volume_log^2,925,-5.0,0.09672886891630472,-3.02840431869447,1.9550950101149218,-4.960761539863568,-4.82534504779051,-4.502628297479796,0.014459964260028357,0.020714067987692816,5.0,0.0,-4.698231531008546
E_n3,persistence:volume_log^3,925,-5.0,0.06482053588537734,-3.1890106801680784,1.660630516434342,-4.815873557758307,-4.813924204260174,-4.254738935706909,-0.0017280304932411426,6.290697929278965e-05,5.0,0.0,-4.252567048850659
E_n3,persistence:volume_log_x_price_displacement,925,-5.0,5.0,-1.6191433931461718,2.9726991459620464,-5.0,-4.784807690817014,-3.198497443215309,3.6882968867251473,4.514845860524673,5.0,0.0,-3.123650664279971
E_n3,persistence:volume_movement_abs,925,-5.0,5.0,-0.10991266709301868,2.5361601322622334,-5.0,-4.9269182565686265,0.029003644537682727,4.4666563979567755,5.0,5.0,0.0,0.6947625635615206
E_n3,persistence:volume_movement_abs^2,925,-5.0,5.0,-0.7584643285238578,2.830449772226932,-5.0,-5.0,-0.49206504871374357,4.952030092075207,5.0,5.0,0.0,2.8353381440550844
E_n3,persistence:volume_movement_abs^3,925,-5.0,5.0,-0.44552434020511517,2.9370460437956907,-5.0,-5.0,-0.16622485057262326,5.0,5.0,5.0,0.0,1.4408400597260165
E_n3,persistence:volume_movement_signed,925,-5.0,5.0,0.3701199293309921,2.208174509004848,-5.0,-3.652186264634576,0.4037282712840593,4.552649173576759,5.0,5.0,0.0,0.6947625635615206
E_n3,persistence:volume_movement_signed^2,925,-5.0,5.0,-0.33197698820605237,2.815297768574374,-5.0,-5.0,-0.07957794327554421,5.0,5.0,5.0,0.0,2.8353381440550844
E_n3,persistence:volume_movement_signed^3,925,-5.0,5.0,-0.5032128808093511,2.9111458318829095,-5.0,-5.0,-0.3486259182630317,5.0,5.0,5.0,0.0,1.4408400597260165
E_n3,perturbation_state:bias,925,-5.0,5.0,0.2932277710636715,1.7740274512630307,-4.705361696989923,-3.057496896117705,0.2340862459868197,3.283123407546348,5.0,5.0,0.0,-2.5931150870113404
E_n3,perturbation_state:directional_volume,925,-5.0,5.0,-0.8629363481454198,2.351268997038805,-5.0,-3.998186297967759,-1.0029780177760226,3.2312055899270393,5.0,5.0,0.0,-0.4217446582028099
E_n3,perturbation_state:directional_volume^2,925,-5.0,5.0,0.4705479643781315,2.482776375430228,-5.0,-2.2841067440565626,-0.06672930485840038,4.5636312580900675,5.0,5.0,0.0,1.7556325395018162
E_n3,perturbation_state:directional_volume^3,925,-5.0,5.0,1.6829640738631482,2.492922600435157,-5.0,-4.88788406072315,2.0788360102440766,4.8971868568600545,5.0,5.0,0.0,3.7671597084168464
E_n3,perturbation_state:price_acceleration,925,-5.0,5.0,-0.796529727724112,2.578371043360153,-5.0,-4.871450264585918,-0.7550428340326478,4.442923541279878,5.0,5.0,0.0,-0.9661916277024453
E_n3,perturbation_state:price_acceleration^2,925,-5.0,5.0,0.8302366148717165,3.1389860659384663,-5.0,-4.974201273458883,1.1793272352076973,5.0,5.0,5.0,0.0,0.5908612340809087
E_n3,perturbation_state:price_acceleration^3,925,-5.0,5.0,-0.2730791097383111,3.2546045678641944,-5.0,-5.0,0.0,5.0,5.0,5.0,0.0,-2.6953567953970725
E_n3,perturbation_state:price_displacement,925,-5.0,5.0,-0.5475633628436775,2.2280462666083682,-5.0,-4.850494481832525,-0.4071379726816533,3.725697564969118,5.0,5.0,0.0,-1.1628181281031824
E_n3,perturbation_state:price_displacement^2,925,-5.0,5.0,0.1421469407429798,2.823981203043008,-5.0,-5.0,-0.0876879257595701,5.0,5.0,5.0,0.0,-4.022108769618984
E_n3,perturbation_state:price_displacement^3,925,-5.0,5.0,0.5928103666862714,2.8896088038482266,-5.0,-5.0,0.466211810843402,5.0,5.0,5.0,0.0,-2.294744629033004
E_n3,perturbation_state:price_velocity,925,-5.0,5.0,-0.6582000298897001,2.246056022642792,-5.0,-4.856875406798373,-0.4871412502836644,3.4280284049333822,5.0,5.0,0.0,-3.2712368100572067
E_n3,perturbation_state:price_velocity^2,925,-5.0,5.0,0.16281619430271166,2.8492695020736822,-5.0,-5.0,-0.08874928958704893,5.0,5.0,5.0,0.0,-4.817952244392103
E_n3,perturbation_state:price_velocity^3,925,-5.0,5.0,0.6138213356733947,2.971481084547505,-5.0,-5.0,0.4240800966936041,5.0,5.0,5.0,0.0,-4.394981963620592
E_n3,perturbation_state:price_velocity_x_acceleration,925,-5.0,5.0,0.18329990860719234,3.2228767810934027,-5.0,-5.0,0.0,5.0,5.0,5.0,0.0,-2.4632605513946384
E_n3,perturbation_state:relative_volume,925,-5.0,5.0,-0.6254740066338391,1.9223292175150002,-4.53785009203018,-4.3652546136808,0.0759231037017723,1.158537007365988,1.5478135529886752,5.0,0.0,-0.12347817480490758
E_n3,perturbation_state:relative_volume^2,925,-0.473544378589728,5.0,2.1734645955387406,2.0637709885632303,-0.38071114711310716,-0.30244755433702153,3.0093338697527194,4.9106395209099825,4.934319659101771,5.0,0.0,3.39438330973587
E_n3,perturbation_state:relative_volume^3,925,-0.9047958723552482,0.1378306751941048,-0.40352344612477176,0.3869721096401993,-0.8053240700648946,-0.7940013288696885,-0.6732928284167853,0.09670282261596373,0.11303043877742949,0.9047958723552482,0.0,-0.7930277825909291
E_n3,perturbation_state:relative_volume_x_price_velocity,925,-5.0,5.0,0.5767151568744391,2.366348737336283,-3.4218728853621267,-3.4047436001249056,0.8103240155490512,3.866345406504414,4.664450474749542,5.0,0.0,1.566112924610331
E_n3,perturbation_state:spread,925,0.0,0.0,0.0,0.0,0.0,0.0,0.0,0.0,0.0,0.0,0.0,0.0
E_n3,perturbation_state:spread^2,925,0.0,0.0,0.0,0.0,0.0,0.0,0.0,0.0,0.0,0.0,0.0,0.0
E_n3,perturbation_state:spread^3,925,0.0,0.0,0.0,0.0,0.0,0.0,0.0,0.0,0.0,0.0,0.0,0.0
E_n3,perturbation_state:spread_change,925,0.0,0.0,0.0,0.0,0.0,0.0,0.0,0.0,0.0,0.0,0.0,0.0
E_n3,perturbation_state:spread_change^2,925,0.0,0.0,0.0,0.0,0.0,0.0,0.0,0.0,0.0,0.0,0.0,0.0
E_n3,perturbation_state:spread_change^3,925,0.0,0.0,0.0,0.0,0.0,0.0,0.0,0.0,0.0,0.0,0.0,0.0
E_n3,perturbation_state:volume_density,925,-5.0,5.0,-0.6243532005720278,1.9248226256573633,-4.540448318768878,-4.369438796248668,0.09748322903847925,1.1428275570138393,1.5748800943806367,5.0,0.0,-0.10062061442854807
E_n3,perturbation_state:volume_density^2,925,-0.46631609785344585,5.0,2.1687150685131167,2.0583043493103688,-0.37323104532676965,-0.29533584259810347,2.98828976158981,4.911776793526478,4.935052183410083,5.0,0.0,3.374570218619147
E_n3,perturbation_state:volume_density^3,925,-1.1286069610016702,0.13604352860388097,-0.5338976407935027,0.49540156226582016,-1.024905297077118,-1.0141172443032842,-0.8930294705448857,0.09496141136817898,0.11172245336474101,1.1286069610016702,0.0,-1.0126231616958863
E_n3,perturbation_state:volume_density_x_price_displacement,925,-5.0,5.0,0.6282851946355387,2.387514813842772,-3.428574600252982,-3.4115651408580416,0.8542701724090142,3.8635092622444147,4.646887696188265,5.0,0.0,1.8852976126704037
E_n3,perturbation_state:volume_log,925,-5.0,5.0,-0.5362600714750592,1.657487938237927,-2.8433848573963765,-2.54956705769503,-1.3620712369180472,1.9202585464838344,2.288716177594449,5.0,0.0,-1.8573047698563587
E_n3,perturbation_state:volume_log^2,925,-0.22066034177573596,5.0,2.7302365498282453,2.2835125278394184,-0.11042285881690711,-0.0546354772720203,4.504517642281692,4.825734052899765,4.9608352470047725,5.0,0.0,4.6989925065590015
E_n3,perturbation_state:volume_log^3,925,-0.014602415408802652,5.0,2.8681135245675713,1.952695824841907,-0.00020786073976215402,1.5684354173542403e-05,4.254591721507584,4.812978500927085,4.814940817892271,5.0,0.0,4.252584338941088
E_n3,perturbation_state:volume_log_x_price_displacement,925,-5.0,5.0,2.1101803218652417,2.341996559067432,-2.582741557732696,-1.7723048914560493,3.1908894051509566,4.785284309237633,5.0,5.0,0.0,3.1172500696257086
E_n3,perturbation_state:volume_movement_abs,925,-5.0,5.0,0.02724117720489667,2.4314760050846354,-5.0,-4.4706473407175125,-0.08583479023008894,4.6820001029411085,5.0,5.0,0.0,-0.7051650857183972
E_n3,perturbation_state:volume_movement_abs^2,925,-5.0,5.0,0.7160760011754993,2.787000802125976,-5.0,-4.983526275180501,0.30367891732591934,5.0,5.0,5.0,0.0,-2.782778435034163
E_n3,perturbation_state:volume_movement_abs^3,925,-5.0,5.0,0.4731989396329455,2.892420389119384,-5.0,-5.0,0.2003354842127959,5.0,5.0,5.0,0.0,-1.3799324041435392
E_n3,perturbation_state:volume_movement_signed,925,-5.0,5.0,-0.34743390660000173,2.1923195145413064,-5.0,-4.616946079330024,-0.2523681518169915,3.692987729458436,5.0,5.0,0.0,-0.7051650857183972
E_n3,perturbation_state:volume_movement_signed^2,925,-5.0,5.0,0.360714256738356,2.783164123360473,-5.0,-5.0,0.0,5.0,5.0,5.0,0.0,-2.782778435034163
E_n3,perturbation_state:volume_movement_signed^3,925,-5.0,5.0,0.522126227444404,2.894597704676962,-5.0,-5.0,0.30927540321053776,5.0,5.0,5.0,0.0,-1.3799324041435392
E_n3,reinforcement:bias,925,-5.0,5.0,-0.36000503630902875,1.8699880302134957,-5.0,-3.838008811963116,-0.2488457947877384,3.0982258935359255,4.730490537961992,5.0,0.0,2.594294286714846
E_n3,reinforcement:directional_volume,925,-5.0,5.0,0.9604242198016014,2.294360016269309,-5.0,-2.958104395374518,1.0702863805019849,3.999363440409824,5.0,5.0,0.0,0.37503931077325176
E_n3,reinforcement:directional_volume^2,925,-5.0,5.0,-0.36695676889212975,2.4043870652048405,-5.0,-4.707090994435792,0.254990415223258,2.3099257649908966,5.0,5.0,0.0,-1.7876159857578562
E_n3,reinforcement:directional_volume^3,925,-5.0,5.0,-1.658120684691654,2.489666965395325,-5.0,-4.890370166089786,-2.0949649730305784,4.870425666921732,5.0,5.0,0.0,-3.687244057857222
E_n3,reinforcement:price_acceleration,925,-5.0,5.0,0.742873153972022,2.689783716824202,-5.0,-4.473841636157336,0.7027210086706682,4.878975024876281,5.0,5.0,0.0,0.9399033192978243
E_n3,reinforcement:price_acceleration^2,925,-5.0,5.0,-0.8898151068472528,3.162851993719951,-5.0,-5.0,-1.359230071960184,4.9670323491041,5.0,5.0,0.0,-0.8702355464061019
E_n3,reinforcement:price_acceleration^3,925,-5.0,5.0,0.3101163234520777,3.311032401278274,-5.0,-5.0,0.0,5.0,5.0,5.0,0.0,2.602833245873726
E_n3,reinforcement:price_displacement,925,-5.0,5.0,0.5704326441491527,2.248006976354598,-5.0,-3.78878037004726,0.6055052719485758,4.778518765981173,5.0,5.0,0.0,1.2382291779893324
E_n3,reinforcement:price_displacement^2,925,-5.0,5.0,-0.09962321649132977,2.8715871636948376,-5.0,-5.0,0.08148712625574062,5.0,5.0,5.0,0.0,3.9863105819995477
E_n3,reinforcement:price_displacement^3,925,-5.0,5.0,-0.5206516505209792,2.952987174595388,-5.0,-5.0,-0.5593233700276066,5.0,5.0,5.0,0.0,2.2349377633062515
E_n3,reinforcement:price_velocity,925,-5.0,5.0,0.6762891191962422,2.26694911604247,-5.0,-3.604525982864098,0.6374169376706724,4.826655502822445,5.0,5.0,0.0,3.2653365545041115
E_n3,reinforcement:price_velocity^2,925,-5.0,5.0,-0.11903125652643015,2.8946224689184343,-5.0,-5.0,0.0834533977814412,5.0,5.0,5.0,0.0,4.80146559705466
E_n3,reinforcement:price_velocity^3,925,-5.0,5.0,-0.5398061073731736,3.0343861512844574,-5.0,-5.0,-0.49198793758846915,5.0,5.0,5.0,0.0,4.386035800338564
E_n3,reinforcement:price_velocity_x_acceleration,925,-5.0,5.0,-0.27275217910577465,3.2790752369162,-5.0,-5.0,0.00034096558176016666,5.0,5.0,5.0,0.0,2.2930697128051265
E_n3,reinforcement:relative_volume,925,-5.0,5.0,0.7625383546741383,1.860850238916888,-1.5552707851190684,-1.0831755050095566,0.0026829817293498423,4.362899076989575,4.535280148508768,5.0,0.0,0.1405309348508965
E_n3,reinforcement:relative_volume^2,925,-5.0,0.37642871962666624,-2.2229801513182434,2.0064861543121286,-4.9339593982427745,-4.910281364067373,-3.007039028761455,0.19862303856135782,0.2884909104589396,5.0,0.0,-3.4023142388116363
E_n3,reinforcement:relative_volume^3,925,-0.10363924121160686,0.9386243684398107,0.43907064622666153,0.3853700993576804,-0.07765489634554006,-0.0613494354820847,0.7066455700078745,0.830225032041374,0.8418763008023815,0.9386243684398107,0.0,0.8295412474633354
E_n3,reinforcement:relative_volume_x_price_velocity,925,-5.0,5.0,-0.0787284454784233,2.4483548082055218,-4.611833149273176,-3.8025600793982854,-0.06427741445482178,3.4053460350759273,3.4225810025427936,5.0,0.0,-1.1814565228645606
E_n3,reinforcement:spread,925,0.0,0.0,0.0,0.0,0.0,0.0,0.0,0.0,0.0,0.0,0.0,0.0
E_n3,reinforcement:spread^2,925,0.0,0.0,0.0,0.0,0.0,0.0,0.0,0.0,0.0,0.0,0.0,0.0
E_n3,reinforcement:spread^3,925,0.0,0.0,0.0,0.0,0.0,0.0,0.0,0.0,0.0,0.0,0.0,0.0
E_n3,reinforcement:spread_change,925,0.0,0.0,0.0,0.0,0.0,0.0,0.0,0.0,0.0,0.0,0.0,0.0
E_n3,reinforcement:spread_change^2,925,0.0,0.0,0.0,0.0,0.0,0.0,0.0,0.0,0.0,0.0,0.0,0.0
E_n3,reinforcement:spread_change^3,925,0.0,0.0,0.0,0.0,0.0,0.0,0.0,0.0,0.0,0.0,0.0,0.0
E_n3,reinforcement:volume_density,925,-5.0,5.0,0.7698324801354861,1.8614310686109754,-1.582357876567934,-1.0858818348004173,0.0,4.367064726042097,4.537888211093937,5.0,0.0,0.1174552622043646
E_n3,reinforcement:volume_density^2,925,-5.0,0.3599197463367796,-2.2209005537896878,1.9980840003496803,-4.934694652784057,-4.911415000808127,-2.9859928803178093,0.18269543964082308,0.27449302315278995,5.0,0.0,-3.3824277537987846
E_n3,reinforcement:volume_density^3,925,-0.09957543616909437,1.1637343007362313,0.5708633303767362,0.4936456096577175,-0.07368037015277037,-0.05747344433492526,0.9276712028113011,1.0512866007162378,1.0627291599651962,1.1637343007362313,0.0,1.0504085361295659
E_n3,reinforcement:volume_density_x_price_displacement,925,-5.0,5.0,-0.15837838025856865,2.4800063648002912,-4.588468173569323,-3.790507067238278,-0.06474266210557982,3.412168443538008,3.429289787660318,5.0,0.0,-1.8094036114099858
E_n3,reinforcement:volume_log,925,-5.0,5.0,0.3415624230760217,1.938508224449394,-3.2932789896420123,-2.7909495456098514,1.3373765169964513,2.566724556377885,2.894697096817466,5.0,0.0,1.901051278872403
E_n3,reinforcement:volume_log^2,925,-5.0,0.04076255369345757,-3.00005516315437,1.9843275517755068,-4.9606604490669755,-4.825349471062689,-4.505228743943627,0.01565786587202119,0.02139384916354276,5.0,0.0,-4.697380149116293
E_n3,reinforcement:volume_log^3,925,-5.0,0.07873849554034214,-3.1410356895898635,1.6985205012606703,-4.816409995985025,-4.814323189304643,-4.253316310899666,-0.0005767201056582016,0.012091295567957117,5.0,0.0,-4.248737849311326
E_n3,reinforcement:volume_log_x_price_displacement,925,-5.0,5.0,-1.5464615030199393,3.0616442227305427,-5.0,-4.785382780329259,-3.194495786728499,3.9240409318444547,4.756008210606192,5.0,0.0,-3.0873231044398977
E_n3,reinforcement:volume_movement_abs,925,-5.0,5.0,-0.07471530843577975,2.5484327484926537,-5.0,-4.925232148786201,0.03635732500713135,4.467642914839227,5.0,5.0,0.0,0.7030764658536122
E_n3,reinforcement:volume_movement_abs^2,925,-5.0,5.0,-0.7639234654836613,2.8382437309039066,-5.0,-5.0,-0.5646955226402876,4.899154552242467,5.0,5.0,0.0,2.8431882441391165
E_n3,reinforcement:volume_movement_abs^3,925,-5.0,5.0,-0.46665798732285857,2.9623851539017707,-5.0,-5.0,-0.2155898656761519,5.0,5.0,5.0,0.0,1.4659988923686111
E_n3,reinforcement:volume_movement_signed,925,-5.0,5.0,0.3839651669498928,2.20168432010872,-5.0,-3.6483407505554584,0.450923746802963,4.391430837582413,5.0,5.0,0.0,0.7030764658536122
E_n3,reinforcement:volume_movement_signed^2,925,-5.0,5.0,-0.32523970002400976,2.8308475102958552,-5.0,-5.0,-0.0804247674106221,5.0,5.0,5.0,0.0,2.8431882441391165
E_n3,reinforcement:volume_movement_signed^3,925,-5.0,5.0,-0.516544461071712,2.9238490304133156,-5.0,-5.0,-0.4076381844905118,5.0,5.0,5.0,0.0,1.4659988923686111
E_n3,reversal_tendency:bias,925,-5.0,5.0,0.3418409214633589,1.7765262105788897,-4.282090973949241,-3.0588797031326886,0.3252695274270793,3.5115839142071232,5.0,5.0,0.0,-2.5952395796144905
E_n3,reversal_tendency:directional_volume,925,-5.0,5.0,-0.9164345579973824,2.3042523574733154,-5.0,-3.9902119142086425,-1.0873385878437423,3.180222684832833,5.0,5.0,0.0,-0.32228682210013143
E_n3,reversal_tendency:directional_volume^2,925,-5.0,5.0,0.4821787726640741,2.4647845141641525,-5.0,-2.266025625650986,-0.05303325576479949,4.56964177423701,5.0,5.0,0.0,1.8197600213549439
E_n3,reversal_tendency:directional_volume^3,925,-5.0,5.0,1.6574349228960636,2.480590529295902,-5.0,-4.866892956427269,2.108633483279717,4.845210200077706,5.0,5.0,0.0,3.6690279935209458
E_n3,reversal_tendency:price_acceleration,925,-5.0,5.0,-0.8087246323515263,2.6053854689616682,-5.0,-4.876439706705209,-0.6873950813595189,4.461753984508376,5.0,5.0,0.0,-0.9594074471460893
E_n3,reversal_tendency:price_acceleration^2,925,-5.0,5.0,0.8274408604910958,3.139675273928813,-5.0,-4.943846848987026,1.0829762369573985,5.0,5.0,5.0,0.0,0.6275120177017369
E_n3,reversal_tendency:price_acceleration^3,925,-5.0,5.0,-0.24266784024930754,3.282061199577569,-5.0,-5.0,0.0,5.0,5.0,5.0,0.0,-2.6694802213581004
E_n3,reversal_tendency:price_displacement,925,-5.0,5.0,-0.548710441200495,2.2344385144707606,-5.0,-4.818282317340142,-0.4203520692719982,3.7146560494471967,5.0,5.0,0.0,-1.2025487527279526
E_n3,reversal_tendency:price_displacement^2,925,-5.0,5.0,0.16759584101156355,2.8457266825001835,-5.0,-5.0,-0.03486018247378847,5.0,5.0,5.0,0.0,-4.055491233067055
E_n3,reversal_tendency:price_displacement^3,925,-5.0,5.0,0.604431672301638,2.9018620956659213,-5.0,-5.0,0.526693736350925,5.0,5.0,5.0,0.0,-2.261237777845409
E_n3,reversal_tendency:price_velocity,925,-5.0,5.0,-0.656500961595722,2.254884480308912,-5.0,-4.85383469316118,-0.4594601405048555,3.4579420901403046,5.0,5.0,0.0,-3.2997795777238776
E_n3,reversal_tendency:price_velocity^2,925,-5.0,5.0,0.18711108137987337,2.867042604771083,-5.0,-5.0,-0.048469755207957176,5.0,5.0,5.0,0.0,-4.832420249839062
E_n3,reversal_tendency:price_velocity^3,925,-5.0,5.0,0.6250968365833524,2.983108389931963,-5.0,-5.0,0.4977953077457097,5.0,5.0,5.0,0.0,-4.3823047097880155
E_n3,reversal_tendency:price_velocity_x_acceleration,925,-5.0,5.0,0.21472990852378182,3.2382471465816405,-5.0,-5.0,0.0,5.0,5.0,5.0,0.0,-2.4403834926975447
E_n3,reversal_tendency:relative_volume,925,-5.0,5.0,-0.6529532861263204,1.9173743063544484,-4.54241241407814,-4.374504912746068,0.05838159037672841,1.168734637225813,1.5448683919156738,5.0,0.0,-0.21551384505187002
E_n3,reversal_tendency:relative_volume^2,925,-0.46381824237391756,5.0,2.1799138825681275,2.061733694091564,-0.3774866860514355,-0.2969882160784332,3.0112168480087056,4.911893893412994,4.93497212506636,5.0,0.0,3.4194202703898964
E_n3,reversal_tendency:relative_volume^3,925,-0.9033677257614704,0.13542136668554117,-0.4049824623791738,0.38631728210944266,-0.8106767084267552,-0.7992687079281191,-0.6723683119181312,0.09547469896810876,0.11091582567886694,0.9033677257614704,0.0,-0.7984023374831357
E_n3,reversal_tendency:relative_volume_x_price_velocity,925,-5.0,5.0,0.4688086729777456,2.3461188648901348,-3.4207238289404454,-3.4034991252444264,0.5484612649599047,3.8030116292020857,4.611011390342923,5.0,0.0,1.0372483925708924
E_n3,reversal_tendency:spread,925,0.0,0.0,0.0,0.0,0.0,0.0,0.0,0.0,0.0,0.0,0.0,0.0
E_n3,reversal_tendency:spread^2,925,0.0,0.0,0.0,0.0,0.0,0.0,0.0,0.0,0.0,0.0,0.0,0.0
E_n3,reversal_tendency:spread^3,925,0.0,0.0,0.0,0.0,0.0,0.0,0.0,0.0,0.0,0.0,0.0,0.0
E_n3,reversal_tendency:spread_change,925,0.0,0.0,0.0,0.0,0.0,0.0,0.0,0.0,0.0,0.0,0.0,0.0
E_n3,reversal_tendency:spread_change^2,925,0.0,0.0,0.0,0.0,0.0,0.0,0.0,0.0,0.0,0.0,0.0,0.0
E_n3,reversal_tendency:spread_change^3,925,0.0,0.0,0.0,0.0,0.0,0.0,0.0,0.0,0.0,0.0,0.0,0.0
E_n3,reversal_tendency:volume_density,925,-5.0,5.0,-0.6568669047281948,1.9170148176496828,-4.5449836944390976,-4.378625884169542,0.05558421083312176,1.1407706858868218,1.5719526607762504,5.0,0.0,-0.19242177238492023
E_n3,reversal_tendency:volume_density^2,925,-0.4511557597418573,5.0,2.1767204930705604,2.0544312833331895,-0.36632673042495656,-0.2847439069612875,2.990136371760208,4.913014150736749,4.935696999379341,5.0,0.0,3.3995289726826927
E_n3,reversal_tendency:volume_density^3,925,-1.128092895175383,0.13235458034550782,-0.5362495288628413,0.494714372812553,-1.0311457372723063,-1.0198958148253312,-0.8930101609251266,0.09254236789209769,0.10820295969555685,1.128092895175383,0.0,-1.0188840345713917
E_n3,reversal_tendency:volume_density_x_price_displacement,925,-5.0,5.0,0.5576784386351812,2.3736911968719863,-3.4274387181726658,-3.410330906184595,0.6331395804006735,3.792567827701993,4.587659756458148,5.0,0.0,1.7833516804058602
E_n3,reversal_tendency:volume_log,925,-5.0,5.0,-0.38226570536908416,1.9043615525516313,-2.9653533638829592,-2.5987935326553977,-1.3724127292567199,2.5115333526601824,2.8661010105401887,5.0,0.0,-1.977766584381272
E_n3,reversal_tendency:volume_log^2,925,-0.218314536923062,5.0,2.9009293983458027,2.0941639011161133,-0.0898749530942865,-0.00258708021583592,4.5109520923993065,4.829226434910155,4.961626501336541,5.0,0.0,4.69804828034208
E_n3,reversal_tendency:volume_log^3,925,-0.021527275271882428,5.0,3.0562334917655076,1.771281082985296,-0.00032075885692211056,0.0,4.256839084965546,4.812690567763461,4.814757972990995,5.0,0.0,4.249576813219794
E_n3,reversal_tendency:volume_log_x_price_displacement,925,-5.0,5.0,1.9017368607243954,2.5923162011124767,-3.296091709844646,-2.4813854382180116,3.198121058974309,4.787541574706563,5.0,5.0,0.0,3.0729063050979177
E_n3,reversal_tendency:volume_movement_abs,925,-5.0,5.0,0.08205414862153736,2.471860576889247,-5.0,-4.477239838651069,-0.06542350149669744,4.729732284018789,5.0,5.0,0.0,-0.6803536347766809
E_n3,reversal_tendency:volume_movement_abs^2,925,-5.0,5.0,0.7512033408420988,2.8126550864096167,-5.0,-4.981186315765613,0.4191457564975298,5.0,5.0,5.0,0.0,-2.7861618352882123
E_n3,reversal_tendency:volume_movement_abs^3,925,-5.0,5.0,0.45166646353124157,2.896376193796954,-5.0,-5.0,0.2529941825608373,5.0,5.0,5.0,0.0,-1.3765022382625574
E_n3,reversal_tendency:volume_movement_signed,925,-5.0,5.0,-0.358599378245877,2.205819951374562,-5.0,-4.550740659811321,-0.268105006920013,3.6894280722654043,5.0,5.0,0.0,-0.6803536347766809
E_n3,reversal_tendency:volume_movement_signed^2,925,-5.0,5.0,0.37646279685369605,2.7949780769962467,-5.0,-5.0,0.08194642238869995,5.0,5.0,5.0,0.0,-2.7861618352882123
E_n3,reversal_tendency:volume_movement_signed^3,925,-5.0,5.0,0.506226303975852,2.8996122981120873,-5.0,-5.0,0.334537737148863,5.0,5.0,5.0,0.0,-1.3765022382625574
E_n3,strength:bias,925,-5.0,5.0,-0.0684601482361582,1.8651219483301744,-5.0,-3.517941745528099,-0.018171776020992614,3.2971495897488263,4.982847316259106,5.0,0.0,2.843839750455439
E_n3,strength:directional_volume,925,-5.0,5.0,0.9943330117597661,2.3104457867172483,-5.0,-2.9503954646599477,1.0971137974497043,4.086723857371765,5.0,5.0,0.0,0.5173107396115527
E_n3,strength:directional_volume^2,925,-5.0,5.0,-0.24217701311318957,2.435057403025956,-5.0,-4.7015274354399965,0.451944861808682,2.445959043486319,5.0,5.0,0.0,-1.546206272470061
E_n3,strength:directional_volume^3,925,-5.0,5.0,-1.6971654174569517,2.4747663077648596,-5.0,-4.898035738342703,-2.0805695567700964,4.871344478585806,5.0,5.0,0.0,-3.70173916506739
E_n3,strength:price_acceleration,925,-5.0,5.0,0.6636175021610716,2.7203513992194517,-5.0,-4.61290736918023,0.6658805808193405,4.876272065954167,5.0,5.0,0.0,0.8461054597032337
E_n3,strength:price_acceleration^2,925,-5.0,5.0,-0.9184799400617853,3.1896490897995053,-5.0,-5.0,-1.345718455473106,4.976584784612035,5.0,5.0,0.0,-0.8033036547963369
E_n3,strength:price_acceleration^3,925,-5.0,5.0,0.3133406661056481,3.3217671103214523,-5.0,-5.0,0.0,5.0,5.0,5.0,0.0,2.560822544977219
E_n3,strength:price_displacement,925,-5.0,5.0,0.581054772806428,2.2452250793330077,-5.0,-3.817685764593244,0.6543622140469757,4.826079668991585,5.0,5.0,0.0,1.1817030167872318
E_n3,strength:price_displacement^2,925,-5.0,5.0,-0.03580725484258758,2.881680697759263,-5.0,-5.0,0.1898658774691624,5.0,5.0,5.0,0.0,4.012314511024014
E_n3,strength:price_displacement^3,925,-5.0,5.0,-0.478525485178851,2.9758896651756683,-5.0,-5.0,-0.4545615519728114,5.0,5.0,5.0,0.0,2.2488155014539593
E_n3,strength:price_velocity,925,-5.0,5.0,0.6843229471036718,2.2607148549431915,-5.0,-3.5441823095785647,0.6543622140469757,4.847340137761322,5.0,5.0,0.0,3.1250068754836398
E_n3,strength:price_velocity^2,925,-5.0,5.0,-0.05616659970625929,2.905927778665651,-5.0,-5.0,0.20062069068366548,5.0,5.0,5.0,0.0,4.814273484304132
E_n3,strength:price_velocity^3,925,-5.0,5.0,-0.49805428260328855,3.0568306156938867,-5.0,-5.0,-0.4520107773265758,5.0,5.0,5.0,0.0,4.376299149357562
E_n3,strength:price_velocity_x_acceleration,925,-5.0,5.0,-0.37791329044376704,3.3074994873287236,-5.0,-5.0,-0.1623023550691336,5.0,5.0,5.0,0.0,2.336695807537817
E_n3,strength:relative_volume,925,-5.0,5.0,0.7441420120394928,1.8435268033455872,-1.577142691079049,-1.0798438903201253,-0.004162480397270725,4.330179150076754,4.524096698636928,5.0,0.0,-0.003383253006880055
E_n3,strength:relative_volume^2,925,-5.0,0.3222670444880425,-2.2286024848887753,1.987561511151939,-4.93235822054053,-4.9060498662212595,-2.9995369418806037,0.15760665933514234,0.24721004196892432,5.0,0.0,-3.3762128162101748
E_n3,strength:relative_volume^3,925,-0.08598421067337514,0.9458292851758356,0.4493624594203042,0.38500696823327046,-0.06087726691088718,-0.045904878669643746,0.7122282323185984,0.8340482277620885,0.844242903227471,0.9458292851758356,0.0,0.8318013629145284
E_n3,strength:relative_volume_x_price_velocity,925,-5.0,5.0,0.058178853537284046,2.5260913292009253,-4.658989630470395,-3.864684978710532,0.22996051775631648,3.4113972491734628,3.5403273772269723,5.0,0.0,-1.3235386917482739
E_n3,strength:spread,925,0.0,0.0,0.0,0.0,0.0,0.0,0.0,0.0,0.0,0.0,0.0,0.0
E_n3,strength:spread^2,925,0.0,0.0,0.0,0.0,0.0,0.0,0.0,0.0,0.0,0.0,0.0,0.0
E_n3,strength:spread^3,925,0.0,0.0,0.0,0.0,0.0,0.0,0.0,0.0,0.0,0.0,0.0,0.0
E_n3,strength:spread_change,925,0.0,0.0,0.0,0.0,0.0,0.0,0.0,0.0,0.0,0.0,0.0,0.0
E_n3,strength:spread_change^2,925,0.0,0.0,0.0,0.0,0.0,0.0,0.0,0.0,0.0,0.0,0.0,0.0
E_n3,strength:spread_change^3,925,0.0,0.0,0.0,0.0,0.0,0.0,0.0,0.0,0.0,0.0,0.0,0.0
E_n3,strength:volume_density,925,-5.0,5.0,0.750890000538316,1.8454811297811506,-1.6042113582482478,-1.1001951531631042,0.0,4.334522499364204,4.526768431532784,5.0,0.0,-0.026212361610352994
E_n3,strength:volume_density^2,925,-5.0,0.3063025203248302,-2.226390174696872,1.9794411319667102,-4.93311172185095,-4.9072306031179975,-2.978240401415324,0.14240072225216815,0.23417917416397344,5.0,0.0,-3.3563955443429427
E_n3,strength:volume_density^3,925,-0.08200196375376566,1.172045241628459,0.5817570670640515,0.4938797229094228,-0.057289399757839386,-0.04213710134242246,0.9343645157715939,1.05993592033576,1.0688812091327895,1.172045241628459,0.0,1.053787455196519
E_n3,strength:volume_density_x_price_displacement,925,-5.0,5.0,-0.012957179651160226,2.5576225574621683,-4.644623868121957,-3.8550196940389716,0.18392393857982475,3.4181639222778206,3.5165969099436913,5.0,0.0,-1.8639850982265067
E_n3,strength:volume_log,925,-5.0,5.0,0.32826564376608114,1.8443920345136398,-3.1561791589689867,-2.6653948455892063,1.224354585442745,2.50266656217407,2.787695240622858,5.0,0.0,1.7282352405898247
E_n3,strength:volume_log^2,925,-5.0,0.07681043407879753,-2.96796536026699,2.004310456385917,-4.954750422196554,-4.817864175351185,-4.488364540761808,0.04307297812323246,0.04956633838916259,5.0,0.0,-4.690596388593053
E_n3,strength:volume_log^3,925,-5.0,0.08715095415565538,-3.118293375459396,1.7328182703065462,-4.82081996643556,-4.818614558414577,-4.282412036172124,-0.001418105259055715,0.01884121265861397,5.0,0.0,-4.28040368034316
E_n3,strength:volume_log_x_price_displacement,925,-5.0,5.0,-1.467984354098887,3.1639585879712135,-5.0,-4.7808492839262975,-3.1853725196003726,4.159781699616554,5.0,5.0,0.0,-3.084263020459821
E_n3,strength:volume_movement_abs,925,-5.0,5.0,-0.11279067057665264,2.538788492459012,-5.0,-4.9261060168581166,0.0058818447014376,4.448287411025824,5.0,5.0,0.0,0.6691776751383645
E_n3,strength:volume_movement_abs^2,925,-5.0,5.0,-0.7297939401414831,2.844408394626341,-5.0,-5.0,-0.46329199729827186,4.86874654852619,5.0,5.0,0.0,2.8859417627917834
E_n3,strength:volume_movement_abs^3,925,-5.0,5.0,-0.40129486611872406,2.977289954667473,-5.0,-5.0,-0.2910577263567249,5.0,5.0,5.0,0.0,1.5196747079805257
E_n3,strength:volume_movement_signed,925,-5.0,5.0,0.3752795572014604,2.202335474126928,-5.0,-3.6604831498531283,0.367267164506786,4.569788903524755,5.0,5.0,0.0,0.6691776751383645
E_n3,strength:volume_movement_signed^2,925,-5.0,5.0,-0.293352006305021,2.837675813362173,-5.0,-5.0,-0.02031651028978526,5.0,5.0,5.0,0.0,2.8859417627917834
E_n3,strength:volume_movement_signed^3,925,-5.0,5.0,-0.4683510023913582,2.922126864233448,-5.0,-5.0,-0.34460278603007793,5.0,5.0,5.0,0.0,1.5196747079805257
E_n3,uncertainty:bias,925,-5.0,5.0,-0.09131141718076705,1.8617284365706077,-5.0,-3.534232965646995,-0.032551719987943595,3.333285449840304,4.978253983487191,5.0,0.0,2.8450543615203
E_n3,uncertainty:directional_volume,925,-5.0,5.0,0.9897666097610803,2.307125980050793,-5.0,-2.956966675216447,1.0934599715640478,4.051136883828188,5.0,5.0,0.0,0.43576363533010326
E_n3,uncertainty:directional_volume^2,925,-5.0,5.0,-0.28094502598964655,2.429536042801514,-5.0,-4.701668995921733,0.3215566816294556,2.422472925391582,5.0,5.0,0.0,-1.6532327003168827
E_n3,uncertainty:directional_volume^3,925,-5.0,5.0,-1.6767167491455464,2.490576859984345,-5.0,-4.900052952839132,-2.0742516568313163,4.8688646543613405,5.0,5.0,0.0,-3.7803516429109703
E_n3,uncertainty:price_acceleration,925,-5.0,5.0,0.7060514471694284,2.7108575224465525,-5.0,-4.6115402755436055,0.7149280319583254,4.875320948008832,5.0,5.0,0.0,0.9197551542311163
E_n3,uncertainty:price_acceleration^2,925,-5.0,5.0,-0.8715163966870253,3.1859447482497747,-5.0,-5.0,-1.1093612605427365,4.976339856853017,5.0,5.0,0.0,-0.7165925554379662
E_n3,uncertainty:price_acceleration^3,925,-5.0,5.0,0.34238081578500407,3.320362053772496,-5.0,-5.0,0.0,5.0,5.0,5.0,0.0,2.6828588214684896
E_n3,uncertainty:price_displacement,925,-5.0,5.0,0.5863162482127897,2.2483637544019244,-5.0,-3.80851049509928,0.6474292240400954,4.824223274221354,5.0,5.0,0.0,1.327836488380329
E_n3,uncertainty:price_displacement^2,925,-5.0,5.0,-0.032611323998323165,2.8876819616165346,-5.0,-5.0,0.1946679086802167,5.0,5.0,5.0,0.0,3.997899904805612
E_n3,uncertainty:price_displacement^3,925,-5.0,5.0,-0.48689880646858635,2.981582155588187,-5.0,-5.0,-0.4839377014816568,5.0,5.0,5.0,0.0,2.282491564421508
E_n3,uncertainty:price_velocity,925,-5.0,5.0,0.6892709371358453,2.264699000078819,-5.0,-3.5484959342849427,0.6474292240400954,4.847769121349406,5.0,5.0,0.0,3.254368836987719
E_n3,uncertainty:price_velocity^2,925,-5.0,5.0,-0.05205641251059977,2.913773803667412,-5.0,-5.0,0.19909451105491746,5.0,5.0,5.0,0.0,4.814100685251005
E_n3,uncertainty:price_velocity^3,925,-5.0,5.0,-0.5058299393554004,3.0621319019441264,-5.0,-5.0,-0.46690726219598105,5.0,5.0,5.0,0.0,4.398079143031195
E_n3,uncertainty:price_velocity_x_acceleration,925,-5.0,5.0,-0.33932751643632386,3.298548551386359,-5.0,-5.0,-0.034011335780532115,5.0,5.0,5.0,0.0,2.482446355818801
E_n3,uncertainty:relative_volume,925,-5.0,5.0,0.7551595208267458,1.841543998370065,-1.5737494658829678,-1.0726645357608953,0.0,4.333929658877155,4.525026940516994,5.0,0.0,-0.014048997101918849
E_n3,uncertainty:relative_volume^2,925,-5.0,0.32657997071013134,-2.2277470050483705,1.988383384029796,-4.932490968750652,-4.906521857616704,-3.0002054391370723,0.1610171848751983,0.25090774834890595,5.0,0.0,-3.371317405536337
E_n3,uncertainty:relative_volume^3,925,-0.08854377950691428,0.9422906826637021,0.44661333508162204,0.3840377822938914,-0.06350452717422746,-0.04835596701518272,0.7085813504109244,0.8293129582959632,0.8391702109713175,0.9422906826637021,0.0,0.8266108619141226
E_n3,uncertainty:relative_volume_x_price_velocity,925,-5.0,5.0,0.04529047525267005,2.535520368176228,-4.662732635994729,-3.8713700945701874,0.23280587918630868,3.4110073265022742,3.546397044851335,5.0,0.0,-1.4955257409945144
E_n3,uncertainty:spread,925,0.0,0.0,0.0,0.0,0.0,0.0,0.0,0.0,0.0,0.0,0.0,0.0
E_n3,uncertainty:spread^2,925,0.0,0.0,0.0,0.0,0.0,0.0,0.0,0.0,0.0,0.0,0.0,0.0
E_n3,uncertainty:spread^3,925,0.0,0.0,0.0,0.0,0.0,0.0,0.0,0.0,0.0,0.0,0.0,0.0
E_n3,uncertainty:spread_change,925,0.0,0.0,0.0,0.0,0.0,0.0,0.0,0.0,0.0,0.0,0.0,0.0
E_n3,uncertainty:spread_change^2,925,0.0,0.0,0.0,0.0,0.0,0.0,0.0,0.0,0.0,0.0,0.0,0.0
E_n3,uncertainty:spread_change^3,925,0.0,0.0,0.0,0.0,0.0,0.0,0.0,0.0,0.0,0.0,0.0,0.0
E_n3,uncertainty:volume_density,925,-5.0,5.0,0.762495528371224,1.843404725437159,-1.6008160409897334,-1.095614699025659,0.0,4.338286676955617,4.527695530826245,5.0,0.0,-0.0366833753209905
E_n3,uncertainty:volume_density^2,925,-5.0,0.31007175078699256,-2.2257067608088343,1.9800772719616488,-4.933243565448142,-4.907705513994659,-2.9789108366702224,0.1451866143954521,0.2373194891561771,5.0,0.0,-3.3515577894246427
E_n3,uncertainty:volume_density^3,925,-0.084440680802751,1.1684835184183795,0.5790310577173698,0.49285635618422885,-0.05974864927842644,-0.04446421509859211,0.9306957297804286,1.0562998537510155,1.065820899844014,1.1684835184183795,0.0,1.0485878727319367
E_n3,uncertainty:volume_density_x_price_displacement,925,-5.0,5.0,-0.016489994906461303,2.562922541573879,-4.648366636168088,-3.8684064745586544,0.18130759212076059,3.417771575281801,3.5168508373155425,5.0,0.0,-1.9131863551543602
E_n3,uncertainty:volume_log,925,-5.0,5.0,0.3101403509363739,1.8698199451568283,-3.2226539180273384,-2.730065074876962,1.2311996126261757,2.5055388158698304,2.7890572842806005,5.0,0.0,1.7023973920414823
E_n3,uncertainty:volume_log^2,925,-5.0,0.0754659597362145,-2.9784759943811734,1.9932802346661456,-4.954723215925463,-4.8181903572644655,-4.487959876736462,0.03924282857543971,0.04513624901004339,5.0,0.0,-4.689842117028538
E_n3,uncertainty:volume_log^3,925,-5.0,0.08487606222797242,-3.134703962469061,1.7200975966559728,-4.82106224845741,-4.81885709932213,-4.285889529283895,-0.0014548379171726408,0.016545514197120973,5.0,0.0,-4.28402791987655
E_n3,uncertainty:volume_log_x_price_displacement,925,-5.0,5.0,-1.4704885245402282,3.166339429934177,-5.0,-4.7807870639136345,-3.200544921174475,4.158123112275805,5.0,5.0,0.0,-3.139193409439039
E_n3,uncertainty:volume_movement_abs,925,-5.0,5.0,-0.08970754594293487,2.550345297507791,-5.0,-4.926487169999429,0.009870469538634963,4.436909503919448,5.0,5.0,0.0,0.7777568082089251
E_n3,uncertainty:volume_movement_abs^2,925,-5.0,5.0,-0.774352501796156,2.845949995632103,-5.0,-5.0,-0.5259469129723394,4.874246041091166,5.0,5.0,0.0,2.9309073382846895
E_n3,uncertainty:volume_movement_abs^3,925,-5.0,5.0,-0.4240813402340344,2.989951041215147,-5.0,-5.0,-0.2896151052784412,5.0,5.0,5.0,0.0,1.4085275439607385
E_n3,uncertainty:volume_movement_signed,925,-5.0,5.0,0.38077492364868876,2.206901462166305,-5.0,-3.6621021605862722,0.3563615990214462,4.569943572063412,5.0,5.0,0.0,0.7777568082089251
E_n3,uncertainty:volume_movement_signed^2,925,-5.0,5.0,-0.29654947115768127,2.8414607901763453,-5.0,-5.0,-0.028444428993126,5.0,5.0,5.0,0.0,2.9309073382846895
E_n3,uncertainty:volume_movement_signed^3,925,-5.0,5.0,-0.4933755053554147,2.930745357705406,-5.0,-5.0,-0.37599820956115376,5.0,5.0,5.0,0.0,1.4085275439607385
