experiment_id,output_channel,feature,degree,interaction,starting_value,ending_value,minimum,maximum,mean,std,total_absolute_drift,max_single_update,update_count
A_n1,direction_state,bias,0,0,0.0,0.39994421702380284,-5.0,5.0,1.2460498063345222,1.6636235360641285,86.60179450581231,5.347305033868434,925
A_n1,direction_state,directional_volume,1,0,0.0,0.0,0.0,0.0,0.0,0.0,0.0,0.0,925
A_n1,direction_state,price_acceleration,1,0,0.0,4.992725316183062,-5.0,5.0,4.4671063685626216,1.6885318891354337,175.01269892931685,10.0,925
A_n1,direction_state,price_displacement,1,0,0.0,-0.524769267340868,-5.0,5.0,-0.48607222188876936,3.7538058489068846,76.62461705670037,10.0,925
A_n1,direction_state,price_velocity,1,0,0.0,-2.9644278925526906,-5.0,5.0,-0.7077602358619417,3.8209790372113335,74.18257076670007,10.0,925
A_n1,direction_state,price_velocity_x_acceleration,1,1,0.0,0.0,0.0,0.0,0.0,0.0,0.0,0.0,925
A_n1,direction_state,relative_volume,1,0,0.0,0.0,0.0,0.0,0.0,0.0,0.0,0.0,925
A_n1,direction_state,relative_volume_x_price_velocity,1,1,0.0,0.0,0.0,0.0,0.0,0.0,0.0,0.0,925
A_n1,direction_state,spread,1,0,0.0,4.855963788530937,-5.0,5.0,3.531120650739718,3.098777682717793,26.601857433357907,9.89447887820549,925
A_n1,direction_state,spread_change,1,0,0.0,4.986966917822487,-5.0,5.0,1.4316516766839726,4.554306677054071,45.03821734542721,9.993329403584227,925
A_n1,direction_state,volume_density,1,0,0.0,0.0,0.0,0.0,0.0,0.0,0.0,0.0,925
A_n1,direction_state,volume_density_x_price_displacement,1,1,0.0,0.0,0.0,0.0,0.0,0.0,0.0,0.0,925
A_n1,direction_state,volume_log,1,0,0.0,0.0,0.0,0.0,0.0,0.0,0.0,0.0,925
A_n1,direction_state,volume_log_x_price_displacement,1,1,0.0,0.0,0.0,0.0,0.0,0.0,0.0,0.0,925
A_n1,direction_state,volume_movement_abs,1,0,0.0,0.0,0.0,0.0,0.0,0.0,0.0,0.0,925
A_n1,direction_state,volume_movement_signed,1,0,0.0,0.0,0.0,0.0,0.0,0.0,0.0,0.0,925
A_n1,forward_half_life,bias,0,0,1.7999999999999998,5.0,-5.0,5.0,4.633122808833689,1.6484205995415089,165.0,10.0,925
A_n1,forward_half_life,directional_volume,1,0,0.0,0.0,0.0,0.0,0.0,0.0,0.0,0.0,925
A_n1,forward_half_life,price_acceleration,1,0,0.0,-4.952231720194833,-5.0,5.0,-4.464427201629696,1.6877960227325075,175.75384438332534,10.0,925
A_n1,forward_half_life,price_displacement,1,0,0.0,0.6396096063796424,-5.0,5.0,0.5321237640845085,3.739942973615991,77.02106150576769,10.0,925
A_n1,forward_half_life,price_velocity,1,0,0.0,3.0799938046774953,-5.0,5.0,0.7543330788847079,3.808324420333854,74.57763702137632,10.0,925
A_n1,forward_half_life,price_velocity_x_acceleration,1,1,0.0,0.0,0.0,0.0,0.0,0.0,0.0,0.0,925
A_n1,forward_half_life,relative_volume,1,0,0.0,0.0,0.0,0.0,0.0,0.0,0.0,0.0,925
A_n1,forward_half_life,relative_volume_x_price_velocity,1,1,0.0,0.0,0.0,0.0,0.0,0.0,0.0,0.0,925
A_n1,forward_half_life,spread,1,0,0.03600000000001841,-0.8527389326025794,-5.0,5.0,-1.885285925279809,2.80470721531735,80.72728415983484,10.0,925
A_n1,forward_half_life,spread_change,1,0,0.0,-4.986966917822487,-5.0,5.0,-1.4316516766839726,4.554306677054071,45.03821734542721,9.993329403584227,925
A_n1,forward_half_life,volume_density,1,0,0.0,0.0,0.0,0.0,0.0,0.0,0.0,0.0,925
A_n1,forward_half_life,volume_density_x_price_displacement,1,1,0.0,0.0,0.0,0.0,0.0,0.0,0.0,0.0,925
A_n1,forward_half_life,volume_log,1,0,0.0,0.0,0.0,0.0,0.0,0.0,0.0,0.0,925
A_n1,forward_half_life,volume_log_x_price_displacement,1,1,0.0,0.0,0.0,0.0,0.0,0.0,0.0,0.0,925
A_n1,forward_half_life,volume_movement_abs,1,0,0.0,0.0,0.0,0.0,0.0,0.0,0.0,0.0,925
A_n1,forward_half_life,volume_movement_signed,1,0,0.0,0.0,0.0,0.0,0.0,0.0,0.0,0.0,925
A_n1,magnitude_state,bias,0,0,0.0,0.26635044211536824,-5.0,5.0,1.1625066469016332,1.6796258177277814,87.70032129424447,5.331980067684516,925
A_n1,magnitude_state,directional_volume,1,0,0.0,0.0,0.0,0.0,0.0,0.0,0.0,0.0,925
A_n1,magnitude_state,price_acceleration,1,0,0.0,4.99204738233668,-5.0,5.0,4.466999429788697,1.6885086640090075,175.0130626050654,10.0,925
A_n1,magnitude_state,price_displacement,1,0,0.0,-0.5250035543605224,-5.0,5.0,-0.11262371561978331,3.5571062503832978,76.61484951927561,10.0,925
A_n1,magnitude_state,price_velocity,1,0,0.0,-2.964857178509319,-5.0,5.0,-0.7079670378270023,3.820935138242327,74.18174388740738,10.0,925
A_n1,magnitude_state,price_velocity_x_acceleration,1,1,0.0,0.0,0.0,0.0,0.0,0.0,0.0,0.0,925
A_n1,magnitude_state,relative_volume,1,0,0.0,0.0,0.0,0.0,0.0,0.0,0.0,0.0,925
A_n1,magnitude_state,relative_volume_x_price_velocity,1,1,0.0,0.0,0.0,0.0,0.0,0.0,0.0,0.0,925
A_n1,magnitude_state,spread,1,0,0.0,4.851955975283683,-5.0,5.0,3.5255225821798164,3.098865087774703,26.63327655929279,9.89833402655992,925
A_n1,magnitude_state,spread_change,1,0,0.0,4.986966917822487,-5.0,5.0,1.0512184061232912,4.422400983349433,45.02779220678659,9.993329403584227,925
A_n1,magnitude_state,volume_density,1,0,0.0,0.0,0.0,0.0,0.0,0.0,0.0,0.0,925
A_n1,magnitude_state,volume_density_x_price_displacement,1,1,0.0,0.0,0.0,0.0,0.0,0.0,0.0,0.0,925
A_n1,magnitude_state,volume_log,1,0,0.0,0.0,0.0,0.0,0.0,0.0,0.0,0.0,925
A_n1,magnitude_state,volume_log_x_price_displacement,1,1,0.0,0.0,0.0,0.0,0.0,0.0,0.0,0.0,925
A_n1,magnitude_state,volume_movement_abs,1,0,0.0,0.0,0.0,0.0,0.0,0.0,0.0,0.0,925
A_n1,magnitude_state,volume_movement_signed,1,0,0.0,0.0,0.0,0.0,0.0,0.0,0.0,0.0,925
A_n1,observation_half_life,bias,0,0,1.7999999999999998,5.0,-5.0,5.0,4.633122808833689,1.6484205995415089,165.0,10.0,925
A_n1,observation_half_life,directional_volume,1,0,0.0,0.0,0.0,0.0,0.0,0.0,0.0,0.0,925
A_n1,observation_half_life,price_acceleration,1,0,0.0,-4.952231720194833,-5.0,5.0,-4.464427201629696,1.6877960227325075,175.75384438332534,10.0,925
A_n1,observation_half_life,price_displacement,1,0,0.0,0.6396096063796424,-5.0,5.0,0.5321237640845085,3.739942973615991,77.02106150576769,10.0,925
A_n1,observation_half_life,price_velocity,1,0,0.0,3.0799938046774953,-5.0,5.0,0.7543330788847079,3.808324420333854,74.57763702137632,10.0,925
A_n1,observation_half_life,price_velocity_x_acceleration,1,1,0.0,0.0,0.0,0.0,0.0,0.0,0.0,0.0,925
A_n1,observation_half_life,relative_volume,1,0,0.0,0.0,0.0,0.0,0.0,0.0,0.0,0.0,925
A_n1,observation_half_life,relative_volume_x_price_velocity,1,1,0.0,0.0,0.0,0.0,0.0,0.0,0.0,0.0,925
A_n1,observation_half_life,spread,1,0,0.03600000000001841,-0.8527389326025794,-5.0,5.0,-1.885285925279809,2.80470721531735,80.72728415983484,10.0,925
A_n1,observation_half_life,spread_change,1,0,0.0,-4.986966917822487,-5.0,5.0,-1.4316516766839726,4.554306677054071,45.03821734542721,9.993329403584227,925
A_n1,observation_half_life,volume_density,1,0,0.0,0.0,0.0,0.0,0.0,0.0,0.0,0.0,925
A_n1,observation_half_life,volume_density_x_price_displacement,1,1,0.0,0.0,0.0,0.0,0.0,0.0,0.0,0.0,925
A_n1,observation_half_life,volume_log,1,0,0.0,0.0,0.0,0.0,0.0,0.0,0.0,0.0,925
A_n1,observation_half_life,volume_log_x_price_displacement,1,1,0.0,0.0,0.0,0.0,0.0,0.0,0.0,0.0,925
A_n1,observation_half_life,volume_movement_abs,1,0,0.0,0.0,0.0,0.0,0.0,0.0,0.0,0.0,925
A_n1,observation_half_life,volume_movement_signed,1,0,0.0,0.0,0.0,0.0,0.0,0.0,0.0,0.0,925
A_n1,persistence,bias,0,0,0.006,0.4494032705803187,-5.0,5.0,1.2926876676940788,1.6494963463282084,85.26370397907135,5.513006072809491,925
A_n1,persistence,directional_volume,1,0,0.0,0.0,0.0,0.0,0.0,0.0,0.0,0.0,925
A_n1,persistence,price_acceleration,1,0,0.0,4.9921112847861675,-5.0,5.0,4.467002891174345,1.6885095077816923,175.01274867626037,10.0,925
A_n1,persistence,price_displacement,1,0,0.0,-0.5248461407638646,-5.0,5.0,-0.28739206058546024,3.599830473712256,76.61899040950473,10.0,925
A_n1,persistence,price_velocity,1,0,0.0,-2.964683283024377,-5.0,5.0,-0.7078664376638819,3.820949622778096,74.18228578192058,10.0,925
A_n1,persistence,price_velocity_x_acceleration,1,1,0.0,0.0,0.0,0.0,0.0,0.0,0.0,0.0,925
A_n1,persistence,relative_volume,1,0,0.0,0.0,0.0,0.0,0.0,0.0,0.0,0.0,925
A_n1,persistence,relative_volume_x_price_velocity,1,1,0.0,0.0,0.0,0.0,0.0,0.0,0.0,0.0,925
A_n1,persistence,spread,1,0,0.00012000000000006138,4.857447560137627,-5.0,5.0,3.5321508457689883,3.0989826360201405,26.573392535803237,9.894630641363907,925
A_n1,persistence,spread_change,1,0,0.0,4.986966917822487,-5.0,5.0,1.205804649379778,4.435087955765682,45.03202838469897,9.993329403584227,925
A_n1,persistence,volume_density,1,0,0.0,0.0,0.0,0.0,0.0,0.0,0.0,0.0,925
A_n1,persistence,volume_density_x_price_displacement,1,1,0.0,0.0,0.0,0.0,0.0,0.0,0.0,0.0,925
A_n1,persistence,volume_log,1,0,0.0,0.0,0.0,0.0,0.0,0.0,0.0,0.0,925
A_n1,persistence,volume_log_x_price_displacement,1,1,0.0,0.0,0.0,0.0,0.0,0.0,0.0,0.0,925
A_n1,persistence,volume_movement_abs,1,0,0.0,0.0,0.0,0.0,0.0,0.0,0.0,0.0,925
A_n1,persistence,volume_movement_signed,1,0,0.0,0.0,0.0,0.0,0.0,0.0,0.0,0.0,925
A_n1,perturbation_state,bias,0,0,0.012,-0.018569214018272252,-5.0,5.0,-0.9917086672435317,1.7160826541296614,91.36906643639918,5.506532701879389,925
A_n1,perturbation_state,directional_volume,1,0,0.0,0.0,0.0,0.0,0.0,0.0,0.0,0.0,925
A_n1,perturbation_state,price_acceleration,1,0,0.0,-4.991569873017458,-5.0,5.0,-4.466933304957495,1.6884866617572025,175.0144498250902,10.0,925
A_n1,perturbation_state,price_displacement,1,0,0.0,0.5252847705427875,-5.0,5.0,0.4864712378343261,3.7537277472503767,76.6230125622374,10.0,925
A_n1,perturbation_state,price_velocity,1,0,0.0,2.9653451469976924,-5.0,5.0,0.7081825696852501,3.8209141140942577,74.18128599684688,10.0,925
A_n1,perturbation_state,price_velocity_x_acceleration,1,1,0.0,0.0,0.0,0.0,0.0,0.0,0.0,0.0,925
A_n1,perturbation_state,relative_volume,1,0,0.0,0.0,0.0,0.0,0.0,0.0,0.0,0.0,925
A_n1,perturbation_state,relative_volume_x_price_velocity,1,1,0.0,0.0,0.0,0.0,0.0,0.0,0.0,0.0,925
A_n1,perturbation_state,spread,1,0,0.00024000000000012276,-4.8445225384407635,-5.0,5.0,-3.524676090387586,3.0980085301101585,26.726221368883152,9.903666872593366,925
A_n1,perturbation_state,spread_change,1,0,0.0,-4.986966917822487,-5.0,5.0,-1.4316516766839726,4.554306677054071,45.03821734542721,9.993329403584227,925
A_n1,perturbation_state,volume_density,1,0,0.0,0.0,0.0,0.0,0.0,0.0,0.0,0.0,925
A_n1,perturbation_state,volume_density_x_price_displacement,1,1,0.0,0.0,0.0,0.0,0.0,0.0,0.0,0.0,925
A_n1,perturbation_state,volume_log,1,0,0.0,0.0,0.0,0.0,0.0,0.0,0.0,0.0,925
A_n1,perturbation_state,volume_log_x_price_displacement,1,1,0.0,0.0,0.0,0.0,0.0,0.0,0.0,0.0,925
A_n1,perturbation_state,volume_movement_abs,1,0,0.0,0.0,0.0,0.0,0.0,0.0,0.0,0.0,925
A_n1,perturbation_state,volume_movement_signed,1,0,0.0,0.0,0.0,0.0,0.0,0.0,0.0,0.0,925
A_n1,reinforcement,bias,0,0,-0.0020999999999999994,0.45210520834863327,-5.0,5.0,1.236417635041348,1.6846795753464971,86.06813099568605,5.3525954456905,925
A_n1,reinforcement,directional_volume,1,0,0.0,0.0,0.0,0.0,0.0,0.0,0.0,0.0,925
A_n1,reinforcement,price_acceleration,1,0,0.0,4.992191080685781,-5.0,5.0,4.467041444319257,1.688520774775966,175.01301448804028,10.0,925
A_n1,reinforcement,price_displacement,1,0,0.0,-0.5248413554275516,-5.0,5.0,-0.4861595529486831,3.7538048989130957,76.62400698556115,10.0,925
A_n1,reinforcement,price_velocity,1,0,0.0,-2.96463023843991,-5.0,5.0,-0.7078546180792641,3.820979979562681,74.18210511438377,10.0,925
A_n1,reinforcement,price_velocity_x_acceleration,1,1,0.0,0.0,0.0,0.0,0.0,0.0,0.0,0.0,925
A_n1,reinforcement,relative_volume,1,0,0.0,0.0,0.0,0.0,0.0,0.0,0.0,0.0,925
A_n1,reinforcement,relative_volume_x_price_velocity,1,1,0.0,0.0,0.0,0.0,0.0,0.0,0.0,0.0,925
A_n1,reinforcement,spread,1,0,-4.200000000002147e-05,4.85752861827068,-5.0,5.0,3.53093240593706,3.0999451608603508,26.589171628456565,9.899271321852517,925
A_n1,reinforcement,spread_change,1,0,0.0,4.986966917822487,-5.0,5.0,1.4316516766839726,4.554306677054071,45.03821734542721,9.993329403584227,925
A_n1,reinforcement,volume_density,1,0,0.0,0.0,0.0,0.0,0.0,0.0,0.0,0.0,925
A_n1,reinforcement,volume_density_x_price_displacement,1,1,0.0,0.0,0.0,0.0,0.0,0.0,0.0,0.0,925
A_n1,reinforcement,volume_log,1,0,0.0,0.0,0.0,0.0,0.0,0.0,0.0,0.0,925
A_n1,reinforcement,volume_log_x_price_displacement,1,1,0.0,0.0,0.0,0.0,0.0,0.0,0.0,0.0,925
A_n1,reinforcement,volume_movement_abs,1,0,0.0,0.0,0.0,0.0,0.0,0.0,0.0,0.0,925
A_n1,reinforcement,volume_movement_signed,1,0,0.0,0.0,0.0,0.0,0.0,0.0,0.0,0.0,925
A_n1,reversal_tendency,bias,0,0,0.006,-0.14196276697064308,-5.0,5.0,-1.0726276023423549,1.701282591697123,89.55177731947721,5.390454054149029,925
A_n1,reversal_tendency,directional_volume,1,0,0.0,0.0,0.0,0.0,0.0,0.0,0.0,0.0,925
A_n1,reversal_tendency,price_acceleration,1,0,0.0,-4.991808031759168,-5.0,5.0,-4.466966228462077,1.6884976007411332,175.0137433300506,10.0,925
A_n1,reversal_tendency,price_displacement,1,0,0.0,0.5251460291761979,-5.0,5.0,0.4863744441314108,3.7537472528618463,76.62325937683732,10.0,925
A_n1,reversal_tendency,price_velocity,1,0,0.0,2.9651017334151093,-5.0,5.0,0.7080797219880217,3.8209294036442674,74.18143823902362,10.0,925
A_n1,reversal_tendency,price_velocity_x_acceleration,1,1,0.0,0.0,0.0,0.0,0.0,0.0,0.0,0.0,925
A_n1,reversal_tendency,relative_volume,1,0,0.0,0.0,0.0,0.0,0.0,0.0,0.0,0.0,925
A_n1,reversal_tendency,relative_volume_x_price_velocity,1,1,0.0,0.0,0.0,0.0,0.0,0.0,0.0,0.0,925
A_n1,reversal_tendency,spread,1,0,0.00012000000000006138,-4.848224345029338,-5.0,5.0,-3.5267310281517057,3.0984954399408315,26.680158437900968,9.901345299638756,925
A_n1,reversal_tendency,spread_change,1,0,0.0,-4.986966917822487,-5.0,5.0,-1.4316516766839726,4.554306677054071,45.03821734542721,9.993329403584227,925
A_n1,reversal_tendency,volume_density,1,0,0.0,0.0,0.0,0.0,0.0,0.0,0.0,0.0,925
A_n1,reversal_tendency,volume_density_x_price_displacement,1,1,0.0,0.0,0.0,0.0,0.0,0.0,0.0,0.0,925
A_n1,reversal_tendency,volume_log,1,0,0.0,0.0,0.0,0.0,0.0,0.0,0.0,0.0,925
A_n1,reversal_tendency,volume_log_x_price_displacement,1,1,0.0,0.0,0.0,0.0,0.0,0.0,0.0,0.0,925
A_n1,reversal_tendency,volume_movement_abs,1,0,0.0,0.0,0.0,0.0,0.0,0.0,0.0,0.0,925
A_n1,reversal_tendency,volume_movement_signed,1,0,0.0,0.0,0.0,0.0,0.0,0.0,0.0,0.0,925
A_n1,strength,bias,0,0,0.0,0.34619271852042083,-5.0,5.0,1.2267539476877125,1.663416133152413,86.40064560687779,5.373976787065354,925
A_n1,strength,directional_volume,1,0,0.0,0.0,0.0,0.0,0.0,0.0,0.0,0.0,925
A_n1,strength,price_acceleration,1,0,0.0,4.99245356116861,-5.0,5.0,4.467055719040052,1.688523454769269,175.0127542642944,10.0,925
A_n1,strength,price_displacement,1,0,0.0,-0.5248635033034637,-5.0,5.0,-0.48616856999426317,3.7537692482937297,76.62407183370694,10.0,925
A_n1,strength,price_velocity,1,0,0.0,-2.9646001643685014,-5.0,5.0,-0.7078611637824451,3.820943867729791,74.18207763837034,10.0,925
A_n1,strength,price_velocity_x_acceleration,1,1,0.0,0.0,0.0,0.0,0.0,0.0,0.0,0.0,925
A_n1,strength,relative_volume,1,0,0.0,0.0,0.0,0.0,0.0,0.0,0.0,0.0,925
A_n1,strength,relative_volume_x_price_velocity,1,1,0.0,0.0,0.0,0.0,0.0,0.0,0.0,0.0,925
A_n1,strength,spread,1,0,0.0,4.85435124357583,-5.0,5.0,3.530619911393947,3.098871260891048,26.598987051361625,9.896028852554107,925
A_n1,strength,spread_change,1,0,0.0,4.986966917822487,-5.0,5.0,1.4316516766839726,4.554306677054071,45.03821734542721,9.993329403584227,925
A_n1,strength,volume_density,1,0,0.0,0.0,0.0,0.0,0.0,0.0,0.0,0.0,925
A_n1,strength,volume_density_x_price_displacement,1,1,0.0,0.0,0.0,0.0,0.0,0.0,0.0,0.0,925
A_n1,strength,volume_log,1,0,0.0,0.0,0.0,0.0,0.0,0.0,0.0,0.0,925
A_n1,strength,volume_log_x_price_displacement,1,1,0.0,0.0,0.0,0.0,0.0,0.0,0.0,0.0,925
A_n1,strength,volume_movement_abs,1,0,0.0,0.0,0.0,0.0,0.0,0.0,0.0,0.0,925
A_n1,strength,volume_movement_signed,1,0,0.0,0.0,0.0,0.0,0.0,0.0,0.0,0.0,925
A_n1,uncertainty,bias,0,0,0.03,0.6255540271043911,-5.0,5.0,-0.5360925855109301,1.8374459841416686,101.14639542982708,6.12099060067708,925
A_n1,uncertainty,directional_volume,1,0,0.0,0.0,0.0,0.0,0.0,0.0,0.0,0.0,925
A_n1,uncertainty,price_acceleration,1,0,0.0,-4.991959287115734,-5.0,5.0,-4.467010612108753,1.6885105052056535,175.01551532352775,10.0,925
A_n1,uncertainty,price_displacement,1,0,0.0,0.5257366934871333,-5.0,5.0,0.4867227897498013,3.7536795445994384,76.62211513760295,10.0,925
A_n1,uncertainty,price_velocity,1,0,0.0,2.965609544493722,-5.0,5.0,0.7084254200616729,3.8208645876426526,74.17987710166192,10.0,925
A_n1,uncertainty,price_velocity_x_acceleration,1,1,0.0,0.0,0.0,0.0,0.0,0.0,0.0,0.0,925
A_n1,uncertainty,relative_volume,1,0,0.0,0.0,0.0,0.0,0.0,0.0,0.0,0.0,925
A_n1,uncertainty,relative_volume_x_price_velocity,1,1,0.0,0.0,0.0,0.0,0.0,0.0,0.0,0.0,925
A_n1,uncertainty,spread,1,0,0.0006000000000003069,-4.825198841207089,-5.0,5.0,-3.513782846603678,3.0974350348491004,26.954666114527186,9.915956030569323,925
A_n1,uncertainty,spread_change,1,0,0.0,-4.986966917822487,-5.0,5.0,-1.4316516766839726,4.554306677054071,45.03821734542721,9.993329403584227,925
A_n1,uncertainty,volume_density,1,0,0.0,0.0,0.0,0.0,0.0,0.0,0.0,0.0,925
A_n1,uncertainty,volume_density_x_price_displacement,1,1,0.0,0.0,0.0,0.0,0.0,0.0,0.0,0.0,925
A_n1,uncertainty,volume_log,1,0,0.0,0.0,0.0,0.0,0.0,0.0,0.0,0.0,925
A_n1,uncertainty,volume_log_x_price_displacement,1,1,0.0,0.0,0.0,0.0,0.0,0.0,0.0,0.0,925
A_n1,uncertainty,volume_movement_abs,1,0,0.0,0.0,0.0,0.0,0.0,0.0,0.0,0.0,925
A_n1,uncertainty,volume_movement_signed,1,0,0.0,0.0,0.0,0.0,0.0,0.0,0.0,0.0,925
A_n2,direction_state,bias,0,0,0.0,0.3859132073805818,-5.0,5.0,1.4767713544991654,1.4792744195054794,179.80238138238366,10.0,925
A_n2,direction_state,directional_volume,1,0,0.0,0.0,0.0,0.0,0.0,0.0,0.0,0.0,925
A_n2,direction_state,directional_volume^2,2,0,0.0,0.0,0.0,0.0,0.0,0.0,0.0,0.0,925
A_n2,direction_state,price_acceleration,1,0,0.0,4.992684712082934,-5.0,5.0,3.5920682628116483,3.146915683526416,25.097190904286073,9.994215113464254,925
A_n2,direction_state,price_acceleration^2,2,0,0.0,4.993752266254492,-5.0,5.0,4.467109645990975,1.6885431716447077,175.00624781218738,10.0,925
A_n2,direction_state,price_displacement,1,0,0.0,4.989979728902748,-5.0,5.0,3.5897785842928904,3.1459638063776008,45.15021207005329,10.0,925
A_n2,direction_state,price_displacement^2,2,0,0.0,4.993774561807868,-5.0,5.0,1.3730070484768158,4.1064669732474774,109.01409385651462,10.0,925
A_n2,direction_state,price_velocity,1,0,0.0,4.989690230822287,-5.0,5.0,3.5897499081651727,3.1459510129390287,45.15050156813375,10.0,925
A_n2,direction_state,price_velocity^2,2,0,0.0,4.993771978870289,-5.0,5.0,1.3730068585729482,4.106466805690525,109.0140964394522,10.0,925
A_n2,direction_state,price_velocity_x_acceleration,1,1,0.0,0.0,0.0,0.0,0.0,0.0,0.0,0.0,925
A_n2,direction_state,price_velocity_x_acceleration^2,2,1,0.0,0.0,0.0,0.0,0.0,0.0,0.0,0.0,925
A_n2,direction_state,relative_volume,1,0,0.0,0.0,0.0,0.0,0.0,0.0,0.0,0.0,925
A_n2,direction_state,relative_volume^2,2,0,0.0,0.0,0.0,0.0,0.0,0.0,0.0,0.0,925
A_n2,direction_state,relative_volume_x_price_velocity,1,1,0.0,0.0,0.0,0.0,0.0,0.0,0.0,0.0,925
A_n2,direction_state,relative_volume_x_price_velocity^2,2,1,0.0,0.0,0.0,0.0,0.0,0.0,0.0,0.0,925
A_n2,direction_state,spread,1,0,0.0,4.855542858241637,-5.0,5.0,4.393237263319546,1.6656721069943008,175.14822303355365,10.0,925
A_n2,direction_state,spread^2,2,0,0.0,4.9896317477674765,-5.0,5.0,4.465225526281943,1.6879515914678596,175.01044357006842,10.0,925
A_n2,direction_state,spread_change,1,0,0.0,-4.986966917822487,-5.0,5.0,-0.4593278775015029,4.7518789686776834,65.01303308217751,9.994078464790922,925
A_n2,direction_state,spread_change^2,2,0,0.0,-4.986966917822487,-5.0,0.0,-4.562913803399595,1.4039777258762944,5.112539659457957,5.0,925
A_n2,direction_state,volume_density,1,0,0.0,0.0,0.0,0.0,0.0,0.0,0.0,0.0,925
A_n2,direction_state,volume_density^2,2,0,0.0,0.0,0.0,0.0,0.0,0.0,0.0,0.0,925
A_n2,direction_state,volume_density_x_price_displacement,1,1,0.0,0.0,0.0,0.0,0.0,0.0,0.0,0.0,925
A_n2,direction_state,volume_density_x_price_displacement^2,2,1,0.0,0.0,0.0,0.0,0.0,0.0,0.0,0.0,925
A_n2,direction_state,volume_log,1,0,0.0,0.0,0.0,0.0,0.0,0.0,0.0,0.0,925
A_n2,direction_state,volume_log^2,2,0,0.0,0.0,0.0,0.0,0.0,0.0,0.0,0.0,925
A_n2,direction_state,volume_log_x_price_displacement,1,1,0.0,0.0,0.0,0.0,0.0,0.0,0.0,0.0,925
A_n2,direction_state,volume_log_x_price_displacement^2,2,1,0.0,0.0,0.0,0.0,0.0,0.0,0.0,0.0,925
A_n2,direction_state,volume_movement_abs,1,0,0.0,0.0,0.0,0.0,0.0,0.0,0.0,0.0,925
A_n2,direction_state,volume_movement_abs^2,2,0,0.0,0.0,0.0,0.0,0.0,0.0,0.0,0.0,925
A_n2,direction_state,volume_movement_signed,1,0,0.0,0.0,0.0,0.0,0.0,0.0,0.0,0.0,925
A_n2,direction_state,volume_movement_signed^2,2,0,0.0,0.0,0.0,0.0,0.0,0.0,0.0,0.0,925
A_n2,forward_half_life,bias,0,0,1.7999999999999998,5.0,-5.0,5.0,4.897671298801471,0.9878551329940461,185.0,10.0,925
A_n2,forward_half_life,directional_volume,1,0,0.0,0.0,0.0,0.0,0.0,0.0,0.0,0.0,925
A_n2,forward_half_life,directional_volume^2,2,0,0.0,0.0,0.0,0.0,0.0,0.0,0.0,0.0,925
A_n2,forward_half_life,price_acceleration,1,0,0.0,4.995292564865138,-5.0,5.0,3.589977513552964,3.1458481963258436,25.814932531127514,9.99484800056949,925
A_n2,forward_half_life,price_acceleration^2,2,0,0.0,4.994470431784105,-5.0,5.0,4.467233735505642,1.6885765645609159,175.00762898427175,10.0,925
A_n2,forward_half_life,price_displacement,1,0,0.0,5.0,-5.0,5.0,3.592272210721797,3.1445040203038515,45.34639273358653,10.0,925
A_n2,forward_half_life,price_displacement^2,2,0,0.0,4.993912215757755,-5.0,5.0,1.3731195710266357,4.106506400564652,109.01626744498628,10.0,925
A_n2,forward_half_life,price_velocity,1,0,0.0,5.0,-5.0,5.0,3.5922721963594326,3.14450401387446,45.3464193039606,10.0,925
A_n2,forward_half_life,price_velocity^2,2,0,0.0,4.993972350805047,-5.0,5.0,1.3731239071932921,4.106510226280533,109.01620730993899,10.0,925
A_n2,forward_half_life,price_velocity_x_acceleration,1,1,0.0,0.0,0.0,0.0,0.0,0.0,0.0,0.0,925
A_n2,forward_half_life,price_velocity_x_acceleration^2,2,1,0.0,0.0,0.0,0.0,0.0,0.0,0.0,0.0,925
A_n2,forward_half_life,relative_volume,1,0,0.0,0.0,0.0,0.0,0.0,0.0,0.0,0.0,925
A_n2,forward_half_life,relative_volume^2,2,0,0.0,0.0,0.0,0.0,0.0,0.0,0.0,0.0,925
A_n2,forward_half_life,relative_volume_x_price_velocity,1,1,0.0,0.0,0.0,0.0,0.0,0.0,0.0,0.0,925
A_n2,forward_half_life,relative_volume_x_price_velocity^2,2,1,0.0,0.0,0.0,0.0,0.0,0.0,0.0,0.0,925
A_n2,forward_half_life,spread,1,0,0.03600000000001841,5.0,-5.0,5.0,4.586273779755621,1.4176212435866558,180.28593199629037,10.0,925
A_n2,forward_half_life,spread^2,2,0,0.0007200000000007365,5.0,-5.0,5.0,4.472590340459979,1.6834060033147242,175.10571863992587,10.0,925
A_n2,forward_half_life,spread_change,1,0,0.0,-4.986966917822487,-5.0,5.0,-0.4593278775015029,4.7518789686776834,65.01303308217751,9.994078464790922,925
A_n2,forward_half_life,spread_change^2,2,0,0.0,-4.986966917822487,-5.0,0.0,-4.562913803399595,1.4039777258762944,5.112539659457957,5.0,925
A_n2,forward_half_life,volume_density,1,0,0.0,0.0,0.0,0.0,0.0,0.0,0.0,0.0,925
A_n2,forward_half_life,volume_density^2,2,0,0.0,0.0,0.0,0.0,0.0,0.0,0.0,0.0,925
A_n2,forward_half_life,volume_density_x_price_displacement,1,1,0.0,0.0,0.0,0.0,0.0,0.0,0.0,0.0,925
A_n2,forward_half_life,volume_density_x_price_displacement^2,2,1,0.0,0.0,0.0,0.0,0.0,0.0,0.0,0.0,925
A_n2,forward_half_life,volume_log,1,0,0.0,0.0,0.0,0.0,0.0,0.0,0.0,0.0,925
A_n2,forward_half_life,volume_log^2,2,0,0.0,0.0,0.0,0.0,0.0,0.0,0.0,0.0,925
A_n2,forward_half_life,volume_log_x_price_displacement,1,1,0.0,0.0,0.0,0.0,0.0,0.0,0.0,0.0,925
A_n2,forward_half_life,volume_log_x_price_displacement^2,2,1,0.0,0.0,0.0,0.0,0.0,0.0,0.0,0.0,925
A_n2,forward_half_life,volume_movement_abs,1,0,0.0,0.0,0.0,0.0,0.0,0.0,0.0,0.0,925
A_n2,forward_half_life,volume_movement_abs^2,2,0,0.0,0.0,0.0,0.0,0.0,0.0,0.0,0.0,925
A_n2,forward_half_life,volume_movement_signed,1,0,0.0,0.0,0.0,0.0,0.0,0.0,0.0,0.0,925
A_n2,forward_half_life,volume_movement_signed^2,2,0,0.0,0.0,0.0,0.0,0.0,0.0,0.0,0.0,925
A_n2,magnitude_state,bias,0,0,0.0,0.2523195294000035,-5.0,5.0,1.3932165346125773,1.4900141386418477,179.74848563016081,10.0,925
A_n2,magnitude_state,directional_volume,1,0,0.0,0.0,0.0,0.0,0.0,0.0,0.0,0.0,925
A_n2,magnitude_state,directional_volume^2,2,0,0.0,0.0,0.0,0.0,0.0,0.0,0.0,0.0,925
A_n2,magnitude_state,price_acceleration,1,0,0.0,4.992006778256293,-5.0,5.0,3.5919614159107454,3.146885196083448,25.09988575341274,9.994110534523752,925
A_n2,magnitude_state,price_acceleration^2,2,0,0.0,4.993747866031978,-5.0,5.0,4.467108896949481,1.6885429393931357,175.00625213431192,10.0,925
A_n2,magnitude_state,price_displacement,1,0,0.0,4.989746030936871,-5.0,5.0,3.589586116461991,3.145885140925094,45.15611925190708,10.0,925
A_n2,magnitude_state,price_displacement^2,2,0,0.0,4.993774228262693,-5.0,5.0,1.3730063348328991,4.106466529099798,109.01409056258115,10.0,925
A_n2,magnitude_state,price_velocity,1,0,0.0,4.989261212700963,-5.0,5.0,3.5895459694577947,3.1458672324129253,45.15660407014299,10.0,925
A_n2,magnitude_state,price_velocity^2,2,0,0.0,4.993770858440539,-5.0,5.0,1.37300609829381,4.106466320398097,109.0140939324033,10.0,925
A_n2,magnitude_state,price_velocity_x_acceleration,1,1,0.0,0.0,0.0,0.0,0.0,0.0,0.0,0.0,925
A_n2,magnitude_state,price_velocity_x_acceleration^2,2,1,0.0,0.0,0.0,0.0,0.0,0.0,0.0,0.0,925
A_n2,magnitude_state,relative_volume,1,0,0.0,0.0,0.0,0.0,0.0,0.0,0.0,0.0,925
A_n2,magnitude_state,relative_volume^2,2,0,0.0,0.0,0.0,0.0,0.0,0.0,0.0,0.0,925
A_n2,magnitude_state,relative_volume_x_price_velocity,1,1,0.0,0.0,0.0,0.0,0.0,0.0,0.0,0.0,925
A_n2,magnitude_state,relative_volume_x_price_velocity^2,2,1,0.0,0.0,0.0,0.0,0.0,0.0,0.0,0.0,925
A_n2,magnitude_state,spread,1,0,0.0,4.8515350479022175,-5.0,5.0,4.39110272959711,1.665123751401301,175.148481055289,10.0,925
A_n2,magnitude_state,spread^2,2,0,0.0,4.989511513457292,-5.0,5.0,4.465169109994912,1.6879359346412037,175.01048880860654,10.0,925
A_n2,magnitude_state,spread_change,1,0,0.0,-4.986966917822487,-5.0,5.0,-0.4593278775015029,4.7518789686776834,65.01303308217751,9.994078464790922,925
A_n2,magnitude_state,spread_change^2,2,0,0.0,-4.986966917822487,-5.0,0.0,-4.562913803399595,1.4039777258762944,5.112539659457957,5.0,925
A_n2,magnitude_state,volume_density,1,0,0.0,0.0,0.0,0.0,0.0,0.0,0.0,0.0,925
A_n2,magnitude_state,volume_density^2,2,0,0.0,0.0,0.0,0.0,0.0,0.0,0.0,0.0,925
A_n2,magnitude_state,volume_density_x_price_displacement,1,1,0.0,0.0,0.0,0.0,0.0,0.0,0.0,0.0,925
A_n2,magnitude_state,volume_density_x_price_displacement^2,2,1,0.0,0.0,0.0,0.0,0.0,0.0,0.0,0.0,925
A_n2,magnitude_state,volume_log,1,0,0.0,0.0,0.0,0.0,0.0,0.0,0.0,0.0,925
A_n2,magnitude_state,volume_log^2,2,0,0.0,0.0,0.0,0.0,0.0,0.0,0.0,0.0,925
A_n2,magnitude_state,volume_log_x_price_displacement,1,1,0.0,0.0,0.0,0.0,0.0,0.0,0.0,0.0,925
A_n2,magnitude_state,volume_log_x_price_displacement^2,2,1,0.0,0.0,0.0,0.0,0.0,0.0,0.0,0.0,925
A_n2,magnitude_state,volume_movement_abs,1,0,0.0,0.0,0.0,0.0,0.0,0.0,0.0,0.0,925
A_n2,magnitude_state,volume_movement_abs^2,2,0,0.0,0.0,0.0,0.0,0.0,0.0,0.0,0.0,925
A_n2,magnitude_state,volume_movement_signed,1,0,0.0,0.0,0.0,0.0,0.0,0.0,0.0,0.0,925
A_n2,magnitude_state,volume_movement_signed^2,2,0,0.0,0.0,0.0,0.0,0.0,0.0,0.0,0.0,925
A_n2,observation_half_life,bias,0,0,1.7999999999999998,5.0,-5.0,5.0,4.897671298801471,0.9878551329940461,185.0,10.0,925
A_n2,observation_half_life,directional_volume,1,0,0.0,0.0,0.0,0.0,0.0,0.0,0.0,0.0,925
A_n2,observation_half_life,directional_volume^2,2,0,0.0,0.0,0.0,0.0,0.0,0.0,0.0,0.0,925
A_n2,observation_half_life,price_acceleration,1,0,0.0,4.995292564865138,-5.0,5.0,3.589977513552964,3.1458481963258436,25.814932531127514,9.99484800056949,925
A_n2,observation_half_life,price_acceleration^2,2,0,0.0,4.994470431784105,-5.0,5.0,4.467233735505642,1.6885765645609159,175.00762898427175,10.0,925
A_n2,observation_half_life,price_displacement,1,0,0.0,5.0,-5.0,5.0,3.592272210721797,3.1445040203038515,45.34639273358653,10.0,925
A_n2,observation_half_life,price_displacement^2,2,0,0.0,4.993912215757755,-5.0,5.0,1.3731195710266357,4.106506400564652,109.01626744498628,10.0,925
A_n2,observation_half_life,price_velocity,1,0,0.0,5.0,-5.0,5.0,3.5922721963594326,3.14450401387446,45.3464193039606,10.0,925
A_n2,observation_half_life,price_velocity^2,2,0,0.0,4.993972350805047,-5.0,5.0,1.3731239071932921,4.106510226280533,109.01620730993899,10.0,925
A_n2,observation_half_life,price_velocity_x_acceleration,1,1,0.0,0.0,0.0,0.0,0.0,0.0,0.0,0.0,925
A_n2,observation_half_life,price_velocity_x_acceleration^2,2,1,0.0,0.0,0.0,0.0,0.0,0.0,0.0,0.0,925
A_n2,observation_half_life,relative_volume,1,0,0.0,0.0,0.0,0.0,0.0,0.0,0.0,0.0,925
A_n2,observation_half_life,relative_volume^2,2,0,0.0,0.0,0.0,0.0,0.0,0.0,0.0,0.0,925
A_n2,observation_half_life,relative_volume_x_price_velocity,1,1,0.0,0.0,0.0,0.0,0.0,0.0,0.0,0.0,925
A_n2,observation_half_life,relative_volume_x_price_velocity^2,2,1,0.0,0.0,0.0,0.0,0.0,0.0,0.0,0.0,925
A_n2,observation_half_life,spread,1,0,0.03600000000001841,5.0,-5.0,5.0,4.586273779755621,1.4176212435866558,180.28593199629037,10.0,925
A_n2,observation_half_life,spread^2,2,0,0.0007200000000007365,5.0,-5.0,5.0,4.472590340459979,1.6834060033147242,175.10571863992587,10.0,925
A_n2,observation_half_life,spread_change,1,0,0.0,-4.986966917822487,-5.0,5.0,-0.4593278775015029,4.7518789686776834,65.01303308217751,9.994078464790922,925
A_n2,observation_half_life,spread_change^2,2,0,0.0,-4.986966917822487,-5.0,0.0,-4.562913803399595,1.4039777258762944,5.112539659457957,5.0,925
A_n2,observation_half_life,volume_density,1,0,0.0,0.0,0.0,0.0,0.0,0.0,0.0,0.0,925
A_n2,observation_half_life,volume_density^2,2,0,0.0,0.0,0.0,0.0,0.0,0.0,0.0,0.0,925
A_n2,observation_half_life,volume_density_x_price_displacement,1,1,0.0,0.0,0.0,0.0,0.0,0.0,0.0,0.0,925
A_n2,observation_half_life,volume_density_x_price_displacement^2,2,1,0.0,0.0,0.0,0.0,0.0,0.0,0.0,0.0,925
A_n2,observation_half_life,volume_log,1,0,0.0,0.0,0.0,0.0,0.0,0.0,0.0,0.0,925
A_n2,observation_half_life,volume_log^2,2,0,0.0,0.0,0.0,0.0,0.0,0.0,0.0,0.0,925
A_n2,observation_half_life,volume_log_x_price_displacement,1,1,0.0,0.0,0.0,0.0,0.0,0.0,0.0,0.0,925
A_n2,observation_half_life,volume_log_x_price_displacement^2,2,1,0.0,0.0,0.0,0.0,0.0,0.0,0.0,0.0,925
A_n2,observation_half_life,volume_movement_abs,1,0,0.0,0.0,0.0,0.0,0.0,0.0,0.0,0.0,925
A_n2,observation_half_life,volume_movement_abs^2,2,0,0.0,0.0,0.0,0.0,0.0,0.0,0.0,0.0,925
A_n2,observation_half_life,volume_movement_signed,1,0,0.0,0.0,0.0,0.0,0.0,0.0,0.0,0.0,925
A_n2,observation_half_life,volume_movement_signed^2,2,0,0.0,0.0,0.0,0.0,0.0,0.0,0.0,0.0,925
A_n2,persistence,bias,0,0,0.006,0.43537224576741057,-5.0,5.0,1.5234029941099938,1.4544312571719835,179.92939890787486,10.0,925
A_n2,persistence,directional_volume,1,0,0.0,0.0,0.0,0.0,0.0,0.0,0.0,0.0,925
A_n2,persistence,directional_volume^2,2,0,0.0,0.0,0.0,0.0,0.0,0.0,0.0,0.0,925
A_n2,persistence,price_acceleration,1,0,0.0,4.992070680678566,-5.0,5.0,3.591964834300613,3.1468872817179268,25.09953714064425,9.994114653902322,925
A_n2,persistence,price_acceleration^2,2,0,0.0,4.99374904284094,-5.0,5.0,4.467109058761281,1.6885429807721049,175.00625106854963,10.0,925
A_n2,persistence,price_displacement,1,0,0.0,4.989900648349765,-5.0,5.0,3.5896833512680466,3.1459237906798534,45.153736541650034,10.0,925
A_n2,persistence,price_displacement^2,2,0,0.0,4.993774403976827,-5.0,5.0,1.3730064875757926,4.106466558079828,109.01409222010622,10.0,925
A_n2,persistence,price_velocity,1,0,0.0,4.9894338369651505,-5.0,5.0,3.5896447128279743,3.1459065548896086,45.15420335303465,10.0,925
A_n2,persistence,price_velocity^2,2,0,0.0,4.993771160915049,-5.0,5.0,1.3730062599747028,4.1064663572642575,109.01409546316799,10.0,925
A_n2,persistence,price_velocity_x_acceleration,1,1,0.0,0.0,0.0,0.0,0.0,0.0,0.0,0.0,925
A_n2,persistence,price_velocity_x_acceleration^2,2,1,0.0,0.0,0.0,0.0,0.0,0.0,0.0,0.0,925
A_n2,persistence,relative_volume,1,0,0.0,0.0,0.0,0.0,0.0,0.0,0.0,0.0,925
A_n2,persistence,relative_volume^2,2,0,0.0,0.0,0.0,0.0,0.0,0.0,0.0,0.0,925
A_n2,persistence,relative_volume_x_price_velocity,1,1,0.0,0.0,0.0,0.0,0.0,0.0,0.0,0.0,925
A_n2,persistence,relative_volume_x_price_velocity^2,2,1,0.0,0.0,0.0,0.0,0.0,0.0,0.0,0.0,925
A_n2,persistence,spread,1,0,0.00012000000000006138,4.85702662939324,-5.0,5.0,4.394267271730504,1.6654429698832343,175.1502687936796,10.0,925
A_n2,persistence,spread^2,2,0,2.4000000000024554e-06,4.9896762609020175,-5.0,5.0,4.465248760499778,1.6879479541796203,175.01046964755943,10.0,925
A_n2,persistence,spread_change,1,0,0.0,-4.986966917822487,-5.0,5.0,-0.4593278775015029,4.7518789686776834,65.01303308217751,9.994078464790922,925
A_n2,persistence,spread_change^2,2,0,0.0,-4.986966917822487,-5.0,0.0,-4.562913803399595,1.4039777258762944,5.112539659457957,5.0,925
A_n2,persistence,volume_density,1,0,0.0,0.0,0.0,0.0,0.0,0.0,0.0,0.0,925
A_n2,persistence,volume_density^2,2,0,0.0,0.0,0.0,0.0,0.0,0.0,0.0,0.0,925
A_n2,persistence,volume_density_x_price_displacement,1,1,0.0,0.0,0.0,0.0,0.0,0.0,0.0,0.0,925
A_n2,persistence,volume_density_x_price_displacement^2,2,1,0.0,0.0,0.0,0.0,0.0,0.0,0.0,0.0,925
A_n2,persistence,volume_log,1,0,0.0,0.0,0.0,0.0,0.0,0.0,0.0,0.0,925
A_n2,persistence,volume_log^2,2,0,0.0,0.0,0.0,0.0,0.0,0.0,0.0,0.0,925
A_n2,persistence,volume_log_x_price_displacement,1,1,0.0,0.0,0.0,0.0,0.0,0.0,0.0,0.0,925
A_n2,persistence,volume_log_x_price_displacement^2,2,1,0.0,0.0,0.0,0.0,0.0,0.0,0.0,0.0,925
A_n2,persistence,volume_movement_abs,1,0,0.0,0.0,0.0,0.0,0.0,0.0,0.0,0.0,925
A_n2,persistence,volume_movement_abs^2,2,0,0.0,0.0,0.0,0.0,0.0,0.0,0.0,0.0,925
A_n2,persistence,volume_movement_signed,1,0,0.0,0.0,0.0,0.0,0.0,0.0,0.0,0.0,925
A_n2,persistence,volume_movement_signed^2,2,0,0.0,0.0,0.0,0.0,0.0,0.0,0.0,0.0,925
A_n2,perturbation_state,bias,0,0,0.012,0.4985306443427538,-5.0,5.0,1.5628795627138143,1.4557640803592191,179.59195512147897,10.0,925
A_n2,perturbation_state,directional_volume,1,0,0.0,0.0,0.0,0.0,0.0,0.0,0.0,0.0,925
A_n2,perturbation_state,directional_volume^2,2,0,0.0,0.0,0.0,0.0,0.0,0.0,0.0,0.0,925
A_n2,perturbation_state,price_acceleration,1,0,0.0,4.9924813801639285,-5.0,5.0,3.5920260904962036,3.1469013941964263,25.097368740568655,9.994103408003465,925
A_n2,perturbation_state,price_acceleration^2,2,0,0.0,4.993752626464758,-5.0,5.0,4.467109823200769,1.688543224580363,175.00624745134925,10.0,925
A_n2,perturbation_state,price_displacement,1,0,0.0,4.990019042471738,-5.0,5.0,3.5897821058567594,3.145970491193542,45.15081023134819,10.0,925
A_n2,perturbation_state,price_displacement^2,2,0,0.0,4.9937745867983905,-5.0,5.0,1.3730070846568958,4.1064669514914796,109.01409459534769,10.0,925
A_n2,perturbation_state,price_velocity,1,0,0.0,4.989743848649188,-5.0,5.0,3.5897540968067414,3.1459579948231418,45.15108542517074,10.0,925
A_n2,perturbation_state,price_velocity^2,2,0,0.0,4.993772030029999,-5.0,5.0,1.3730068964677167,4.106466785447597,109.01409715211608,10.0,925
A_n2,perturbation_state,price_velocity_x_acceleration,1,1,0.0,0.0,0.0,0.0,0.0,0.0,0.0,0.0,925
A_n2,perturbation_state,price_velocity_x_acceleration^2,2,1,0.0,0.0,0.0,0.0,0.0,0.0,0.0,0.0,925
A_n2,perturbation_state,relative_volume,1,0,0.0,0.0,0.0,0.0,0.0,0.0,0.0,0.0,925
A_n2,perturbation_state,relative_volume^2,2,0,0.0,0.0,0.0,0.0,0.0,0.0,0.0,0.0,925
A_n2,perturbation_state,relative_volume_x_price_velocity,1,1,0.0,0.0,0.0,0.0,0.0,0.0,0.0,0.0,925
A_n2,perturbation_state,relative_volume_x_price_velocity^2,2,1,0.0,0.0,0.0,0.0,0.0,0.0,0.0,0.0,925
A_n2,perturbation_state,spread,1,0,0.00024000000000012276,4.858921381350502,-5.0,5.0,4.3953843036045335,1.6663424740716195,175.14288833396594,10.0,925
A_n2,perturbation_state,spread^2,2,0,4.800000000004911e-06,4.989733103460736,-5.0,5.0,4.465280696007273,1.68796929745875,175.01030309084558,10.0,925
A_n2,perturbation_state,spread_change,1,0,0.0,-4.986966917822487,-5.0,5.0,-0.4593278775015029,4.7518789686776834,65.01303308217751,9.994078464790922,925
A_n2,perturbation_state,spread_change^2,2,0,0.0,-4.986966917822487,-5.0,0.0,-4.562913803399595,1.4039777258762944,5.112539659457957,5.0,925
A_n2,perturbation_state,volume_density,1,0,0.0,0.0,0.0,0.0,0.0,0.0,0.0,0.0,925
A_n2,perturbation_state,volume_density^2,2,0,0.0,0.0,0.0,0.0,0.0,0.0,0.0,0.0,925
A_n2,perturbation_state,volume_density_x_price_displacement,1,1,0.0,0.0,0.0,0.0,0.0,0.0,0.0,0.0,925
A_n2,perturbation_state,volume_density_x_price_displacement^2,2,1,0.0,0.0,0.0,0.0,0.0,0.0,0.0,0.0,925
A_n2,perturbation_state,volume_log,1,0,0.0,0.0,0.0,0.0,0.0,0.0,0.0,0.0,925
A_n2,perturbation_state,volume_log^2,2,0,0.0,0.0,0.0,0.0,0.0,0.0,0.0,0.0,925
A_n2,perturbation_state,volume_log_x_price_displacement,1,1,0.0,0.0,0.0,0.0,0.0,0.0,0.0,0.0,925
A_n2,perturbation_state,volume_log_x_price_displacement^2,2,1,0.0,0.0,0.0,0.0,0.0,0.0,0.0,0.0,925
A_n2,perturbation_state,volume_movement_abs,1,0,0.0,0.0,0.0,0.0,0.0,0.0,0.0,0.0,925
A_n2,perturbation_state,volume_movement_abs^2,2,0,0.0,0.0,0.0,0.0,0.0,0.0,0.0,0.0,925
A_n2,perturbation_state,volume_movement_signed,1,0,0.0,0.0,0.0,0.0,0.0,0.0,0.0,0.0,925
A_n2,perturbation_state,volume_movement_signed^2,2,0,0.0,0.0,0.0,0.0,0.0,0.0,0.0,0.0,925
A_n2,reinforcement,bias,0,0,-0.0020999999999999994,-0.06499494270644952,-5.0,5.0,-1.3002352934457573,1.511313542841816,180.3047206526591,10.0,925
A_n2,reinforcement,directional_volume,1,0,0.0,0.0,0.0,0.0,0.0,0.0,0.0,0.0,925
A_n2,reinforcement,directional_volume^2,2,0,0.0,0.0,0.0,0.0,0.0,0.0,0.0,0.0,925
A_n2,reinforcement,price_acceleration,1,0,0.0,-4.991860172567456,-5.0,5.0,-3.591916844587135,3.146870107641174,25.10137593690802,9.993973809392102,925
A_n2,reinforcement,price_acceleration^2,2,0,0.0,-4.993745962044697,-5.0,5.0,-4.467108698039925,1.6885428680931205,175.00625421244328,10.0,925
A_n2,reinforcement,price_displacement,1,0,0.0,-4.989580251962882,-5.0,5.0,-3.5894538098194877,3.1458353238358776,45.159606586596986,10.0,925
A_n2,reinforcement,price_displacement^2,2,0,0.0,-4.993774035781312,-5.0,5.0,-1.3730060369792687,4.106466391427569,109.01408856698653,10.0,925
A_n2,reinforcement,price_velocity,1,0,0.0,-4.989031042615326,-5.0,5.0,-3.589409304874782,3.1458154715168773,45.16015579594454,10.0,925
A_n2,reinforcement,price_velocity^2,2,0,0.0,-4.993770382357109,-5.0,5.0,-1.3730057819014254,4.106466166368997,109.01409222041073,10.0,925
A_n2,reinforcement,price_velocity_x_acceleration,1,1,0.0,0.0,0.0,0.0,0.0,0.0,0.0,0.0,925
A_n2,reinforcement,price_velocity_x_acceleration^2,2,1,0.0,0.0,0.0,0.0,0.0,0.0,0.0,0.0,925
A_n2,reinforcement,relative_volume,1,0,0.0,0.0,0.0,0.0,0.0,0.0,0.0,0.0,925
A_n2,reinforcement,relative_volume^2,2,0,0.0,0.0,0.0,0.0,0.0,0.0,0.0,0.0,925
A_n2,reinforcement,relative_volume_x_price_velocity,1,1,0.0,0.0,0.0,0.0,0.0,0.0,0.0,0.0,925
A_n2,reinforcement,relative_volume_x_price_velocity^2,2,1,0.0,0.0,0.0,0.0,0.0,0.0,0.0,0.0,925
A_n2,reinforcement,spread,1,0,-4.200000000002147e-05,-4.845915310301414,-5.0,5.0,-4.388769282537534,1.6643647205523524,175.1614790016059,10.0,925
A_n2,reinforcement,spread^2,2,0,-8.400000000008591e-07,-4.989342921329269,-5.0,5.0,-4.46510857432583,1.6879159033268059,175.01080496490889,10.0,925
A_n2,reinforcement,spread_change,1,0,0.0,4.986966917822487,-5.0,5.0,0.4593278775015029,4.7518789686776834,65.01303308217751,9.994078464790922,925
A_n2,reinforcement,spread_change^2,2,0,0.0,4.986966917822487,0.0,5.0,4.562913803399595,1.4039777258762944,5.112539659457957,5.0,925
A_n2,reinforcement,volume_density,1,0,0.0,0.0,0.0,0.0,0.0,0.0,0.0,0.0,925
A_n2,reinforcement,volume_density^2,2,0,0.0,0.0,0.0,0.0,0.0,0.0,0.0,0.0,925
A_n2,reinforcement,volume_density_x_price_displacement,1,1,0.0,0.0,0.0,0.0,0.0,0.0,0.0,0.0,925
A_n2,reinforcement,volume_density_x_price_displacement^2,2,1,0.0,0.0,0.0,0.0,0.0,0.0,0.0,0.0,925
A_n2,reinforcement,volume_log,1,0,0.0,0.0,0.0,0.0,0.0,0.0,0.0,0.0,925
A_n2,reinforcement,volume_log^2,2,0,0.0,0.0,0.0,0.0,0.0,0.0,0.0,0.0,925
A_n2,reinforcement,volume_log_x_price_displacement,1,1,0.0,0.0,0.0,0.0,0.0,0.0,0.0,0.0,925
A_n2,reinforcement,volume_log_x_price_displacement^2,2,1,0.0,0.0,0.0,0.0,0.0,0.0,0.0,0.0,925
A_n2,reinforcement,volume_movement_abs,1,0,0.0,0.0,0.0,0.0,0.0,0.0,0.0,0.0,925
A_n2,reinforcement,volume_movement_abs^2,2,0,0.0,0.0,0.0,0.0,0.0,0.0,0.0,0.0,925
A_n2,reinforcement,volume_movement_signed,1,0,0.0,0.0,0.0,0.0,0.0,0.0,0.0,0.0,925
A_n2,reinforcement,volume_movement_signed^2,2,0,0.0,0.0,0.0,0.0,0.0,0.0,0.0,0.0,925
A_n2,reversal_tendency,bias,0,0,0.006,0.3751371768451584,-5.0,5.0,1.4792844368342182,1.4723783252363827,179.6705670158697,10.0,925
A_n2,reversal_tendency,directional_volume,1,0,0.0,0.0,0.0,0.0,0.0,0.0,0.0,0.0,925
A_n2,reversal_tendency,directional_volume^2,2,0,0.0,0.0,0.0,0.0,0.0,0.0,0.0,0.0,925
A_n2,reversal_tendency,price_acceleration,1,0,0.0,4.992243221438785,-5.0,5.0,3.591992063800026,3.146892884972537,25.098642559262345,9.994095694578771,925
A_n2,reversal_tendency,price_acceleration^2,2,0,0.0,4.9937502347295135,-5.0,5.0,4.467109353198571,1.6885430797968328,175.00624980472662,10.0,925
A_n2,reversal_tendency,price_displacement,1,0,0.0,4.989882925161119,-5.0,5.0,3.589682941480692,3.1459274378488016,45.153493110690455,10.0,925
A_n2,reversal_tendency,price_displacement^2,2,0,0.0,4.993774408679566,-5.0,5.0,1.3730067042598646,4.106466735495749,109.01409256938427,10.0,925
A_n2,reversal_tendency,price_velocity,1,0,0.0,4.989501628024314,-5.0,5.0,3.5896487483964155,3.1459121839532433,45.15387440782726,10.0,925
A_n2,reversal_tendency,price_velocity^2,2,0,0.0,4.993771441495979,-5.0,5.0,1.3730064915750315,4.106466547839966,109.01409553656786,10.0,925
A_n2,reversal_tendency,price_velocity_x_acceleration,1,1,0.0,0.0,0.0,0.0,0.0,0.0,0.0,0.0,925
A_n2,reversal_tendency,price_velocity_x_acceleration^2,2,1,0.0,0.0,0.0,0.0,0.0,0.0,0.0,0.0,925
A_n2,reversal_tendency,relative_volume,1,0,0.0,0.0,0.0,0.0,0.0,0.0,0.0,0.0,925
A_n2,reversal_tendency,relative_volume^2,2,0,0.0,0.0,0.0,0.0,0.0,0.0,0.0,0.0,925
A_n2,reversal_tendency,relative_volume_x_price_velocity,1,1,0.0,0.0,0.0,0.0,0.0,0.0,0.0,0.0,925
A_n2,reversal_tendency,relative_volume_x_price_velocity^2,2,1,0.0,0.0,0.0,0.0,0.0,0.0,0.0,0.0,925
A_n2,reversal_tendency,spread,1,0,0.00012000000000006138,4.855219577325576,-5.0,5.0,4.3932758460972305,1.6657422860609907,175.1456945065287,10.0,925
A_n2,reversal_tendency,spread^2,2,0,2.4000000000024554e-06,4.989622049339995,-5.0,5.0,4.465225771381591,1.6879528807301807,175.0103962323371,10.0,925
A_n2,reversal_tendency,spread_change,1,0,0.0,-4.986966917822487,-5.0,5.0,-0.4593278775015029,4.7518789686776834,65.01303308217751,9.994078464790922,925
A_n2,reversal_tendency,spread_change^2,2,0,0.0,-4.986966917822487,-5.0,0.0,-4.562913803399595,1.4039777258762944,5.112539659457957,5.0,925
A_n2,reversal_tendency,volume_density,1,0,0.0,0.0,0.0,0.0,0.0,0.0,0.0,0.0,925
A_n2,reversal_tendency,volume_density^2,2,0,0.0,0.0,0.0,0.0,0.0,0.0,0.0,0.0,925
A_n2,reversal_tendency,volume_density_x_price_displacement,1,1,0.0,0.0,0.0,0.0,0.0,0.0,0.0,0.0,925
A_n2,reversal_tendency,volume_density_x_price_displacement^2,2,1,0.0,0.0,0.0,0.0,0.0,0.0,0.0,0.0,925
A_n2,reversal_tendency,volume_log,1,0,0.0,0.0,0.0,0.0,0.0,0.0,0.0,0.0,925
A_n2,reversal_tendency,volume_log^2,2,0,0.0,0.0,0.0,0.0,0.0,0.0,0.0,0.0,925
A_n2,reversal_tendency,volume_log_x_price_displacement,1,1,0.0,0.0,0.0,0.0,0.0,0.0,0.0,0.0,925
A_n2,reversal_tendency,volume_log_x_price_displacement^2,2,1,0.0,0.0,0.0,0.0,0.0,0.0,0.0,0.0,925
A_n2,reversal_tendency,volume_movement_abs,1,0,0.0,0.0,0.0,0.0,0.0,0.0,0.0,0.0,925
A_n2,reversal_tendency,volume_movement_abs^2,2,0,0.0,0.0,0.0,0.0,0.0,0.0,0.0,0.0,925
A_n2,reversal_tendency,volume_movement_signed,1,0,0.0,0.0,0.0,0.0,0.0,0.0,0.0,0.0,925
A_n2,reversal_tendency,volume_movement_signed^2,2,0,0.0,0.0,0.0,0.0,0.0,0.0,0.0,0.0,925
A_n2,strength,bias,0,0,0.0,0.33216174784474944,-5.0,5.0,1.457475501497448,1.4738421386244924,179.76401650672906,10.0,925
A_n2,strength,directional_volume,1,0,0.0,0.0,0.0,0.0,0.0,0.0,0.0,0.0,925
A_n2,strength,directional_volume^2,2,0,0.0,0.0,0.0,0.0,0.0,0.0,0.0,0.0,925
A_n2,strength,price_acceleration,1,0,0.0,4.992412957076425,-5.0,5.0,3.592017613287822,3.1469017667259407,25.098421835617643,9.994116252254647,925
A_n2,strength,price_acceleration^2,2,0,0.0,4.9937505031282745,-5.0,5.0,4.467109342163489,1.6885430758738376,175.00624953792877,10.0,925
A_n2,strength,price_displacement,1,0,0.0,4.989885731183355,-5.0,5.0,3.589683678480891,3.145926202674462,45.1534403675989,10.0,925
A_n2,strength,price_displacement^2,2,0,0.0,4.993774427653619,-5.0,5.0,1.3730067750031436,4.106466804830482,109.0140925500801,10.0,925
A_n2,strength,price_velocity,1,0,0.0,4.989518067332535,-5.0,5.0,3.589650410733013,3.145911361500744,45.153808031449714,10.0,925
A_n2,strength,price_velocity^2,2,0,0.0,4.993771529578351,-5.0,5.0,1.373006566420465,4.10646662079382,109.01409544815536,10.0,925
A_n2,strength,price_velocity_x_acceleration,1,1,0.0,0.0,0.0,0.0,0.0,0.0,0.0,0.0,925
A_n2,strength,price_velocity_x_acceleration^2,2,1,0.0,0.0,0.0,0.0,0.0,0.0,0.0,0.0,925
A_n2,strength,relative_volume,1,0,0.0,0.0,0.0,0.0,0.0,0.0,0.0,0.0,925
A_n2,strength,relative_volume^2,2,0,0.0,0.0,0.0,0.0,0.0,0.0,0.0,0.0,925
A_n2,strength,relative_volume_x_price_velocity,1,1,0.0,0.0,0.0,0.0,0.0,0.0,0.0,0.0,925
A_n2,strength,relative_volume_x_price_velocity^2,2,1,0.0,0.0,0.0,0.0,0.0,0.0,0.0,0.0,925
A_n2,strength,spread,1,0,0.0,4.853930314455562,-5.0,5.0,4.392736524135923,1.6654835775009458,175.14799325063592,10.0,925
A_n2,strength,spread^2,2,0,0.0,4.989583371453892,-5.0,5.0,4.465211919668172,1.6879466610570588,175.01045509984795,10.0,925
A_n2,strength,spread_change,1,0,0.0,-4.986966917822487,-5.0,5.0,-0.4593278775015029,4.7518789686776834,65.01303308217751,9.994078464790922,925
A_n2,strength,spread_change^2,2,0,0.0,-4.986966917822487,-5.0,0.0,-4.562913803399595,1.4039777258762944,5.112539659457957,5.0,925
A_n2,strength,volume_density,1,0,0.0,0.0,0.0,0.0,0.0,0.0,0.0,0.0,925
A_n2,strength,volume_density^2,2,0,0.0,0.0,0.0,0.0,0.0,0.0,0.0,0.0,925
A_n2,strength,volume_density_x_price_displacement,1,1,0.0,0.0,0.0,0.0,0.0,0.0,0.0,0.0,925
A_n2,strength,volume_density_x_price_displacement^2,2,1,0.0,0.0,0.0,0.0,0.0,0.0,0.0,0.0,925
A_n2,strength,volume_log,1,0,0.0,0.0,0.0,0.0,0.0,0.0,0.0,0.0,925
A_n2,strength,volume_log^2,2,0,0.0,0.0,0.0,0.0,0.0,0.0,0.0,0.0,925
A_n2,strength,volume_log_x_price_displacement,1,1,0.0,0.0,0.0,0.0,0.0,0.0,0.0,0.0,925
A_n2,strength,volume_log_x_price_displacement^2,2,1,0.0,0.0,0.0,0.0,0.0,0.0,0.0,0.0,925
A_n2,strength,volume_movement_abs,1,0,0.0,0.0,0.0,0.0,0.0,0.0,0.0,0.0,925
A_n2,strength,volume_movement_abs^2,2,0,0.0,0.0,0.0,0.0,0.0,0.0,0.0,0.0,925
A_n2,strength,volume_movement_signed,1,0,0.0,0.0,0.0,0.0,0.0,0.0,0.0,0.0,925
A_n2,strength,volume_movement_signed^2,2,0,0.0,0.0,0.0,0.0,0.0,0.0,0.0,0.0,925
A_n2,uncertainty,bias,0,0,0.03,1.142653515092035,-5.0,5.0,2.0184955478114746,1.3306423082434418,180.61289418902535,10.0,925
A_n2,uncertainty,directional_volume,1,0,0.0,0.0,0.0,0.0,0.0,0.0,0.0,0.0,925
A_n2,uncertainty,directional_volume^2,2,0,0.0,0.0,0.0,0.0,0.0,0.0,0.0,0.0,925
A_n2,uncertainty,price_acceleration,1,0,0.0,4.992091965964934,-5.0,5.0,3.5919487833503045,3.146886943323202,25.098984254329814,9.994124451338047,925
A_n2,uncertainty,price_acceleration^2,2,0,0.0,4.993752279634193,-5.0,5.0,4.467109474223756,1.68854307537513,175.00624825571447,10.0,925
A_n2,uncertainty,price_displacement,1,0,0.0,4.990462557171925,-5.0,5.0,3.5900289009362383,3.146060984679156,45.14541334349306,10.0,925
A_n2,uncertainty,price_displacement^2,2,0,0.0,4.993775020522568,-5.0,5.0,1.3730068882727426,4.106466538400037,109.01409791050834,10.0,925
A_n2,uncertainty,price_velocity,1,0,0.0,4.99000442351507,-5.0,5.0,3.5899926070285386,3.1460447946343293,45.14587147714992,10.0,925
A_n2,uncertainty,price_velocity^2,2,0,0.0,4.993772027794726,-5.0,5.0,1.3730066813214616,4.106466355804869,109.01410090323618,10.0,925
A_n2,uncertainty,price_velocity_x_acceleration,1,1,0.0,0.0,0.0,0.0,0.0,0.0,0.0,0.0,925
A_n2,uncertainty,price_velocity_x_acceleration^2,2,1,0.0,0.0,0.0,0.0,0.0,0.0,0.0,0.0,925
A_n2,uncertainty,relative_volume,1,0,0.0,0.0,0.0,0.0,0.0,0.0,0.0,0.0,925
A_n2,uncertainty,relative_volume^2,2,0,0.0,0.0,0.0,0.0,0.0,0.0,0.0,0.0,925
A_n2,uncertainty,relative_volume_x_price_velocity,1,1,0.0,0.0,0.0,0.0,0.0,0.0,0.0,0.0,925
A_n2,uncertainty,relative_volume_x_price_velocity^2,2,1,0.0,0.0,0.0,0.0,0.0,0.0,0.0,0.0,925
A_n2,uncertainty,spread,1,0,0.0006000000000003069,4.8782450674729825,-5.0,5.0,4.4062775447666445,1.6666523750726954,175.15686588660938,10.0,925
A_n2,uncertainty,spread^2,2,0,1.2000000000012277e-05,4.990312814044414,-5.0,5.0,4.465550501598816,1.687993124940842,175.01038940503724,10.0,925
A_n2,uncertainty,spread_change,1,0,0.0,-4.986966917822487,-5.0,5.0,-0.4593278775015029,4.7518789686776834,65.01303308217751,9.994078464790922,925
A_n2,uncertainty,spread_change^2,2,0,0.0,-4.986966917822487,-5.0,0.0,-4.562913803399595,1.4039777258762944,5.112539659457957,5.0,925
A_n2,uncertainty,volume_density,1,0,0.0,0.0,0.0,0.0,0.0,0.0,0.0,0.0,925
A_n2,uncertainty,volume_density^2,2,0,0.0,0.0,0.0,0.0,0.0,0.0,0.0,0.0,925
A_n2,uncertainty,volume_density_x_price_displacement,1,1,0.0,0.0,0.0,0.0,0.0,0.0,0.0,0.0,925
A_n2,uncertainty,volume_density_x_price_displacement^2,2,1,0.0,0.0,0.0,0.0,0.0,0.0,0.0,0.0,925
A_n2,uncertainty,volume_log,1,0,0.0,0.0,0.0,0.0,0.0,0.0,0.0,0.0,925
A_n2,uncertainty,volume_log^2,2,0,0.0,0.0,0.0,0.0,0.0,0.0,0.0,0.0,925
A_n2,uncertainty,volume_log_x_price_displacement,1,1,0.0,0.0,0.0,0.0,0.0,0.0,0.0,0.0,925
A_n2,uncertainty,volume_log_x_price_displacement^2,2,1,0.0,0.0,0.0,0.0,0.0,0.0,0.0,0.0,925
A_n2,uncertainty,volume_movement_abs,1,0,0.0,0.0,0.0,0.0,0.0,0.0,0.0,0.0,925
A_n2,uncertainty,volume_movement_abs^2,2,0,0.0,0.0,0.0,0.0,0.0,0.0,0.0,0.0,925
A_n2,uncertainty,volume_movement_signed,1,0,0.0,0.0,0.0,0.0,0.0,0.0,0.0,0.0,925
A_n2,uncertainty,volume_movement_signed^2,2,0,0.0,0.0,0.0,0.0,0.0,0.0,0.0,0.0,925
A_n3,direction_state,bias,0,0,0.0,0.38578914603109393,-5.0,5.0,1.2408996852226792,1.6634324961584397,86.73000454299755,5.341656690609672,925
A_n3,direction_state,directional_volume,1,0,0.0,0.0,0.0,0.0,0.0,0.0,0.0,0.0,925
A_n3,direction_state,directional_volume^2,2,0,0.0,0.0,0.0,0.0,0.0,0.0,0.0,0.0,925
A_n3,direction_state,directional_volume^3,3,0,0.0,0.0,0.0,0.0,0.0,0.0,0.0,0.0,925
A_n3,direction_state,price_acceleration,1,0,0.0,4.992684664459147,-5.0,5.0,4.46709908489859,1.6885296113799049,175.01274207007995,10.0,925
A_n3,direction_state,price_acceleration^2,2,0,0.0,4.993752265428626,-5.0,5.0,3.592068931005227,3.146948891789418,25.092938079282845,9.994151300716057,925
A_n3,direction_state,price_acceleration^3,3,0,0.0,4.993778697446009,-5.0,5.0,4.467113313626657,1.6885443216566338,175.00622130266453,10.0,925
A_n3,direction_state,price_displacement,1,0,0.0,4.9899796234829745,-5.0,5.0,2.542478749568778,4.039681635926149,135.04720447405458,10.0,925
A_n3,direction_state,price_displacement^2,2,0,0.0,4.993774561687737,-5.0,5.0,3.592069794528255,3.1469480993315213,25.092940769908413,9.994152388294513,925
A_n3,direction_state,price_displacement^3,3,0,0.0,4.993778821364183,-5.0,5.0,2.5440584840226554,4.0415405019732,135.03260397961765,10.0,925
A_n3,direction_state,price_velocity,1,0,0.0,4.9896901123808055,-5.0,5.0,2.54245007236826,4.03966423779905,135.04749398515676,10.0,925
A_n3,direction_state,price_velocity^2,2,0,0.0,4.993771978660369,-5.0,5.0,3.5920696046180893,3.1469480145931277,25.09294335293578,9.994152388294513,925
A_n3,direction_state,price_velocity^3,3,0,0.0,4.993778810994686,-5.0,5.0,2.544058483300382,4.04154050153497,135.03260398998714,10.0,925
A_n3,direction_state,price_velocity_x_acceleration,1,1,0.0,0.0,0.0,0.0,0.0,0.0,0.0,0.0,925
A_n3,direction_state,price_velocity_x_acceleration^2,2,1,0.0,0.0,0.0,0.0,0.0,0.0,0.0,0.0,925
A_n3,direction_state,price_velocity_x_acceleration^3,3,1,0.0,0.0,0.0,0.0,0.0,0.0,0.0,0.0,925
A_n3,direction_state,relative_volume,1,0,0.0,0.0,0.0,0.0,0.0,0.0,0.0,0.0,925
A_n3,direction_state,relative_volume^2,2,0,0.0,0.0,0.0,0.0,0.0,0.0,0.0,0.0,925
A_n3,direction_state,relative_volume^3,3,0,0.0,0.0,0.0,0.0,0.0,0.0,0.0,0.0,925
A_n3,direction_state,relative_volume_x_price_velocity,1,1,0.0,0.0,0.0,0.0,0.0,0.0,0.0,0.0,925
A_n3,direction_state,relative_volume_x_price_velocity^2,2,1,0.0,0.0,0.0,0.0,0.0,0.0,0.0,0.0,925
A_n3,direction_state,relative_volume_x_price_velocity^3,3,1,0.0,0.0,0.0,0.0,0.0,0.0,0.0,0.0,925
A_n3,direction_state,spread,1,0,0.0,4.855539136401154,-5.0,5.0,3.5309793462259944,3.0987074920150155,26.605344959074593,9.894440679670797,925
A_n3,direction_state,spread^2,2,0,0.0,4.989631636112261,-5.0,5.0,3.590440250499925,3.1457992326699906,25.13124320720739,9.991425032149234,925
A_n3,direction_state,spread^3,3,0,0.0,4.993654411103589,-5.0,5.0,3.5920277355635952,3.14692239149204,25.09386375865685,9.994027759681046,925
A_n3,direction_state,spread_change,1,0,0.0,4.986966917822487,-5.0,5.0,1.4316516766839726,4.554306677054071,45.03821734542721,9.993329403584227,925
A_n3,direction_state,spread_change^2,2,0,0.0,4.986966917822487,-5.0,5.0,3.590590004217125,3.1462675114534355,25.087355396208253,9.994078464790922,925
A_n3,direction_state,spread_change^3,3,0,0.0,4.986966917822487,-5.0,5.0,1.4316516766839726,4.554306677054071,45.03821734542721,9.993329403584227,925
A_n3,direction_state,volume_density,1,0,0.0,0.0,0.0,0.0,0.0,0.0,0.0,0.0,925
A_n3,direction_state,volume_density^2,2,0,0.0,0.0,0.0,0.0,0.0,0.0,0.0,0.0,925
A_n3,direction_state,volume_density^3,3,0,0.0,0.0,0.0,0.0,0.0,0.0,0.0,0.0,925
A_n3,direction_state,volume_density_x_price_displacement,1,1,0.0,0.0,0.0,0.0,0.0,0.0,0.0,0.0,925
A_n3,direction_state,volume_density_x_price_displacement^2,2,1,0.0,0.0,0.0,0.0,0.0,0.0,0.0,0.0,925
A_n3,direction_state,volume_density_x_price_displacement^3,3,1,0.0,0.0,0.0,0.0,0.0,0.0,0.0,0.0,925
A_n3,direction_state,volume_log,1,0,0.0,0.0,0.0,0.0,0.0,0.0,0.0,0.0,925
A_n3,direction_state,volume_log^2,2,0,0.0,0.0,0.0,0.0,0.0,0.0,0.0,0.0,925
A_n3,direction_state,volume_log^3,3,0,0.0,0.0,0.0,0.0,0.0,0.0,0.0,0.0,925
A_n3,direction_state,volume_log_x_price_displacement,1,1,0.0,0.0,0.0,0.0,0.0,0.0,0.0,0.0,925
A_n3,direction_state,volume_log_x_price_displacement^2,2,1,0.0,0.0,0.0,0.0,0.0,0.0,0.0,0.0,925
A_n3,direction_state,volume_log_x_price_displacement^3,3,1,0.0,0.0,0.0,0.0,0.0,0.0,0.0,0.0,925
A_n3,direction_state,volume_movement_abs,1,0,0.0,0.0,0.0,0.0,0.0,0.0,0.0,0.0,925
A_n3,direction_state,volume_movement_abs^2,2,0,0.0,0.0,0.0,0.0,0.0,0.0,0.0,0.0,925
A_n3,direction_state,volume_movement_abs^3,3,0,0.0,0.0,0.0,0.0,0.0,0.0,0.0,0.0,925
A_n3,direction_state,volume_movement_signed,1,0,0.0,0.0,0.0,0.0,0.0,0.0,0.0,0.0,925
A_n3,direction_state,volume_movement_signed^2,2,0,0.0,0.0,0.0,0.0,0.0,0.0,0.0,0.0,925
A_n3,direction_state,volume_movement_signed^3,3,0,0.0,0.0,0.0,0.0,0.0,0.0,0.0,0.0,925
A_n3,forward_half_life,bias,0,0,1.7999999999999998,5.0,-5.0,5.0,4.633157119416297,1.6483611324074905,165.0,10.0,925
A_n3,forward_half_life,directional_volume,1,0,0.0,0.0,0.0,0.0,0.0,0.0,0.0,0.0,925
A_n3,forward_half_life,directional_volume^2,2,0,0.0,0.0,0.0,0.0,0.0,0.0,0.0,0.0,925
A_n3,forward_half_life,directional_volume^3,3,0,0.0,0.0,0.0,0.0,0.0,0.0,0.0,0.0,925
A_n3,forward_half_life,price_acceleration,1,0,0.0,-4.952186894501684,-5.0,5.0,-4.464419853190935,1.6877937639563287,175.75397800884755,10.0,925
A_n3,forward_half_life,price_acceleration^2,2,0,0.0,-4.993082644825047,-5.0,5.0,-3.5919511067686196,3.146906611277018,25.09622395953939,9.994094796910227,925
A_n3,forward_half_life,price_acceleration^3,3,0,0.0,-4.993775472350816,-5.0,5.0,-4.467113135984778,1.6885442659997794,175.00622456263366,10.0,925
A_n3,forward_half_life,price_displacement,1,0,0.0,-4.875958639232083,-5.0,5.0,-2.496762448003609,4.015724665729996,135.44520132876013,10.0,925
A_n3,forward_half_life,price_displacement^2,2,0,0.0,-4.993643721275212,-5.0,5.0,-3.591962936135447,3.146933400353839,25.09645888164997,9.994126094648301,925
A_n3,forward_half_life,price_displacement^3,3,0,0.0,-4.993778652098639,-5.0,5.0,-2.544057846997322,4.04154014986851,135.032603618647,10.0,925
A_n3,forward_half_life,price_velocity,1,0,0.0,-4.874485626488839,-5.0,5.0,-2.4961707139217855,4.015366503554033,135.44667434150338,10.0,925
A_n3,forward_half_life,price_velocity^2,2,0,0.0,-4.993583407908561,-5.0,5.0,-3.591958595245187,3.1469314636419896,25.096519195016622,9.994126094648301,925
A_n3,forward_half_life,price_velocity^3,3,0,0.0,-4.993778378141046,-5.0,5.0,-2.544057830020794,4.041540139569075,135.03260389260458,10.0,925
A_n3,forward_half_life,price_velocity_x_acceleration,1,1,0.0,0.0,0.0,0.0,0.0,0.0,0.0,0.0,925
A_n3,forward_half_life,price_velocity_x_acceleration^2,2,1,0.0,0.0,0.0,0.0,0.0,0.0,0.0,0.0,925
A_n3,forward_half_life,price_velocity_x_acceleration^3,3,1,0.0,0.0,0.0,0.0,0.0,0.0,0.0,0.0,925
A_n3,forward_half_life,relative_volume,1,0,0.0,0.0,0.0,0.0,0.0,0.0,0.0,0.0,925
A_n3,forward_half_life,relative_volume^2,2,0,0.0,0.0,0.0,0.0,0.0,0.0,0.0,0.0,925
A_n3,forward_half_life,relative_volume^3,3,0,0.0,0.0,0.0,0.0,0.0,0.0,0.0,0.0,925
A_n3,forward_half_life,relative_volume_x_price_velocity,1,1,0.0,0.0,0.0,0.0,0.0,0.0,0.0,0.0,925
A_n3,forward_half_life,relative_volume_x_price_velocity^2,2,1,0.0,0.0,0.0,0.0,0.0,0.0,0.0,0.0,925
A_n3,forward_half_life,relative_volume_x_price_velocity^3,3,1,0.0,0.0,0.0,0.0,0.0,0.0,0.0,0.0,925
A_n3,forward_half_life,spread,1,0,0.03600000000001841,-0.851537378401941,-5.0,5.0,-1.8849946512680327,2.8046743017670392,80.73744426858147,10.0,925
A_n3,forward_half_life,spread^2,2,0,0.0007200000000007365,-4.869511583372275,-5.0,5.0,-3.54821581485807,3.1322448740366564,26.47169772254194,10.0,925
A_n3,forward_half_life,spread^3,3,0,1.44000000000221e-05,-4.990050809521397,-5.0,5.0,-3.5908716557318248,3.146666127850591,25.12816900614977,9.994562766976646,925
A_n3,forward_half_life,spread_change,1,0,0.0,-4.986966917822487,-5.0,5.0,-1.4316516766839726,4.554306677054071,45.03821734542721,9.993329403584227,925
A_n3,forward_half_life,spread_change^2,2,0,0.0,-4.986966917822487,-5.0,5.0,-3.590590004217125,3.1462675114534355,25.087355396208253,9.994078464790922,925
A_n3,forward_half_life,spread_change^3,3,0,0.0,-4.986966917822487,-5.0,5.0,-1.4316516766839726,4.554306677054071,45.03821734542721,9.993329403584227,925
A_n3,forward_half_life,volume_density,1,0,0.0,0.0,0.0,0.0,0.0,0.0,0.0,0.0,925
A_n3,forward_half_life,volume_density^2,2,0,0.0,0.0,0.0,0.0,0.0,0.0,0.0,0.0,925
A_n3,forward_half_life,volume_density^3,3,0,0.0,0.0,0.0,0.0,0.0,0.0,0.0,0.0,925
A_n3,forward_half_life,volume_density_x_price_displacement,1,1,0.0,0.0,0.0,0.0,0.0,0.0,0.0,0.0,925
A_n3,forward_half_life,volume_density_x_price_displacement^2,2,1,0.0,0.0,0.0,0.0,0.0,0.0,0.0,0.0,925
A_n3,forward_half_life,volume_density_x_price_displacement^3,3,1,0.0,0.0,0.0,0.0,0.0,0.0,0.0,0.0,925
A_n3,forward_half_life,volume_log,1,0,0.0,0.0,0.0,0.0,0.0,0.0,0.0,0.0,925
A_n3,forward_half_life,volume_log^2,2,0,0.0,0.0,0.0,0.0,0.0,0.0,0.0,0.0,925
A_n3,forward_half_life,volume_log^3,3,0,0.0,0.0,0.0,0.0,0.0,0.0,0.0,0.0,925
A_n3,forward_half_life,volume_log_x_price_displacement,1,1,0.0,0.0,0.0,0.0,0.0,0.0,0.0,0.0,925
A_n3,forward_half_life,volume_log_x_price_displacement^2,2,1,0.0,0.0,0.0,0.0,0.0,0.0,0.0,0.0,925
A_n3,forward_half_life,volume_log_x_price_displacement^3,3,1,0.0,0.0,0.0,0.0,0.0,0.0,0.0,0.0,925
A_n3,forward_half_life,volume_movement_abs,1,0,0.0,0.0,0.0,0.0,0.0,0.0,0.0,0.0,925
A_n3,forward_half_life,volume_movement_abs^2,2,0,0.0,0.0,0.0,0.0,0.0,0.0,0.0,0.0,925
A_n3,forward_half_life,volume_movement_abs^3,3,0,0.0,0.0,0.0,0.0,0.0,0.0,0.0,0.0,925
A_n3,forward_half_life,volume_movement_signed,1,0,0.0,0.0,0.0,0.0,0.0,0.0,0.0,0.0,925
A_n3,forward_half_life,volume_movement_signed^2,2,0,0.0,0.0,0.0,0.0,0.0,0.0,0.0,0.0,925
A_n3,forward_half_life,volume_movement_signed^3,3,0,0.0,0.0,0.0,0.0,0.0,0.0,0.0,0.0,925
A_n3,magnitude_state,bias,0,0,0.0,0.25219546813832644,-5.0,5.0,1.1573448653569278,1.6796759257462275,87.8285306841449,5.326666054391021,925
A_n3,magnitude_state,directional_volume,1,0,0.0,0.0,0.0,0.0,0.0,0.0,0.0,0.0,925
A_n3,magnitude_state,directional_volume^2,2,0,0.0,0.0,0.0,0.0,0.0,0.0,0.0,0.0,925
A_n3,magnitude_state,directional_volume^3,3,0,0.0,0.0,0.0,0.0,0.0,0.0,0.0,0.0,925
A_n3,magnitude_state,price_acceleration,1,0,0.0,4.992006730632528,-5.0,5.0,4.4669922379976885,1.6885064166808454,175.01310653279123,10.0,925
A_n3,magnitude_state,price_acceleration^2,2,0,0.0,4.993747865206115,-5.0,5.0,3.5920681819637332,3.14694857439658,25.092958149475333,9.994151290607183,925
A_n3,magnitude_state,price_acceleration^3,3,0,0.0,4.993778661402142,-5.0,5.0,4.467113302013896,1.688544318033507,175.00622133859812,10.0,925
A_n3,magnitude_state,price_displacement,1,0,0.0,4.98974592551718,-5.0,5.0,2.5422862817379084,4.039616296189777,135.0466764075754,10.0,925
A_n3,magnitude_state,price_displacement^2,2,0,0.0,4.9937742281425646,-5.0,5.0,3.5920690860433577,3.1469478738414844,25.09296196630035,9.99415237267455,925
A_n3,magnitude_state,price_displacement^3,3,0,0.0,4.993778820884324,-5.0,5.0,2.544058474360211,4.041540496222171,135.03260397863096,10.0,925
A_n3,magnitude_state,price_velocity,1,0,0.0,4.989261094259561,-5.0,5.0,2.5422461336609126,4.039591940699658,135.047161238833,10.0,925
A_n3,magnitude_state,price_velocity^2,2,0,0.0,4.993770858230623,-5.0,5.0,3.5920688494979713,3.1469477682978573,25.092965336212295,9.99415237267455,925
A_n3,magnitude_state,price_velocity^3,3,0,0.0,4.993778807852825,-5.0,5.0,2.5440584734800353,4.041540495688145,135.03260399166246,10.0,925
A_n3,magnitude_state,price_velocity_x_acceleration,1,1,0.0,0.0,0.0,0.0,0.0,0.0,0.0,0.0,925
A_n3,magnitude_state,price_velocity_x_acceleration^2,2,1,0.0,0.0,0.0,0.0,0.0,0.0,0.0,0.0,925
A_n3,magnitude_state,price_velocity_x_acceleration^3,3,1,0.0,0.0,0.0,0.0,0.0,0.0,0.0,0.0,925
A_n3,magnitude_state,relative_volume,1,0,0.0,0.0,0.0,0.0,0.0,0.0,0.0,0.0,925
A_n3,magnitude_state,relative_volume^2,2,0,0.0,0.0,0.0,0.0,0.0,0.0,0.0,0.0,925
A_n3,magnitude_state,relative_volume^3,3,0,0.0,0.0,0.0,0.0,0.0,0.0,0.0,0.0,925
A_n3,magnitude_state,relative_volume_x_price_velocity,1,1,0.0,0.0,0.0,0.0,0.0,0.0,0.0,0.0,925
A_n3,magnitude_state,relative_volume_x_price_velocity^2,2,1,0.0,0.0,0.0,0.0,0.0,0.0,0.0,0.0,925
A_n3,magnitude_state,relative_volume_x_price_velocity^3,3,1,0.0,0.0,0.0,0.0,0.0,0.0,0.0,0.0,925
A_n3,magnitude_state,spread,1,0,0.0,4.851531326064367,-5.0,5.0,3.5288448125041607,3.0986503318436665,26.636764065965863,9.898295827534799,925
A_n3,magnitude_state,spread^2,2,0,0.0,4.989511401802156,-5.0,5.0,3.590383834212911,3.145791773780038,25.132164075599313,9.991502135106515,925
A_n3,magnitude_state,spread^3,3,0,0.0,4.993650804074286,-5.0,5.0,3.592026199907157,3.1469220603305326,25.093891176330587,9.994027354933866,925
A_n3,magnitude_state,spread_change,1,0,0.0,4.986966917822487,-5.0,5.0,1.4316516766839726,4.554306677054071,45.03821734542721,9.993329403584227,925
A_n3,magnitude_state,spread_change^2,2,0,0.0,4.986966917822487,-5.0,5.0,3.590590004217125,3.1462675114534355,25.087355396208253,9.994078464790922,925
A_n3,magnitude_state,spread_change^3,3,0,0.0,4.986966917822487,-5.0,5.0,1.4316516766839726,4.554306677054071,45.03821734542721,9.993329403584227,925
A_n3,magnitude_state,volume_density,1,0,0.0,0.0,0.0,0.0,0.0,0.0,0.0,0.0,925
A_n3,magnitude_state,volume_density^2,2,0,0.0,0.0,0.0,0.0,0.0,0.0,0.0,0.0,925
A_n3,magnitude_state,volume_density^3,3,0,0.0,0.0,0.0,0.0,0.0,0.0,0.0,0.0,925
A_n3,magnitude_state,volume_density_x_price_displacement,1,1,0.0,0.0,0.0,0.0,0.0,0.0,0.0,0.0,925
A_n3,magnitude_state,volume_density_x_price_displacement^2,2,1,0.0,0.0,0.0,0.0,0.0,0.0,0.0,0.0,925
A_n3,magnitude_state,volume_density_x_price_displacement^3,3,1,0.0,0.0,0.0,0.0,0.0,0.0,0.0,0.0,925
A_n3,magnitude_state,volume_log,1,0,0.0,0.0,0.0,0.0,0.0,0.0,0.0,0.0,925
A_n3,magnitude_state,volume_log^2,2,0,0.0,0.0,0.0,0.0,0.0,0.0,0.0,0.0,925
A_n3,magnitude_state,volume_log^3,3,0,0.0,0.0,0.0,0.0,0.0,0.0,0.0,0.0,925
A_n3,magnitude_state,volume_log_x_price_displacement,1,1,0.0,0.0,0.0,0.0,0.0,0.0,0.0,0.0,925
A_n3,magnitude_state,volume_log_x_price_displacement^2,2,1,0.0,0.0,0.0,0.0,0.0,0.0,0.0,0.0,925
A_n3,magnitude_state,volume_log_x_price_displacement^3,3,1,0.0,0.0,0.0,0.0,0.0,0.0,0.0,0.0,925
A_n3,magnitude_state,volume_movement_abs,1,0,0.0,0.0,0.0,0.0,0.0,0.0,0.0,0.0,925
A_n3,magnitude_state,volume_movement_abs^2,2,0,0.0,0.0,0.0,0.0,0.0,0.0,0.0,0.0,925
A_n3,magnitude_state,volume_movement_abs^3,3,0,0.0,0.0,0.0,0.0,0.0,0.0,0.0,0.0,925
A_n3,magnitude_state,volume_movement_signed,1,0,0.0,0.0,0.0,0.0,0.0,0.0,0.0,0.0,925
A_n3,magnitude_state,volume_movement_signed^2,2,0,0.0,0.0,0.0,0.0,0.0,0.0,0.0,0.0,925
A_n3,magnitude_state,volume_movement_signed^3,3,0,0.0,0.0,0.0,0.0,0.0,0.0,0.0,0.0,925
A_n3,observation_half_life,bias,0,0,1.7999999999999998,5.0,-5.0,5.0,4.633157119416297,1.6483611324074905,165.0,10.0,925
A_n3,observation_half_life,directional_volume,1,0,0.0,0.0,0.0,0.0,0.0,0.0,0.0,0.0,925
A_n3,observation_half_life,directional_volume^2,2,0,0.0,0.0,0.0,0.0,0.0,0.0,0.0,0.0,925
A_n3,observation_half_life,directional_volume^3,3,0,0.0,0.0,0.0,0.0,0.0,0.0,0.0,0.0,925
A_n3,observation_half_life,price_acceleration,1,0,0.0,-4.952186894501684,-5.0,5.0,-4.464419853190935,1.6877937639563287,175.75397800884755,10.0,925
A_n3,observation_half_life,price_acceleration^2,2,0,0.0,-4.993082644825047,-5.0,5.0,-3.5919511067686196,3.146906611277018,25.09622395953939,9.994094796910227,925
A_n3,observation_half_life,price_acceleration^3,3,0,0.0,-4.993775472350816,-5.0,5.0,-4.467113135984778,1.6885442659997794,175.00622456263366,10.0,925
A_n3,observation_half_life,price_displacement,1,0,0.0,-4.875958639232083,-5.0,5.0,-2.496762448003609,4.015724665729996,135.44520132876013,10.0,925
A_n3,observation_half_life,price_displacement^2,2,0,0.0,-4.993643721275212,-5.0,5.0,-3.591962936135447,3.146933400353839,25.09645888164997,9.994126094648301,925
A_n3,observation_half_life,price_displacement^3,3,0,0.0,-4.993778652098639,-5.0,5.0,-2.544057846997322,4.04154014986851,135.032603618647,10.0,925
A_n3,observation_half_life,price_velocity,1,0,0.0,-4.874485626488839,-5.0,5.0,-2.4961707139217855,4.015366503554033,135.44667434150338,10.0,925
A_n3,observation_half_life,price_velocity^2,2,0,0.0,-4.993583407908561,-5.0,5.0,-3.591958595245187,3.1469314636419896,25.096519195016622,9.994126094648301,925
A_n3,observation_half_life,price_velocity^3,3,0,0.0,-4.993778378141046,-5.0,5.0,-2.544057830020794,4.041540139569075,135.03260389260458,10.0,925
A_n3,observation_half_life,price_velocity_x_acceleration,1,1,0.0,0.0,0.0,0.0,0.0,0.0,0.0,0.0,925
A_n3,observation_half_life,price_velocity_x_acceleration^2,2,1,0.0,0.0,0.0,0.0,0.0,0.0,0.0,0.0,925
A_n3,observation_half_life,price_velocity_x_acceleration^3,3,1,0.0,0.0,0.0,0.0,0.0,0.0,0.0,0.0,925
A_n3,observation_half_life,relative_volume,1,0,0.0,0.0,0.0,0.0,0.0,0.0,0.0,0.0,925
A_n3,observation_half_life,relative_volume^2,2,0,0.0,0.0,0.0,0.0,0.0,0.0,0.0,0.0,925
A_n3,observation_half_life,relative_volume^3,3,0,0.0,0.0,0.0,0.0,0.0,0.0,0.0,0.0,925
A_n3,observation_half_life,relative_volume_x_price_velocity,1,1,0.0,0.0,0.0,0.0,0.0,0.0,0.0,0.0,925
A_n3,observation_half_life,relative_volume_x_price_velocity^2,2,1,0.0,0.0,0.0,0.0,0.0,0.0,0.0,0.0,925
A_n3,observation_half_life,relative_volume_x_price_velocity^3,3,1,0.0,0.0,0.0,0.0,0.0,0.0,0.0,0.0,925
A_n3,observation_half_life,spread,1,0,0.03600000000001841,-0.851537378401941,-5.0,5.0,-1.8849946512680327,2.8046743017670392,80.73744426858147,10.0,925
A_n3,observation_half_life,spread^2,2,0,0.0007200000000007365,-4.869511583372275,-5.0,5.0,-3.54821581485807,3.1322448740366564,26.47169772254194,10.0,925
A_n3,observation_half_life,spread^3,3,0,1.44000000000221e-05,-4.990050809521397,-5.0,5.0,-3.5908716557318248,3.146666127850591,25.12816900614977,9.994562766976646,925
A_n3,observation_half_life,spread_change,1,0,0.0,-4.986966917822487,-5.0,5.0,-1.4316516766839726,4.554306677054071,45.03821734542721,9.993329403584227,925
A_n3,observation_half_life,spread_change^2,2,0,0.0,-4.986966917822487,-5.0,5.0,-3.590590004217125,3.1462675114534355,25.087355396208253,9.994078464790922,925
A_n3,observation_half_life,spread_change^3,3,0,0.0,-4.986966917822487,-5.0,5.0,-1.4316516766839726,4.554306677054071,45.03821734542721,9.993329403584227,925
A_n3,observation_half_life,volume_density,1,0,0.0,0.0,0.0,0.0,0.0,0.0,0.0,0.0,925
A_n3,observation_half_life,volume_density^2,2,0,0.0,0.0,0.0,0.0,0.0,0.0,0.0,0.0,925
A_n3,observation_half_life,volume_density^3,3,0,0.0,0.0,0.0,0.0,0.0,0.0,0.0,0.0,925
A_n3,observation_half_life,volume_density_x_price_displacement,1,1,0.0,0.0,0.0,0.0,0.0,0.0,0.0,0.0,925
A_n3,observation_half_life,volume_density_x_price_displacement^2,2,1,0.0,0.0,0.0,0.0,0.0,0.0,0.0,0.0,925
A_n3,observation_half_life,volume_density_x_price_displacement^3,3,1,0.0,0.0,0.0,0.0,0.0,0.0,0.0,0.0,925
A_n3,observation_half_life,volume_log,1,0,0.0,0.0,0.0,0.0,0.0,0.0,0.0,0.0,925
A_n3,observation_half_life,volume_log^2,2,0,0.0,0.0,0.0,0.0,0.0,0.0,0.0,0.0,925
A_n3,observation_half_life,volume_log^3,3,0,0.0,0.0,0.0,0.0,0.0,0.0,0.0,0.0,925
A_n3,observation_half_life,volume_log_x_price_displacement,1,1,0.0,0.0,0.0,0.0,0.0,0.0,0.0,0.0,925
A_n3,observation_half_life,volume_log_x_price_displacement^2,2,1,0.0,0.0,0.0,0.0,0.0,0.0,0.0,0.0,925
A_n3,observation_half_life,volume_log_x_price_displacement^3,3,1,0.0,0.0,0.0,0.0,0.0,0.0,0.0,0.0,925
A_n3,observation_half_life,volume_movement_abs,1,0,0.0,0.0,0.0,0.0,0.0,0.0,0.0,0.0,925
A_n3,observation_half_life,volume_movement_abs^2,2,0,0.0,0.0,0.0,0.0,0.0,0.0,0.0,0.0,925
A_n3,observation_half_life,volume_movement_abs^3,3,0,0.0,0.0,0.0,0.0,0.0,0.0,0.0,0.0,925
A_n3,observation_half_life,volume_movement_signed,1,0,0.0,0.0,0.0,0.0,0.0,0.0,0.0,0.0,925
A_n3,observation_half_life,volume_movement_signed^2,2,0,0.0,0.0,0.0,0.0,0.0,0.0,0.0,0.0,925
A_n3,observation_half_life,volume_movement_signed^3,3,0,0.0,0.0,0.0,0.0,0.0,0.0,0.0,0.0,925
A_n3,persistence,bias,0,0,0.006,0.4352481844020749,-5.0,5.0,1.2875313248300626,1.6494846147110414,85.39191415167664,5.507535478656944,925
A_n3,persistence,directional_volume,1,0,0.0,0.0,0.0,0.0,0.0,0.0,0.0,0.0,925
A_n3,persistence,directional_volume^2,2,0,0.0,0.0,0.0,0.0,0.0,0.0,0.0,0.0,925
A_n3,persistence,directional_volume^3,3,0,0.0,0.0,0.0,0.0,0.0,0.0,0.0,0.0,925
A_n3,persistence,price_acceleration,1,0,0.0,4.9920706330547695,-5.0,5.0,4.466995656387554,1.6885072469428655,175.01279350291617,10.0,925
A_n3,persistence,price_acceleration^2,2,0,0.0,4.9937490420150645,-5.0,5.0,3.592068343775531,3.1469486286331407,25.09295468223472,9.994151371350277,925
A_n3,persistence,price_acceleration^3,3,0,0.0,4.993778667578266,-5.0,5.0,4.467113302263647,1.6885443181117519,175.00622133246546,10.0,925
A_n3,persistence,price_displacement,1,0,0.0,4.9899005429299805,-5.0,5.0,2.542383516543942,4.039637316619843,135.04703310506073,10.0,925
A_n3,persistence,price_displacement^2,2,0,0.0,4.993774403856702,-5.0,5.0,3.5920692355714605,3.1469478817862937,25.0929584740989,9.994152411453747,925
A_n3,persistence,price_displacement^3,3,0,0.0,4.993778821110874,-5.0,5.0,2.5440584749025392,4.041540496489182,135.03260397914218,10.0,925
A_n3,persistence,price_velocity,1,0,0.0,4.989433718523651,-5.0,5.0,2.542344877031069,4.0396138760832825,135.04749992946705,10.0,925
A_n3,persistence,price_velocity^2,2,0,0.0,4.993771160705127,-5.0,5.0,3.5920690079640725,3.1469477802307027,25.092961717250475,9.994152411453747,925
A_n3,persistence,price_velocity^3,3,0,0.0,4.993778808570154,-5.0,5.0,2.544058474055629,4.041540495975338,135.03260399168292,10.0,925
A_n3,persistence,price_velocity_x_acceleration,1,1,0.0,0.0,0.0,0.0,0.0,0.0,0.0,0.0,925
A_n3,persistence,price_velocity_x_acceleration^2,2,1,0.0,0.0,0.0,0.0,0.0,0.0,0.0,0.0,925
A_n3,persistence,price_velocity_x_acceleration^3,3,1,0.0,0.0,0.0,0.0,0.0,0.0,0.0,0.0,925
A_n3,persistence,relative_volume,1,0,0.0,0.0,0.0,0.0,0.0,0.0,0.0,0.0,925
A_n3,persistence,relative_volume^2,2,0,0.0,0.0,0.0,0.0,0.0,0.0,0.0,0.0,925
A_n3,persistence,relative_volume^3,3,0,0.0,0.0,0.0,0.0,0.0,0.0,0.0,0.0,925
A_n3,persistence,relative_volume_x_price_velocity,1,1,0.0,0.0,0.0,0.0,0.0,0.0,0.0,0.0,925
A_n3,persistence,relative_volume_x_price_velocity^2,2,1,0.0,0.0,0.0,0.0,0.0,0.0,0.0,0.0,925
A_n3,persistence,relative_volume_x_price_velocity^3,3,1,0.0,0.0,0.0,0.0,0.0,0.0,0.0,0.0,925
A_n3,persistence,spread,1,0,0.00012000000000006138,4.857022907552278,-5.0,5.0,3.5320093546368643,3.0989124458297925,26.576880064031855,9.894592442812666,925
A_n3,persistence,spread^2,2,0,2.4000000000024554e-06,4.989676149246789,-5.0,5.0,3.590463484717757,3.1458045701205144,25.13064149299475,9.99142806741207,925
A_n3,persistence,spread^3,3,0,4.800000000007367e-08,4.993655746497632,-5.0,5.0,3.592028272088967,3.1469225302837804,25.093851218790846,9.99403223840832,925
A_n3,persistence,spread_change,1,0,0.0,4.986966917822487,-5.0,5.0,1.4316516766839726,4.554306677054071,45.03821734542721,9.993329403584227,925
A_n3,persistence,spread_change^2,2,0,0.0,4.986966917822487,-5.0,5.0,3.590590004217125,3.1462675114534355,25.087355396208253,9.994078464790922,925
A_n3,persistence,spread_change^3,3,0,0.0,4.986966917822487,-5.0,5.0,1.4316516766839726,4.554306677054071,45.03821734542721,9.993329403584227,925
A_n3,persistence,volume_density,1,0,0.0,0.0,0.0,0.0,0.0,0.0,0.0,0.0,925
A_n3,persistence,volume_density^2,2,0,0.0,0.0,0.0,0.0,0.0,0.0,0.0,0.0,925
A_n3,persistence,volume_density^3,3,0,0.0,0.0,0.0,0.0,0.0,0.0,0.0,0.0,925
A_n3,persistence,volume_density_x_price_displacement,1,1,0.0,0.0,0.0,0.0,0.0,0.0,0.0,0.0,925
A_n3,persistence,volume_density_x_price_displacement^2,2,1,0.0,0.0,0.0,0.0,0.0,0.0,0.0,0.0,925
A_n3,persistence,volume_density_x_price_displacement^3,3,1,0.0,0.0,0.0,0.0,0.0,0.0,0.0,0.0,925
A_n3,persistence,volume_log,1,0,0.0,0.0,0.0,0.0,0.0,0.0,0.0,0.0,925
A_n3,persistence,volume_log^2,2,0,0.0,0.0,0.0,0.0,0.0,0.0,0.0,0.0,925
A_n3,persistence,volume_log^3,3,0,0.0,0.0,0.0,0.0,0.0,0.0,0.0,0.0,925
A_n3,persistence,volume_log_x_price_displacement,1,1,0.0,0.0,0.0,0.0,0.0,0.0,0.0,0.0,925
A_n3,persistence,volume_log_x_price_displacement^2,2,1,0.0,0.0,0.0,0.0,0.0,0.0,0.0,0.0,925
A_n3,persistence,volume_log_x_price_displacement^3,3,1,0.0,0.0,0.0,0.0,0.0,0.0,0.0,0.0,925
A_n3,persistence,volume_movement_abs,1,0,0.0,0.0,0.0,0.0,0.0,0.0,0.0,0.0,925
A_n3,persistence,volume_movement_abs^2,2,0,0.0,0.0,0.0,0.0,0.0,0.0,0.0,0.0,925
A_n3,persistence,volume_movement_abs^3,3,0,0.0,0.0,0.0,0.0,0.0,0.0,0.0,0.0,925
A_n3,persistence,volume_movement_signed,1,0,0.0,0.0,0.0,0.0,0.0,0.0,0.0,0.0,925
A_n3,persistence,volume_movement_signed^2,2,0,0.0,0.0,0.0,0.0,0.0,0.0,0.0,0.0,925
A_n3,persistence,volume_movement_signed^3,3,0,0.0,0.0,0.0,0.0,0.0,0.0,0.0,0.0,925
A_n3,perturbation_state,bias,0,0,0.012,-0.004414411637420597,-5.0,5.0,-0.9865586059766962,1.7163877772377862,91.49727461798068,5.504622716811509,925
A_n3,perturbation_state,directional_volume,1,0,0.0,0.0,0.0,0.0,0.0,0.0,0.0,0.0,925
A_n3,perturbation_state,directional_volume^2,2,0,0.0,0.0,0.0,0.0,0.0,0.0,0.0,0.0,925
A_n3,perturbation_state,directional_volume^3,3,0,0.0,0.0,0.0,0.0,0.0,0.0,0.0,0.0,925
A_n3,perturbation_state,price_acceleration,1,0,0.0,-4.991529221345668,-5.0,5.0,-4.46692602128348,1.688484386628277,175.0144929829127,10.0,925
A_n3,perturbation_state,price_acceleration^2,2,0,0.0,-4.993743089587287,-5.0,5.0,-3.5920672367952844,3.1469481822362253,25.092984178655996,9.994151175484857,925
A_n3,perturbation_state,price_acceleration^3,3,0,0.0,-4.993778631829034,-5.0,5.0,-4.467113294309862,1.6885443156230668,175.00622136823603,10.0,925
A_n3,perturbation_state,price_displacement,1,0,0.0,-4.9894703213172615,-5.0,5.0,-2.542087807034458,4.0395588510131875,135.04618532020095,10.0,925
A_n3,perturbation_state,price_displacement^2,2,0,0.0,-4.993773865925999,-5.0,5.0,-3.592068325313411,3.1469476520418365,25.09298521353505,9.994152333206042,925
A_n3,perturbation_state,price_displacement^3,3,0,0.0,-4.993778820376349,-5.0,5.0,-2.544058465413154,4.041540490938891,135.03260397722772,10.0,925
A_n3,perturbation_state,price_velocity,1,0,0.0,-4.98877567710536,-5.0,5.0,-2.5420355046554426,4.03952712452815,135.04687996441285,10.0,925
A_n3,perturbation_state,price_velocity^2,2,0,0.0,-4.99376968104098,-5.0,5.0,-3.5920680402945013,3.1469475248725134,25.09298939842007,9.994152333206042,925
A_n3,perturbation_state,price_velocity^3,3,0,0.0,-4.993778804696653,-5.0,5.0,-2.5440584643739563,4.041540490308386,135.03260399290744,10.0,925
A_n3,perturbation_state,price_velocity_x_acceleration,1,1,0.0,0.0,0.0,0.0,0.0,0.0,0.0,0.0,925
A_n3,perturbation_state,price_velocity_x_acceleration^2,2,1,0.0,0.0,0.0,0.0,0.0,0.0,0.0,0.0,925
A_n3,perturbation_state,price_velocity_x_acceleration^3,3,1,0.0,0.0,0.0,0.0,0.0,0.0,0.0,0.0,925
A_n3,perturbation_state,relative_volume,1,0,0.0,0.0,0.0,0.0,0.0,0.0,0.0,0.0,925
A_n3,perturbation_state,relative_volume^2,2,0,0.0,0.0,0.0,0.0,0.0,0.0,0.0,0.0,925
A_n3,perturbation_state,relative_volume^3,3,0,0.0,0.0,0.0,0.0,0.0,0.0,0.0,0.0,925
A_n3,perturbation_state,relative_volume_x_price_velocity,1,1,0.0,0.0,0.0,0.0,0.0,0.0,0.0,0.0,925
A_n3,perturbation_state,relative_volume_x_price_velocity^2,2,1,0.0,0.0,0.0,0.0,0.0,0.0,0.0,0.0,925
A_n3,perturbation_state,relative_volume_x_price_velocity^3,3,1,0.0,0.0,0.0,0.0,0.0,0.0,0.0,0.0,925
A_n3,perturbation_state,spread,1,0,0.00024000000000012276,-4.844097894369341,-5.0,5.0,-3.524534787549483,3.097938591647336,26.729708841607714,9.903628672891998,925
A_n3,perturbation_state,spread^2,2,0,4.800000000004911e-06,-4.9892883988513,-5.0,5.0,-3.590271505174658,3.1457654107907094,25.134593673707446,9.991608792013661,925
A_n3,perturbation_state,spread^3,3,0,9.600000000014734e-08,-4.993644113985762,-5.0,5.0,-3.5920231869815624,3.1469211907004606,25.093956479512787,9.99402473111807,925
A_n3,perturbation_state,spread_change,1,0,0.0,-4.986966917822487,-5.0,5.0,-1.4316516766839726,4.554306677054071,45.03821734542721,9.993329403584227,925
A_n3,perturbation_state,spread_change^2,2,0,0.0,-4.986966917822487,-5.0,5.0,-3.590590004217125,3.1462675114534355,25.087355396208253,9.994078464790922,925
A_n3,perturbation_state,spread_change^3,3,0,0.0,-4.986966917822487,-5.0,5.0,-1.4316516766839726,4.554306677054071,45.03821734542721,9.993329403584227,925
A_n3,perturbation_state,volume_density,1,0,0.0,0.0,0.0,0.0,0.0,0.0,0.0,0.0,925
A_n3,perturbation_state,volume_density^2,2,0,0.0,0.0,0.0,0.0,0.0,0.0,0.0,0.0,925
A_n3,perturbation_state,volume_density^3,3,0,0.0,0.0,0.0,0.0,0.0,0.0,0.0,0.0,925
A_n3,perturbation_state,volume_density_x_price_displacement,1,1,0.0,0.0,0.0,0.0,0.0,0.0,0.0,0.0,925
A_n3,perturbation_state,volume_density_x_price_displacement^2,2,1,0.0,0.0,0.0,0.0,0.0,0.0,0.0,0.0,925
A_n3,perturbation_state,volume_density_x_price_displacement^3,3,1,0.0,0.0,0.0,0.0,0.0,0.0,0.0,0.0,925
A_n3,perturbation_state,volume_log,1,0,0.0,0.0,0.0,0.0,0.0,0.0,0.0,0.0,925
A_n3,perturbation_state,volume_log^2,2,0,0.0,0.0,0.0,0.0,0.0,0.0,0.0,0.0,925
A_n3,perturbation_state,volume_log^3,3,0,0.0,0.0,0.0,0.0,0.0,0.0,0.0,0.0,925
A_n3,perturbation_state,volume_log_x_price_displacement,1,1,0.0,0.0,0.0,0.0,0.0,0.0,0.0,0.0,925
A_n3,perturbation_state,volume_log_x_price_displacement^2,2,1,0.0,0.0,0.0,0.0,0.0,0.0,0.0,0.0,925
A_n3,perturbation_state,volume_log_x_price_displacement^3,3,1,0.0,0.0,0.0,0.0,0.0,0.0,0.0,0.0,925
A_n3,perturbation_state,volume_movement_abs,1,0,0.0,0.0,0.0,0.0,0.0,0.0,0.0,0.0,925
A_n3,perturbation_state,volume_movement_abs^2,2,0,0.0,0.0,0.0,0.0,0.0,0.0,0.0,0.0,925
A_n3,perturbation_state,volume_movement_abs^3,3,0,0.0,0.0,0.0,0.0,0.0,0.0,0.0,0.0,925
A_n3,perturbation_state,volume_movement_signed,1,0,0.0,0.0,0.0,0.0,0.0,0.0,0.0,0.0,925
A_n3,perturbation_state,volume_movement_signed^2,2,0,0.0,0.0,0.0,0.0,0.0,0.0,0.0,0.0,925
A_n3,perturbation_state,volume_movement_signed^3,3,0,0.0,0.0,0.0,0.0,0.0,0.0,0.0,0.0,925
A_n3,reinforcement,bias,0,0,-0.0020999999999999994,0.43795011300572556,-5.0,5.0,1.231267510317666,1.6844974146372005,86.19634123266968,5.346947090984013,925
A_n3,reinforcement,directional_volume,1,0,0.0,0.0,0.0,0.0,0.0,0.0,0.0,0.0,925
A_n3,reinforcement,directional_volume^2,2,0,0.0,0.0,0.0,0.0,0.0,0.0,0.0,0.0,925
A_n3,reinforcement,directional_volume^3,3,0,0.0,0.0,0.0,0.0,0.0,0.0,0.0,0.0,925
A_n3,reinforcement,price_acceleration,1,0,0.0,4.992150428942066,-5.0,5.0,4.467034160649261,1.6885184979488272,175.0130586426485,10.0,925
A_n3,reinforcement,price_acceleration^2,2,0,0.0,4.993749754007347,-5.0,5.0,3.592068356446041,3.1469486603042167,25.09295473678523,9.994151324115812,925
A_n3,reinforcement,price_acceleration^3,3,0,0.0,4.993778672209441,-5.0,5.0,4.467113306606447,1.688544319468456,175.0062213278821,10.0,925
A_n3,reinforcement,price_displacement,1,0,0.0,4.989909111825892,-5.0,5.0,2.542395346848071,4.039688817331278,135.04666565075007,10.0,925
A_n3,reinforcement,price_displacement^2,2,0,0.0,4.993774416943076,-5.0,5.0,3.5920693304435534,3.1469480022620395,25.092954219339052,9.99415239996674,925
A_n3,reinforcement,price_displacement^3,3,0,0.0,4.9937788211294105,-5.0,5.0,2.5440584769485977,4.041540497810961,135.03260397829226,10.0,925
A_n3,reinforcement,price_velocity,1,0,0.0,4.989488483138988,-5.0,5.0,2.5423595403637433,4.039667095525535,135.047086279437,10.0,925
A_n3,reinforcement,price_velocity^2,2,0,0.0,4.993771328713867,-5.0,5.0,3.5920691123133075,3.1469479049348488,25.092957307568263,9.99415239996674,925
A_n3,reinforcement,price_velocity^3,3,0,0.0,4.993778809049221,-5.0,5.0,2.544058476129534,4.041540497314011,135.03260399037242,10.0,925
A_n3,reinforcement,price_velocity_x_acceleration,1,1,0.0,0.0,0.0,0.0,0.0,0.0,0.0,0.0,925
A_n3,reinforcement,price_velocity_x_acceleration^2,2,1,0.0,0.0,0.0,0.0,0.0,0.0,0.0,0.0,925
A_n3,reinforcement,price_velocity_x_acceleration^3,3,1,0.0,0.0,0.0,0.0,0.0,0.0,0.0,0.0,925
A_n3,reinforcement,relative_volume,1,0,0.0,0.0,0.0,0.0,0.0,0.0,0.0,0.0,925
A_n3,reinforcement,relative_volume^2,2,0,0.0,0.0,0.0,0.0,0.0,0.0,0.0,0.0,925
A_n3,reinforcement,relative_volume^3,3,0,0.0,0.0,0.0,0.0,0.0,0.0,0.0,0.0,925
A_n3,reinforcement,relative_volume_x_price_velocity,1,1,0.0,0.0,0.0,0.0,0.0,0.0,0.0,0.0,925
A_n3,reinforcement,relative_volume_x_price_velocity^2,2,1,0.0,0.0,0.0,0.0,0.0,0.0,0.0,0.0,925
A_n3,reinforcement,relative_volume_x_price_velocity^3,3,1,0.0,0.0,0.0,0.0,0.0,0.0,0.0,0.0,925
A_n3,reinforcement,spread,1,0,-4.200000000002147e-05,4.85710396541039,-5.0,5.0,3.5307911013174316,3.0998750155810013,26.592659159128726,9.899233122622695,925
A_n3,reinforcement,spread^2,2,0,-8.400000000008591e-07,4.98967858098254,-5.0,5.0,3.5904364527101054,3.1458226231508895,25.13094487303365,9.991520881008274,925
A_n3,reinforcement,spread^3,3,0,-1.680000000002578e-08,4.993655819449701,-5.0,5.0,3.5920276544998155,3.1469228570013805,25.093856847374063,9.99402790252185,925
A_n3,reinforcement,spread_change,1,0,0.0,4.986966917822487,-5.0,5.0,1.4316516766839726,4.554306677054071,45.03821734542721,9.993329403584227,925
A_n3,reinforcement,spread_change^2,2,0,0.0,4.986966917822487,-5.0,5.0,3.590590004217125,3.1462675114534355,25.087355396208253,9.994078464790922,925
A_n3,reinforcement,spread_change^3,3,0,0.0,4.986966917822487,-5.0,5.0,1.4316516766839726,4.554306677054071,45.03821734542721,9.993329403584227,925
A_n3,reinforcement,volume_density,1,0,0.0,0.0,0.0,0.0,0.0,0.0,0.0,0.0,925
A_n3,reinforcement,volume_density^2,2,0,0.0,0.0,0.0,0.0,0.0,0.0,0.0,0.0,925
A_n3,reinforcement,volume_density^3,3,0,0.0,0.0,0.0,0.0,0.0,0.0,0.0,0.0,925
A_n3,reinforcement,volume_density_x_price_displacement,1,1,0.0,0.0,0.0,0.0,0.0,0.0,0.0,0.0,925
A_n3,reinforcement,volume_density_x_price_displacement^2,2,1,0.0,0.0,0.0,0.0,0.0,0.0,0.0,0.0,925
A_n3,reinforcement,volume_density_x_price_displacement^3,3,1,0.0,0.0,0.0,0.0,0.0,0.0,0.0,0.0,925
A_n3,reinforcement,volume_log,1,0,0.0,0.0,0.0,0.0,0.0,0.0,0.0,0.0,925
A_n3,reinforcement,volume_log^2,2,0,0.0,0.0,0.0,0.0,0.0,0.0,0.0,0.0,925
A_n3,reinforcement,volume_log^3,3,0,0.0,0.0,0.0,0.0,0.0,0.0,0.0,0.0,925
A_n3,reinforcement,volume_log_x_price_displacement,1,1,0.0,0.0,0.0,0.0,0.0,0.0,0.0,0.0,925
A_n3,reinforcement,volume_log_x_price_displacement^2,2,1,0.0,0.0,0.0,0.0,0.0,0.0,0.0,0.0,925
A_n3,reinforcement,volume_log_x_price_displacement^3,3,1,0.0,0.0,0.0,0.0,0.0,0.0,0.0,0.0,925
A_n3,reinforcement,volume_movement_abs,1,0,0.0,0.0,0.0,0.0,0.0,0.0,0.0,0.0,925
A_n3,reinforcement,volume_movement_abs^2,2,0,0.0,0.0,0.0,0.0,0.0,0.0,0.0,0.0,925
A_n3,reinforcement,volume_movement_abs^3,3,0,0.0,0.0,0.0,0.0,0.0,0.0,0.0,0.0,925
A_n3,reinforcement,volume_movement_signed,1,0,0.0,0.0,0.0,0.0,0.0,0.0,0.0,0.0,925
A_n3,reinforcement,volume_movement_signed^2,2,0,0.0,0.0,0.0,0.0,0.0,0.0,0.0,0.0,925
A_n3,reinforcement,volume_movement_signed^3,3,0,0.0,0.0,0.0,0.0,0.0,0.0,0.0,0.0,925
A_n3,reversal_tendency,bias,0,0,0.006,-0.12780787905550753,-5.0,5.0,-1.0674764272013926,1.701454327788301,89.67998853584785,5.388551842675765,925
A_n3,reversal_tendency,directional_volume,1,0,0.0,0.0,0.0,0.0,0.0,0.0,0.0,0.0,925
A_n3,reversal_tendency,directional_volume^2,2,0,0.0,0.0,0.0,0.0,0.0,0.0,0.0,0.0,925
A_n3,reversal_tendency,directional_volume^3,3,0,0.0,0.0,0.0,0.0,0.0,0.0,0.0,0.0,925
A_n3,reversal_tendency,price_acceleration,1,0,0.0,-4.991767380070793,-5.0,5.0,-4.466958945746965,1.6884953254209931,175.0137863339344,10.0,925
A_n3,reversal_tendency,price_acceleration^2,2,0,0.0,-4.99374548132254,-5.0,5.0,-3.592067705783107,3.1469483801226024,25.09297124137101,9.994151228503146,925
A_n3,reversal_tendency,price_acceleration^3,3,0,0.0,-4.993778646624448,-5.0,5.0,-4.4671132980796955,1.6885443168025875,175.00622135340856,10.0,925
A_n3,reversal_tendency,price_displacement,1,0,0.0,-4.98960643862781,-5.0,5.0,-2.5421828161705835,4.039595309225752,135.0463622391485,10.0,925
A_n3,reversal_tendency,price_displacement^2,2,0,0.0,-4.993774044044822,-5.0,5.0,-3.5920686937232755,3.14694777848364,25.09297373504531,9.994152350598451,925
A_n3,reversal_tendency,price_displacement^3,3,0,0.0,-4.993778820625433,-5.0,5.0,-2.5440584698136464,4.04154049356226,135.0326039777132,10.0,925
A_n3,reversal_tendency,price_velocity,1,0,0.0,-4.989017897730165,-5.0,5.0,-2.542136697825826,4.039567333055122,135.04695078004613,10.0,925
A_n3,reversal_tendency,price_velocity^2,2,0,0.0,-4.9937702695749975,-5.0,5.0,-3.5920684332000197,3.1469476622427295,25.092977509515134,9.994152350598451,925
A_n3,reversal_tendency,price_velocity^3,3,0,0.0,-4.993778806275599,-5.0,5.0,-2.5440584688544656,4.041540492980301,135.03260399206303,10.0,925
A_n3,reversal_tendency,price_velocity_x_acceleration,1,1,0.0,0.0,0.0,0.0,0.0,0.0,0.0,0.0,925
A_n3,reversal_tendency,price_velocity_x_acceleration^2,2,1,0.0,0.0,0.0,0.0,0.0,0.0,0.0,0.0,925
A_n3,reversal_tendency,price_velocity_x_acceleration^3,3,1,0.0,0.0,0.0,0.0,0.0,0.0,0.0,0.0,925
A_n3,reversal_tendency,relative_volume,1,0,0.0,0.0,0.0,0.0,0.0,0.0,0.0,0.0,925
A_n3,reversal_tendency,relative_volume^2,2,0,0.0,0.0,0.0,0.0,0.0,0.0,0.0,0.0,925
A_n3,reversal_tendency,relative_volume^3,3,0,0.0,0.0,0.0,0.0,0.0,0.0,0.0,0.0,925
A_n3,reversal_tendency,relative_volume_x_price_velocity,1,1,0.0,0.0,0.0,0.0,0.0,0.0,0.0,0.0,925
A_n3,reversal_tendency,relative_volume_x_price_velocity^2,2,1,0.0,0.0,0.0,0.0,0.0,0.0,0.0,0.0,925
A_n3,reversal_tendency,relative_volume_x_price_velocity^3,3,1,0.0,0.0,0.0,0.0,0.0,0.0,0.0,0.0,925
A_n3,reversal_tendency,spread,1,0,0.00012000000000006138,-4.847799698391886,-5.0,5.0,-3.5265896988769154,3.0984254625883416,26.683646005198497,9.901307255409286,925
A_n3,reversal_tendency,spread^2,2,0,2.4000000000024554e-06,-4.989399452971979,-5.0,5.0,-3.5903253588742734,3.145781077990017,25.133388944058023,9.991562363664006,925
A_n3,reversal_tendency,spread^3,3,0,4.800000000007367e-08,-4.99364744560938,-5.0,5.0,-3.592024638190397,3.146921671197198,25.093924081745204,9.994025889068219,925
A_n3,reversal_tendency,spread_change,1,0,0.0,-4.986966917822487,-5.0,5.0,-1.4316516766839726,4.554306677054071,45.03821734542721,9.993329403584227,925
A_n3,reversal_tendency,spread_change^2,2,0,0.0,-4.986966917822487,-5.0,5.0,-3.590590004217125,3.1462675114534355,25.087355396208253,9.994078464790922,925
A_n3,reversal_tendency,spread_change^3,3,0,0.0,-4.986966917822487,-5.0,5.0,-1.4316516766839726,4.554306677054071,45.03821734542721,9.993329403584227,925
A_n3,reversal_tendency,volume_density,1,0,0.0,0.0,0.0,0.0,0.0,0.0,0.0,0.0,925
A_n3,reversal_tendency,volume_density^2,2,0,0.0,0.0,0.0,0.0,0.0,0.0,0.0,0.0,925
A_n3,reversal_tendency,volume_density^3,3,0,0.0,0.0,0.0,0.0,0.0,0.0,0.0,0.0,925
A_n3,reversal_tendency,volume_density_x_price_displacement,1,1,0.0,0.0,0.0,0.0,0.0,0.0,0.0,0.0,925
A_n3,reversal_tendency,volume_density_x_price_displacement^2,2,1,0.0,0.0,0.0,0.0,0.0,0.0,0.0,0.0,925
A_n3,reversal_tendency,volume_density_x_price_displacement^3,3,1,0.0,0.0,0.0,0.0,0.0,0.0,0.0,0.0,925
A_n3,reversal_tendency,volume_log,1,0,0.0,0.0,0.0,0.0,0.0,0.0,0.0,0.0,925
A_n3,reversal_tendency,volume_log^2,2,0,0.0,0.0,0.0,0.0,0.0,0.0,0.0,0.0,925
A_n3,reversal_tendency,volume_log^3,3,0,0.0,0.0,0.0,0.0,0.0,0.0,0.0,0.0,925
A_n3,reversal_tendency,volume_log_x_price_displacement,1,1,0.0,0.0,0.0,0.0,0.0,0.0,0.0,0.0,925
A_n3,reversal_tendency,volume_log_x_price_displacement^2,2,1,0.0,0.0,0.0,0.0,0.0,0.0,0.0,0.0,925
A_n3,reversal_tendency,volume_log_x_price_displacement^3,3,1,0.0,0.0,0.0,0.0,0.0,0.0,0.0,0.0,925
A_n3,reversal_tendency,volume_movement_abs,1,0,0.0,0.0,0.0,0.0,0.0,0.0,0.0,0.0,925
A_n3,reversal_tendency,volume_movement_abs^2,2,0,0.0,0.0,0.0,0.0,0.0,0.0,0.0,0.0,925
A_n3,reversal_tendency,volume_movement_abs^3,3,0,0.0,0.0,0.0,0.0,0.0,0.0,0.0,0.0,925
A_n3,reversal_tendency,volume_movement_signed,1,0,0.0,0.0,0.0,0.0,0.0,0.0,0.0,0.0,925
A_n3,reversal_tendency,volume_movement_signed^2,2,0,0.0,0.0,0.0,0.0,0.0,0.0,0.0,0.0,925
A_n3,reversal_tendency,volume_movement_signed^3,3,0,0.0,0.0,0.0,0.0,0.0,0.0,0.0,0.0,925
A_n3,strength,bias,0,0,0.0,0.33203768653056515,-5.0,5.0,1.2216038322272738,1.6633461174253301,86.52885550478223,5.3683284148481665,925
A_n3,strength,directional_volume,1,0,0.0,0.0,0.0,0.0,0.0,0.0,0.0,0.0,925
A_n3,strength,directional_volume^2,2,0,0.0,0.0,0.0,0.0,0.0,0.0,0.0,0.0,925
A_n3,strength,directional_volume^3,3,0,0.0,0.0,0.0,0.0,0.0,0.0,0.0,0.0,925
A_n3,strength,price_acceleration,1,0,0.0,4.992412909452645,-5.0,5.0,4.467048435374763,1.6885211777029983,175.0127974224137,10.0,925
A_n3,strength,price_acceleration^2,2,0,0.0,4.99375050230241,-5.0,5.0,3.5920686271777407,3.14694876215345,25.09294624669281,9.99415132448321,925
A_n3,strength,price_acceleration^3,3,0,0.0,4.99377868300272,-5.0,5.0,4.467113308899842,1.6885443201843333,175.00622131702863,10.0,925
A_n3,strength,price_displacement,1,0,0.0,4.989885625763615,-5.0,5.0,2.542383843756791,4.039646169642196,135.04694363269402,10.0,925
A_n3,strength,price_displacement^2,2,0,0.0,4.9937744275334985,-5.0,5.0,3.592069523128943,3.146948014672005,25.09294827448241,9.994152394799595,925
A_n3,strength,price_displacement^3,3,0,0.0,4.993778821171169,-5.0,5.0,2.544058479970356,4.041540499559648,135.0326039792131,10.0,925
A_n3,strength,price_velocity,1,0,0.0,4.989517948891084,-5.0,5.0,2.542350574936114,4.039625986373582,135.04731130956654,10.0,925
A_n3,strength,price_velocity^2,2,0,0.0,4.993771529368437,-5.0,5.0,3.592069314539966,3.1469479216004896,25.09295117264747,9.994152394799595,925
A_n3,strength,price_velocity^3,3,0,0.0,4.9937788097352005,-5.0,5.0,2.5440584791848204,4.0415404990830375,135.03260399064905,10.0,925
A_n3,strength,price_velocity_x_acceleration,1,1,0.0,0.0,0.0,0.0,0.0,0.0,0.0,0.0,925
A_n3,strength,price_velocity_x_acceleration^2,2,1,0.0,0.0,0.0,0.0,0.0,0.0,0.0,0.0,925
A_n3,strength,price_velocity_x_acceleration^3,3,1,0.0,0.0,0.0,0.0,0.0,0.0,0.0,0.0,925
A_n3,strength,relative_volume,1,0,0.0,0.0,0.0,0.0,0.0,0.0,0.0,0.0,925
A_n3,strength,relative_volume^2,2,0,0.0,0.0,0.0,0.0,0.0,0.0,0.0,0.0,925
A_n3,strength,relative_volume^3,3,0,0.0,0.0,0.0,0.0,0.0,0.0,0.0,0.0,925
A_n3,strength,relative_volume_x_price_velocity,1,1,0.0,0.0,0.0,0.0,0.0,0.0,0.0,0.0,925
A_n3,strength,relative_volume_x_price_velocity^2,2,1,0.0,0.0,0.0,0.0,0.0,0.0,0.0,0.0,925
A_n3,strength,relative_volume_x_price_velocity^3,3,1,0.0,0.0,0.0,0.0,0.0,0.0,0.0,0.0,925
A_n3,strength,spread,1,0,0.0,4.853926592616134,-5.0,5.0,3.5304786070425562,3.0988011318531083,26.60247457241194,9.895990653822233,925
A_n3,strength,spread^2,2,0,0.0,4.989583259798706,-5.0,5.0,3.590426643886157,3.1457994897302894,25.131237242139225,9.991456031632264,925
A_n3,strength,spread^3,3,0,0.0,4.993652959814186,-5.0,5.0,3.5920273519972574,3.146922346832951,25.09386560425648,9.994028479817601,925
A_n3,strength,spread_change,1,0,0.0,4.986966917822487,-5.0,5.0,1.4316516766839726,4.554306677054071,45.03821734542721,9.993329403584227,925
A_n3,strength,spread_change^2,2,0,0.0,4.986966917822487,-5.0,5.0,3.590590004217125,3.1462675114534355,25.087355396208253,9.994078464790922,925
A_n3,strength,spread_change^3,3,0,0.0,4.986966917822487,-5.0,5.0,1.4316516766839726,4.554306677054071,45.03821734542721,9.993329403584227,925
A_n3,strength,volume_density,1,0,0.0,0.0,0.0,0.0,0.0,0.0,0.0,0.0,925
A_n3,strength,volume_density^2,2,0,0.0,0.0,0.0,0.0,0.0,0.0,0.0,0.0,925
A_n3,strength,volume_density^3,3,0,0.0,0.0,0.0,0.0,0.0,0.0,0.0,0.0,925
A_n3,strength,volume_density_x_price_displacement,1,1,0.0,0.0,0.0,0.0,0.0,0.0,0.0,0.0,925
A_n3,strength,volume_density_x_price_displacement^2,2,1,0.0,0.0,0.0,0.0,0.0,0.0,0.0,0.0,925
A_n3,strength,volume_density_x_price_displacement^3,3,1,0.0,0.0,0.0,0.0,0.0,0.0,0.0,0.0,925
A_n3,strength,volume_log,1,0,0.0,0.0,0.0,0.0,0.0,0.0,0.0,0.0,925
A_n3,strength,volume_log^2,2,0,0.0,0.0,0.0,0.0,0.0,0.0,0.0,0.0,925
A_n3,strength,volume_log^3,3,0,0.0,0.0,0.0,0.0,0.0,0.0,0.0,0.0,925
A_n3,strength,volume_log_x_price_displacement,1,1,0.0,0.0,0.0,0.0,0.0,0.0,0.0,0.0,925
A_n3,strength,volume_log_x_price_displacement^2,2,1,0.0,0.0,0.0,0.0,0.0,0.0,0.0,0.0,925
A_n3,strength,volume_log_x_price_displacement^3,3,1,0.0,0.0,0.0,0.0,0.0,0.0,0.0,0.0,925
A_n3,strength,volume_movement_abs,1,0,0.0,0.0,0.0,0.0,0.0,0.0,0.0,0.0,925
A_n3,strength,volume_movement_abs^2,2,0,0.0,0.0,0.0,0.0,0.0,0.0,0.0,0.0,925
A_n3,strength,volume_movement_abs^3,3,0,0.0,0.0,0.0,0.0,0.0,0.0,0.0,0.0,925
A_n3,strength,volume_movement_signed,1,0,0.0,0.0,0.0,0.0,0.0,0.0,0.0,0.0,925
A_n3,strength,volume_movement_signed^2,2,0,0.0,0.0,0.0,0.0,0.0,0.0,0.0,0.0,925
A_n3,strength,volume_movement_signed^3,3,0,0.0,0.0,0.0,0.0,0.0,0.0,0.0,0.0,925
A_n3,uncertainty,bias,0,0,0.03,0.6397084587701849,-5.0,5.0,-0.5309426209570103,1.8377467425272458,101.2746008993508,6.119080536636258,925
A_n3,uncertainty,directional_volume,1,0,0.0,0.0,0.0,0.0,0.0,0.0,0.0,0.0,925
A_n3,uncertainty,directional_volume^2,2,0,0.0,0.0,0.0,0.0,0.0,0.0,0.0,0.0,925
A_n3,uncertainty,directional_volume^3,3,0,0.0,0.0,0.0,0.0,0.0,0.0,0.0,0.0,925
A_n3,uncertainty,price_acceleration,1,0,0.0,-4.991918635544772,-5.0,5.0,-4.467003328429385,1.6885082288475324,175.01555887110158,10.0,925
A_n3,uncertainty,price_acceleration^2,2,0,0.0,-4.993743436417854,-5.0,5.0,-3.5920675857722992,3.1469483947105483,25.092970477788107,9.994150894561326,925
A_n3,uncertainty,price_acceleration^3,3,0,0.0,-4.993778643291566,-5.0,5.0,-4.467113303871486,1.6885443186115938,175.00622135693214,10.0,925
A_n3,uncertainty,price_displacement,1,0,0.0,-4.989026806617372,-5.0,5.0,-2.541841011955043,4.039523645786769,135.04564764194433,10.0,925
A_n3,uncertainty,price_displacement^2,2,0,0.0,-4.993773432201816,-5.0,5.0,-3.5920685264300087,3.1469478957341446,25.092973772907143,9.994152188608629,925
A_n3,uncertainty,price_displacement^3,3,0,0.0,-4.993778819873949,-5.0,5.0,-2.5440584740860985,4.0415404963393,135.0326039764664,10.0,925
A_n3,uncertainty,price_velocity,1,0,0.0,-4.988515102239778,-5.0,5.0,-2.5417969944337107,4.039496943492154,135.04615934632193,10.0,925
A_n3,uncertainty,price_velocity^2,2,0,0.0,-4.993769683276258,-5.0,5.0,-3.592068260173201,3.1469477769326133,25.0929775218327,9.994152188608629,925
A_n3,uncertainty,price_velocity^3,3,0,0.0,-4.993778805264157,-5.0,5.0,-2.5440584730911566,4.041540495735639,135.03260399107617,10.0,925
A_n3,uncertainty,price_velocity_x_acceleration,1,1,0.0,0.0,0.0,0.0,0.0,0.0,0.0,0.0,925
A_n3,uncertainty,price_velocity_x_acceleration^2,2,1,0.0,0.0,0.0,0.0,0.0,0.0,0.0,0.0,925
A_n3,uncertainty,price_velocity_x_acceleration^3,3,1,0.0,0.0,0.0,0.0,0.0,0.0,0.0,0.0,925
A_n3,uncertainty,relative_volume,1,0,0.0,0.0,0.0,0.0,0.0,0.0,0.0,0.0,925
A_n3,uncertainty,relative_volume^2,2,0,0.0,0.0,0.0,0.0,0.0,0.0,0.0,0.0,925
A_n3,uncertainty,relative_volume^3,3,0,0.0,0.0,0.0,0.0,0.0,0.0,0.0,0.0,925
A_n3,uncertainty,relative_volume_x_price_velocity,1,1,0.0,0.0,0.0,0.0,0.0,0.0,0.0,0.0,925
A_n3,uncertainty,relative_volume_x_price_velocity^2,2,1,0.0,0.0,0.0,0.0,0.0,0.0,0.0,0.0,925
A_n3,uncertainty,relative_volume_x_price_velocity^3,3,1,0.0,0.0,0.0,0.0,0.0,0.0,0.0,0.0,925
A_n3,uncertainty,spread,1,0,0.0006000000000003069,-4.8247742082571135,-5.0,5.0,-3.5136415463895707,3.097365155729059,26.958153515015017,9.915917829288508,925
A_n3,uncertainty,spread^2,2,0,1.2000000000012277e-05,-4.98870868826794,-5.0,5.0,-3.5900016995831776,3.145729867318051,25.140121083511325,9.991854575141588,925
A_n3,uncertainty,spread^3,3,0,2.4000000000036833e-07,-4.993626722668262,-5.0,5.0,-3.5920162698185734,3.146919800368934,25.094095072496472,9.99400352706854,925
A_n3,uncertainty,spread_change,1,0,0.0,-4.986966917822487,-5.0,5.0,-1.4316516766839726,4.554306677054071,45.03821734542721,9.993329403584227,925
A_n3,uncertainty,spread_change^2,2,0,0.0,-4.986966917822487,-5.0,5.0,-3.590590004217125,3.1462675114534355,25.087355396208253,9.994078464790922,925
A_n3,uncertainty,spread_change^3,3,0,0.0,-4.986966917822487,-5.0,5.0,-1.4316516766839726,4.554306677054071,45.03821734542721,9.993329403584227,925
A_n3,uncertainty,volume_density,1,0,0.0,0.0,0.0,0.0,0.0,0.0,0.0,0.0,925
A_n3,uncertainty,volume_density^2,2,0,0.0,0.0,0.0,0.0,0.0,0.0,0.0,0.0,925
A_n3,uncertainty,volume_density^3,3,0,0.0,0.0,0.0,0.0,0.0,0.0,0.0,0.0,925
A_n3,uncertainty,volume_density_x_price_displacement,1,1,0.0,0.0,0.0,0.0,0.0,0.0,0.0,0.0,925
A_n3,uncertainty,volume_density_x_price_displacement^2,2,1,0.0,0.0,0.0,0.0,0.0,0.0,0.0,0.0,925
A_n3,uncertainty,volume_density_x_price_displacement^3,3,1,0.0,0.0,0.0,0.0,0.0,0.0,0.0,0.0,925
A_n3,uncertainty,volume_log,1,0,0.0,0.0,0.0,0.0,0.0,0.0,0.0,0.0,925
A_n3,uncertainty,volume_log^2,2,0,0.0,0.0,0.0,0.0,0.0,0.0,0.0,0.0,925
A_n3,uncertainty,volume_log^3,3,0,0.0,0.0,0.0,0.0,0.0,0.0,0.0,0.0,925
A_n3,uncertainty,volume_log_x_price_displacement,1,1,0.0,0.0,0.0,0.0,0.0,0.0,0.0,0.0,925
A_n3,uncertainty,volume_log_x_price_displacement^2,2,1,0.0,0.0,0.0,0.0,0.0,0.0,0.0,0.0,925
A_n3,uncertainty,volume_log_x_price_displacement^3,3,1,0.0,0.0,0.0,0.0,0.0,0.0,0.0,0.0,925
A_n3,uncertainty,volume_movement_abs,1,0,0.0,0.0,0.0,0.0,0.0,0.0,0.0,0.0,925
A_n3,uncertainty,volume_movement_abs^2,2,0,0.0,0.0,0.0,0.0,0.0,0.0,0.0,0.0,925
A_n3,uncertainty,volume_movement_abs^3,3,0,0.0,0.0,0.0,0.0,0.0,0.0,0.0,0.0,925
A_n3,uncertainty,volume_movement_signed,1,0,0.0,0.0,0.0,0.0,0.0,0.0,0.0,0.0,925
A_n3,uncertainty,volume_movement_signed^2,2,0,0.0,0.0,0.0,0.0,0.0,0.0,0.0,0.0,925
A_n3,uncertainty,volume_movement_signed^3,3,0,0.0,0.0,0.0,0.0,0.0,0.0,0.0,0.0,925
B_n1,direction_state,bias,0,0,0.0,-5.0,-5.0,5.0,-0.0054008367293699785,4.9945887514605145,9225.008452050666,10.0,925
B_n1,direction_state,directional_volume,1,0,0.0,-5.0,-5.0,5.0,-0.10269958709508546,4.993535696251248,7305.005763874092,10.0,925
B_n1,direction_state,price_acceleration,1,0,0.0,4.185652045499417,-5.0,5.0,0.6494211761901062,3.964353162194682,1386.0790325183395,10.0,925
B_n1,direction_state,price_displacement,1,0,0.0,-0.5442034629445949,-5.0,5.0,0.5011025313808765,3.7551120499798456,3532.9484931313605,10.0,925
B_n1,direction_state,price_velocity,1,0,0.0,4.105926208991535,-5.0,5.0,0.7594335412146737,3.7521390198515094,3538.1320544316754,10.0,925
B_n1,direction_state,price_velocity_x_acceleration,1,1,0.0,0.0,0.0,0.0,0.0,0.0,0.0,0.0,925
B_n1,direction_state,relative_volume,1,0,0.0,-5.0,-5.0,5.0,-0.005400938473264564,4.994588751265366,9225.00826382446,10.0,925
B_n1,direction_state,relative_volume_x_price_velocity,1,1,0.0,0.0,0.0,0.0,0.0,0.0,0.0,0.0,925
B_n1,direction_state,spread,1,0,0.0,-5.0,-5.0,5.0,-0.22264030291563494,4.847006767115274,8679.40022535167,10.0,925
B_n1,direction_state,spread_change,1,0,0.0,-4.986966917822487,-5.0,5.0,-0.4593278775015029,4.7518789686776834,65.01303308217751,9.994078464790922,925
B_n1,direction_state,volume_density,1,0,0.0,-5.0,-5.0,5.0,0.0,4.997296566441997,9235.0,10.0,925
B_n1,direction_state,volume_density_x_price_displacement,1,1,0.0,0.0,0.0,0.0,0.0,0.0,0.0,0.0,925
B_n1,direction_state,volume_log,1,0,0.0,-5.0,-5.0,5.0,-0.005402289797788171,4.994588748855092,9225.005763874093,10.0,925
B_n1,direction_state,volume_log_x_price_displacement,1,1,0.0,0.0,0.0,0.0,0.0,0.0,0.0,0.0,925
B_n1,direction_state,volume_movement_abs,1,0,0.0,-2.0352480733935434,-5.0,5.0,-0.8617649049798279,3.8743967374634516,3939.0727207356663,10.0,925
B_n1,direction_state,volume_movement_signed,1,0,0.0,-2.0352480733935434,-5.0,5.0,0.32129716761818783,3.7922863293422013,3335.263171140722,10.0,925
B_n1,forward_half_life,bias,0,0,1.7999999999999998,5.0,-5.0,5.0,0.0019459459459459428,4.997646635064353,9238.6,10.0,925
B_n1,forward_half_life,directional_volume,1,0,0.0,5.0,-5.0,5.0,0.0972972972972973,4.996349288121439,7315.0,10.0,925
B_n1,forward_half_life,price_acceleration,1,0,0.0,-4.185433409746595,-5.0,5.0,-0.6675525155585783,3.960793430554687,1386.0764897702918,10.0,925
B_n1,forward_half_life,price_displacement,1,0,0.0,0.6054205613724346,-5.0,5.0,-0.5062601436809251,3.7541366882492753,3533.0466364568624,10.0,925
B_n1,forward_half_life,price_velocity,1,0,0.0,-4.099700020124704,-5.0,5.0,-0.764613522078428,3.7502645720857806,3538.3537926948134,10.0,925
B_n1,forward_half_life,price_velocity_x_acceleration,1,1,0.0,0.0,0.0,0.0,0.0,0.0,0.0,0.0,925
B_n1,forward_half_life,relative_volume,1,0,5.0,5.0,-5.0,5.0,0.005405405405405406,4.999997078158386,9245.0,10.0,925
B_n1,forward_half_life,relative_volume_x_price_velocity,1,1,0.0,0.0,0.0,0.0,0.0,0.0,0.0,0.0,925
B_n1,forward_half_life,spread,1,0,0.03600000000001841,5.0,-5.0,5.0,-0.07851153708651583,4.811206633654829,8685.823931126504,10.0,925
B_n1,forward_half_life,spread_change,1,0,0.0,4.986966917822487,-5.0,5.0,0.4593278775015029,4.7518789686776834,65.01303308217751,9.994078464790922,925
B_n1,forward_half_life,volume_density,1,0,5.0,5.0,-5.0,5.0,0.005405405405405406,4.999997078158386,9245.0,10.0,925
B_n1,forward_half_life,volume_density_x_price_displacement,1,1,0.0,0.0,0.0,0.0,0.0,0.0,0.0,0.0,925
B_n1,forward_half_life,volume_log,1,0,5.0,5.0,-5.0,5.0,0.005405405405405406,4.999997078158386,9245.0,10.0,925
B_n1,forward_half_life,volume_log_x_price_displacement,1,1,0.0,0.0,0.0,0.0,0.0,0.0,0.0,0.0,925
B_n1,forward_half_life,volume_movement_abs,1,0,0.0,2.077275245447302,-5.0,5.0,0.8625913983105904,3.8751279331439856,3938.890322094615,10.0,925
B_n1,forward_half_life,volume_movement_signed,1,0,0.0,2.077275245447302,-5.0,5.0,-0.3219912136624997,3.792788735545864,3335.3303083412347,10.0,925
B_n1,magnitude_state,bias,0,0,0.0,-5.0,-5.0,5.0,-0.002094665384570224,4.992291374885217,9218.87521604778,10.0,925
B_n1,magnitude_state,directional_volume,1,0,0.0,-5.0,-5.0,5.0,-0.0987679310307001,4.991108535555528,7305.0000290123,10.0,925
B_n1,magnitude_state,price_acceleration,1,0,0.0,4.1856496234241805,-5.0,5.0,0.6399386943948268,3.966548118391302,1386.0788693005643,10.0,925
B_n1,magnitude_state,price_displacement,1,0,0.0,-0.5443982034632375,-5.0,5.0,0.5050185698492813,3.7543950888936912,3532.8550949572355,10.0,925
B_n1,magnitude_state,price_velocity,1,0,0.0,4.10591444320926,-5.0,5.0,0.763346935141635,3.751149975490611,3538.039271222499,10.0,925
B_n1,magnitude_state,price_velocity_x_acceleration,1,1,0.0,0.0,0.0,0.0,0.0,0.0,0.0,0.0,925
B_n1,magnitude_state,relative_volume,1,0,0.0,-5.0,-5.0,5.0,-0.0021322778633456026,4.992306087793962,9218.944797238652,10.0,925
B_n1,magnitude_state,relative_volume_x_price_velocity,1,1,0.0,0.0,0.0,0.0,0.0,0.0,0.0,0.0,925
B_n1,magnitude_state,spread,1,0,0.0,-5.0,-5.0,5.0,0.1562045947147525,4.825340110617994,8679.38170782261,10.0,925
B_n1,magnitude_state,spread_change,1,0,0.0,-4.986966917822487,-5.0,5.0,-0.4593278775015029,4.7518789686776834,65.01303308217751,9.994078464790922,925
B_n1,magnitude_state,volume_density,1,0,0.0,-5.0,-5.0,5.0,-0.00535927248837787,4.994588991375759,9225.085345896501,10.0,925
B_n1,magnitude_state,volume_density_x_price_displacement,1,1,0.0,0.0,0.0,0.0,0.0,0.0,0.0,0.0,925
B_n1,magnitude_state,volume_log,1,0,0.0,-5.0,-5.0,5.0,-0.0014706337334028045,4.992085471537096,9217.720730431396,10.0,925
B_n1,magnitude_state,volume_log_x_price_displacement,1,1,0.0,0.0,0.0,0.0,0.0,0.0,0.0,0.0,925
B_n1,magnitude_state,volume_movement_abs,1,0,0.0,-2.0353807296498383,-5.0,5.0,-0.859024989079987,3.8749062530715546,3939.0712835890718,10.0,925
B_n1,magnitude_state,volume_movement_signed,1,0,0.0,-2.0353807296498383,-5.0,5.0,0.3240356465973202,3.791946359517428,3335.1976063495927,10.0,925
B_n1,observation_half_life,bias,0,0,1.7999999999999998,5.0,-5.0,5.0,0.0019459459459459428,4.997646635064353,9238.6,10.0,925
B_n1,observation_half_life,directional_volume,1,0,0.0,5.0,-5.0,5.0,0.0972972972972973,4.996349288121439,7315.0,10.0,925
B_n1,observation_half_life,price_acceleration,1,0,0.0,-4.185433409746595,-5.0,5.0,-0.6675525155585783,3.960793430554687,1386.0764897702918,10.0,925
B_n1,observation_half_life,price_displacement,1,0,0.0,0.6054205613724346,-5.0,5.0,-0.5062601436809251,3.7541366882492753,3533.0466364568624,10.0,925
B_n1,observation_half_life,price_velocity,1,0,0.0,-4.099700020124704,-5.0,5.0,-0.764613522078428,3.7502645720857806,3538.3537926948134,10.0,925
B_n1,observation_half_life,price_velocity_x_acceleration,1,1,0.0,0.0,0.0,0.0,0.0,0.0,0.0,0.0,925
B_n1,observation_half_life,relative_volume,1,0,5.0,5.0,-5.0,5.0,0.005405405405405406,4.999997078158386,9245.0,10.0,925
B_n1,observation_half_life,relative_volume_x_price_velocity,1,1,0.0,0.0,0.0,0.0,0.0,0.0,0.0,0.0,925
B_n1,observation_half_life,spread,1,0,0.03600000000001841,5.0,-5.0,5.0,-0.07851153708651583,4.811206633654829,8685.823931126504,10.0,925
B_n1,observation_half_life,spread_change,1,0,0.0,4.986966917822487,-5.0,5.0,0.4593278775015029,4.7518789686776834,65.01303308217751,9.994078464790922,925
B_n1,observation_half_life,volume_density,1,0,5.0,5.0,-5.0,5.0,0.005405405405405406,4.999997078158386,9245.0,10.0,925
B_n1,observation_half_life,volume_density_x_price_displacement,1,1,0.0,0.0,0.0,0.0,0.0,0.0,0.0,0.0,925
B_n1,observation_half_life,volume_log,1,0,5.0,5.0,-5.0,5.0,0.005405405405405406,4.999997078158386,9245.0,10.0,925
B_n1,observation_half_life,volume_log_x_price_displacement,1,1,0.0,0.0,0.0,0.0,0.0,0.0,0.0,0.0,925
B_n1,observation_half_life,volume_movement_abs,1,0,0.0,2.077275245447302,-5.0,5.0,0.8625913983105904,3.8751279331439856,3938.890322094615,10.0,925
B_n1,observation_half_life,volume_movement_signed,1,0,0.0,2.077275245447302,-5.0,5.0,-0.3219912136624997,3.792788735545864,3335.3303083412347,10.0,925
B_n1,persistence,bias,0,0,0.006,5.0,-5.0,5.0,6.486486486486732e-06,4.997296570331784,9235.012,10.0,925
B_n1,persistence,directional_volume,1,0,0.0,5.0,-5.0,5.0,0.0972972972972973,4.996349288121439,7315.0,10.0,925
B_n1,persistence,price_acceleration,1,0,0.0,-4.185648889381129,-5.0,5.0,-0.6676530927827171,3.960821911429138,1386.0794430068934,10.0,925
B_n1,persistence,price_displacement,1,0,0.0,0.5446028077005409,-5.0,5.0,-0.5192113813627331,3.7522111501894613,3532.9501982519323,10.0,925
B_n1,persistence,price_velocity,1,0,0.0,-4.1058936375798485,-5.0,5.0,-0.7775398317271026,3.747984226341166,3538.1347868500607,10.0,925
B_n1,persistence,price_velocity_x_acceleration,1,1,0.0,0.0,0.0,0.0,0.0,0.0,0.0,0.0,925
B_n1,persistence,relative_volume,1,0,5.0,5.0,-5.0,5.0,0.005405405405405406,4.999997078158386,9245.0,10.0,925
B_n1,persistence,relative_volume_x_price_velocity,1,1,0.0,0.0,0.0,0.0,0.0,0.0,0.0,0.0,925
B_n1,persistence,spread,1,0,0.00012000000000006138,5.0,-5.0,5.0,-0.20257751218682388,4.844890973415723,8689.376066544051,10.0,925
B_n1,persistence,spread_change,1,0,0.0,4.986966917822487,-5.0,5.0,0.4593278775015029,4.7518789686776834,65.01303308217751,9.994078464790922,925
B_n1,persistence,volume_density,1,0,5.0,5.0,-5.0,5.0,0.005405405405405406,4.999997078158386,9245.0,10.0,925
B_n1,persistence,volume_density_x_price_displacement,1,1,0.0,0.0,0.0,0.0,0.0,0.0,0.0,0.0,925
B_n1,persistence,volume_log,1,0,0.04153790461336511,5.0,-5.0,5.0,4.490584282525806e-05,4.997296752870602,9235.083075809227,10.0,925
B_n1,persistence,volume_log_x_price_displacement,1,1,0.0,0.0,0.0,0.0,0.0,0.0,0.0,0.0,925
B_n1,persistence,volume_movement_abs,1,0,0.0,2.035521198761687,-5.0,5.0,0.8494373820002818,3.8768685312154605,3939.3607599269835,10.0,925
B_n1,persistence,volume_movement_signed,1,0,0.0,2.035521198761687,-5.0,5.0,-0.3336247536067913,3.79094878565983,3335.264364708039,10.0,925
B_n1,perturbation_state,bias,0,0,0.012,5.0,-5.0,5.0,1.2972972972973464e-05,4.997296582001148,9235.024,10.0,925
B_n1,perturbation_state,directional_volume,1,0,0.0,5.0,-5.0,5.0,0.0972972972972973,4.996349288121439,7315.0,10.0,925
B_n1,perturbation_state,price_acceleration,1,0,0.0,-4.185648889383451,-5.0,5.0,-0.6676514188781288,3.9608221775507686,1386.079444289776,10.0,925
B_n1,perturbation_state,price_displacement,1,0,0.0,0.5446956886226666,-5.0,5.0,-0.5191899271954722,3.7522134989867224,3532.950199761964,10.0,925
B_n1,perturbation_state,price_velocity,1,0,0.0,-4.1058936375959645,-5.0,5.0,-0.7775152630377752,3.747986966594772,3538.1352250035006,10.0,925
B_n1,perturbation_state,price_velocity_x_acceleration,1,1,0.0,0.0,0.0,0.0,0.0,0.0,0.0,0.0,925
B_n1,perturbation_state,relative_volume,1,0,5.0,5.0,-5.0,5.0,0.005405405405405406,4.999997078158386,9245.0,10.0,925
B_n1,perturbation_state,relative_volume_x_price_velocity,1,1,0.0,0.0,0.0,0.0,0.0,0.0,0.0,0.0,925
B_n1,perturbation_state,spread,1,0,0.00024000000000012276,5.0,-5.0,5.0,-0.2029596982321233,4.845059506570021,8689.38685690538,10.0,925
B_n1,perturbation_state,spread_change,1,0,0.0,4.986966917822487,-5.0,5.0,0.4593278775015029,4.7518789686776834,65.01303308217751,9.994078464790922,925
B_n1,perturbation_state,volume_density,1,0,5.0,5.0,-5.0,5.0,0.005405405405405406,4.999997078158386,9245.0,10.0,925
B_n1,perturbation_state,volume_density_x_price_displacement,1,1,0.0,0.0,0.0,0.0,0.0,0.0,0.0,0.0,925
B_n1,perturbation_state,volume_log,1,0,0.08307580922673022,5.0,-5.0,5.0,8.981168565051612e-05,4.997297312156372,9235.166151618454,10.0,925
B_n1,perturbation_state,volume_log_x_price_displacement,1,1,0.0,0.0,0.0,0.0,0.0,0.0,0.0,0.0,925
B_n1,perturbation_state,volume_movement_abs,1,0,0.0,2.0355837981140823,-5.0,5.0,0.8494597335088809,3.8768640275896464,3939.359817478968,10.0,925
B_n1,perturbation_state,volume_movement_signed,1,0,0.0,2.0355837981140823,-5.0,5.0,-0.33360251851687417,3.7909517321896384,3335.26437450659,10.0,925
B_n1,reinforcement,bias,0,0,-0.0020999999999999994,-5.0,-5.0,5.0,-2.27027027026882e-06,4.997296566918496,9235.0042,10.0,925
B_n1,reinforcement,directional_volume,1,0,0.0,-5.0,-5.0,5.0,-0.0972972972972973,4.996349288121439,7315.0,10.0,925
B_n1,reinforcement,price_acceleration,1,0,0.0,4.1856441803999145,-5.0,5.0,0.6676476254247813,3.9608238994271496,1386.0798642012144,10.0,925
B_n1,reinforcement,price_displacement,1,0,0.0,-0.5443253919885088,-5.0,5.0,0.5192634565011276,3.7522040598733946,3532.951081731103,10.0,925
B_n1,reinforcement,price_velocity,1,0,0.0,4.10591254879991,-5.0,5.0,0.777591896690893,3.747976118561518,3538.135059106864,10.0,925
B_n1,reinforcement,price_velocity_x_acceleration,1,1,0.0,0.0,0.0,0.0,0.0,0.0,0.0,0.0,925
B_n1,reinforcement,relative_volume,1,0,-2.130125282584569,-5.0,-5.0,5.0,-0.002302838143334673,4.997786810545271,9239.260250565168,10.0,925
B_n1,reinforcement,relative_volume_x_price_velocity,1,1,0.0,0.0,0.0,0.0,0.0,0.0,0.0,0.0,925
B_n1,reinforcement,spread,1,0,-4.200000000002147e-05,-5.0,-5.0,5.0,0.20299833811831372,4.845079130155455,8689.388242016248,10.0,925
B_n1,reinforcement,spread_change,1,0,0.0,-4.986966917822487,-5.0,5.0,-0.4593278775015029,4.7518789686776834,65.01303308217751,9.994078464790922,925
B_n1,reinforcement,volume_density,1,0,-5.0,-5.0,-5.0,5.0,-0.005405405405405406,4.999997078158386,9245.0,10.0,925
B_n1,reinforcement,volume_density_x_price_displacement,1,1,0.0,0.0,0.0,0.0,0.0,0.0,0.0,0.0,925
B_n1,reinforcement,volume_log,1,0,-0.014538266614677782,-5.0,-5.0,5.0,-1.5717044988841857e-05,4.997296589279502,9235.02907653323,10.0,925
B_n1,reinforcement,volume_log_x_price_displacement,1,1,0.0,0.0,0.0,0.0,0.0,0.0,0.0,0.0,925
B_n1,reinforcement,volume_movement_abs,1,0,0.0,-2.035331355083385,-5.0,5.0,-0.849381812252125,3.8768765204207973,3939.3636945722546,10.0,925
B_n1,reinforcement,volume_movement_signed,1,0,0.0,-2.035331355083385,-5.0,5.0,0.3336742147148269,3.7909411390594974,3335.2649938406958,10.0,925
B_n1,reversal_tendency,bias,0,0,0.006,5.0,-5.0,5.0,6.486486486486732e-06,4.997296570331784,9235.012,10.0,925
B_n1,reversal_tendency,directional_volume,1,0,0.0,5.0,-5.0,5.0,0.0972972972972973,4.996349288121439,7315.0,10.0,925
B_n1,reversal_tendency,price_acceleration,1,0,0.0,-4.185648411160836,-5.0,5.0,-0.6676516452463211,3.9608223250286096,1386.0795461966072,10.0,925
B_n1,reversal_tendency,price_displacement,1,0,0.0,0.5445661006379741,-5.0,5.0,-0.5192155225971825,3.752210404794373,3532.950334215351,10.0,925
B_n1,reversal_tendency,price_velocity,1,0,0.0,-4.10590128535869,-5.0,5.0,-0.7775417596495191,3.747983391427248,3538.1350328774874,10.0,925
B_n1,reversal_tendency,price_velocity_x_acceleration,1,1,0.0,0.0,0.0,0.0,0.0,0.0,0.0,0.0,925
B_n1,reversal_tendency,relative_volume,1,0,5.0,5.0,-5.0,5.0,0.005405405405405406,4.999997078158386,9245.0,10.0,925
B_n1,reversal_tendency,relative_volume_x_price_velocity,1,1,0.0,0.0,0.0,0.0,0.0,0.0,0.0,0.0,925
B_n1,reversal_tendency,spread,1,0,0.00012000000000006138,5.0,-5.0,5.0,-0.2029551149382887,4.845057657294779,8689.386977197695,10.0,925
B_n1,reversal_tendency,spread_change,1,0,0.0,4.986966917822487,-5.0,5.0,0.4593278775015029,4.7518789686776834,65.01303308217751,9.994078464790922,925
B_n1,reversal_tendency,volume_density,1,0,5.0,5.0,-5.0,5.0,0.005405405405405406,4.999997078158386,9245.0,10.0,925
B_n1,reversal_tendency,volume_density_x_price_displacement,1,1,0.0,0.0,0.0,0.0,0.0,0.0,0.0,0.0,925
B_n1,reversal_tendency,volume_log,1,0,0.04153790461336511,5.0,-5.0,5.0,4.490584282525806e-05,4.997296752870602,9235.083075809227,10.0,925
B_n1,reversal_tendency,volume_log_x_price_displacement,1,1,0.0,0.0,0.0,0.0,0.0,0.0,0.0,0.0,925
B_n1,reversal_tendency,volume_movement_abs,1,0,0.0,2.035495393402222,-5.0,5.0,0.849433120986402,3.876868442241783,3939.3610161957617,10.0,925
B_n1,reversal_tendency,volume_movement_signed,1,0,0.0,2.035495393402222,-5.0,5.0,-0.3336270851513837,3.790948210347114,3335.2644688642717,10.0,925
B_n1,strength,bias,0,0,0.012,5.0,-5.0,5.0,1.2972972972973464e-05,4.997296582001148,9235.024,10.0,925
B_n1,strength,directional_volume,1,0,0.0,5.0,-5.0,5.0,0.0972972972972973,4.996349288121439,7315.0,10.0,925
B_n1,strength,price_acceleration,1,0,0.0,-4.185647747888931,-5.0,5.0,-0.6676499670721562,3.960822017254485,1386.0795162096344,10.0,925
B_n1,strength,price_displacement,1,0,0.0,0.5447962596600999,-5.0,5.0,-0.5191620742949035,3.7522180711396884,3532.9504525072416,10.0,925
B_n1,strength,price_velocity,1,0,0.0,-4.1058793322869604,-5.0,5.0,-0.7774889445622526,3.7479927825818384,3538.135569173006,10.0,925
B_n1,strength,price_velocity_x_acceleration,1,1,0.0,0.0,0.0,0.0,0.0,0.0,0.0,0.0,925
B_n1,strength,relative_volume,1,0,5.0,5.0,-5.0,5.0,0.005405405405405406,4.999997078158386,9245.0,10.0,925
B_n1,strength,relative_volume_x_price_velocity,1,1,0.0,0.0,0.0,0.0,0.0,0.0,0.0,0.0,925
B_n1,strength,spread,1,0,0.00024000000000012276,5.0,-5.0,5.0,-0.2023270169215999,4.844781607380163,8689.369134764147,10.0,925
B_n1,strength,spread_change,1,0,0.0,4.986966917822487,-5.0,5.0,0.4593278775015029,4.7518789686776834,65.01303308217751,9.994078464790922,925
B_n1,strength,volume_density,1,0,5.0,5.0,-5.0,5.0,0.005405405405405406,4.999997078158386,9245.0,10.0,925
B_n1,strength,volume_density_x_price_displacement,1,1,0.0,0.0,0.0,0.0,0.0,0.0,0.0,0.0,925
B_n1,strength,volume_log,1,0,0.08307580922673022,5.0,-5.0,5.0,8.981168565051612e-05,4.997297312156372,9235.166151618454,10.0,925
B_n1,strength,volume_log_x_price_displacement,1,1,0.0,0.0,0.0,0.0,0.0,0.0,0.0,0.0,925
B_n1,strength,volume_movement_abs,1,0,0.0,2.0356540135197463,-5.0,5.0,0.8494866928610997,3.8768613526020803,3939.358998731349,10.0,925
B_n1,strength,volume_movement_signed,1,0,0.0,2.0356540135197463,-5.0,5.0,-0.33357963824844145,3.790955469515142,3335.2645470266884,10.0,925
B_n1,uncertainty,bias,0,0,0.020999999999999998,5.0,-5.0,5.0,2.2702702702703562e-05,4.997296614091895,9235.042,10.0,925
B_n1,uncertainty,directional_volume,1,0,0.0,5.0,-5.0,5.0,0.0972972972972973,4.996349288121439,7315.0,10.0,925
B_n1,uncertainty,price_acceleration,1,0,0.0,-4.185647688703966,-5.0,5.0,-0.6676548072024112,3.960821544979637,1386.0793380285154,10.0,925
B_n1,uncertainty,price_displacement,1,0,0.0,0.5450936385114256,-5.0,5.0,-0.5191148886583771,3.752224662839157,3532.9509926255173,10.0,925
B_n1,uncertainty,price_velocity,1,0,0.0,-4.105840620947907,-5.0,5.0,-0.7774444114461323,3.748000039652414,3538.1364945738164,10.0,925
B_n1,uncertainty,price_velocity_x_acceleration,1,1,0.0,0.0,0.0,0.0,0.0,0.0,0.0,0.0,925
B_n1,uncertainty,relative_volume,1,0,5.0,5.0,-5.0,5.0,0.005405405405405406,4.999997078158386,9245.0,10.0,925
B_n1,uncertainty,relative_volume_x_price_velocity,1,1,0.0,0.0,0.0,0.0,0.0,0.0,0.0,0.0,925
B_n1,uncertainty,spread,1,0,0.0004200000000002148,5.0,-5.0,5.0,-0.2015582010557579,4.844443853620635,8689.347120334822,10.0,925
B_n1,uncertainty,spread_change,1,0,0.0,4.986966917822487,-5.0,5.0,0.4593278775015029,4.7518789686776834,65.01303308217751,9.994078464790922,925
B_n1,uncertainty,volume_density,1,0,5.0,5.0,-5.0,5.0,0.005405405405405406,4.999997078158386,9245.0,10.0,925
B_n1,uncertainty,volume_density_x_price_displacement,1,1,0.0,0.0,0.0,0.0,0.0,0.0,0.0,0.0,925
B_n1,uncertainty,volume_log,1,0,0.14538266614677786,5.0,-5.0,5.0,0.00015717044988841858,4.997298850191918,9235.290765332293,10.0,925
B_n1,uncertainty,volume_log_x_price_displacement,1,1,0.0,0.0,0.0,0.0,0.0,0.0,0.0,0.0,925
B_n1,uncertainty,volume_movement_abs,1,0,0.0,2.0358578821752644,-5.0,5.0,0.849536568965818,3.87685491585675,3939.357173664715,10.0,925
B_n1,uncertainty,volume_movement_signed,1,0,0.0,2.0358578821752644,-5.0,5.0,-0.3335379271608039,3.7909620362141894,3335.2649016224323,10.0,925
B_n2,direction_state,bias,0,0,0.0,-5.0,-5.0,5.0,-0.0054008367293699785,4.9945887514605145,9225.008452050666,10.0,925
B_n2,direction_state,directional_volume,1,0,0.0,-5.0,-5.0,5.0,-0.10269958709508546,4.993535696251248,7305.005763874092,10.0,925
B_n2,direction_state,directional_volume^2,2,0,0.0,-5.0,-5.0,5.0,-0.00540328071747627,4.994588747302341,9225.003930672669,10.0,925
B_n2,direction_state,price_acceleration,1,0,0.0,-5.0,-5.0,5.0,-0.00193985216107575,4.982720049568786,3001.9465102614017,10.0,925
B_n2,direction_state,price_acceleration^2,2,0,0.0,3.465632242605597,-5.0,5.0,0.038538332516815814,4.273592727194068,4892.709493124524,10.0,925
B_n2,direction_state,price_displacement,1,0,0.0,-5.0,-5.0,5.0,-0.09845214509040605,4.9876140967082145,7295.6325473133875,10.0,925
B_n2,direction_state,price_displacement^2,2,0,0.0,-4.894094451612419,-5.0,5.0,-0.41985536397194173,4.366143427441427,5843.809670799813,10.0,925
B_n2,direction_state,price_velocity,1,0,0.0,-5.0,-5.0,5.0,-0.09845214509040605,4.9876140967082145,7295.6325473133875,10.0,925
B_n2,direction_state,price_velocity^2,2,0,0.0,1.8031875791546619,-5.0,5.0,-0.29916449395108197,4.367562218778869,5771.347942869581,10.0,925
B_n2,direction_state,price_velocity_x_acceleration,1,1,0.0,0.0,0.0,0.0,0.0,0.0,0.0,0.0,925
B_n2,direction_state,price_velocity_x_acceleration^2,2,1,0.0,0.0,0.0,0.0,0.0,0.0,0.0,0.0,925
B_n2,direction_state,relative_volume,1,0,0.0,-5.0,-5.0,5.0,-0.005400938473264564,4.994588751265366,9225.00826382446,10.0,925
B_n2,direction_state,relative_volume^2,2,0,0.0,-5.0,-5.0,5.0,-0.005401037951334201,4.994588751076414,9225.008079790032,10.0,925
B_n2,direction_state,relative_volume_x_price_velocity,1,1,0.0,0.0,0.0,0.0,0.0,0.0,0.0,0.0,925
B_n2,direction_state,relative_volume_x_price_velocity^2,2,1,0.0,0.0,0.0,0.0,0.0,0.0,0.0,0.0,925
B_n2,direction_state,spread,1,0,0.0,-5.0,-5.0,5.0,-0.005405314031884706,4.99458874468498,9225.000169041014,10.0,925
B_n2,direction_state,spread^2,2,0,0.0,-5.0,-5.0,5.0,-0.005405403577934995,4.994588744587297,9225.000003380821,10.0,925
B_n2,direction_state,spread_change,1,0,0.0,-4.986966917822487,-5.0,5.0,-0.4593278775015029,4.7518789686776834,65.01303308217751,9.994078464790922,925
B_n2,direction_state,spread_change^2,2,0,0.0,-4.986966917822487,-5.0,0.0,-4.562913803399595,1.4039777258762944,5.112539659457957,5.0,925
B_n2,direction_state,volume_density,1,0,0.0,-5.0,-5.0,5.0,0.0,4.997296566441997,9235.0,10.0,925
B_n2,direction_state,volume_density^2,2,0,0.0,-5.0,-5.0,5.0,0.0,4.997296566441997,9235.0,10.0,925
B_n2,direction_state,volume_density_x_price_displacement,1,1,0.0,0.0,0.0,0.0,0.0,0.0,0.0,0.0,925
B_n2,direction_state,volume_density_x_price_displacement^2,2,1,0.0,0.0,0.0,0.0,0.0,0.0,0.0,0.0,925
B_n2,direction_state,volume_log,1,0,0.0,-5.0,-5.0,5.0,-0.005402289797788171,4.994588748855092,9225.005763874093,10.0,925
B_n2,direction_state,volume_log^2,2,0,0.0,-5.0,-5.0,5.0,-0.00540328071747627,4.994588747302341,9225.003930672669,10.0,925
B_n2,direction_state,volume_log_x_price_displacement,1,1,0.0,0.0,0.0,0.0,0.0,0.0,0.0,0.0,925
B_n2,direction_state,volume_log_x_price_displacement^2,2,1,0.0,0.0,0.0,0.0,0.0,0.0,0.0,0.0,925
B_n2,direction_state,volume_movement_abs,1,0,0.0,-5.0,-5.0,5.0,-0.012419934462458686,4.977787121191203,9135.725013094312,10.0,925
B_n2,direction_state,volume_movement_abs^2,2,0,0.0,0.5317436265748128,-5.0,5.0,-0.28500919194119234,4.3114240144661755,5355.319096017332,10.0,925
B_n2,direction_state,volume_movement_signed,1,0,0.0,-5.0,-5.0,5.0,-0.09580230927736191,4.98668800032036,7292.895585234973,10.0,925
B_n2,direction_state,volume_movement_signed^2,2,0,0.0,0.5317436265748128,-5.0,5.0,-0.28500919194119234,4.3114240144661755,5355.319096017332,10.0,925
B_n2,forward_half_life,bias,0,0,1.7999999999999998,5.0,-5.0,5.0,0.0019459459459459428,4.997646635064353,9238.6,10.0,925
B_n2,forward_half_life,directional_volume,1,0,0.0,5.0,-5.0,5.0,0.0972972972972973,4.996349288121439,7315.0,10.0,925
B_n2,forward_half_life,directional_volume^2,2,0,0.0,5.0,-5.0,5.0,0.0,4.997296566441997,9235.0,10.0,925
B_n2,forward_half_life,price_acceleration,1,0,0.0,5.0,-5.0,5.0,-0.003465748384396094,4.985430466584627,3001.9465904774665,10.0,925
B_n2,forward_half_life,price_acceleration^2,2,0,0.0,-3.465628609364885,-5.0,5.0,-0.0644533097733679,4.2720328325873815,4893.316413183978,10.0,925
B_n2,forward_half_life,price_displacement,1,0,0.0,5.0,-5.0,5.0,0.09304669988391631,4.990426410566065,7305.632416839017,10.0,925
B_n2,forward_half_life,price_displacement^2,2,0,0.0,4.894111524121873,-5.0,5.0,0.393939596375754,4.368490991611289,5844.416500270285,10.0,925
B_n2,forward_half_life,price_velocity,1,0,0.0,5.0,-5.0,5.0,0.09304669988391631,4.990426410566065,7305.632416839017,10.0,925
B_n2,forward_half_life,price_velocity^2,2,0,0.0,-1.8031839960038614,-5.0,5.0,0.2732486173780499,4.369193117336516,5771.954763340259,10.0,925
B_n2,forward_half_life,price_velocity_x_acceleration,1,1,0.0,0.0,0.0,0.0,0.0,0.0,0.0,0.0,925
B_n2,forward_half_life,price_velocity_x_acceleration^2,2,1,0.0,0.0,0.0,0.0,0.0,0.0,0.0,0.0,925
B_n2,forward_half_life,relative_volume,1,0,5.0,5.0,-5.0,5.0,0.005405405405405406,4.999997078158386,9245.0,10.0,925
B_n2,forward_half_life,relative_volume^2,2,0,5.0,5.0,-5.0,5.0,0.005405405405405406,4.999997078158386,9245.0,10.0,925
B_n2,forward_half_life,relative_volume_x_price_velocity,1,1,0.0,0.0,0.0,0.0,0.0,0.0,0.0,0.0,925
B_n2,forward_half_life,relative_volume_x_price_velocity^2,2,1,0.0,0.0,0.0,0.0,0.0,0.0,0.0,0.0,925
B_n2,forward_half_life,spread,1,0,0.03600000000001841,5.0,-5.0,5.0,3.891891891893576e-05,4.997296706474349,9235.072,10.0,925
B_n2,forward_half_life,spread^2,2,0,0.0007200000000007365,5.0,-5.0,5.0,7.783783783796369e-07,4.99729656649801,9235.00144,10.0,925
B_n2,forward_half_life,spread_change,1,0,0.0,4.986966917822487,-5.0,5.0,0.4593278775015029,4.7518789686776834,65.01303308217751,9.994078464790922,925
B_n2,forward_half_life,spread_change^2,2,0,0.0,4.986966917822487,0.0,5.0,4.562913803399595,1.4039777258762944,5.112539659457957,5.0,925
B_n2,forward_half_life,volume_density,1,0,5.0,5.0,-5.0,5.0,0.005405405405405406,4.999997078158386,9245.0,10.0,925
B_n2,forward_half_life,volume_density^2,2,0,5.0,5.0,-5.0,5.0,0.005405405405405406,4.999997078158386,9245.0,10.0,925
B_n2,forward_half_life,volume_density_x_price_displacement,1,1,0.0,0.0,0.0,0.0,0.0,0.0,0.0,0.0,925
B_n2,forward_half_life,volume_density_x_price_displacement^2,2,1,0.0,0.0,0.0,0.0,0.0,0.0,0.0,0.0,925
B_n2,forward_half_life,volume_log,1,0,5.0,5.0,-5.0,5.0,0.005405405405405406,4.999997078158386,9245.0,10.0,925
B_n2,forward_half_life,volume_log^2,2,0,5.0,5.0,-5.0,5.0,0.005405405405405406,4.999997078158386,9245.0,10.0,925
B_n2,forward_half_life,volume_log_x_price_displacement,1,1,0.0,0.0,0.0,0.0,0.0,0.0,0.0,0.0,925
B_n2,forward_half_life,volume_log_x_price_displacement^2,2,1,0.0,0.0,0.0,0.0,0.0,0.0,0.0,0.0,925
B_n2,forward_half_life,volume_movement_abs,1,0,0.0,5.0,-5.0,5.0,0.007014782567048829,4.98051170419182,9145.724876385539,10.0,925
B_n2,forward_half_life,volume_movement_abs^2,2,0,0.0,-0.5317356507955004,-5.0,5.0,0.2729572817188842,4.312104190843795,5355.601275031136,10.0,925
B_n2,forward_half_life,volume_movement_signed,1,0,0.0,5.0,-5.0,5.0,0.09039688481050809,4.9894980494331005,7302.895488710317,10.0,925
B_n2,forward_half_life,volume_movement_signed^2,2,0,0.0,-0.5317356507955004,-5.0,5.0,0.2729572817188842,4.312104190843795,5355.601275031136,10.0,925
B_n2,magnitude_state,bias,0,0,0.0,-5.0,-5.0,5.0,-0.005405382409101585,4.9945887446102555,9225.000042543163,10.0,925
B_n2,magnitude_state,directional_volume,1,0,0.0,-5.0,-5.0,5.0,-0.10270268702037838,4.993535631596611,7305.0000290123,10.0,925
B_n2,magnitude_state,directional_volume^2,2,0,0.0,-5.0,-5.0,5.0,-0.005405394710847786,4.9945887445969035,9225.000019784931,10.0,925
B_n2,magnitude_state,price_acceleration,1,0,0.0,-5.0,-5.0,5.0,-0.0019398554070746772,4.982720049543873,3001.946510236776,10.0,925
B_n2,magnitude_state,price_acceleration^2,2,0,0.0,3.46563223622633,-5.0,5.0,0.03854306632084372,4.273592283312019,4892.70949308547,10.0,925
B_n2,magnitude_state,price_displacement,1,0,0.0,-5.0,-5.0,5.0,-0.09845214833974594,4.9876140966573255,7295.632541336331,10.0,925
B_n2,magnitude_state,price_displacement^2,2,0,0.0,-4.894094485831348,-5.0,5.0,-0.41985453146023044,4.3661434761667435,5843.809671299411,10.0,925
B_n2,magnitude_state,price_velocity,1,0,0.0,-5.0,-5.0,5.0,-0.09845214833974594,4.9876140966573255,7295.632541336331,10.0,925
B_n2,magnitude_state,price_velocity^2,2,0,0.0,1.8031875719036896,-5.0,5.0,-0.2991636612257422,4.3675622443122535,5771.347943357172,10.0,925
B_n2,magnitude_state,price_velocity_x_acceleration,1,1,0.0,0.0,0.0,0.0,0.0,0.0,0.0,0.0,925
B_n2,magnitude_state,price_velocity_x_acceleration^2,2,1,0.0,0.0,0.0,0.0,0.0,0.0,0.0,0.0,925
B_n2,magnitude_state,relative_volume,1,0,0.0,-5.0,-5.0,5.0,-0.0054053829212266525,4.9945887446096995,9225.000041595731,10.0,925
B_n2,magnitude_state,relative_volume^2,2,0,0.0,-5.0,-5.0,5.0,-0.005405383421946748,4.994588744609154,9225.000040669398,10.0,925
B_n2,magnitude_state,relative_volume_x_price_velocity,1,1,0.0,0.0,0.0,0.0,0.0,0.0,0.0,0.0,925
B_n2,magnitude_state,relative_volume_x_price_velocity^2,2,1,0.0,0.0,0.0,0.0,0.0,0.0,0.0,0.0,925
B_n2,magnitude_state,spread,1,0,0.0,-5.0,-5.0,5.0,-0.005405404945479328,4.994588744585816,9225.000000850863,10.0,925
B_n2,magnitude_state,spread^2,2,0,0.0,-5.0,-5.0,5.0,-0.00540540539620688,4.994588744585328,9225.000000017017,10.0,925
B_n2,magnitude_state,spread_change,1,0,0.0,-4.986966917822487,-5.0,5.0,-0.4593278775015029,4.7518789686776834,65.01303308217751,9.994078464790922,925
B_n2,magnitude_state,spread_change^2,2,0,0.0,-4.986966917822487,-5.0,0.0,-4.562913803399595,1.4039777258762944,5.112539659457957,5.0,925
B_n2,magnitude_state,volume_density,1,0,0.0,-5.0,-5.0,5.0,-0.00535927248837787,4.994588991375759,9225.085345896501,10.0,925
B_n2,magnitude_state,volume_density^2,2,0,0.0,-5.0,-5.0,5.0,0.0,4.997296566441997,9235.0,10.0,925
B_n2,magnitude_state,volume_density_x_price_displacement,1,1,0.0,0.0,0.0,0.0,0.0,0.0,0.0,0.0,925
B_n2,magnitude_state,volume_density_x_price_displacement^2,2,1,0.0,0.0,0.0,0.0,0.0,0.0,0.0,0.0,925
B_n2,magnitude_state,volume_log,1,0,0.0,-5.0,-5.0,5.0,-0.005405389723081086,4.994588744602314,9225.0000290123,10.0,925
B_n2,magnitude_state,volume_log^2,2,0,0.0,-5.0,-5.0,5.0,-0.005405394710847786,4.9945887445969035,9225.000019784931,10.0,925
B_n2,magnitude_state,volume_log_x_price_displacement,1,1,0.0,0.0,0.0,0.0,0.0,0.0,0.0,0.0,925
B_n2,magnitude_state,volume_log_x_price_displacement^2,2,1,0.0,0.0,0.0,0.0,0.0,0.0,0.0,0.0,925
B_n2,magnitude_state,volume_movement_abs,1,0,0.0,-5.0,-5.0,5.0,-0.012419936659334312,4.977787121185729,9135.725009057553,10.0,925
B_n2,magnitude_state,volume_movement_abs^2,2,0,0.0,0.5317436105922981,-5.0,5.0,-0.28500878202583463,4.31142403014032,5355.319096170068,10.0,925
B_n2,magnitude_state,volume_movement_signed,1,0,0.0,-5.0,-5.0,5.0,-0.09580231149292652,4.9866880002803295,7292.8955811580545,10.0,925
B_n2,magnitude_state,volume_movement_signed^2,2,0,0.0,0.5317436105922981,-5.0,5.0,-0.28500878202583463,4.31142403014032,5355.319096170068,10.0,925
B_n2,observation_half_life,bias,0,0,1.7999999999999998,5.0,-5.0,5.0,0.0019459459459459428,4.997646635064353,9238.6,10.0,925
B_n2,observation_half_life,directional_volume,1,0,0.0,5.0,-5.0,5.0,0.0972972972972973,4.996349288121439,7315.0,10.0,925
B_n2,observation_half_life,directional_volume^2,2,0,0.0,5.0,-5.0,5.0,0.0,4.997296566441997,9235.0,10.0,925
B_n2,observation_half_life,price_acceleration,1,0,0.0,5.0,-5.0,5.0,-0.003465748384396094,4.985430466584627,3001.9465904774665,10.0,925
B_n2,observation_half_life,price_acceleration^2,2,0,0.0,-3.465628609364885,-5.0,5.0,-0.0644533097733679,4.2720328325873815,4893.316413183978,10.0,925
B_n2,observation_half_life,price_displacement,1,0,0.0,5.0,-5.0,5.0,0.09304669988391631,4.990426410566065,7305.632416839017,10.0,925
B_n2,observation_half_life,price_displacement^2,2,0,0.0,4.894111524121873,-5.0,5.0,0.393939596375754,4.368490991611289,5844.416500270285,10.0,925
B_n2,observation_half_life,price_velocity,1,0,0.0,5.0,-5.0,5.0,0.09304669988391631,4.990426410566065,7305.632416839017,10.0,925
B_n2,observation_half_life,price_velocity^2,2,0,0.0,-1.8031839960038614,-5.0,5.0,0.2732486173780499,4.369193117336516,5771.954763340259,10.0,925
B_n2,observation_half_life,price_velocity_x_acceleration,1,1,0.0,0.0,0.0,0.0,0.0,0.0,0.0,0.0,925
B_n2,observation_half_life,price_velocity_x_acceleration^2,2,1,0.0,0.0,0.0,0.0,0.0,0.0,0.0,0.0,925
B_n2,observation_half_life,relative_volume,1,0,5.0,5.0,-5.0,5.0,0.005405405405405406,4.999997078158386,9245.0,10.0,925
B_n2,observation_half_life,relative_volume^2,2,0,5.0,5.0,-5.0,5.0,0.005405405405405406,4.999997078158386,9245.0,10.0,925
B_n2,observation_half_life,relative_volume_x_price_velocity,1,1,0.0,0.0,0.0,0.0,0.0,0.0,0.0,0.0,925
B_n2,observation_half_life,relative_volume_x_price_velocity^2,2,1,0.0,0.0,0.0,0.0,0.0,0.0,0.0,0.0,925
B_n2,observation_half_life,spread,1,0,0.03600000000001841,5.0,-5.0,5.0,3.891891891893576e-05,4.997296706474349,9235.072,10.0,925
B_n2,observation_half_life,spread^2,2,0,0.0007200000000007365,5.0,-5.0,5.0,7.783783783796369e-07,4.99729656649801,9235.00144,10.0,925
B_n2,observation_half_life,spread_change,1,0,0.0,4.986966917822487,-5.0,5.0,0.4593278775015029,4.7518789686776834,65.01303308217751,9.994078464790922,925
B_n2,observation_half_life,spread_change^2,2,0,0.0,4.986966917822487,0.0,5.0,4.562913803399595,1.4039777258762944,5.112539659457957,5.0,925
B_n2,observation_half_life,volume_density,1,0,5.0,5.0,-5.0,5.0,0.005405405405405406,4.999997078158386,9245.0,10.0,925
B_n2,observation_half_life,volume_density^2,2,0,5.0,5.0,-5.0,5.0,0.005405405405405406,4.999997078158386,9245.0,10.0,925
B_n2,observation_half_life,volume_density_x_price_displacement,1,1,0.0,0.0,0.0,0.0,0.0,0.0,0.0,0.0,925
B_n2,observation_half_life,volume_density_x_price_displacement^2,2,1,0.0,0.0,0.0,0.0,0.0,0.0,0.0,0.0,925
B_n2,observation_half_life,volume_log,1,0,5.0,5.0,-5.0,5.0,0.005405405405405406,4.999997078158386,9245.0,10.0,925
B_n2,observation_half_life,volume_log^2,2,0,5.0,5.0,-5.0,5.0,0.005405405405405406,4.999997078158386,9245.0,10.0,925
B_n2,observation_half_life,volume_log_x_price_displacement,1,1,0.0,0.0,0.0,0.0,0.0,0.0,0.0,0.0,925
B_n2,observation_half_life,volume_log_x_price_displacement^2,2,1,0.0,0.0,0.0,0.0,0.0,0.0,0.0,0.0,925
B_n2,observation_half_life,volume_movement_abs,1,0,0.0,5.0,-5.0,5.0,0.007014782567048829,4.98051170419182,9145.724876385539,10.0,925
B_n2,observation_half_life,volume_movement_abs^2,2,0,0.0,-0.5317356507955004,-5.0,5.0,0.2729572817188842,4.312104190843795,5355.601275031136,10.0,925
B_n2,observation_half_life,volume_movement_signed,1,0,0.0,5.0,-5.0,5.0,0.09039688481050809,4.9894980494331005,7302.895488710317,10.0,925
B_n2,observation_half_life,volume_movement_signed^2,2,0,0.0,-0.5317356507955004,-5.0,5.0,0.2729572817188842,4.312104190843795,5355.601275031136,10.0,925
B_n2,persistence,bias,0,0,0.006,5.0,-5.0,5.0,6.486486486486732e-06,4.997296570331784,9235.012,10.0,925
B_n2,persistence,directional_volume,1,0,0.0,5.0,-5.0,5.0,0.0972972972972973,4.996349288121439,7315.0,10.0,925
B_n2,persistence,directional_volume^2,2,0,0.0,5.0,-5.0,5.0,0.0,4.997296566441997,9235.0,10.0,925
B_n2,persistence,price_acceleration,1,0,0.0,5.0,-5.0,5.0,-0.0034655506439676665,4.985430560045622,3001.946510504367,10.0,925
B_n2,persistence,price_acceleration^2,2,0,0.0,-3.465632224086496,-5.0,5.0,-0.06445633465862159,4.272033452425587,4893.316434393551,10.0,925
B_n2,persistence,price_displacement,1,0,0.0,5.0,-5.0,5.0,0.09304674280703729,4.990426487862528,7305.6325408912035,10.0,925
B_n2,persistence,price_displacement^2,2,0,0.0,4.89409454292834,-5.0,5.0,0.39393734251349677,4.3684908856256355,5844.416612247131,10.0,925
B_n2,persistence,price_velocity,1,0,0.0,5.0,-5.0,5.0,0.09304674280703729,4.990426487862528,7305.6325408912035,10.0,925
B_n2,persistence,price_velocity^2,2,0,0.0,-1.8031875599310179,-5.0,5.0,0.273246471914405,4.369193035623897,5771.954884274746,10.0,925
B_n2,persistence,price_velocity_x_acceleration,1,1,0.0,0.0,0.0,0.0,0.0,0.0,0.0,0.0,925
B_n2,persistence,price_velocity_x_acceleration^2,2,1,0.0,0.0,0.0,0.0,0.0,0.0,0.0,0.0,925
B_n2,persistence,relative_volume,1,0,5.0,5.0,-5.0,5.0,0.005405405405405406,4.999997078158386,9245.0,10.0,925
B_n2,persistence,relative_volume^2,2,0,5.0,5.0,-5.0,5.0,0.005405405405405406,4.999997078158386,9245.0,10.0,925
B_n2,persistence,relative_volume_x_price_velocity,1,1,0.0,0.0,0.0,0.0,0.0,0.0,0.0,0.0,925
B_n2,persistence,relative_volume_x_price_velocity^2,2,1,0.0,0.0,0.0,0.0,0.0,0.0,0.0,0.0,925
B_n2,persistence,spread,1,0,0.00012000000000006138,5.0,-5.0,5.0,1.2972972972481846e-07,4.997296566443554,9235.00024,10.0,925
B_n2,persistence,spread^2,2,0,2.4000000000024554e-06,5.0,-5.0,5.0,2.5945945941891075e-09,4.997296566441998,9235.0000048,10.0,925
B_n2,persistence,spread_change,1,0,0.0,4.986966917822487,-5.0,5.0,0.4593278775015029,4.7518789686776834,65.01303308217751,9.994078464790922,925
B_n2,persistence,spread_change^2,2,0,0.0,4.986966917822487,0.0,5.0,4.562913803399595,1.4039777258762944,5.112539659457957,5.0,925
B_n2,persistence,volume_density,1,0,5.0,5.0,-5.0,5.0,0.005405405405405406,4.999997078158386,9245.0,10.0,925
B_n2,persistence,volume_density^2,2,0,5.0,5.0,-5.0,5.0,0.005405405405405406,4.999997078158386,9245.0,10.0,925
B_n2,persistence,volume_density_x_price_displacement,1,1,0.0,0.0,0.0,0.0,0.0,0.0,0.0,0.0,925
B_n2,persistence,volume_density_x_price_displacement^2,2,1,0.0,0.0,0.0,0.0,0.0,0.0,0.0,0.0,925
B_n2,persistence,volume_log,1,0,0.04153790461336511,5.0,-5.0,5.0,4.490584282525806e-05,4.997296752870602,9235.083075809227,10.0,925
B_n2,persistence,volume_log^2,2,0,0.2875662532781697,5.0,-5.0,5.0,0.0003108824359764019,4.99730550153004,9235.575132506556,10.0,925
B_n2,persistence,volume_log_x_price_displacement,1,1,0.0,0.0,0.0,0.0,0.0,0.0,0.0,0.0,925
B_n2,persistence,volume_log_x_price_displacement^2,2,1,0.0,0.0,0.0,0.0,0.0,0.0,0.0,0.0,925
B_n2,persistence,volume_movement_abs,1,0,0.0,5.0,-5.0,5.0,0.0070145321028789375,4.98051169082982,9145.72500859473,10.0,925
B_n2,persistence,volume_movement_abs^2,2,0,0.0,-0.5317435839187554,-5.0,5.0,0.2729558751690809,4.312103961322243,5355.601357296282,10.0,925
B_n2,persistence,volume_movement_signed,1,0,0.0,5.0,-5.0,5.0,0.09039690602765033,4.989498043053524,7302.895580829339,10.0,925
B_n2,persistence,volume_movement_signed^2,2,0,0.0,-0.5317435839187554,-5.0,5.0,0.2729558751690809,4.312103961322243,5355.601357296282,10.0,925
B_n2,perturbation_state,bias,0,0,0.012,5.0,-5.0,5.0,1.2972972972973464e-05,4.997296582001148,9235.024,10.0,925
B_n2,perturbation_state,directional_volume,1,0,0.0,5.0,-5.0,5.0,0.0972972972972973,4.996349288121439,7315.0,10.0,925
B_n2,perturbation_state,directional_volume^2,2,0,0.0,5.0,-5.0,5.0,0.0,4.997296566441997,9235.0,10.0,925
B_n2,perturbation_state,price_acceleration,1,0,0.0,5.0,-5.0,5.0,-0.0034655499826284405,4.985430560358206,3001.946510236898,10.0,925
B_n2,perturbation_state,price_acceleration^2,2,0,0.0,-3.465632224086496,-5.0,5.0,-0.06445633823521602,4.2720334512851545,4893.316434512922,10.0,925
B_n2,perturbation_state,price_displacement,1,0,0.0,5.0,-5.0,5.0,0.09304674295059287,4.990426488121049,7305.632541306094,10.0,925
B_n2,perturbation_state,price_displacement^2,2,0,0.0,4.89409454292834,-5.0,5.0,0.3939373410788371,4.3684908859977885,5844.416612042808,10.0,925
B_n2,perturbation_state,price_velocity,1,0,0.0,5.0,-5.0,5.0,0.09304674295059287,4.990426488121049,7305.632541306094,10.0,925
B_n2,perturbation_state,price_velocity^2,2,0,0.0,-1.8031875599310179,-5.0,5.0,0.27324647050197415,4.369193035955162,5771.954884074813,10.0,925
B_n2,perturbation_state,price_velocity_x_acceleration,1,1,0.0,0.0,0.0,0.0,0.0,0.0,0.0,0.0,925
B_n2,perturbation_state,price_velocity_x_acceleration^2,2,1,0.0,0.0,0.0,0.0,0.0,0.0,0.0,0.0,925
B_n2,perturbation_state,relative_volume,1,0,5.0,5.0,-5.0,5.0,0.005405405405405406,4.999997078158386,9245.0,10.0,925
B_n2,perturbation_state,relative_volume^2,2,0,5.0,5.0,-5.0,5.0,0.005405405405405406,4.999997078158386,9245.0,10.0,925
B_n2,perturbation_state,relative_volume_x_price_velocity,1,1,0.0,0.0,0.0,0.0,0.0,0.0,0.0,0.0,925
B_n2,perturbation_state,relative_volume_x_price_velocity^2,2,1,0.0,0.0,0.0,0.0,0.0,0.0,0.0,0.0,925
B_n2,perturbation_state,spread,1,0,0.00024000000000012276,5.0,-5.0,5.0,2.594594594496369e-07,4.99729656644822,9235.00048,10.0,925
B_n2,perturbation_state,spread^2,2,0,4.800000000004911e-06,5.0,-5.0,5.0,5.189189188378215e-09,4.9972965664419995,9235.0000096,10.0,925
B_n2,perturbation_state,spread_change,1,0,0.0,4.986966917822487,-5.0,5.0,0.4593278775015029,4.7518789686776834,65.01303308217751,9.994078464790922,925
B_n2,perturbation_state,spread_change^2,2,0,0.0,4.986966917822487,0.0,5.0,4.562913803399595,1.4039777258762944,5.112539659457957,5.0,925
B_n2,perturbation_state,volume_density,1,0,5.0,5.0,-5.0,5.0,0.005405405405405406,4.999997078158386,9245.0,10.0,925
B_n2,perturbation_state,volume_density^2,2,0,5.0,5.0,-5.0,5.0,0.005405405405405406,4.999997078158386,9245.0,10.0,925
B_n2,perturbation_state,volume_density_x_price_displacement,1,1,0.0,0.0,0.0,0.0,0.0,0.0,0.0,0.0,925
B_n2,perturbation_state,volume_density_x_price_displacement^2,2,1,0.0,0.0,0.0,0.0,0.0,0.0,0.0,0.0,925
B_n2,perturbation_state,volume_log,1,0,0.08307580922673022,5.0,-5.0,5.0,8.981168565051612e-05,4.997297312156372,9235.166151618454,10.0,925
B_n2,perturbation_state,volume_log^2,2,0,0.5751325065563394,5.0,-5.0,5.0,0.0006217648719528038,4.997332306698316,9236.150265013113,10.0,925
B_n2,perturbation_state,volume_log_x_price_displacement,1,1,0.0,0.0,0.0,0.0,0.0,0.0,0.0,0.0,925
B_n2,perturbation_state,volume_log_x_price_displacement^2,2,1,0.0,0.0,0.0,0.0,0.0,0.0,0.0,0.0,925
B_n2,perturbation_state,volume_movement_abs,1,0,0.0,5.0,-5.0,5.0,0.007014531267597598,4.9805116907844775,9145.725009041325,10.0,925
B_n2,perturbation_state,volume_movement_abs^2,2,0,0.0,-0.5317435839187554,-5.0,5.0,0.27295587498432256,4.312103961985724,5355.601357141104,10.0,925
B_n2,perturbation_state,volume_movement_signed,1,0,0.0,5.0,-5.0,5.0,0.09039690609861066,4.989498043032189,7302.89558113743,10.0,925
B_n2,perturbation_state,volume_movement_signed^2,2,0,0.0,-0.5317435839187554,-5.0,5.0,0.27295587498432256,4.312103961985724,5355.601357141104,10.0,925
B_n2,reinforcement,bias,0,0,-0.0020999999999999994,-5.0,-5.0,5.0,-2.27027027026882e-06,4.997296566918496,9235.0042,10.0,925
B_n2,reinforcement,directional_volume,1,0,0.0,-5.0,-5.0,5.0,-0.0972972972972973,4.996349288121439,7315.0,10.0,925
B_n2,reinforcement,directional_volume^2,2,0,0.0,-5.0,-5.0,5.0,0.0,4.997296566441997,9235.0,10.0,925
B_n2,reinforcement,price_acceleration,1,0,0.0,-5.0,-5.0,5.0,0.0034655499908105283,4.98543056065355,3001.946510036297,10.0,925
B_n2,reinforcement,price_acceleration^2,2,0,0.0,3.465632237533779,-5.0,5.0,0.06445634157284753,4.272033454760931,4893.316434516356,10.0,925
B_n2,reinforcement,price_displacement,1,0,0.0,-5.0,-5.0,5.0,-0.09304674250652867,4.99042648795475,7305.632541617261,10.0,925
B_n2,reinforcement,price_displacement^2,2,0,0.0,-4.894094487126168,-5.0,5.0,-0.39393733843767265,4.3684908847623705,5844.416612783531,10.0,925
B_n2,reinforcement,price_velocity,1,0,0.0,-5.0,-5.0,5.0,-0.09304674250652867,4.99042648795475,7305.632541617261,10.0,925
B_n2,reinforcement,price_velocity^2,2,0,0.0,1.803187569545928,-5.0,5.0,-0.2732464681760638,4.369193034906098,5771.954884800166,10.0,925
B_n2,reinforcement,price_velocity_x_acceleration,1,1,0.0,0.0,0.0,0.0,0.0,0.0,0.0,0.0,925
B_n2,reinforcement,price_velocity_x_acceleration^2,2,1,0.0,0.0,0.0,0.0,0.0,0.0,0.0,0.0,925
B_n2,reinforcement,relative_volume,1,0,-2.130125282584569,-5.0,-5.0,5.0,-0.002302838143334673,4.997786810545271,9239.260250565168,10.0,925
B_n2,reinforcement,relative_volume^2,2,0,-5.0,-5.0,-5.0,5.0,-0.005405405405405406,4.999997078158386,9245.0,10.0,925
B_n2,reinforcement,relative_volume_x_price_velocity,1,1,0.0,0.0,0.0,0.0,0.0,0.0,0.0,0.0,925
B_n2,reinforcement,relative_volume_x_price_velocity^2,2,1,0.0,0.0,0.0,0.0,0.0,0.0,0.0,0.0,925
B_n2,reinforcement,spread,1,0,-4.200000000002147e-05,-5.0,-5.0,5.0,-4.5405405413672464e-08,4.997296566442188,9235.000084,10.0,925
B_n2,reinforcement,spread^2,2,0,-8.400000000008591e-07,-5.0,-5.0,5.0,-9.08108106429879e-10,4.997296566441997,9235.00000168,10.0,925
B_n2,reinforcement,spread_change,1,0,0.0,-4.986966917822487,-5.0,5.0,-0.4593278775015029,4.7518789686776834,65.01303308217751,9.994078464790922,925
B_n2,reinforcement,spread_change^2,2,0,0.0,-4.986966917822487,-5.0,0.0,-4.562913803399595,1.4039777258762944,5.112539659457957,5.0,925
B_n2,reinforcement,volume_density,1,0,-5.0,-5.0,-5.0,5.0,-0.005405405405405406,4.999997078158386,9245.0,10.0,925
B_n2,reinforcement,volume_density^2,2,0,-5.0,-5.0,-5.0,5.0,-0.005405405405405406,4.999997078158386,9245.0,10.0,925
B_n2,reinforcement,volume_density_x_price_displacement,1,1,0.0,0.0,0.0,0.0,0.0,0.0,0.0,0.0,925
B_n2,reinforcement,volume_density_x_price_displacement^2,2,1,0.0,0.0,0.0,0.0,0.0,0.0,0.0,0.0,925
B_n2,reinforcement,volume_log,1,0,-0.014538266614677782,-5.0,-5.0,5.0,-1.5717044988841857e-05,4.997296589279502,9235.02907653323,10.0,925
B_n2,reinforcement,volume_log^2,2,0,-0.10064818864735936,-5.0,-5.0,5.0,-0.00010880885259173528,4.9972976609911415,9235.201296377294,10.0,925
B_n2,reinforcement,volume_log_x_price_displacement,1,1,0.0,0.0,0.0,0.0,0.0,0.0,0.0,0.0,925
B_n2,reinforcement,volume_log_x_price_displacement^2,2,1,0.0,0.0,0.0,0.0,0.0,0.0,0.0,0.0,925
B_n2,reinforcement,volume_movement_abs,1,0,0.0,-5.0,-5.0,5.0,-0.007014531502970287,4.980511690840119,9145.725008907137,10.0,925
B_n2,reinforcement,volume_movement_abs^2,2,0,0.0,0.5317436102972182,-5.0,5.0,-0.27295587190251047,4.312103960376271,5355.601357762516,10.0,925
B_n2,reinforcement,volume_movement_signed,1,0,0.0,-5.0,-5.0,5.0,-0.0903969057955874,4.989498043000036,7302.895581368498,10.0,925
B_n2,reinforcement,volume_movement_signed^2,2,0,0.0,0.5317436102972182,-5.0,5.0,-0.27295587190251047,4.312103960376271,5355.601357762516,10.0,925
B_n2,reversal_tendency,bias,0,0,0.006,5.0,-5.0,5.0,6.486486486486732e-06,4.997296570331784,9235.012,10.0,925
B_n2,reversal_tendency,directional_volume,1,0,0.0,5.0,-5.0,5.0,0.0972972972972973,4.996349288121439,7315.0,10.0,925
B_n2,reversal_tendency,directional_volume^2,2,0,0.0,5.0,-5.0,5.0,0.0,4.997296566441997,9235.0,10.0,925
B_n2,reversal_tendency,price_acceleration,1,0,0.0,5.0,-5.0,5.0,-0.003465549996903252,4.985430560362085,3001.946510236898,10.0,925
B_n2,reversal_tendency,price_acceleration^2,2,0,0.0,-3.465632229065494,-5.0,5.0,-0.06445634063103343,4.2720334527110415,4893.316434511856,10.0,925
B_n2,reversal_tendency,price_displacement,1,0,0.0,5.0,-5.0,5.0,0.09304674294507091,4.990426488117053,7305.632541306094,10.0,925
B_n2,reversal_tendency,price_displacement^2,2,0,0.0,4.894094520589606,-5.0,5.0,0.3939373392717209,4.368490885672288,5844.416612235024,10.0,925
B_n2,reversal_tendency,price_velocity,1,0,0.0,5.0,-5.0,5.0,0.09304674294507091,4.990426488117053,7305.632541306094,10.0,925
B_n2,reversal_tendency,price_velocity^2,2,0,0.0,-1.8031875641008246,-5.0,5.0,0.2732464688279515,4.369193035690526,5771.954884272419,10.0,925
B_n2,reversal_tendency,price_velocity_x_acceleration,1,1,0.0,0.0,0.0,0.0,0.0,0.0,0.0,0.0,925
B_n2,reversal_tendency,price_velocity_x_acceleration^2,2,1,0.0,0.0,0.0,0.0,0.0,0.0,0.0,0.0,925
B_n2,reversal_tendency,relative_volume,1,0,5.0,5.0,-5.0,5.0,0.005405405405405406,4.999997078158386,9245.0,10.0,925
B_n2,reversal_tendency,relative_volume^2,2,0,5.0,5.0,-5.0,5.0,0.005405405405405406,4.999997078158386,9245.0,10.0,925
B_n2,reversal_tendency,relative_volume_x_price_velocity,1,1,0.0,0.0,0.0,0.0,0.0,0.0,0.0,0.0,925
B_n2,reversal_tendency,relative_volume_x_price_velocity^2,2,1,0.0,0.0,0.0,0.0,0.0,0.0,0.0,0.0,925
B_n2,reversal_tendency,spread,1,0,0.00012000000000006138,5.0,-5.0,5.0,1.2972972972481846e-07,4.997296566443554,9235.00024,10.0,925
B_n2,reversal_tendency,spread^2,2,0,2.4000000000024554e-06,5.0,-5.0,5.0,2.5945945941891075e-09,4.997296566441998,9235.0000048,10.0,925
B_n2,reversal_tendency,spread_change,1,0,0.0,4.986966917822487,-5.0,5.0,0.4593278775015029,4.7518789686776834,65.01303308217751,9.994078464790922,925
B_n2,reversal_tendency,spread_change^2,2,0,0.0,4.986966917822487,0.0,5.0,4.562913803399595,1.4039777258762944,5.112539659457957,5.0,925
B_n2,reversal_tendency,volume_density,1,0,5.0,5.0,-5.0,5.0,0.005405405405405406,4.999997078158386,9245.0,10.0,925
B_n2,reversal_tendency,volume_density^2,2,0,5.0,5.0,-5.0,5.0,0.005405405405405406,4.999997078158386,9245.0,10.0,925
B_n2,reversal_tendency,volume_density_x_price_displacement,1,1,0.0,0.0,0.0,0.0,0.0,0.0,0.0,0.0,925
B_n2,reversal_tendency,volume_density_x_price_displacement^2,2,1,0.0,0.0,0.0,0.0,0.0,0.0,0.0,0.0,925
B_n2,reversal_tendency,volume_log,1,0,0.04153790461336511,5.0,-5.0,5.0,4.490584282525806e-05,4.997296752870602,9235.083075809227,10.0,925
B_n2,reversal_tendency,volume_log^2,2,0,0.2875662532781697,5.0,-5.0,5.0,0.0003108824359764019,4.99730550153004,9235.575132506556,10.0,925
B_n2,reversal_tendency,volume_log_x_price_displacement,1,1,0.0,0.0,0.0,0.0,0.0,0.0,0.0,0.0,925
B_n2,reversal_tendency,volume_log_x_price_displacement^2,2,1,0.0,0.0,0.0,0.0,0.0,0.0,0.0,0.0,925
B_n2,reversal_tendency,volume_movement_abs,1,0,0.0,5.0,-5.0,5.0,0.007014531273509574,4.9805116907853755,9145.725009036485,10.0,925
B_n2,reversal_tendency,volume_movement_abs^2,2,0,0.0,-0.5317435944313931,-5.0,5.0,0.27295587346540107,4.312103961435058,5355.601357312839,10.0,925
B_n2,reversal_tendency,volume_movement_signed,1,0,0.0,5.0,-5.0,5.0,0.09039690609508075,4.989498043031857,7302.89558113743,10.0,925
B_n2,reversal_tendency,volume_movement_signed^2,2,0,0.0,-0.5317435944313931,-5.0,5.0,0.27295587346540107,4.312103961435058,5355.601357312839,10.0,925
B_n2,strength,bias,0,0,0.012,5.0,-5.0,5.0,1.2972972972973464e-05,4.997296582001148,9235.024,10.0,925
B_n2,strength,directional_volume,1,0,0.0,5.0,-5.0,5.0,0.0972972972972973,4.996349288121439,7315.0,10.0,925
B_n2,strength,directional_volume^2,2,0,0.0,5.0,-5.0,5.0,0.0,4.997296566441997,9235.0,10.0,925
B_n2,strength,price_acceleration,1,0,0.0,5.0,-5.0,5.0,-0.0034655509096351246,4.985430559902137,3001.9465106387634,10.0,925
B_n2,strength,price_acceleration^2,2,0,0.0,-3.465632214857209,-5.0,5.0,-0.06445632830179347,4.272033451193282,4893.316434347713,10.0,925
B_n2,strength,price_displacement,1,0,0.0,5.0,-5.0,5.0,0.0930467428022805,4.990426487781075,7305.632540681307,10.0,925
B_n2,strength,price_displacement^2,2,0,0.0,4.894094584373092,-5.0,5.0,0.39393734936385316,4.368490885936431,5844.416611786739,10.0,925
B_n2,strength,price_velocity,1,0,0.0,5.0,-5.0,5.0,0.0930467428022805,4.990426487781075,7305.632540681307,10.0,925
B_n2,strength,price_velocity^2,2,0,0.0,-1.8031875515349685,-5.0,5.0,0.27324647849366274,4.369193035908576,5771.95488379349,10.0,925
B_n2,strength,price_velocity_x_acceleration,1,1,0.0,0.0,0.0,0.0,0.0,0.0,0.0,0.0,925
B_n2,strength,price_velocity_x_acceleration^2,2,1,0.0,0.0,0.0,0.0,0.0,0.0,0.0,0.0,925
B_n2,strength,relative_volume,1,0,5.0,5.0,-5.0,5.0,0.005405405405405406,4.999997078158386,9245.0,10.0,925
B_n2,strength,relative_volume^2,2,0,5.0,5.0,-5.0,5.0,0.005405405405405406,4.999997078158386,9245.0,10.0,925
B_n2,strength,relative_volume_x_price_velocity,1,1,0.0,0.0,0.0,0.0,0.0,0.0,0.0,0.0,925
B_n2,strength,relative_volume_x_price_velocity^2,2,1,0.0,0.0,0.0,0.0,0.0,0.0,0.0,0.0,925
B_n2,strength,spread,1,0,0.00024000000000012276,5.0,-5.0,5.0,2.594594594496369e-07,4.99729656644822,9235.00048,10.0,925
B_n2,strength,spread^2,2,0,4.800000000004911e-06,5.0,-5.0,5.0,5.189189188378215e-09,4.9972965664419995,9235.0000096,10.0,925
B_n2,strength,spread_change,1,0,0.0,4.986966917822487,-5.0,5.0,0.4593278775015029,4.7518789686776834,65.01303308217751,9.994078464790922,925
B_n2,strength,spread_change^2,2,0,0.0,4.986966917822487,0.0,5.0,4.562913803399595,1.4039777258762944,5.112539659457957,5.0,925
B_n2,strength,volume_density,1,0,5.0,5.0,-5.0,5.0,0.005405405405405406,4.999997078158386,9245.0,10.0,925
B_n2,strength,volume_density^2,2,0,5.0,5.0,-5.0,5.0,0.005405405405405406,4.999997078158386,9245.0,10.0,925
B_n2,strength,volume_density_x_price_displacement,1,1,0.0,0.0,0.0,0.0,0.0,0.0,0.0,0.0,925
B_n2,strength,volume_density_x_price_displacement^2,2,1,0.0,0.0,0.0,0.0,0.0,0.0,0.0,0.0,925
B_n2,strength,volume_log,1,0,0.08307580922673022,5.0,-5.0,5.0,8.981168565051612e-05,4.997297312156372,9235.166151618454,10.0,925
B_n2,strength,volume_log^2,2,0,0.5751325065563394,5.0,-5.0,5.0,0.0006217648719528038,4.997332306698316,9236.150265013113,10.0,925
B_n2,strength,volume_log_x_price_displacement,1,1,0.0,0.0,0.0,0.0,0.0,0.0,0.0,0.0,925
B_n2,strength,volume_log_x_price_displacement^2,2,1,0.0,0.0,0.0,0.0,0.0,0.0,0.0,0.0,925
B_n2,strength,volume_movement_abs,1,0,0.0,5.0,-5.0,5.0,0.007014532454542638,4.980511690857661,9145.72500836638,10.0,925
B_n2,strength,volume_movement_abs^2,2,0,0.0,-0.5317435643466781,-5.0,5.0,0.2729558795247653,4.312103962179602,5355.601356972981,10.0,925
B_n2,strength,volume_movement_signed,1,0,0.0,5.0,-5.0,5.0,0.09039690603511719,4.989498043068484,7302.895580673474,10.0,925
B_n2,strength,volume_movement_signed^2,2,0,0.0,-0.5317435643466781,-5.0,5.0,0.2729558795247653,4.312103962179602,5355.601356972981,10.0,925
B_n2,uncertainty,bias,0,0,0.020999999999999998,5.0,-5.0,5.0,2.2702702702703562e-05,4.997296614091895,9235.042,10.0,925
B_n2,uncertainty,directional_volume,1,0,0.0,5.0,-5.0,5.0,0.0972972972972973,4.996349288121439,7315.0,10.0,925
B_n2,uncertainty,directional_volume^2,2,0,0.0,5.0,-5.0,5.0,0.0,4.997296566441997,9235.0,10.0,925
B_n2,uncertainty,price_acceleration,1,0,0.0,5.0,-5.0,5.0,-0.0034655523623179016,4.9854305592513555,3001.946511172376,10.0,925
B_n2,uncertainty,price_acceleration^2,2,0,0.0,-3.46563219402533,-5.0,5.0,-0.06445630963049176,4.272033446618706,4893.316434252747,10.0,925
B_n2,uncertainty,price_displacement,1,0,0.0,5.0,-5.0,5.0,0.0930467423811273,4.990426487168417,7305.63253985643,10.0,925
B_n2,uncertainty,price_displacement^2,2,0,0.0,4.894094686061777,-5.0,5.0,0.3939373592028974,4.368490886633237,5844.416611453355,10.0,925
B_n2,uncertainty,price_velocity,1,0,0.0,5.0,-5.0,5.0,0.0930467423811273,4.990426487168417,7305.63253985643,10.0,925
B_n2,uncertainty,price_velocity^2,2,0,0.0,-1.8031875295887283,-5.0,5.0,0.2732464877022156,4.369193036366968,5771.954883405567,10.0,925
B_n2,uncertainty,price_velocity_x_acceleration,1,1,0.0,0.0,0.0,0.0,0.0,0.0,0.0,0.0,925
B_n2,uncertainty,price_velocity_x_acceleration^2,2,1,0.0,0.0,0.0,0.0,0.0,0.0,0.0,0.0,925
B_n2,uncertainty,relative_volume,1,0,5.0,5.0,-5.0,5.0,0.005405405405405406,4.999997078158386,9245.0,10.0,925
B_n2,uncertainty,relative_volume^2,2,0,5.0,5.0,-5.0,5.0,0.005405405405405406,4.999997078158386,9245.0,10.0,925
B_n2,uncertainty,relative_volume_x_price_velocity,1,1,0.0,0.0,0.0,0.0,0.0,0.0,0.0,0.0,925
B_n2,uncertainty,relative_volume_x_price_velocity^2,2,1,0.0,0.0,0.0,0.0,0.0,0.0,0.0,0.0,925
B_n2,uncertainty,spread,1,0,0.0004200000000002148,5.0,-5.0,5.0,4.5405405404454616e-07,4.997296566461058,9235.00084,10.0,925
B_n2,uncertainty,spread^2,2,0,8.400000000008593e-06,5.0,-5.0,5.0,9.081081079661877e-09,4.997296566442005,9235.0000168,10.0,925
B_n2,uncertainty,spread_change,1,0,0.0,4.986966917822487,-5.0,5.0,0.4593278775015029,4.7518789686776834,65.01303308217751,9.994078464790922,925
B_n2,uncertainty,spread_change^2,2,0,0.0,4.986966917822487,0.0,5.0,4.562913803399595,1.4039777258762944,5.112539659457957,5.0,925
B_n2,uncertainty,volume_density,1,0,5.0,5.0,-5.0,5.0,0.005405405405405406,4.999997078158386,9245.0,10.0,925
B_n2,uncertainty,volume_density^2,2,0,5.0,5.0,-5.0,5.0,0.005405405405405406,4.999997078158386,9245.0,10.0,925
B_n2,uncertainty,volume_density_x_price_displacement,1,1,0.0,0.0,0.0,0.0,0.0,0.0,0.0,0.0,925
B_n2,uncertainty,volume_density_x_price_displacement^2,2,1,0.0,0.0,0.0,0.0,0.0,0.0,0.0,0.0,925
B_n2,uncertainty,volume_log,1,0,0.14538266614677786,5.0,-5.0,5.0,0.00015717044988841858,4.997298850191918,9235.290765332293,10.0,925
B_n2,uncertainty,volume_log^2,2,0,1.0064818864735938,5.0,-5.0,5.0,0.001088088525917399,4.997406020169718,9237.012963772948,10.0,925
B_n2,uncertainty,volume_log_x_price_displacement,1,1,0.0,0.0,0.0,0.0,0.0,0.0,0.0,0.0,925
B_n2,uncertainty,volume_log_x_price_displacement^2,2,1,0.0,0.0,0.0,0.0,0.0,0.0,0.0,0.0,925
B_n2,uncertainty,volume_movement_abs,1,0,0.0,5.0,-5.0,5.0,0.007014534264831519,4.98051169093587,9145.725007497673,10.0,925
B_n2,uncertainty,volume_movement_abs^2,2,0,0.0,-0.5317435172612317,-5.0,5.0,0.272955885776721,4.312103963145454,5355.601356693137,10.0,925
B_n2,uncertainty,volume_movement_signed,1,0,0.0,5.0,-5.0,5.0,0.09039690580730245,4.989498043102564,7302.895580060935,10.0,925
B_n2,uncertainty,volume_movement_signed^2,2,0,0.0,-0.5317435172612317,-5.0,5.0,0.272955885776721,4.312103963145454,5355.601356693137,10.0,925
B_n3,direction_state,bias,0,0,0.0,-5.0,-5.0,5.0,-0.0054008367293699785,4.9945887514605145,9225.008452050666,10.0,925
B_n3,direction_state,directional_volume,1,0,0.0,-5.0,-5.0,5.0,-0.10269958709508546,4.993535696251248,7305.005763874092,10.0,925
B_n3,direction_state,directional_volume^2,2,0,0.0,-5.0,-5.0,5.0,-0.00540328071747627,4.994588747302341,9225.003930672669,10.0,925
B_n3,direction_state,directional_volume^3,3,0,0.0,-5.0,-5.0,5.0,-0.10270125377223686,4.993535661268626,7305.002680521362,10.0,925
B_n3,direction_state,price_acceleration,1,0,0.0,-5.0,-5.0,5.0,-0.005405402165973322,4.9945887445888255,3015.0,10.0,925
B_n3,direction_state,price_acceleration^2,2,0,0.0,-5.0,-5.0,5.0,-0.10700431708206716,4.948233154520459,8722.51276857891,10.0,925
B_n3,direction_state,price_acceleration^3,3,0,0.0,1.587895910492416,-5.0,5.0,0.06581711659358043,4.575529616941306,1897.676186488576,10.0,925
B_n3,direction_state,price_displacement,1,0,0.0,-5.0,-5.0,5.0,-0.10270269946327062,4.993535631340675,7305.000005992949,10.0,925
B_n3,direction_state,price_displacement^2,2,0,0.0,-5.0,-5.0,5.0,-0.03645723638517791,4.94783486690962,8873.29577382169,10.0,925
B_n3,direction_state,price_displacement^3,3,0,0.0,-5.0,-5.0,5.0,-0.07845772466490702,4.473829824324735,5967.36163930262,10.0,925
B_n3,direction_state,price_velocity,1,0,0.0,-5.0,-5.0,5.0,-0.10270269946327062,4.993535631340675,7305.000005992949,10.0,925
B_n3,direction_state,price_velocity^2,2,0,0.0,-5.0,-5.0,5.0,-0.042342580477994815,4.948116982468284,8862.40788724998,10.0,925
B_n3,direction_state,price_velocity^3,3,0,0.0,-5.0,-5.0,5.0,-0.07286720634666291,4.457023989317574,5869.66570971736,10.0,925
B_n3,direction_state,price_velocity_x_acceleration,1,1,0.0,0.0,0.0,0.0,0.0,0.0,0.0,0.0,925
B_n3,direction_state,price_velocity_x_acceleration^2,2,1,0.0,0.0,0.0,0.0,0.0,0.0,0.0,0.0,925
B_n3,direction_state,price_velocity_x_acceleration^3,3,1,0.0,0.0,0.0,0.0,0.0,0.0,0.0,0.0,925
B_n3,direction_state,relative_volume,1,0,0.0,-5.0,-5.0,5.0,-0.005400938473264564,4.994588751265366,9225.00826382446,10.0,925
B_n3,direction_state,relative_volume^2,2,0,0.0,-5.0,-5.0,5.0,-0.005401037951334201,4.994588751076414,9225.008079790032,10.0,925
B_n3,direction_state,relative_volume^3,3,0,0.0,-5.0,-5.0,5.0,-0.005401135214038575,4.99458875089344,9225.007899854028,10.0,925
B_n3,direction_state,relative_volume_x_price_velocity,1,1,0.0,0.0,0.0,0.0,0.0,0.0,0.0,0.0,925
B_n3,direction_state,relative_volume_x_price_velocity^2,2,1,0.0,0.0,0.0,0.0,0.0,0.0,0.0,0.0,925
B_n3,direction_state,relative_volume_x_price_velocity^3,3,1,0.0,0.0,0.0,0.0,0.0,0.0,0.0,0.0,925
B_n3,direction_state,spread,1,0,0.0,-5.0,-5.0,5.0,-0.005405314031884706,4.99458874468498,9225.000169041014,10.0,925
B_n3,direction_state,spread^2,2,0,0.0,-5.0,-5.0,5.0,-0.005405403577934995,4.994588744587297,9225.000003380821,10.0,925
B_n3,direction_state,spread^3,3,0,0.0,-5.0,-5.0,5.0,-0.005405405368855994,4.994588744585359,9225.000000067617,10.0,925
B_n3,direction_state,spread_change,1,0,0.0,-4.986966917822487,-5.0,5.0,-0.4593278775015029,4.7518789686776834,65.01303308217751,9.994078464790922,925
B_n3,direction_state,spread_change^2,2,0,0.0,-4.986966917822487,-5.0,0.0,-4.562913803399595,1.4039777258762944,5.112539659457957,5.0,925
B_n3,direction_state,spread_change^3,3,0,0.0,-4.986966917822487,-5.0,5.0,-0.4593278775015029,4.7518789686776834,65.01303308217751,9.994078464790922,925
B_n3,direction_state,volume_density,1,0,0.0,-5.0,-5.0,5.0,0.0,4.997296566441997,9235.0,10.0,925
B_n3,direction_state,volume_density^2,2,0,0.0,-5.0,-5.0,5.0,0.0,4.997296566441997,9235.0,10.0,925
B_n3,direction_state,volume_density^3,3,0,0.0,-5.0,-5.0,5.0,0.0,4.997296566441997,9235.0,10.0,925
B_n3,direction_state,volume_density_x_price_displacement,1,1,0.0,0.0,0.0,0.0,0.0,0.0,0.0,0.0,925
B_n3,direction_state,volume_density_x_price_displacement^2,2,1,0.0,0.0,0.0,0.0,0.0,0.0,0.0,0.0,925
B_n3,direction_state,volume_density_x_price_displacement^3,3,1,0.0,0.0,0.0,0.0,0.0,0.0,0.0,0.0,925
B_n3,direction_state,volume_log,1,0,0.0,-5.0,-5.0,5.0,-0.005402289797788171,4.994588748855092,9225.005763874093,10.0,925
B_n3,direction_state,volume_log^2,2,0,0.0,-5.0,-5.0,5.0,-0.00540328071747627,4.994588747302341,9225.003930672669,10.0,925
B_n3,direction_state,volume_log^3,3,0,0.0,-5.0,-5.0,5.0,-0.005403956474939562,4.994588746347622,9225.002680521362,10.0,925
B_n3,direction_state,volume_log_x_price_displacement,1,1,0.0,0.0,0.0,0.0,0.0,0.0,0.0,0.0,925
B_n3,direction_state,volume_log_x_price_displacement^2,2,1,0.0,0.0,0.0,0.0,0.0,0.0,0.0,0.0,925
B_n3,direction_state,volume_log_x_price_displacement^3,3,1,0.0,0.0,0.0,0.0,0.0,0.0,0.0,0.0,925
B_n3,direction_state,volume_movement_abs,1,0,0.0,-5.0,-5.0,5.0,-0.005405403196275406,4.994588744587711,9225.00000408689,10.0,925
B_n3,direction_state,volume_movement_abs^2,2,0,0.0,-5.0,-5.0,5.0,0.0019265961625395476,4.91521828070951,8716.032363733766,10.0,925
B_n3,direction_state,volume_movement_abs^3,3,0,0.0,-4.97275492759146,-5.0,5.0,-0.23226810008446064,4.420945818760906,6125.455526688085,10.0,925
B_n3,direction_state,volume_movement_signed,1,0,0.0,-5.0,-5.0,5.0,-0.1027027004935727,4.993535631319484,7305.000004086891,10.0,925
B_n3,direction_state,volume_movement_signed^2,2,0,0.0,-5.0,-5.0,5.0,0.0019265961625395476,4.91521828070951,8716.032363733766,10.0,925
B_n3,direction_state,volume_movement_signed^3,3,0,0.0,-4.97275492759146,-5.0,5.0,-0.3628588235923753,4.540698520139219,5473.80070731514,10.0,925
B_n3,forward_half_life,bias,0,0,1.7999999999999998,5.0,-5.0,5.0,0.0019459459459459428,4.997646635064353,9238.6,10.0,925
B_n3,forward_half_life,directional_volume,1,0,0.0,5.0,-5.0,5.0,0.0972972972972973,4.996349288121439,7315.0,10.0,925
B_n3,forward_half_life,directional_volume^2,2,0,0.0,5.0,-5.0,5.0,0.0,4.997296566441997,9235.0,10.0,925
B_n3,forward_half_life,directional_volume^3,3,0,0.0,5.0,-5.0,5.0,0.0972972972972973,4.996349288121439,7315.0,10.0,925
B_n3,forward_half_life,price_acceleration,1,0,0.0,5.0,-5.0,5.0,0.0,4.997296566441997,3015.0,10.0,925
B_n3,forward_half_life,price_acceleration^2,2,0,0.0,5.0,-5.0,5.0,0.10159891300935786,4.951077252820995,8732.5127680504,10.0,925
B_n3,forward_half_life,price_acceleration^3,3,0,0.0,-1.5878959106427577,-5.0,5.0,-0.10268373492408023,4.576137935552686,1897.6768007956491,10.0,925
B_n3,forward_half_life,price_displacement,1,0,0.0,5.0,-5.0,5.0,0.0972972972972973,4.996349288121439,7315.0,10.0,925
B_n3,forward_half_life,price_displacement^2,2,0,0.0,5.0,-5.0,5.0,0.031051831999044738,4.95060216678363,8883.2957741531,10.0,925
B_n3,forward_half_life,price_displacement^3,3,0,0.0,5.0,-5.0,5.0,0.041591106902903456,4.474770122524884,5967.362214026978,10.0,925
B_n3,forward_half_life,price_velocity,1,0,0.0,5.0,-5.0,5.0,0.0972972972972973,4.996349288121439,7315.0,10.0,925
B_n3,forward_half_life,price_velocity^2,2,0,0.0,5.0,-5.0,5.0,0.0369371760916559,4.950890550302914,8872.40788758177,10.0,925
B_n3,forward_half_life,price_velocity^3,3,0,0.0,5.0,-5.0,5.0,0.036000588591949385,4.457921599444734,5869.666284440639,10.0,925
B_n3,forward_half_life,price_velocity_x_acceleration,1,1,0.0,0.0,0.0,0.0,0.0,0.0,0.0,0.0,925
B_n3,forward_half_life,price_velocity_x_acceleration^2,2,1,0.0,0.0,0.0,0.0,0.0,0.0,0.0,0.0,925
B_n3,forward_half_life,price_velocity_x_acceleration^3,3,1,0.0,0.0,0.0,0.0,0.0,0.0,0.0,0.0,925
B_n3,forward_half_life,relative_volume,1,0,5.0,5.0,-5.0,5.0,0.005405405405405406,4.999997078158386,9245.0,10.0,925
B_n3,forward_half_life,relative_volume^2,2,0,5.0,5.0,-5.0,5.0,0.005405405405405406,4.999997078158386,9245.0,10.0,925
B_n3,forward_half_life,relative_volume^3,3,0,5.0,5.0,-5.0,5.0,0.005405405405405406,4.999997078158386,9245.0,10.0,925
B_n3,forward_half_life,relative_volume_x_price_velocity,1,1,0.0,0.0,0.0,0.0,0.0,0.0,0.0,0.0,925
B_n3,forward_half_life,relative_volume_x_price_velocity^2,2,1,0.0,0.0,0.0,0.0,0.0,0.0,0.0,0.0,925
B_n3,forward_half_life,relative_volume_x_price_velocity^3,3,1,0.0,0.0,0.0,0.0,0.0,0.0,0.0,0.0,925
B_n3,forward_half_life,spread,1,0,0.03600000000001841,5.0,-5.0,5.0,3.891891891893576e-05,4.997296706474349,9235.072,10.0,925
B_n3,forward_half_life,spread^2,2,0,0.0007200000000007365,5.0,-5.0,5.0,7.783783783796369e-07,4.99729656649801,9235.00144,10.0,925
B_n3,forward_half_life,spread^3,3,0,1.44000000000221e-05,5.0,-5.0,5.0,1.5567567565134644e-08,4.99729656644202,9235.0000288,10.0,925
B_n3,forward_half_life,spread_change,1,0,0.0,4.986966917822487,-5.0,5.0,0.4593278775015029,4.7518789686776834,65.01303308217751,9.994078464790922,925
B_n3,forward_half_life,spread_change^2,2,0,0.0,4.986966917822487,0.0,5.0,4.562913803399595,1.4039777258762944,5.112539659457957,5.0,925
B_n3,forward_half_life,spread_change^3,3,0,0.0,4.986966917822487,-5.0,5.0,0.4593278775015029,4.7518789686776834,65.01303308217751,9.994078464790922,925
B_n3,forward_half_life,volume_density,1,0,5.0,5.0,-5.0,5.0,0.005405405405405406,4.999997078158386,9245.0,10.0,925
B_n3,forward_half_life,volume_density^2,2,0,5.0,5.0,-5.0,5.0,0.005405405405405406,4.999997078158386,9245.0,10.0,925
B_n3,forward_half_life,volume_density^3,3,0,5.0,5.0,-5.0,5.0,0.005405405405405406,4.999997078158386,9245.0,10.0,925
B_n3,forward_half_life,volume_density_x_price_displacement,1,1,0.0,0.0,0.0,0.0,0.0,0.0,0.0,0.0,925
B_n3,forward_half_life,volume_density_x_price_displacement^2,2,1,0.0,0.0,0.0,0.0,0.0,0.0,0.0,0.0,925
B_n3,forward_half_life,volume_density_x_price_displacement^3,3,1,0.0,0.0,0.0,0.0,0.0,0.0,0.0,0.0,925
B_n3,forward_half_life,volume_log,1,0,5.0,5.0,-5.0,5.0,0.005405405405405406,4.999997078158386,9245.0,10.0,925
B_n3,forward_half_life,volume_log^2,2,0,5.0,5.0,-5.0,5.0,0.005405405405405406,4.999997078158386,9245.0,10.0,925
B_n3,forward_half_life,volume_log^3,3,0,5.0,5.0,-5.0,5.0,0.005405405405405406,4.999997078158386,9245.0,10.0,925
B_n3,forward_half_life,volume_log_x_price_displacement,1,1,0.0,0.0,0.0,0.0,0.0,0.0,0.0,0.0,925
B_n3,forward_half_life,volume_log_x_price_displacement^2,2,1,0.0,0.0,0.0,0.0,0.0,0.0,0.0,0.0,925
B_n3,forward_half_life,volume_log_x_price_displacement^3,3,1,0.0,0.0,0.0,0.0,0.0,0.0,0.0,0.0,925
B_n3,forward_half_life,volume_movement_abs,1,0,0.0,5.0,-5.0,5.0,0.0,4.997296566441997,9235.0,10.0,925
B_n3,forward_half_life,volume_movement_abs^2,2,0,0.0,5.0,-5.0,5.0,-0.007331998992225585,4.9179617451714135,8726.03236397633,10.0,925
B_n3,forward_half_life,volume_movement_abs^3,3,0,0.0,4.972754930417505,-5.0,5.0,0.22057605541370176,4.4215376317198904,6125.729326917347,10.0,925
B_n3,forward_half_life,volume_movement_signed,1,0,0.0,5.0,-5.0,5.0,0.0972972972972973,4.996349288121439,7315.0,10.0,925
B_n3,forward_half_life,volume_movement_signed^2,2,0,0.0,5.0,-5.0,5.0,-0.007331998992225585,4.9179617451714135,8726.03236397633,10.0,925
B_n3,forward_half_life,volume_movement_signed^3,3,0,0.0,4.972754930417505,-5.0,5.0,0.35116677859618195,4.541605819111409,5473.800889121922,10.0,925
B_n3,magnitude_state,bias,0,0,0.0,-5.0,-5.0,5.0,-0.005405382409101585,4.9945887446102555,9225.000042543163,10.0,925
B_n3,magnitude_state,directional_volume,1,0,0.0,-5.0,-5.0,5.0,-0.10270268702037838,4.993535631596611,7305.0000290123,10.0,925
B_n3,magnitude_state,directional_volume^2,2,0,0.0,-5.0,-5.0,5.0,-0.005405394710847786,4.9945887445969035,9225.000019784931,10.0,925
B_n3,magnitude_state,directional_volume^3,3,0,0.0,-5.0,-5.0,5.0,-0.10270269540955149,4.993535631424052,7305.000013492329,10.0,925
B_n3,magnitude_state,price_acceleration,1,0,0.0,-5.0,-5.0,5.0,-0.005405405389099809,4.994588744585337,3015.0,10.0,925
B_n3,magnitude_state,price_acceleration^2,2,0,0.0,-5.0,-5.0,5.0,-0.10700431708387513,4.948233154520333,8722.512768574396,10.0,925
B_n3,magnitude_state,price_acceleration^3,3,0,0.0,1.5878959104921382,-5.0,5.0,0.06581711422498114,4.575529617004841,1897.6761864885923,10.0,925
B_n3,magnitude_state,price_displacement,1,0,0.0,-5.0,-5.0,5.0,-0.10270270268639711,4.9935356312743835,7305.000000030165,10.0,925
B_n3,magnitude_state,price_displacement^2,2,0,0.0,-5.0,-5.0,5.0,-0.036457236387219864,4.947834866909434,8873.295773817203,10.0,925
B_n3,magnitude_state,price_displacement^3,3,0,0.0,-5.0,-5.0,5.0,-0.07845772449292562,4.473829824321333,5967.361639298438,10.0,925
B_n3,magnitude_state,price_velocity,1,0,0.0,-5.0,-5.0,5.0,-0.10270270268639711,4.9935356312743835,7305.000000030165,10.0,925
B_n3,magnitude_state,price_velocity^2,2,0,0.0,-5.0,-5.0,5.0,-0.04234258048003677,4.948116982468098,8862.40788724549,10.0,925
B_n3,magnitude_state,price_velocity^3,3,0,0.0,-5.0,-5.0,5.0,-0.07286720617469655,4.457023989313949,5869.665709713177,10.0,925
B_n3,magnitude_state,price_velocity_x_acceleration,1,1,0.0,0.0,0.0,0.0,0.0,0.0,0.0,0.0,925
B_n3,magnitude_state,price_velocity_x_acceleration^2,2,1,0.0,0.0,0.0,0.0,0.0,0.0,0.0,0.0,925
B_n3,magnitude_state,price_velocity_x_acceleration^3,3,1,0.0,0.0,0.0,0.0,0.0,0.0,0.0,0.0,925
B_n3,magnitude_state,relative_volume,1,0,0.0,-5.0,-5.0,5.0,-0.0054053829212266525,4.9945887446096995,9225.000041595731,10.0,925
B_n3,magnitude_state,relative_volume^2,2,0,0.0,-5.0,-5.0,5.0,-0.005405383421946748,4.994588744609154,9225.000040669398,10.0,925
B_n3,magnitude_state,relative_volume^3,3,0,0.0,-5.0,-5.0,5.0,-0.00540538391151587,4.994588744608624,9225.000039763696,10.0,925
B_n3,magnitude_state,relative_volume_x_price_velocity,1,1,0.0,0.0,0.0,0.0,0.0,0.0,0.0,0.0,925
B_n3,magnitude_state,relative_volume_x_price_velocity^2,2,1,0.0,0.0,0.0,0.0,0.0,0.0,0.0,0.0,925
B_n3,magnitude_state,relative_volume_x_price_velocity^3,3,1,0.0,0.0,0.0,0.0,0.0,0.0,0.0,0.0,925
B_n3,magnitude_state,spread,1,0,0.0,-5.0,-5.0,5.0,-0.005405404945479328,4.994588744585816,9225.000000850863,10.0,925
B_n3,magnitude_state,spread^2,2,0,0.0,-5.0,-5.0,5.0,-0.00540540539620688,4.994588744585328,9225.000000017017,10.0,925
B_n3,magnitude_state,spread^3,3,0,0.0,-5.0,-5.0,5.0,-0.005405405405221432,4.994588744585319,9225.00000000034,10.0,925
B_n3,magnitude_state,spread_change,1,0,0.0,-4.986966917822487,-5.0,5.0,-0.4593278775015029,4.7518789686776834,65.01303308217751,9.994078464790922,925
B_n3,magnitude_state,spread_change^2,2,0,0.0,-4.986966917822487,-5.0,0.0,-4.562913803399595,1.4039777258762944,5.112539659457957,5.0,925
B_n3,magnitude_state,spread_change^3,3,0,0.0,-4.986966917822487,-5.0,5.0,-0.4593278775015029,4.7518789686776834,65.01303308217751,9.994078464790922,925
B_n3,magnitude_state,volume_density,1,0,0.0,-5.0,-5.0,5.0,-0.00535927248837787,4.994588991375759,9225.085345896501,10.0,925
B_n3,magnitude_state,volume_density^2,2,0,0.0,-5.0,-5.0,5.0,0.0,4.997296566441997,9235.0,10.0,925
B_n3,magnitude_state,volume_density^3,3,0,0.0,-5.0,-5.0,5.0,0.0,4.997296566441997,9235.0,10.0,925
B_n3,magnitude_state,volume_density_x_price_displacement,1,1,0.0,0.0,0.0,0.0,0.0,0.0,0.0,0.0,925
B_n3,magnitude_state,volume_density_x_price_displacement^2,2,1,0.0,0.0,0.0,0.0,0.0,0.0,0.0,0.0,925
B_n3,magnitude_state,volume_density_x_price_displacement^3,3,1,0.0,0.0,0.0,0.0,0.0,0.0,0.0,0.0,925
B_n3,magnitude_state,volume_log,1,0,0.0,-5.0,-5.0,5.0,-0.005405389723081086,4.994588744602314,9225.0000290123,10.0,925
B_n3,magnitude_state,volume_log^2,2,0,0.0,-5.0,-5.0,5.0,-0.005405394710847786,4.9945887445969035,9225.000019784931,10.0,925
B_n3,magnitude_state,volume_log^3,3,0,0.0,-5.0,-5.0,5.0,-0.005405398112254193,4.994588744593217,9225.00001349233,10.0,925
B_n3,magnitude_state,volume_log_x_price_displacement,1,1,0.0,0.0,0.0,0.0,0.0,0.0,0.0,0.0,925
B_n3,magnitude_state,volume_log_x_price_displacement^2,2,1,0.0,0.0,0.0,0.0,0.0,0.0,0.0,0.0,925
B_n3,magnitude_state,volume_log_x_price_displacement^3,3,1,0.0,0.0,0.0,0.0,0.0,0.0,0.0,0.0,925
B_n3,magnitude_state,volume_movement_abs,1,0,0.0,-5.0,-5.0,5.0,-0.005405405394285819,4.9945887445853305,9225.000000020571,10.0,925
B_n3,magnitude_state,volume_movement_abs^2,2,0,0.0,-5.0,-5.0,5.0,0.00192659616183187,4.915218280709683,8716.032363731569,10.0,925
B_n3,magnitude_state,volume_movement_abs^3,3,0,0.0,-4.9727549275966805,-5.0,5.0,-0.23226810002419787,4.4209458187632125,6125.455526687944,10.0,925
B_n3,magnitude_state,volume_movement_signed,1,0,0.0,-5.0,-5.0,5.0,-0.10270270269158312,4.993535631274277,7305.000000020571,10.0,925
B_n3,magnitude_state,volume_movement_signed^2,2,0,0.0,-5.0,-5.0,5.0,0.00192659616183187,4.915218280709683,8716.032363731569,10.0,925
B_n3,magnitude_state,volume_movement_signed^3,3,0,0.0,-4.9727549275966805,-5.0,5.0,-0.36285882353329174,4.540698520143191,5473.800707313594,10.0,925
B_n3,observation_half_life,bias,0,0,1.7999999999999998,5.0,-5.0,5.0,0.0019459459459459428,4.997646635064353,9238.6,10.0,925
B_n3,observation_half_life,directional_volume,1,0,0.0,5.0,-5.0,5.0,0.0972972972972973,4.996349288121439,7315.0,10.0,925
B_n3,observation_half_life,directional_volume^2,2,0,0.0,5.0,-5.0,5.0,0.0,4.997296566441997,9235.0,10.0,925
B_n3,observation_half_life,directional_volume^3,3,0,0.0,5.0,-5.0,5.0,0.0972972972972973,4.996349288121439,7315.0,10.0,925
B_n3,observation_half_life,price_acceleration,1,0,0.0,5.0,-5.0,5.0,0.0,4.997296566441997,3015.0,10.0,925
B_n3,observation_half_life,price_acceleration^2,2,0,0.0,5.0,-5.0,5.0,0.10159891300935786,4.951077252820995,8732.5127680504,10.0,925
B_n3,observation_half_life,price_acceleration^3,3,0,0.0,-1.5878959106427577,-5.0,5.0,-0.10268373492408023,4.576137935552686,1897.6768007956491,10.0,925
B_n3,observation_half_life,price_displacement,1,0,0.0,5.0,-5.0,5.0,0.0972972972972973,4.996349288121439,7315.0,10.0,925
B_n3,observation_half_life,price_displacement^2,2,0,0.0,5.0,-5.0,5.0,0.031051831999044738,4.95060216678363,8883.2957741531,10.0,925
B_n3,observation_half_life,price_displacement^3,3,0,0.0,5.0,-5.0,5.0,0.041591106902903456,4.474770122524884,5967.362214026978,10.0,925
B_n3,observation_half_life,price_velocity,1,0,0.0,5.0,-5.0,5.0,0.0972972972972973,4.996349288121439,7315.0,10.0,925
B_n3,observation_half_life,price_velocity^2,2,0,0.0,5.0,-5.0,5.0,0.0369371760916559,4.950890550302914,8872.40788758177,10.0,925
B_n3,observation_half_life,price_velocity^3,3,0,0.0,5.0,-5.0,5.0,0.036000588591949385,4.457921599444734,5869.666284440639,10.0,925
B_n3,observation_half_life,price_velocity_x_acceleration,1,1,0.0,0.0,0.0,0.0,0.0,0.0,0.0,0.0,925
B_n3,observation_half_life,price_velocity_x_acceleration^2,2,1,0.0,0.0,0.0,0.0,0.0,0.0,0.0,0.0,925
B_n3,observation_half_life,price_velocity_x_acceleration^3,3,1,0.0,0.0,0.0,0.0,0.0,0.0,0.0,0.0,925
B_n3,observation_half_life,relative_volume,1,0,5.0,5.0,-5.0,5.0,0.005405405405405406,4.999997078158386,9245.0,10.0,925
B_n3,observation_half_life,relative_volume^2,2,0,5.0,5.0,-5.0,5.0,0.005405405405405406,4.999997078158386,9245.0,10.0,925
B_n3,observation_half_life,relative_volume^3,3,0,5.0,5.0,-5.0,5.0,0.005405405405405406,4.999997078158386,9245.0,10.0,925
B_n3,observation_half_life,relative_volume_x_price_velocity,1,1,0.0,0.0,0.0,0.0,0.0,0.0,0.0,0.0,925
B_n3,observation_half_life,relative_volume_x_price_velocity^2,2,1,0.0,0.0,0.0,0.0,0.0,0.0,0.0,0.0,925
B_n3,observation_half_life,relative_volume_x_price_velocity^3,3,1,0.0,0.0,0.0,0.0,0.0,0.0,0.0,0.0,925
B_n3,observation_half_life,spread,1,0,0.03600000000001841,5.0,-5.0,5.0,3.891891891893576e-05,4.997296706474349,9235.072,10.0,925
B_n3,observation_half_life,spread^2,2,0,0.0007200000000007365,5.0,-5.0,5.0,7.783783783796369e-07,4.99729656649801,9235.00144,10.0,925
B_n3,observation_half_life,spread^3,3,0,1.44000000000221e-05,5.0,-5.0,5.0,1.5567567565134644e-08,4.99729656644202,9235.0000288,10.0,925
B_n3,observation_half_life,spread_change,1,0,0.0,4.986966917822487,-5.0,5.0,0.4593278775015029,4.7518789686776834,65.01303308217751,9.994078464790922,925
B_n3,observation_half_life,spread_change^2,2,0,0.0,4.986966917822487,0.0,5.0,4.562913803399595,1.4039777258762944,5.112539659457957,5.0,925
B_n3,observation_half_life,spread_change^3,3,0,0.0,4.986966917822487,-5.0,5.0,0.4593278775015029,4.7518789686776834,65.01303308217751,9.994078464790922,925
B_n3,observation_half_life,volume_density,1,0,5.0,5.0,-5.0,5.0,0.005405405405405406,4.999997078158386,9245.0,10.0,925
B_n3,observation_half_life,volume_density^2,2,0,5.0,5.0,-5.0,5.0,0.005405405405405406,4.999997078158386,9245.0,10.0,925
B_n3,observation_half_life,volume_density^3,3,0,5.0,5.0,-5.0,5.0,0.005405405405405406,4.999997078158386,9245.0,10.0,925
B_n3,observation_half_life,volume_density_x_price_displacement,1,1,0.0,0.0,0.0,0.0,0.0,0.0,0.0,0.0,925
B_n3,observation_half_life,volume_density_x_price_displacement^2,2,1,0.0,0.0,0.0,0.0,0.0,0.0,0.0,0.0,925
B_n3,observation_half_life,volume_density_x_price_displacement^3,3,1,0.0,0.0,0.0,0.0,0.0,0.0,0.0,0.0,925
B_n3,observation_half_life,volume_log,1,0,5.0,5.0,-5.0,5.0,0.005405405405405406,4.999997078158386,9245.0,10.0,925
B_n3,observation_half_life,volume_log^2,2,0,5.0,5.0,-5.0,5.0,0.005405405405405406,4.999997078158386,9245.0,10.0,925
B_n3,observation_half_life,volume_log^3,3,0,5.0,5.0,-5.0,5.0,0.005405405405405406,4.999997078158386,9245.0,10.0,925
B_n3,observation_half_life,volume_log_x_price_displacement,1,1,0.0,0.0,0.0,0.0,0.0,0.0,0.0,0.0,925
B_n3,observation_half_life,volume_log_x_price_displacement^2,2,1,0.0,0.0,0.0,0.0,0.0,0.0,0.0,0.0,925
B_n3,observation_half_life,volume_log_x_price_displacement^3,3,1,0.0,0.0,0.0,0.0,0.0,0.0,0.0,0.0,925
B_n3,observation_half_life,volume_movement_abs,1,0,0.0,5.0,-5.0,5.0,0.0,4.997296566441997,9235.0,10.0,925
B_n3,observation_half_life,volume_movement_abs^2,2,0,0.0,5.0,-5.0,5.0,-0.007331998992225585,4.9179617451714135,8726.03236397633,10.0,925
B_n3,observation_half_life,volume_movement_abs^3,3,0,0.0,4.972754930417505,-5.0,5.0,0.22057605541370176,4.4215376317198904,6125.729326917347,10.0,925
B_n3,observation_half_life,volume_movement_signed,1,0,0.0,5.0,-5.0,5.0,0.0972972972972973,4.996349288121439,7315.0,10.0,925
B_n3,observation_half_life,volume_movement_signed^2,2,0,0.0,5.0,-5.0,5.0,-0.007331998992225585,4.9179617451714135,8726.03236397633,10.0,925
B_n3,observation_half_life,volume_movement_signed^3,3,0,0.0,4.972754930417505,-5.0,5.0,0.35116677859618195,4.541605819111409,5473.800889121922,10.0,925
B_n3,persistence,bias,0,0,0.006,5.0,-5.0,5.0,6.486486486486732e-06,4.997296570331784,9235.012,10.0,925
B_n3,persistence,directional_volume,1,0,0.0,5.0,-5.0,5.0,0.0972972972972973,4.996349288121439,7315.0,10.0,925
B_n3,persistence,directional_volume^2,2,0,0.0,5.0,-5.0,5.0,0.0,4.997296566441997,9235.0,10.0,925
B_n3,persistence,directional_volume^3,3,0,0.0,5.0,-5.0,5.0,0.0972972972972973,4.996349288121439,7315.0,10.0,925
B_n3,persistence,price_acceleration,1,0,0.0,5.0,-5.0,5.0,0.0,4.997296566441997,3015.0,10.0,925
B_n3,persistence,price_acceleration^2,2,0,0.0,5.0,-5.0,5.0,0.1015989116829228,4.951077252835098,8732.512768572624,10.0,925
B_n3,persistence,price_acceleration^3,3,0,0.0,-1.5878959104926385,-5.0,5.0,-0.10268373492547804,4.576137935556107,1897.676800795512,10.0,925
B_n3,persistence,price_displacement,1,0,0.0,5.0,-5.0,5.0,0.0972972972972973,4.996349288121439,7315.0,10.0,925
B_n3,persistence,price_displacement^2,2,0,0.0,5.0,-5.0,5.0,0.031051830985219617,4.950602166516539,8883.295773818301,10.0,925
B_n3,persistence,price_displacement^3,3,0,0.0,5.0,-5.0,5.0,0.04159110634685459,4.47477012255051,5967.362213998988,10.0,925
B_n3,persistence,price_velocity,1,0,0.0,5.0,-5.0,5.0,0.0972972972972973,4.996349288121439,7315.0,10.0,925
B_n3,persistence,price_velocity^2,2,0,0.0,5.0,-5.0,5.0,0.03693717507803583,4.950890550036856,8872.40788724659,10.0,925
B_n3,persistence,price_velocity^3,3,0,0.0,5.0,-5.0,5.0,0.03600058802864994,4.4579215994671335,5869.6662844137245,10.0,925
B_n3,persistence,price_velocity_x_acceleration,1,1,0.0,0.0,0.0,0.0,0.0,0.0,0.0,0.0,925
B_n3,persistence,price_velocity_x_acceleration^2,2,1,0.0,0.0,0.0,0.0,0.0,0.0,0.0,0.0,925
B_n3,persistence,price_velocity_x_acceleration^3,3,1,0.0,0.0,0.0,0.0,0.0,0.0,0.0,0.0,925
B_n3,persistence,relative_volume,1,0,5.0,5.0,-5.0,5.0,0.005405405405405406,4.999997078158386,9245.0,10.0,925
B_n3,persistence,relative_volume^2,2,0,5.0,5.0,-5.0,5.0,0.005405405405405406,4.999997078158386,9245.0,10.0,925
B_n3,persistence,relative_volume^3,3,0,5.0,5.0,-5.0,5.0,0.005405405405405406,4.999997078158386,9245.0,10.0,925
B_n3,persistence,relative_volume_x_price_velocity,1,1,0.0,0.0,0.0,0.0,0.0,0.0,0.0,0.0,925
B_n3,persistence,relative_volume_x_price_velocity^2,2,1,0.0,0.0,0.0,0.0,0.0,0.0,0.0,0.0,925
B_n3,persistence,relative_volume_x_price_velocity^3,3,1,0.0,0.0,0.0,0.0,0.0,0.0,0.0,0.0,925
B_n3,persistence,spread,1,0,0.00012000000000006138,5.0,-5.0,5.0,1.2972972972481846e-07,4.997296566443554,9235.00024,10.0,925
B_n3,persistence,spread^2,2,0,2.4000000000024554e-06,5.0,-5.0,5.0,2.5945945941891075e-09,4.997296566441998,9235.0000048,10.0,925
B_n3,persistence,spread^3,3,0,4.800000000007367e-08,5.0,-5.0,5.0,5.189189618544628e-11,4.997296566441997,9235.000000096,10.0,925
B_n3,persistence,spread_change,1,0,0.0,4.986966917822487,-5.0,5.0,0.4593278775015029,4.7518789686776834,65.01303308217751,9.994078464790922,925
B_n3,persistence,spread_change^2,2,0,0.0,4.986966917822487,0.0,5.0,4.562913803399595,1.4039777258762944,5.112539659457957,5.0,925
B_n3,persistence,spread_change^3,3,0,0.0,4.986966917822487,-5.0,5.0,0.4593278775015029,4.7518789686776834,65.01303308217751,9.994078464790922,925
B_n3,persistence,volume_density,1,0,5.0,5.0,-5.0,5.0,0.005405405405405406,4.999997078158386,9245.0,10.0,925
B_n3,persistence,volume_density^2,2,0,5.0,5.0,-5.0,5.0,0.005405405405405406,4.999997078158386,9245.0,10.0,925
B_n3,persistence,volume_density^3,3,0,5.0,5.0,-5.0,5.0,0.005405405405405406,4.999997078158386,9245.0,10.0,925
B_n3,persistence,volume_density_x_price_displacement,1,1,0.0,0.0,0.0,0.0,0.0,0.0,0.0,0.0,925
B_n3,persistence,volume_density_x_price_displacement^2,2,1,0.0,0.0,0.0,0.0,0.0,0.0,0.0,0.0,925
B_n3,persistence,volume_density_x_price_displacement^3,3,1,0.0,0.0,0.0,0.0,0.0,0.0,0.0,0.0,925
B_n3,persistence,volume_log,1,0,0.04153790461336511,5.0,-5.0,5.0,4.490584282525806e-05,4.997296752870602,9235.083075809227,10.0,925
B_n3,persistence,volume_log^2,2,0,0.2875662532781697,5.0,-5.0,5.0,0.0003108824359764019,4.99730550153004,9235.575132506556,10.0,925
B_n3,persistence,volume_log^3,3,0,1.9908165997819005,5.0,-5.0,5.0,0.0021522341619263875,4.997724786776206,9238.981633199564,10.0,925
B_n3,persistence,volume_log_x_price_displacement,1,1,0.0,0.0,0.0,0.0,0.0,0.0,0.0,0.0,925
B_n3,persistence,volume_log_x_price_displacement^2,2,1,0.0,0.0,0.0,0.0,0.0,0.0,0.0,0.0,925
B_n3,persistence,volume_log_x_price_displacement^3,3,1,0.0,0.0,0.0,0.0,0.0,0.0,0.0,0.0,925
B_n3,persistence,volume_movement_abs,1,0,0.0,5.0,-5.0,5.0,0.0,4.997296566441997,9235.0,10.0,925
B_n3,persistence,volume_movement_abs^2,2,0,0.0,5.0,-5.0,5.0,-0.007332001558637466,4.9179617452328195,8726.032363732376,10.0,925
B_n3,persistence,volume_movement_abs^3,3,0,0.0,4.972754927606131,-5.0,5.0,0.2205760549410337,4.421537631705068,6125.729326904886,10.0,925
B_n3,persistence,volume_movement_signed,1,0,0.0,5.0,-5.0,5.0,0.0972972972972973,4.996349288121439,7315.0,10.0,925
B_n3,persistence,volume_movement_signed^2,2,0,0.0,5.0,-5.0,5.0,-0.007332001558637466,4.9179617452328195,8726.032363732376,10.0,925
B_n3,persistence,volume_movement_signed^3,3,0,0.0,4.972754927606131,-5.0,5.0,0.35116677844903244,4.5416058191300746,5473.8008890935425,10.0,925
B_n3,perturbation_state,bias,0,0,0.012,5.0,-5.0,5.0,1.2972972972973464e-05,4.997296582001148,9235.024,10.0,925
B_n3,perturbation_state,directional_volume,1,0,0.0,5.0,-5.0,5.0,0.0972972972972973,4.996349288121439,7315.0,10.0,925
B_n3,perturbation_state,directional_volume^2,2,0,0.0,5.0,-5.0,5.0,0.0,4.997296566441997,9235.0,10.0,925
B_n3,perturbation_state,directional_volume^3,3,0,0.0,5.0,-5.0,5.0,0.0972972972972973,4.996349288121439,7315.0,10.0,925
B_n3,perturbation_state,price_acceleration,1,0,0.0,5.0,-5.0,5.0,0.0,4.997296566441997,3015.0,10.0,925
B_n3,perturbation_state,price_acceleration^2,2,0,0.0,5.0,-5.0,5.0,0.10159891167853587,4.951077252835136,8732.512768574354,10.0,925
B_n3,perturbation_state,price_acceleration^3,3,0,0.0,-1.5878959104926385,-5.0,5.0,-0.10268373492674784,4.576137935556159,1897.6768007954934,10.0,925
B_n3,perturbation_state,price_displacement,1,0,0.0,5.0,-5.0,5.0,0.0972972972972973,4.996349288121439,7315.0,10.0,925
B_n3,perturbation_state,price_displacement^2,2,0,0.0,5.0,-5.0,5.0,0.031051830981830796,4.9506021665156466,8883.295773817179,10.0,925
B_n3,perturbation_state,price_displacement^3,3,0,0.0,5.0,-5.0,5.0,0.04159110634429484,4.474770122550673,5967.362213998966,10.0,925
B_n3,perturbation_state,price_velocity,1,0,0.0,5.0,-5.0,5.0,0.0972972972972973,4.996349288121439,7315.0,10.0,925
B_n3,perturbation_state,price_velocity^2,2,0,0.0,5.0,-5.0,5.0,0.03693717507464701,4.950890550035968,8872.407887245468,10.0,925
B_n3,perturbation_state,price_velocity^3,3,0,0.0,5.0,-5.0,5.0,0.03600058802608788,4.457921599467295,5869.666284413702,10.0,925
B_n3,perturbation_state,price_velocity_x_acceleration,1,1,0.0,0.0,0.0,0.0,0.0,0.0,0.0,0.0,925
B_n3,perturbation_state,price_velocity_x_acceleration^2,2,1,0.0,0.0,0.0,0.0,0.0,0.0,0.0,0.0,925
B_n3,perturbation_state,price_velocity_x_acceleration^3,3,1,0.0,0.0,0.0,0.0,0.0,0.0,0.0,0.0,925
B_n3,perturbation_state,relative_volume,1,0,5.0,5.0,-5.0,5.0,0.005405405405405406,4.999997078158386,9245.0,10.0,925
B_n3,perturbation_state,relative_volume^2,2,0,5.0,5.0,-5.0,5.0,0.005405405405405406,4.999997078158386,9245.0,10.0,925
B_n3,perturbation_state,relative_volume^3,3,0,5.0,5.0,-5.0,5.0,0.005405405405405406,4.999997078158386,9245.0,10.0,925
B_n3,perturbation_state,relative_volume_x_price_velocity,1,1,0.0,0.0,0.0,0.0,0.0,0.0,0.0,0.0,925
B_n3,perturbation_state,relative_volume_x_price_velocity^2,2,1,0.0,0.0,0.0,0.0,0.0,0.0,0.0,0.0,925
B_n3,perturbation_state,relative_volume_x_price_velocity^3,3,1,0.0,0.0,0.0,0.0,0.0,0.0,0.0,0.0,925
B_n3,perturbation_state,spread,1,0,0.00024000000000012276,5.0,-5.0,5.0,2.594594594496369e-07,4.99729656644822,9235.00048,10.0,925
B_n3,perturbation_state,spread^2,2,0,4.800000000004911e-06,5.0,-5.0,5.0,5.189189188378215e-09,4.9972965664419995,9235.0000096,10.0,925
B_n3,perturbation_state,spread^3,3,0,9.600000000014734e-08,5.0,-5.0,5.0,1.0378379237089256e-10,4.997296566441997,9235.000000192,10.0,925
B_n3,perturbation_state,spread_change,1,0,0.0,4.986966917822487,-5.0,5.0,0.4593278775015029,4.7518789686776834,65.01303308217751,9.994078464790922,925
B_n3,perturbation_state,spread_change^2,2,0,0.0,4.986966917822487,0.0,5.0,4.562913803399595,1.4039777258762944,5.112539659457957,5.0,925
B_n3,perturbation_state,spread_change^3,3,0,0.0,4.986966917822487,-5.0,5.0,0.4593278775015029,4.7518789686776834,65.01303308217751,9.994078464790922,925
B_n3,perturbation_state,volume_density,1,0,5.0,5.0,-5.0,5.0,0.005405405405405406,4.999997078158386,9245.0,10.0,925
B_n3,perturbation_state,volume_density^2,2,0,5.0,5.0,-5.0,5.0,0.005405405405405406,4.999997078158386,9245.0,10.0,925
B_n3,perturbation_state,volume_density^3,3,0,5.0,5.0,-5.0,5.0,0.005405405405405406,4.999997078158386,9245.0,10.0,925
B_n3,perturbation_state,volume_density_x_price_displacement,1,1,0.0,0.0,0.0,0.0,0.0,0.0,0.0,0.0,925
B_n3,perturbation_state,volume_density_x_price_displacement^2,2,1,0.0,0.0,0.0,0.0,0.0,0.0,0.0,0.0,925
B_n3,perturbation_state,volume_density_x_price_displacement^3,3,1,0.0,0.0,0.0,0.0,0.0,0.0,0.0,0.0,925
B_n3,perturbation_state,volume_log,1,0,0.08307580922673022,5.0,-5.0,5.0,8.981168565051612e-05,4.997297312156372,9235.166151618454,10.0,925
B_n3,perturbation_state,volume_log^2,2,0,0.5751325065563394,5.0,-5.0,5.0,0.0006217648719528038,4.997332306698316,9236.150265013113,10.0,925
B_n3,perturbation_state,volume_log^3,3,0,3.981633199563801,5.0,-5.0,5.0,0.004304468323852759,4.999009227688037,9242.963266399127,10.0,925
B_n3,perturbation_state,volume_log_x_price_displacement,1,1,0.0,0.0,0.0,0.0,0.0,0.0,0.0,0.0,925
B_n3,perturbation_state,volume_log_x_price_displacement^2,2,1,0.0,0.0,0.0,0.0,0.0,0.0,0.0,0.0,925
B_n3,perturbation_state,volume_log_x_price_displacement^3,3,1,0.0,0.0,0.0,0.0,0.0,0.0,0.0,0.0,925
B_n3,perturbation_state,volume_movement_abs,1,0,0.0,5.0,-5.0,5.0,0.0,4.997296566441997,9235.0,10.0,925
B_n3,perturbation_state,volume_movement_abs^2,2,0,0.0,5.0,-5.0,5.0,-0.007332001565866174,4.917961745232541,8726.03236373256,10.0,925
B_n3,perturbation_state,volume_movement_abs^3,3,0,0.0,4.972754927606131,-5.0,5.0,0.2205760549405978,4.42153763170513,6125.729326904956,10.0,925
B_n3,perturbation_state,volume_movement_signed,1,0,0.0,5.0,-5.0,5.0,0.0972972972972973,4.996349288121439,7315.0,10.0,925
B_n3,perturbation_state,volume_movement_signed^2,2,0,0.0,5.0,-5.0,5.0,-0.007332001565866174,4.917961745232541,8726.03236373256,10.0,925
B_n3,perturbation_state,volume_movement_signed^3,3,0,0.0,4.972754927606131,-5.0,5.0,0.3511667784478849,4.541605819130118,5473.800889093597,10.0,925
B_n3,reinforcement,bias,0,0,-0.0020999999999999994,-5.0,-5.0,5.0,-2.27027027026882e-06,4.997296566918496,9235.0042,10.0,925
B_n3,reinforcement,directional_volume,1,0,0.0,-5.0,-5.0,5.0,-0.0972972972972973,4.996349288121439,7315.0,10.0,925
B_n3,reinforcement,directional_volume^2,2,0,0.0,-5.0,-5.0,5.0,0.0,4.997296566441997,9235.0,10.0,925
B_n3,reinforcement,directional_volume^3,3,0,0.0,-5.0,-5.0,5.0,-0.0972972972972973,4.996349288121439,7315.0,10.0,925
B_n3,reinforcement,price_acceleration,1,0,0.0,-5.0,-5.0,5.0,0.0,4.997296566441997,3015.0,10.0,925
B_n3,reinforcement,price_acceleration^2,2,0,0.0,-5.0,-5.0,5.0,-0.10159891167839474,4.951077252834785,8732.51276857403,10.0,925
B_n3,reinforcement,price_acceleration^3,3,0,0.0,1.587895910490829,-5.0,5.0,0.1026837349215615,4.576137935555904,1897.6768007955427,10.0,925
B_n3,reinforcement,price_displacement,1,0,0.0,-5.0,-5.0,5.0,-0.0972972972972973,4.996349288121439,7315.0,10.0,925
B_n3,reinforcement,price_displacement^2,2,0,0.0,-5.0,-5.0,5.0,-0.03105183098205681,4.950602166515513,8883.295773815014,10.0,925
B_n3,reinforcement,price_displacement^3,3,0,0.0,-5.0,-5.0,5.0,-0.04159110634855913,4.474770122550331,5967.362213998866,10.0,925
B_n3,reinforcement,price_velocity,1,0,0.0,-5.0,-5.0,5.0,-0.0972972972972973,4.996349288121439,7315.0,10.0,925
B_n3,reinforcement,price_velocity^2,2,0,0.0,-5.0,-5.0,5.0,-0.03693717507487438,4.950890550035833,8872.407887243302,10.0,925
B_n3,reinforcement,price_velocity^3,3,0,0.0,-5.0,-5.0,5.0,-0.03600058803033623,4.45792159946695,5869.666284413608,10.0,925
B_n3,reinforcement,price_velocity_x_acceleration,1,1,0.0,0.0,0.0,0.0,0.0,0.0,0.0,0.0,925
B_n3,reinforcement,price_velocity_x_acceleration^2,2,1,0.0,0.0,0.0,0.0,0.0,0.0,0.0,0.0,925
B_n3,reinforcement,price_velocity_x_acceleration^3,3,1,0.0,0.0,0.0,0.0,0.0,0.0,0.0,0.0,925
B_n3,reinforcement,relative_volume,1,0,-2.130125282584569,-5.0,-5.0,5.0,-0.002302838143334673,4.997786810545271,9239.260250565168,10.0,925
B_n3,reinforcement,relative_volume^2,2,0,-5.0,-5.0,-5.0,5.0,-0.005405405405405406,4.999997078158386,9245.0,10.0,925
B_n3,reinforcement,relative_volume^3,3,0,-5.0,-5.0,-5.0,5.0,-0.005405405405405406,4.999997078158386,9245.0,10.0,925
B_n3,reinforcement,relative_volume_x_price_velocity,1,1,0.0,0.0,0.0,0.0,0.0,0.0,0.0,0.0,925
B_n3,reinforcement,relative_volume_x_price_velocity^2,2,1,0.0,0.0,0.0,0.0,0.0,0.0,0.0,0.0,925
B_n3,reinforcement,relative_volume_x_price_velocity^3,3,1,0.0,0.0,0.0,0.0,0.0,0.0,0.0,0.0,925
B_n3,reinforcement,spread,1,0,-4.200000000002147e-05,-5.0,-5.0,5.0,-4.5405405413672464e-08,4.997296566442188,9235.000084,10.0,925
B_n3,reinforcement,spread^2,2,0,-8.400000000008591e-07,-5.0,-5.0,5.0,-9.08108106429879e-10,4.997296566441997,9235.00000168,10.0,925
B_n3,reinforcement,spread^3,3,0,-1.680000000002578e-08,-5.0,-5.0,5.0,-1.8162163664906197e-11,4.997296566441997,9235.0000000336,10.0,925
B_n3,reinforcement,spread_change,1,0,0.0,-4.986966917822487,-5.0,5.0,-0.4593278775015029,4.7518789686776834,65.01303308217751,9.994078464790922,925
B_n3,reinforcement,spread_change^2,2,0,0.0,-4.986966917822487,-5.0,0.0,-4.562913803399595,1.4039777258762944,5.112539659457957,5.0,925
B_n3,reinforcement,spread_change^3,3,0,0.0,-4.986966917822487,-5.0,5.0,-0.4593278775015029,4.7518789686776834,65.01303308217751,9.994078464790922,925
B_n3,reinforcement,volume_density,1,0,-5.0,-5.0,-5.0,5.0,-0.005405405405405406,4.999997078158386,9245.0,10.0,925
B_n3,reinforcement,volume_density^2,2,0,-5.0,-5.0,-5.0,5.0,-0.005405405405405406,4.999997078158386,9245.0,10.0,925
B_n3,reinforcement,volume_density^3,3,0,-5.0,-5.0,-5.0,5.0,-0.005405405405405406,4.999997078158386,9245.0,10.0,925
B_n3,reinforcement,volume_density_x_price_displacement,1,1,0.0,0.0,0.0,0.0,0.0,0.0,0.0,0.0,925
B_n3,reinforcement,volume_density_x_price_displacement^2,2,1,0.0,0.0,0.0,0.0,0.0,0.0,0.0,0.0,925
B_n3,reinforcement,volume_density_x_price_displacement^3,3,1,0.0,0.0,0.0,0.0,0.0,0.0,0.0,0.0,925
B_n3,reinforcement,volume_log,1,0,-0.014538266614677782,-5.0,-5.0,5.0,-1.5717044988841857e-05,4.997296589279502,9235.02907653323,10.0,925
B_n3,reinforcement,volume_log^2,2,0,-0.10064818864735936,-5.0,-5.0,5.0,-0.00010880885259173528,4.9972976609911415,9235.201296377294,10.0,925
B_n3,reinforcement,volume_log^3,3,0,-0.6967858099236649,-5.0,-5.0,5.0,-0.0007532819566742356,4.997349025405124,9236.393571619847,10.0,925
B_n3,reinforcement,volume_log_x_price_displacement,1,1,0.0,0.0,0.0,0.0,0.0,0.0,0.0,0.0,925
B_n3,reinforcement,volume_log_x_price_displacement^2,2,1,0.0,0.0,0.0,0.0,0.0,0.0,0.0,0.0,925
B_n3,reinforcement,volume_log_x_price_displacement^3,3,1,0.0,0.0,0.0,0.0,0.0,0.0,0.0,0.0,925
B_n3,reinforcement,volume_movement_abs,1,0,0.0,-5.0,-5.0,5.0,0.0,4.997296566441997,9235.0,10.0,925
B_n3,reinforcement,volume_movement_abs^2,2,0,0.0,-5.0,-5.0,5.0,0.007332001567845154,4.917961745232301,8726.032363729393,10.0,925
B_n3,reinforcement,volume_movement_abs^3,3,0,0.0,-4.972754927597971,-5.0,5.0,-0.2205760549404115,4.421537631704976,6125.72932690476,10.0,925
B_n3,reinforcement,volume_movement_signed,1,0,0.0,-5.0,-5.0,5.0,-0.0972972972972973,4.996349288121439,7315.0,10.0,925
B_n3,reinforcement,volume_movement_signed^2,2,0,0.0,-5.0,-5.0,5.0,0.007332001567845154,4.917961745232301,8726.032363729393,10.0,925
B_n3,reinforcement,volume_movement_signed^3,3,0,0.0,-4.972754927597971,-5.0,5.0,-0.35116677844980476,4.541605819130049,5473.800889093383,10.0,925
B_n3,reversal_tendency,bias,0,0,0.006,5.0,-5.0,5.0,6.486486486486732e-06,4.997296570331784,9235.012,10.0,925
B_n3,reversal_tendency,directional_volume,1,0,0.0,5.0,-5.0,5.0,0.0972972972972973,4.996349288121439,7315.0,10.0,925
B_n3,reversal_tendency,directional_volume^2,2,0,0.0,5.0,-5.0,5.0,0.0,4.997296566441997,9235.0,10.0,925
B_n3,reversal_tendency,directional_volume^3,3,0,0.0,5.0,-5.0,5.0,0.0972972972972973,4.996349288121439,7315.0,10.0,925
B_n3,reversal_tendency,price_acceleration,1,0,0.0,5.0,-5.0,5.0,0.0,4.997296566441997,3015.0,10.0,925
B_n3,reversal_tendency,price_acceleration^2,2,0,0.0,5.0,-5.0,5.0,0.10159891167862835,4.951077252835131,8732.512768574237,10.0,925
B_n3,reversal_tendency,price_acceleration^3,3,0,0.0,-1.587895910492267,-5.0,5.0,-0.10268373492556847,4.576137935556116,1897.6768007955109,10.0,925
B_n3,reversal_tendency,price_displacement,1,0,0.0,5.0,-5.0,5.0,0.0972972972972973,4.996349288121439,7315.0,10.0,925
B_n3,reversal_tendency,price_displacement^2,2,0,0.0,5.0,-5.0,5.0,0.031051830981915118,4.950602166515658,8883.295773817135,10.0,925
B_n3,reversal_tendency,price_displacement^3,3,0,0.0,5.0,-5.0,5.0,0.041591106345242976,4.474770122550594,5967.362213998932,10.0,925
B_n3,reversal_tendency,price_velocity,1,0,0.0,5.0,-5.0,5.0,0.0972972972972973,4.996349288121439,7315.0,10.0,925
B_n3,reversal_tendency,price_velocity^2,2,0,0.0,5.0,-5.0,5.0,0.03693717507473168,4.95089055003598,8872.407887245425,10.0,925
B_n3,reversal_tendency,price_velocity^3,3,0,0.0,5.0,-5.0,5.0,0.03600058802702888,4.457921599467214,5869.666284413671,10.0,925
B_n3,reversal_tendency,price_velocity_x_acceleration,1,1,0.0,0.0,0.0,0.0,0.0,0.0,0.0,0.0,925
B_n3,reversal_tendency,price_velocity_x_acceleration^2,2,1,0.0,0.0,0.0,0.0,0.0,0.0,0.0,0.0,925
B_n3,reversal_tendency,price_velocity_x_acceleration^3,3,1,0.0,0.0,0.0,0.0,0.0,0.0,0.0,0.0,925
B_n3,reversal_tendency,relative_volume,1,0,5.0,5.0,-5.0,5.0,0.005405405405405406,4.999997078158386,9245.0,10.0,925
B_n3,reversal_tendency,relative_volume^2,2,0,5.0,5.0,-5.0,5.0,0.005405405405405406,4.999997078158386,9245.0,10.0,925
B_n3,reversal_tendency,relative_volume^3,3,0,5.0,5.0,-5.0,5.0,0.005405405405405406,4.999997078158386,9245.0,10.0,925
B_n3,reversal_tendency,relative_volume_x_price_velocity,1,1,0.0,0.0,0.0,0.0,0.0,0.0,0.0,0.0,925
B_n3,reversal_tendency,relative_volume_x_price_velocity^2,2,1,0.0,0.0,0.0,0.0,0.0,0.0,0.0,0.0,925
B_n3,reversal_tendency,relative_volume_x_price_velocity^3,3,1,0.0,0.0,0.0,0.0,0.0,0.0,0.0,0.0,925
B_n3,reversal_tendency,spread,1,0,0.00012000000000006138,5.0,-5.0,5.0,1.2972972972481846e-07,4.997296566443554,9235.00024,10.0,925
B_n3,reversal_tendency,spread^2,2,0,2.4000000000024554e-06,5.0,-5.0,5.0,2.5945945941891075e-09,4.997296566441998,9235.0000048,10.0,925
B_n3,reversal_tendency,spread^3,3,0,4.800000000007367e-08,5.0,-5.0,5.0,5.189189618544628e-11,4.997296566441997,9235.000000096,10.0,925
B_n3,reversal_tendency,spread_change,1,0,0.0,4.986966917822487,-5.0,5.0,0.4593278775015029,4.7518789686776834,65.01303308217751,9.994078464790922,925
B_n3,reversal_tendency,spread_change^2,2,0,0.0,4.986966917822487,0.0,5.0,4.562913803399595,1.4039777258762944,5.112539659457957,5.0,925
B_n3,reversal_tendency,spread_change^3,3,0,0.0,4.986966917822487,-5.0,5.0,0.4593278775015029,4.7518789686776834,65.01303308217751,9.994078464790922,925
B_n3,reversal_tendency,volume_density,1,0,5.0,5.0,-5.0,5.0,0.005405405405405406,4.999997078158386,9245.0,10.0,925
B_n3,reversal_tendency,volume_density^2,2,0,5.0,5.0,-5.0,5.0,0.005405405405405406,4.999997078158386,9245.0,10.0,925
B_n3,reversal_tendency,volume_density^3,3,0,5.0,5.0,-5.0,5.0,0.005405405405405406,4.999997078158386,9245.0,10.0,925
B_n3,reversal_tendency,volume_density_x_price_displacement,1,1,0.0,0.0,0.0,0.0,0.0,0.0,0.0,0.0,925
B_n3,reversal_tendency,volume_density_x_price_displacement^2,2,1,0.0,0.0,0.0,0.0,0.0,0.0,0.0,0.0,925
B_n3,reversal_tendency,volume_density_x_price_displacement^3,3,1,0.0,0.0,0.0,0.0,0.0,0.0,0.0,0.0,925
B_n3,reversal_tendency,volume_log,1,0,0.04153790461336511,5.0,-5.0,5.0,4.490584282525806e-05,4.997296752870602,9235.083075809227,10.0,925
B_n3,reversal_tendency,volume_log^2,2,0,0.2875662532781697,5.0,-5.0,5.0,0.0003108824359764019,4.99730550153004,9235.575132506556,10.0,925
B_n3,reversal_tendency,volume_log^3,3,0,1.9908165997819005,5.0,-5.0,5.0,0.0021522341619263875,4.997724786776206,9238.981633199564,10.0,925
B_n3,reversal_tendency,volume_log_x_price_displacement,1,1,0.0,0.0,0.0,0.0,0.0,0.0,0.0,0.0,925
B_n3,reversal_tendency,volume_log_x_price_displacement^2,2,1,0.0,0.0,0.0,0.0,0.0,0.0,0.0,0.0,925
B_n3,reversal_tendency,volume_log_x_price_displacement^3,3,1,0.0,0.0,0.0,0.0,0.0,0.0,0.0,0.0,925
B_n3,reversal_tendency,volume_movement_abs,1,0,0.0,5.0,-5.0,5.0,0.0,4.997296566441997,9235.0,10.0,925
B_n3,reversal_tendency,volume_movement_abs^2,2,0,0.0,5.0,-5.0,5.0,-0.00733200156622653,4.917961745232702,8726.032363732003,10.0,925
B_n3,reversal_tendency,volume_movement_abs^3,3,0,0.0,4.972754927602633,-5.0,5.0,0.22057605494034904,4.421537631705057,6125.729326904893,10.0,925
B_n3,reversal_tendency,volume_movement_signed,1,0,0.0,5.0,-5.0,5.0,0.0972972972972973,4.996349288121439,7315.0,10.0,925
B_n3,reversal_tendency,volume_movement_signed^2,2,0,0.0,5.0,-5.0,5.0,-0.00733200156622653,4.917961745232702,8726.032363732003,10.0,925
B_n3,reversal_tendency,volume_movement_signed^3,3,0,0.0,4.972754927602633,-5.0,5.0,0.3511667784483623,4.541605819130102,5473.800889093523,10.0,925
B_n3,strength,bias,0,0,0.012,5.0,-5.0,5.0,1.2972972972973464e-05,4.997296582001148,9235.024,10.0,925
B_n3,strength,directional_volume,1,0,0.0,5.0,-5.0,5.0,0.0972972972972973,4.996349288121439,7315.0,10.0,925
B_n3,strength,directional_volume^2,2,0,0.0,5.0,-5.0,5.0,0.0,4.997296566441997,9235.0,10.0,925
B_n3,strength,directional_volume^3,3,0,0.0,5.0,-5.0,5.0,0.0972972972972973,4.996349288121439,7315.0,10.0,925
B_n3,strength,price_acceleration,1,0,0.0,5.0,-5.0,5.0,0.0,4.997296566441997,3015.0,10.0,925
B_n3,strength,price_acceleration^2,2,0,0.0,5.0,-5.0,5.0,0.10159891168538374,4.951077252835123,8732.51276857151,10.0,925
B_n3,strength,price_acceleration^3,3,0,0.0,-1.5878959104928032,-5.0,5.0,-0.10268373492552234,4.576137935556118,1897.676800795528,10.0,925
B_n3,strength,price_displacement,1,0,0.0,5.0,-5.0,5.0,0.0972972972972973,4.996349288121439,7315.0,10.0,925
B_n3,strength,price_displacement^2,2,0,0.0,5.0,-5.0,5.0,0.03105183098679116,4.9506021665169175,8883.295773818825,10.0,925
B_n3,strength,price_displacement^3,3,0,0.0,5.0,-5.0,5.0,0.04159110634777034,4.474770122550476,5967.362213999076,10.0,925
B_n3,strength,price_velocity,1,0,0.0,5.0,-5.0,5.0,0.0972972972972973,4.996349288121439,7315.0,10.0,925
B_n3,strength,price_velocity^2,2,0,0.0,5.0,-5.0,5.0,0.03693717507960705,4.950890550037234,8872.407887247116,10.0,925
B_n3,strength,price_velocity^3,3,0,0.0,5.0,-5.0,5.0,0.036000588029583405,4.457921599467107,5869.666284413809,10.0,925
B_n3,strength,price_velocity_x_acceleration,1,1,0.0,0.0,0.0,0.0,0.0,0.0,0.0,0.0,925
B_n3,strength,price_velocity_x_acceleration^2,2,1,0.0,0.0,0.0,0.0,0.0,0.0,0.0,0.0,925
B_n3,strength,price_velocity_x_acceleration^3,3,1,0.0,0.0,0.0,0.0,0.0,0.0,0.0,0.0,925
B_n3,strength,relative_volume,1,0,5.0,5.0,-5.0,5.0,0.005405405405405406,4.999997078158386,9245.0,10.0,925
B_n3,strength,relative_volume^2,2,0,5.0,5.0,-5.0,5.0,0.005405405405405406,4.999997078158386,9245.0,10.0,925
B_n3,strength,relative_volume^3,3,0,5.0,5.0,-5.0,5.0,0.005405405405405406,4.999997078158386,9245.0,10.0,925
B_n3,strength,relative_volume_x_price_velocity,1,1,0.0,0.0,0.0,0.0,0.0,0.0,0.0,0.0,925
B_n3,strength,relative_volume_x_price_velocity^2,2,1,0.0,0.0,0.0,0.0,0.0,0.0,0.0,0.0,925
B_n3,strength,relative_volume_x_price_velocity^3,3,1,0.0,0.0,0.0,0.0,0.0,0.0,0.0,0.0,925
B_n3,strength,spread,1,0,0.00024000000000012276,5.0,-5.0,5.0,2.594594594496369e-07,4.99729656644822,9235.00048,10.0,925
B_n3,strength,spread^2,2,0,4.800000000004911e-06,5.0,-5.0,5.0,5.189189188378215e-09,4.9972965664419995,9235.0000096,10.0,925
B_n3,strength,spread^3,3,0,9.600000000014734e-08,5.0,-5.0,5.0,1.0378379237089256e-10,4.997296566441997,9235.000000192,10.0,925
B_n3,strength,spread_change,1,0,0.0,4.986966917822487,-5.0,5.0,0.4593278775015029,4.7518789686776834,65.01303308217751,9.994078464790922,925
B_n3,strength,spread_change^2,2,0,0.0,4.986966917822487,0.0,5.0,4.562913803399595,1.4039777258762944,5.112539659457957,5.0,925
B_n3,strength,spread_change^3,3,0,0.0,4.986966917822487,-5.0,5.0,0.4593278775015029,4.7518789686776834,65.01303308217751,9.994078464790922,925
B_n3,strength,volume_density,1,0,5.0,5.0,-5.0,5.0,0.005405405405405406,4.999997078158386,9245.0,10.0,925
B_n3,strength,volume_density^2,2,0,5.0,5.0,-5.0,5.0,0.005405405405405406,4.999997078158386,9245.0,10.0,925
B_n3,strength,volume_density^3,3,0,5.0,5.0,-5.0,5.0,0.005405405405405406,4.999997078158386,9245.0,10.0,925
B_n3,strength,volume_density_x_price_displacement,1,1,0.0,0.0,0.0,0.0,0.0,0.0,0.0,0.0,925
B_n3,strength,volume_density_x_price_displacement^2,2,1,0.0,0.0,0.0,0.0,0.0,0.0,0.0,0.0,925
B_n3,strength,volume_density_x_price_displacement^3,3,1,0.0,0.0,0.0,0.0,0.0,0.0,0.0,0.0,925
B_n3,strength,volume_log,1,0,0.08307580922673022,5.0,-5.0,5.0,8.981168565051612e-05,4.997297312156372,9235.166151618454,10.0,925
B_n3,strength,volume_log^2,2,0,0.5751325065563394,5.0,-5.0,5.0,0.0006217648719528038,4.997332306698316,9236.150265013113,10.0,925
B_n3,strength,volume_log^3,3,0,3.981633199563801,5.0,-5.0,5.0,0.004304468323852759,4.999009227688037,9242.963266399127,10.0,925
B_n3,strength,volume_log_x_price_displacement,1,1,0.0,0.0,0.0,0.0,0.0,0.0,0.0,0.0,925
B_n3,strength,volume_log_x_price_displacement^2,2,1,0.0,0.0,0.0,0.0,0.0,0.0,0.0,0.0,925
B_n3,strength,volume_log_x_price_displacement^3,3,1,0.0,0.0,0.0,0.0,0.0,0.0,0.0,0.0,925
B_n3,strength,volume_movement_abs,1,0,0.0,5.0,-5.0,5.0,0.0,4.997296566441997,9235.0,10.0,925
B_n3,strength,volume_movement_abs^2,2,0,0.0,5.0,-5.0,5.0,-0.007332001553979447,4.917961745232776,8726.03236373284,10.0,925
B_n3,strength,volume_movement_abs^3,3,0,0.0,4.972754927612515,-5.0,5.0,0.22057605494232185,4.42153763170509,6125.729326904959,10.0,925
B_n3,strength,volume_movement_signed,1,0,0.0,5.0,-5.0,5.0,0.0972972972972973,4.996349288121439,7315.0,10.0,925
B_n3,strength,volume_movement_signed^2,2,0,0.0,5.0,-5.0,5.0,-0.007332001553979447,4.917961745232776,8726.03236373284,10.0,925
B_n3,strength,volume_movement_signed^3,3,0,0.0,4.972754927612515,-5.0,5.0,0.35116677844906874,4.541605819130024,5473.80088909366,10.0,925
B_n3,uncertainty,bias,0,0,0.020999999999999998,5.0,-5.0,5.0,2.2702702702703562e-05,4.997296614091895,9235.042,10.0,925
B_n3,uncertainty,directional_volume,1,0,0.0,5.0,-5.0,5.0,0.0972972972972973,4.996349288121439,7315.0,10.0,925
B_n3,uncertainty,directional_volume^2,2,0,0.0,5.0,-5.0,5.0,0.0,4.997296566441997,9235.0,10.0,925
B_n3,uncertainty,directional_volume^3,3,0,0.0,5.0,-5.0,5.0,0.0972972972972973,4.996349288121439,7315.0,10.0,925
B_n3,uncertainty,price_acceleration,1,0,0.0,5.0,-5.0,5.0,0.0,4.997296566441997,3015.0,10.0,925
B_n3,uncertainty,price_acceleration^2,2,0,0.0,5.0,-5.0,5.0,0.10159891169378293,4.9510772528349305,8732.512768568495,10.0,925
B_n3,uncertainty,price_acceleration^3,3,0,0.0,-1.5878959104941053,-5.0,5.0,-0.10268373492745544,4.576137935556176,1897.676800795493,10.0,925
B_n3,uncertainty,price_displacement,1,0,0.0,5.0,-5.0,5.0,0.0972972972972973,4.996349288121439,7315.0,10.0,925
B_n3,uncertainty,price_displacement^2,2,0,0.0,5.0,-5.0,5.0,0.031051830993820695,4.950602166518841,8883.295773821137,10.0,925
B_n3,uncertainty,price_displacement^3,3,0,0.0,5.0,-5.0,5.0,0.041591106349623444,4.474770122550425,5967.362213999199,10.0,925
B_n3,uncertainty,price_velocity,1,0,0.0,5.0,-5.0,5.0,0.0972972972972973,4.996349288121439,7315.0,10.0,925
B_n3,uncertainty,price_velocity^2,2,0,0.0,5.0,-5.0,5.0,0.03693717508663501,4.9508905500391505,8872.40788724943,10.0,925
B_n3,uncertainty,price_velocity^3,3,0,0.0,5.0,-5.0,5.0,0.036000588031479264,4.457921599467075,5869.6662844139255,10.0,925
B_n3,uncertainty,price_velocity_x_acceleration,1,1,0.0,0.0,0.0,0.0,0.0,0.0,0.0,0.0,925
B_n3,uncertainty,price_velocity_x_acceleration^2,2,1,0.0,0.0,0.0,0.0,0.0,0.0,0.0,0.0,925
B_n3,uncertainty,price_velocity_x_acceleration^3,3,1,0.0,0.0,0.0,0.0,0.0,0.0,0.0,0.0,925
B_n3,uncertainty,relative_volume,1,0,5.0,5.0,-5.0,5.0,0.005405405405405406,4.999997078158386,9245.0,10.0,925
B_n3,uncertainty,relative_volume^2,2,0,5.0,5.0,-5.0,5.0,0.005405405405405406,4.999997078158386,9245.0,10.0,925
B_n3,uncertainty,relative_volume^3,3,0,5.0,5.0,-5.0,5.0,0.005405405405405406,4.999997078158386,9245.0,10.0,925
B_n3,uncertainty,relative_volume_x_price_velocity,1,1,0.0,0.0,0.0,0.0,0.0,0.0,0.0,0.0,925
B_n3,uncertainty,relative_volume_x_price_velocity^2,2,1,0.0,0.0,0.0,0.0,0.0,0.0,0.0,0.0,925
B_n3,uncertainty,relative_volume_x_price_velocity^3,3,1,0.0,0.0,0.0,0.0,0.0,0.0,0.0,0.0,925
B_n3,uncertainty,spread,1,0,0.0004200000000002148,5.0,-5.0,5.0,4.5405405404454616e-07,4.997296566461058,9235.00084,10.0,925
B_n3,uncertainty,spread^2,2,0,8.400000000008593e-06,5.0,-5.0,5.0,9.081081079661877e-09,4.997296566442005,9235.0000168,10.0,925
B_n3,uncertainty,spread^3,3,0,1.6800000000025784e-07,5.0,-5.0,5.0,1.816216212859758e-10,4.997296566441997,9235.000000336,10.0,925
B_n3,uncertainty,spread_change,1,0,0.0,4.986966917822487,-5.0,5.0,0.4593278775015029,4.7518789686776834,65.01303308217751,9.994078464790922,925
B_n3,uncertainty,spread_change^2,2,0,0.0,4.986966917822487,0.0,5.0,4.562913803399595,1.4039777258762944,5.112539659457957,5.0,925
B_n3,uncertainty,spread_change^3,3,0,0.0,4.986966917822487,-5.0,5.0,0.4593278775015029,4.7518789686776834,65.01303308217751,9.994078464790922,925
B_n3,uncertainty,volume_density,1,0,5.0,5.0,-5.0,5.0,0.005405405405405406,4.999997078158386,9245.0,10.0,925
B_n3,uncertainty,volume_density^2,2,0,5.0,5.0,-5.0,5.0,0.005405405405405406,4.999997078158386,9245.0,10.0,925
B_n3,uncertainty,volume_density^3,3,0,5.0,5.0,-5.0,5.0,0.005405405405405406,4.999997078158386,9245.0,10.0,925
B_n3,uncertainty,volume_density_x_price_displacement,1,1,0.0,0.0,0.0,0.0,0.0,0.0,0.0,0.0,925
B_n3,uncertainty,volume_density_x_price_displacement^2,2,1,0.0,0.0,0.0,0.0,0.0,0.0,0.0,0.0,925
B_n3,uncertainty,volume_density_x_price_displacement^3,3,1,0.0,0.0,0.0,0.0,0.0,0.0,0.0,0.0,925
B_n3,uncertainty,volume_log,1,0,0.14538266614677786,5.0,-5.0,5.0,0.00015717044988841858,4.997298850191918,9235.290765332293,10.0,925
B_n3,uncertainty,volume_log^2,2,0,1.0064818864735938,5.0,-5.0,5.0,0.001088088525917399,4.997406020169718,9237.012963772948,10.0,925
B_n3,uncertainty,volume_log^3,3,0,5.0,5.0,-5.0,5.0,0.005405405405405406,4.999997078158386,9245.0,10.0,925
B_n3,uncertainty,volume_log_x_price_displacement,1,1,0.0,0.0,0.0,0.0,0.0,0.0,0.0,0.0,925
B_n3,uncertainty,volume_log_x_price_displacement^2,2,1,0.0,0.0,0.0,0.0,0.0,0.0,0.0,0.0,925
B_n3,uncertainty,volume_log_x_price_displacement^3,3,1,0.0,0.0,0.0,0.0,0.0,0.0,0.0,0.0,925
B_n3,uncertainty,volume_movement_abs,1,0,0.0,5.0,-5.0,5.0,0.0,4.997296566441997,9235.0,10.0,925
B_n3,uncertainty,volume_movement_abs^2,2,0,0.0,5.0,-5.0,5.0,-0.007332001537206851,4.917961745232127,8726.03236373461,10.0,925
B_n3,uncertainty,volume_movement_abs^3,3,0,0.0,4.972754927630306,-5.0,5.0,0.22057605494422888,4.421537631705258,6125.729326904979,10.0,925
B_n3,uncertainty,volume_movement_signed,1,0,0.0,5.0,-5.0,5.0,0.0972972972972973,4.996349288121439,7315.0,10.0,925
B_n3,uncertainty,volume_movement_signed^2,2,0,0.0,5.0,-5.0,5.0,-0.007332001537206851,4.917961745232127,8726.03236373461,10.0,925
B_n3,uncertainty,volume_movement_signed^3,3,0,0.0,4.972754927630306,-5.0,5.0,0.3511667784497633,4.541605819129983,5473.800889093748,10.0,925
C_n1,direction_state,bias,0,0,0.0,-5.0,-5.0,5.0,-0.0054008367293699785,4.9945887514605145,9225.008452050666,10.0,925
C_n1,direction_state,directional_volume,1,0,0.0,-5.0,-5.0,5.0,-0.10269958709508546,4.993535696251248,7305.005763874092,10.0,925
C_n1,direction_state,price_acceleration,1,0,0.0,4.185652045499417,-5.0,5.0,0.6494211761901062,3.964353162194682,1386.0790325183395,10.0,925
C_n1,direction_state,price_displacement,1,0,0.0,-0.5442034629445949,-5.0,5.0,0.5011025313808765,3.7551120499798456,3532.9484931313605,10.0,925
C_n1,direction_state,price_velocity,1,0,0.0,4.105926208991535,-5.0,5.0,0.7594335412146737,3.7521390198515094,3538.1320544316754,10.0,925
C_n1,direction_state,price_velocity_x_acceleration,1,1,0.0,0.0,0.0,0.0,0.0,0.0,0.0,0.0,925
C_n1,direction_state,relative_volume,1,0,0.0,-5.0,-5.0,5.0,-0.005400938473264564,4.994588751265366,9225.00826382446,10.0,925
C_n1,direction_state,relative_volume_x_price_velocity,1,1,0.0,0.0,0.0,0.0,0.0,0.0,0.0,0.0,925
C_n1,direction_state,spread,1,0,0.0,-5.0,-5.0,5.0,-0.22264030291563494,4.847006767115274,8679.40022535167,10.0,925
C_n1,direction_state,spread_change,1,0,0.0,-4.986966917822487,-5.0,5.0,-0.4593278775015029,4.7518789686776834,65.01303308217751,9.994078464790922,925
C_n1,direction_state,volume_density,1,0,0.0,-5.0,-5.0,5.0,0.0,4.997296566441997,9235.0,10.0,925
C_n1,direction_state,volume_density_x_price_displacement,1,1,0.0,0.0,0.0,0.0,0.0,0.0,0.0,0.0,925
C_n1,direction_state,volume_log,1,0,0.0,-5.0,-5.0,5.0,-0.005402289797788171,4.994588748855092,9225.005763874093,10.0,925
C_n1,direction_state,volume_log_x_price_displacement,1,1,0.0,0.0,0.0,0.0,0.0,0.0,0.0,0.0,925
C_n1,direction_state,volume_movement_abs,1,0,0.0,-2.0352480733935434,-5.0,5.0,-0.8617649049798279,3.8743967374634516,3939.0727207356663,10.0,925
C_n1,direction_state,volume_movement_signed,1,0,0.0,-2.0352480733935434,-5.0,5.0,0.32129716761818783,3.7922863293422013,3335.263171140722,10.0,925
C_n1,forward_half_life,bias,0,0,1.7999999999999998,5.0,-5.0,5.0,0.0019459459459459428,4.997646635064353,9238.6,10.0,925
C_n1,forward_half_life,directional_volume,1,0,0.0,5.0,-5.0,5.0,0.0972972972972973,4.996349288121439,7315.0,10.0,925
C_n1,forward_half_life,price_acceleration,1,0,0.0,-4.184568608537766,-5.0,5.0,-0.6671612385502822,3.9606515244124774,1386.0411723146328,10.0,925
C_n1,forward_half_life,price_displacement,1,0,0.0,0.8495051634997499,-5.0,5.0,-0.45307194565849945,3.7599690506897527,3533.353542566286,10.0,925
C_n1,forward_half_life,price_velocity,1,0,0.0,-4.074842692545521,-5.0,5.0,-0.7105101199414366,3.7567655457895746,3539.1525949530637,10.0,925
C_n1,forward_half_life,price_velocity_x_acceleration,1,1,0.0,0.0,0.0,0.0,0.0,0.0,0.0,0.0,925
C_n1,forward_half_life,relative_volume,1,0,5.0,5.0,-5.0,5.0,0.005405405405405406,4.999997078158386,9245.0,10.0,925
C_n1,forward_half_life,relative_volume_x_price_velocity,1,1,0.0,0.0,0.0,0.0,0.0,0.0,0.0,0.0,925
C_n1,forward_half_life,spread,1,0,0.03600000000001841,5.0,-5.0,5.0,-0.0281646132399187,4.81196934810358,8680.268464787956,10.0,925
C_n1,forward_half_life,spread_change,1,0,0.0,4.986966917822487,-5.0,5.0,0.4593278775015029,4.7518789686776834,65.01303308217751,9.994078464790922,925
C_n1,forward_half_life,volume_density,1,0,5.0,5.0,-5.0,5.0,0.005405405405405406,4.999997078158386,9245.0,10.0,925
C_n1,forward_half_life,volume_density_x_price_displacement,1,1,0.0,0.0,0.0,0.0,0.0,0.0,0.0,0.0,925
C_n1,forward_half_life,volume_log,1,0,5.0,5.0,-5.0,5.0,0.005405405405405406,4.999997078158386,9245.0,10.0,925
C_n1,forward_half_life,volume_log_x_price_displacement,1,1,0.0,0.0,0.0,0.0,0.0,0.0,0.0,0.0,925
C_n1,forward_half_life,volume_movement_abs,1,0,0.0,2.244849995212898,-5.0,5.0,0.9095750721345753,3.870455153648429,3937.1412501043123,10.0,925
C_n1,forward_half_life,volume_movement_signed,1,0,0.0,2.244849995212898,-5.0,5.0,-0.2780554798326573,3.801278425256892,3335.536871001603,10.0,925
C_n1,magnitude_state,bias,0,0,0.0,-5.0,-5.0,5.0,-0.002094665384570224,4.992291374885217,9218.87521604778,10.0,925
C_n1,magnitude_state,directional_volume,1,0,0.0,-5.0,-5.0,5.0,-0.0987679310307001,4.991108535555528,7305.0000290123,10.0,925
C_n1,magnitude_state,price_acceleration,1,0,0.0,4.1856496234241805,-5.0,5.0,0.6399386943948268,3.966548118391302,1386.0788693005643,10.0,925
C_n1,magnitude_state,price_displacement,1,0,0.0,-0.5443982034632375,-5.0,5.0,0.5050185698492813,3.7543950888936912,3532.8550949572355,10.0,925
C_n1,magnitude_state,price_velocity,1,0,0.0,4.10591444320926,-5.0,5.0,0.763346935141635,3.751149975490611,3538.039271222499,10.0,925
C_n1,magnitude_state,price_velocity_x_acceleration,1,1,0.0,0.0,0.0,0.0,0.0,0.0,0.0,0.0,925
C_n1,magnitude_state,relative_volume,1,0,0.0,-5.0,-5.0,5.0,-0.0021322778633456026,4.992306087793962,9218.944797238652,10.0,925
C_n1,magnitude_state,relative_volume_x_price_velocity,1,1,0.0,0.0,0.0,0.0,0.0,0.0,0.0,0.0,925
C_n1,magnitude_state,spread,1,0,0.0,-5.0,-5.0,5.0,0.1562045947147525,4.825340110617994,8679.38170782261,10.0,925
C_n1,magnitude_state,spread_change,1,0,0.0,-4.986966917822487,-5.0,5.0,-0.4593278775015029,4.7518789686776834,65.01303308217751,9.994078464790922,925
C_n1,magnitude_state,volume_density,1,0,0.0,-5.0,-5.0,5.0,-0.00535927248837787,4.994588991375759,9225.085345896501,10.0,925
C_n1,magnitude_state,volume_density_x_price_displacement,1,1,0.0,0.0,0.0,0.0,0.0,0.0,0.0,0.0,925
C_n1,magnitude_state,volume_log,1,0,0.0,-5.0,-5.0,5.0,-0.0014706337334028045,4.992085471537096,9217.720730431396,10.0,925
C_n1,magnitude_state,volume_log_x_price_displacement,1,1,0.0,0.0,0.0,0.0,0.0,0.0,0.0,0.0,925
C_n1,magnitude_state,volume_movement_abs,1,0,0.0,-2.0353807296498383,-5.0,5.0,-0.859024989079987,3.8749062530715546,3939.0712835890718,10.0,925
C_n1,magnitude_state,volume_movement_signed,1,0,0.0,-2.0353807296498383,-5.0,5.0,0.3240356465973202,3.791946359517428,3335.1976063495927,10.0,925
C_n1,observation_half_life,bias,0,0,1.7999999999999998,5.0,-5.0,5.0,0.0019459459459459428,4.997646635064353,9238.6,10.0,925
C_n1,observation_half_life,directional_volume,1,0,0.0,5.0,-5.0,5.0,0.0972972972972973,4.996349288121439,7315.0,10.0,925
C_n1,observation_half_life,price_acceleration,1,0,0.0,-4.184568608537766,-5.0,5.0,-0.6671612385502822,3.9606515244124774,1386.0411723146328,10.0,925
C_n1,observation_half_life,price_displacement,1,0,0.0,0.8495051634997499,-5.0,5.0,-0.45307194565849945,3.7599690506897527,3533.353542566286,10.0,925
C_n1,observation_half_life,price_velocity,1,0,0.0,-4.074842692545521,-5.0,5.0,-0.7105101199414366,3.7567655457895746,3539.1525949530637,10.0,925
C_n1,observation_half_life,price_velocity_x_acceleration,1,1,0.0,0.0,0.0,0.0,0.0,0.0,0.0,0.0,925
C_n1,observation_half_life,relative_volume,1,0,5.0,5.0,-5.0,5.0,0.005405405405405406,4.999997078158386,9245.0,10.0,925
C_n1,observation_half_life,relative_volume_x_price_velocity,1,1,0.0,0.0,0.0,0.0,0.0,0.0,0.0,0.0,925
C_n1,observation_half_life,spread,1,0,0.03600000000001841,5.0,-5.0,5.0,-0.0281646132399187,4.81196934810358,8680.268464787956,10.0,925
C_n1,observation_half_life,spread_change,1,0,0.0,4.986966917822487,-5.0,5.0,0.4593278775015029,4.7518789686776834,65.01303308217751,9.994078464790922,925
C_n1,observation_half_life,volume_density,1,0,5.0,5.0,-5.0,5.0,0.005405405405405406,4.999997078158386,9245.0,10.0,925
C_n1,observation_half_life,volume_density_x_price_displacement,1,1,0.0,0.0,0.0,0.0,0.0,0.0,0.0,0.0,925
C_n1,observation_half_life,volume_log,1,0,5.0,5.0,-5.0,5.0,0.005405405405405406,4.999997078158386,9245.0,10.0,925
C_n1,observation_half_life,volume_log_x_price_displacement,1,1,0.0,0.0,0.0,0.0,0.0,0.0,0.0,0.0,925
C_n1,observation_half_life,volume_movement_abs,1,0,0.0,2.244849995212898,-5.0,5.0,0.9095750721345753,3.870455153648429,3937.1412501043123,10.0,925
C_n1,observation_half_life,volume_movement_signed,1,0,0.0,2.244849995212898,-5.0,5.0,-0.2780554798326573,3.801278425256892,3335.536871001603,10.0,925
C_n1,persistence,bias,0,0,0.006,5.0,-5.0,5.0,6.486486486486732e-06,4.997296570331784,9235.012,10.0,925
C_n1,persistence,directional_volume,1,0,0.0,5.0,-5.0,5.0,0.0972972972972973,4.996349288121439,7315.0,10.0,925
C_n1,persistence,price_acceleration,1,0,0.0,-4.1856460067104315,-5.0,5.0,-0.6676517885097102,3.9608214343980133,1386.079325290921,10.0,925
C_n1,persistence,price_displacement,1,0,0.0,0.54541642313428,-5.0,5.0,-0.5190509349341559,3.752233706024862,3532.951221529332,10.0,925
C_n1,persistence,price_velocity,1,0,0.0,-4.105810779821253,-5.0,5.0,-0.7773797187839185,3.7480106493140983,3538.137449828328,10.0,925
C_n1,persistence,price_velocity_x_acceleration,1,1,0.0,0.0,0.0,0.0,0.0,0.0,0.0,0.0,925
C_n1,persistence,relative_volume,1,0,5.0,5.0,-5.0,5.0,0.005405405405405406,4.999997078158386,9245.0,10.0,925
C_n1,persistence,relative_volume_x_price_velocity,1,1,0.0,0.0,0.0,0.0,0.0,0.0,0.0,0.0,925
C_n1,persistence,spread,1,0,0.00012000000000006138,5.0,-5.0,5.0,-0.20233433878545426,4.844814621627032,8689.35924567643,10.0,925
C_n1,persistence,spread_change,1,0,0.0,4.986966917822487,-5.0,5.0,0.4593278775015029,4.7518789686776834,65.01303308217751,9.994078464790922,925
C_n1,persistence,volume_density,1,0,5.0,5.0,-5.0,5.0,0.005405405405405406,4.999997078158386,9245.0,10.0,925
C_n1,persistence,volume_density_x_price_displacement,1,1,0.0,0.0,0.0,0.0,0.0,0.0,0.0,0.0,925
C_n1,persistence,volume_log,1,0,0.04153790461336511,5.0,-5.0,5.0,4.490584282525806e-05,4.997296752870602,9235.083075809227,10.0,925
C_n1,persistence,volume_log_x_price_displacement,1,1,0.0,0.0,0.0,0.0,0.0,0.0,0.0,0.0,925
C_n1,persistence,volume_movement_abs,1,0,0.0,2.0360797813260443,-5.0,5.0,0.8495943998920152,3.8768476598871127,3939.3549297147856,10.0,925
C_n1,persistence,volume_movement_signed,1,0,0.0,2.0360797813260443,-5.0,5.0,-0.33347801180081277,3.790971450339054,3335.2650532709854,10.0,925
C_n1,perturbation_state,bias,0,0,0.012,5.0,-5.0,5.0,1.2972972972973464e-05,4.997296582001148,9235.024,10.0,925
C_n1,perturbation_state,directional_volume,1,0,0.0,5.0,-5.0,5.0,0.0972972972972973,4.996349288121439,7315.0,10.0,925
C_n1,perturbation_state,price_acceleration,1,0,0.0,-4.185648889383451,-5.0,5.0,-0.6676514188781288,3.9608221775507686,1386.079444289776,10.0,925
C_n1,perturbation_state,price_displacement,1,0,0.0,0.5446956886226666,-5.0,5.0,-0.5191899271954722,3.7522134989867224,3532.950199761964,10.0,925
C_n1,perturbation_state,price_velocity,1,0,0.0,-4.1058936375959645,-5.0,5.0,-0.7775152630377752,3.747986966594772,3538.1352250035006,10.0,925
C_n1,perturbation_state,price_velocity_x_acceleration,1,1,0.0,0.0,0.0,0.0,0.0,0.0,0.0,0.0,925
C_n1,perturbation_state,relative_volume,1,0,5.0,5.0,-5.0,5.0,0.005405405405405406,4.999997078158386,9245.0,10.0,925
C_n1,perturbation_state,relative_volume_x_price_velocity,1,1,0.0,0.0,0.0,0.0,0.0,0.0,0.0,0.0,925
C_n1,perturbation_state,spread,1,0,0.00024000000000012276,5.0,-5.0,5.0,-0.2029596982321233,4.845059506570021,8689.38685690538,10.0,925
C_n1,perturbation_state,spread_change,1,0,0.0,4.986966917822487,-5.0,5.0,0.4593278775015029,4.7518789686776834,65.01303308217751,9.994078464790922,925
C_n1,perturbation_state,volume_density,1,0,5.0,5.0,-5.0,5.0,0.005405405405405406,4.999997078158386,9245.0,10.0,925
C_n1,perturbation_state,volume_density_x_price_displacement,1,1,0.0,0.0,0.0,0.0,0.0,0.0,0.0,0.0,925
C_n1,perturbation_state,volume_log,1,0,0.08307580922673022,5.0,-5.0,5.0,8.981168565051612e-05,4.997297312156372,9235.166151618454,10.0,925
C_n1,perturbation_state,volume_log_x_price_displacement,1,1,0.0,0.0,0.0,0.0,0.0,0.0,0.0,0.0,925
C_n1,perturbation_state,volume_movement_abs,1,0,0.0,2.0355837981140823,-5.0,5.0,0.8494597335088809,3.8768640275896464,3939.359817478968,10.0,925
C_n1,perturbation_state,volume_movement_signed,1,0,0.0,2.0355837981140823,-5.0,5.0,-0.33360251851687417,3.7909517321896384,3335.26437450659,10.0,925
C_n1,reinforcement,bias,0,0,-0.0020999999999999994,-5.0,-5.0,5.0,-2.27027027026882e-06,4.997296566918496,9235.0042,10.0,925
C_n1,reinforcement,directional_volume,1,0,0.0,-5.0,-5.0,5.0,-0.0972972972972973,4.996349288121439,7315.0,10.0,925
C_n1,reinforcement,price_acceleration,1,0,0.0,4.1856441803999145,-5.0,5.0,0.6676476254247813,3.9608238994271496,1386.0798642012144,10.0,925
C_n1,reinforcement,price_displacement,1,0,0.0,-0.5443253919885088,-5.0,5.0,0.5192634565011276,3.7522040598733946,3532.951081731103,10.0,925
C_n1,reinforcement,price_velocity,1,0,0.0,4.10591254879991,-5.0,5.0,0.777591896690893,3.747976118561518,3538.135059106864,10.0,925
C_n1,reinforcement,price_velocity_x_acceleration,1,1,0.0,0.0,0.0,0.0,0.0,0.0,0.0,0.0,925
C_n1,reinforcement,relative_volume,1,0,-2.130125282584569,-5.0,-5.0,5.0,-0.002302838143334673,4.997786810545271,9239.260250565168,10.0,925
C_n1,reinforcement,relative_volume_x_price_velocity,1,1,0.0,0.0,0.0,0.0,0.0,0.0,0.0,0.0,925
C_n1,reinforcement,spread,1,0,-4.200000000002147e-05,-5.0,-5.0,5.0,0.20299833811831372,4.845079130155455,8689.388242016248,10.0,925
C_n1,reinforcement,spread_change,1,0,0.0,-4.986966917822487,-5.0,5.0,-0.4593278775015029,4.7518789686776834,65.01303308217751,9.994078464790922,925
C_n1,reinforcement,volume_density,1,0,-5.0,-5.0,-5.0,5.0,-0.005405405405405406,4.999997078158386,9245.0,10.0,925
C_n1,reinforcement,volume_density_x_price_displacement,1,1,0.0,0.0,0.0,0.0,0.0,0.0,0.0,0.0,925
C_n1,reinforcement,volume_log,1,0,-0.014538266614677782,-5.0,-5.0,5.0,-1.5717044988841857e-05,4.997296589279502,9235.02907653323,10.0,925
C_n1,reinforcement,volume_log_x_price_displacement,1,1,0.0,0.0,0.0,0.0,0.0,0.0,0.0,0.0,925
C_n1,reinforcement,volume_movement_abs,1,0,0.0,-2.035331355083385,-5.0,5.0,-0.849381812252125,3.8768765204207973,3939.3636945722546,10.0,925
C_n1,reinforcement,volume_movement_signed,1,0,0.0,-2.035331355083385,-5.0,5.0,0.3336742147148269,3.7909411390594974,3335.2649938406958,10.0,925
C_n1,reversal_tendency,bias,0,0,0.006,5.0,-5.0,5.0,6.486486486486732e-06,4.997296570331784,9235.012,10.0,925
C_n1,reversal_tendency,directional_volume,1,0,0.0,5.0,-5.0,5.0,0.0972972972972973,4.996349288121439,7315.0,10.0,925
C_n1,reversal_tendency,price_acceleration,1,0,0.0,-4.185648411160836,-5.0,5.0,-0.6676516452463211,3.9608223250286096,1386.0795461966072,10.0,925
C_n1,reversal_tendency,price_displacement,1,0,0.0,0.5445661006379741,-5.0,5.0,-0.5192155225971825,3.752210404794373,3532.950334215351,10.0,925
C_n1,reversal_tendency,price_velocity,1,0,0.0,-4.10590128535869,-5.0,5.0,-0.7775417596495191,3.747983391427248,3538.1350328774874,10.0,925
C_n1,reversal_tendency,price_velocity_x_acceleration,1,1,0.0,0.0,0.0,0.0,0.0,0.0,0.0,0.0,925
C_n1,reversal_tendency,relative_volume,1,0,5.0,5.0,-5.0,5.0,0.005405405405405406,4.999997078158386,9245.0,10.0,925
C_n1,reversal_tendency,relative_volume_x_price_velocity,1,1,0.0,0.0,0.0,0.0,0.0,0.0,0.0,0.0,925
C_n1,reversal_tendency,spread,1,0,0.00012000000000006138,5.0,-5.0,5.0,-0.2029551149382887,4.845057657294779,8689.386977197695,10.0,925
C_n1,reversal_tendency,spread_change,1,0,0.0,4.986966917822487,-5.0,5.0,0.4593278775015029,4.7518789686776834,65.01303308217751,9.994078464790922,925
C_n1,reversal_tendency,volume_density,1,0,5.0,5.0,-5.0,5.0,0.005405405405405406,4.999997078158386,9245.0,10.0,925
C_n1,reversal_tendency,volume_density_x_price_displacement,1,1,0.0,0.0,0.0,0.0,0.0,0.0,0.0,0.0,925
C_n1,reversal_tendency,volume_log,1,0,0.04153790461336511,5.0,-5.0,5.0,4.490584282525806e-05,4.997296752870602,9235.083075809227,10.0,925
C_n1,reversal_tendency,volume_log_x_price_displacement,1,1,0.0,0.0,0.0,0.0,0.0,0.0,0.0,0.0,925
C_n1,reversal_tendency,volume_movement_abs,1,0,0.0,2.035495393402222,-5.0,5.0,0.849433120986402,3.876868442241783,3939.3610161957617,10.0,925
C_n1,reversal_tendency,volume_movement_signed,1,0,0.0,2.035495393402222,-5.0,5.0,-0.3336270851513837,3.790948210347114,3335.2644688642717,10.0,925
C_n1,strength,bias,0,0,0.012,5.0,-5.0,5.0,1.2972972972973464e-05,4.997296582001148,9235.024,10.0,925
C_n1,strength,directional_volume,1,0,0.0,5.0,-5.0,5.0,0.0972972972972973,4.996349288121439,7315.0,10.0,925
C_n1,strength,price_acceleration,1,0,0.0,-4.185647747888931,-5.0,5.0,-0.6676499670721562,3.960822017254485,1386.0795162096344,10.0,925
C_n1,strength,price_displacement,1,0,0.0,0.5447962596600999,-5.0,5.0,-0.5191620742949035,3.7522180711396884,3532.9504525072416,10.0,925
C_n1,strength,price_velocity,1,0,0.0,-4.1058793322869604,-5.0,5.0,-0.7774889445622526,3.7479927825818384,3538.135569173006,10.0,925
C_n1,strength,price_velocity_x_acceleration,1,1,0.0,0.0,0.0,0.0,0.0,0.0,0.0,0.0,925
C_n1,strength,relative_volume,1,0,5.0,5.0,-5.0,5.0,0.005405405405405406,4.999997078158386,9245.0,10.0,925
C_n1,strength,relative_volume_x_price_velocity,1,1,0.0,0.0,0.0,0.0,0.0,0.0,0.0,0.0,925
C_n1,strength,spread,1,0,0.00024000000000012276,5.0,-5.0,5.0,-0.2023270169215999,4.844781607380163,8689.369134764147,10.0,925
C_n1,strength,spread_change,1,0,0.0,4.986966917822487,-5.0,5.0,0.4593278775015029,4.7518789686776834,65.01303308217751,9.994078464790922,925
C_n1,strength,volume_density,1,0,5.0,5.0,-5.0,5.0,0.005405405405405406,4.999997078158386,9245.0,10.0,925
C_n1,strength,volume_density_x_price_displacement,1,1,0.0,0.0,0.0,0.0,0.0,0.0,0.0,0.0,925
C_n1,strength,volume_log,1,0,0.08307580922673022,5.0,-5.0,5.0,8.981168565051612e-05,4.997297312156372,9235.166151618454,10.0,925
C_n1,strength,volume_log_x_price_displacement,1,1,0.0,0.0,0.0,0.0,0.0,0.0,0.0,0.0,925
C_n1,strength,volume_movement_abs,1,0,0.0,2.0356540135197463,-5.0,5.0,0.8494866928610997,3.8768613526020803,3939.358998731349,10.0,925
C_n1,strength,volume_movement_signed,1,0,0.0,2.0356540135197463,-5.0,5.0,-0.33357963824844145,3.790955469515142,3335.2645470266884,10.0,925
C_n1,uncertainty,bias,0,0,0.020999999999999998,5.0,-5.0,5.0,2.2702702702703562e-05,4.997296614091895,9235.042,10.0,925
C_n1,uncertainty,directional_volume,1,0,0.0,5.0,-5.0,5.0,0.0972972972972973,4.996349288121439,7315.0,10.0,925
C_n1,uncertainty,price_acceleration,1,0,0.0,-4.185647688703966,-5.0,5.0,-0.6676548072024112,3.960821544979637,1386.0793380285154,10.0,925
C_n1,uncertainty,price_displacement,1,0,0.0,0.5450936385114256,-5.0,5.0,-0.5191148886583771,3.752224662839157,3532.9509926255173,10.0,925
C_n1,uncertainty,price_velocity,1,0,0.0,-4.105840620947907,-5.0,5.0,-0.7774444114461323,3.748000039652414,3538.1364945738164,10.0,925
C_n1,uncertainty,price_velocity_x_acceleration,1,1,0.0,0.0,0.0,0.0,0.0,0.0,0.0,0.0,925
C_n1,uncertainty,relative_volume,1,0,5.0,5.0,-5.0,5.0,0.005405405405405406,4.999997078158386,9245.0,10.0,925
C_n1,uncertainty,relative_volume_x_price_velocity,1,1,0.0,0.0,0.0,0.0,0.0,0.0,0.0,0.0,925
C_n1,uncertainty,spread,1,0,0.0004200000000002148,5.0,-5.0,5.0,-0.2015582010557579,4.844443853620635,8689.347120334822,10.0,925
C_n1,uncertainty,spread_change,1,0,0.0,4.986966917822487,-5.0,5.0,0.4593278775015029,4.7518789686776834,65.01303308217751,9.994078464790922,925
C_n1,uncertainty,volume_density,1,0,5.0,5.0,-5.0,5.0,0.005405405405405406,4.999997078158386,9245.0,10.0,925
C_n1,uncertainty,volume_density_x_price_displacement,1,1,0.0,0.0,0.0,0.0,0.0,0.0,0.0,0.0,925
C_n1,uncertainty,volume_log,1,0,0.14538266614677786,5.0,-5.0,5.0,0.00015717044988841858,4.997298850191918,9235.290765332293,10.0,925
C_n1,uncertainty,volume_log_x_price_displacement,1,1,0.0,0.0,0.0,0.0,0.0,0.0,0.0,0.0,925
C_n1,uncertainty,volume_movement_abs,1,0,0.0,2.0358578821752644,-5.0,5.0,0.849536568965818,3.87685491585675,3939.357173664715,10.0,925
C_n1,uncertainty,volume_movement_signed,1,0,0.0,2.0358578821752644,-5.0,5.0,-0.3335379271608039,3.7909620362141894,3335.2649016224323,10.0,925
C_n2,direction_state,bias,0,0,0.0,-5.0,-5.0,5.0,-0.0054008367293699785,4.9945887514605145,9225.008452050666,10.0,925
C_n2,direction_state,directional_volume,1,0,0.0,-5.0,-5.0,5.0,-0.10269958709508546,4.993535696251248,7305.005763874092,10.0,925
C_n2,direction_state,directional_volume^2,2,0,0.0,-5.0,-5.0,5.0,-0.00540328071747627,4.994588747302341,9225.003930672669,10.0,925
C_n2,direction_state,price_acceleration,1,0,0.0,-5.0,-5.0,5.0,-0.00193985216107575,4.982720049568786,3001.9465102614017,10.0,925
C_n2,direction_state,price_acceleration^2,2,0,0.0,3.465632242605597,-5.0,5.0,0.038538332516815814,4.273592727194068,4892.709493124524,10.0,925
C_n2,direction_state,price_displacement,1,0,0.0,-5.0,-5.0,5.0,-0.09845214509040605,4.9876140967082145,7295.6325473133875,10.0,925
C_n2,direction_state,price_displacement^2,2,0,0.0,-4.894094451612419,-5.0,5.0,-0.41985536397194173,4.366143427441427,5843.809670799813,10.0,925
C_n2,direction_state,price_velocity,1,0,0.0,-5.0,-5.0,5.0,-0.09845214509040605,4.9876140967082145,7295.6325473133875,10.0,925
C_n2,direction_state,price_velocity^2,2,0,0.0,1.8031875791546619,-5.0,5.0,-0.29916449395108197,4.367562218778869,5771.347942869581,10.0,925
C_n2,direction_state,price_velocity_x_acceleration,1,1,0.0,0.0,0.0,0.0,0.0,0.0,0.0,0.0,925
C_n2,direction_state,price_velocity_x_acceleration^2,2,1,0.0,0.0,0.0,0.0,0.0,0.0,0.0,0.0,925
C_n2,direction_state,relative_volume,1,0,0.0,-5.0,-5.0,5.0,-0.005400938473264564,4.994588751265366,9225.00826382446,10.0,925
C_n2,direction_state,relative_volume^2,2,0,0.0,-5.0,-5.0,5.0,-0.005401037951334201,4.994588751076414,9225.008079790032,10.0,925
C_n2,direction_state,relative_volume_x_price_velocity,1,1,0.0,0.0,0.0,0.0,0.0,0.0,0.0,0.0,925
C_n2,direction_state,relative_volume_x_price_velocity^2,2,1,0.0,0.0,0.0,0.0,0.0,0.0,0.0,0.0,925
C_n2,direction_state,spread,1,0,0.0,-5.0,-5.0,5.0,-0.005405314031884706,4.99458874468498,9225.000169041014,10.0,925
C_n2,direction_state,spread^2,2,0,0.0,-5.0,-5.0,5.0,-0.005405403577934995,4.994588744587297,9225.000003380821,10.0,925
C_n2,direction_state,spread_change,1,0,0.0,-4.986966917822487,-5.0,5.0,-0.4593278775015029,4.7518789686776834,65.01303308217751,9.994078464790922,925
C_n2,direction_state,spread_change^2,2,0,0.0,-4.986966917822487,-5.0,0.0,-4.562913803399595,1.4039777258762944,5.112539659457957,5.0,925
C_n2,direction_state,volume_density,1,0,0.0,-5.0,-5.0,5.0,0.0,4.997296566441997,9235.0,10.0,925
C_n2,direction_state,volume_density^2,2,0,0.0,-5.0,-5.0,5.0,0.0,4.997296566441997,9235.0,10.0,925
C_n2,direction_state,volume_density_x_price_displacement,1,1,0.0,0.0,0.0,0.0,0.0,0.0,0.0,0.0,925
C_n2,direction_state,volume_density_x_price_displacement^2,2,1,0.0,0.0,0.0,0.0,0.0,0.0,0.0,0.0,925
C_n2,direction_state,volume_log,1,0,0.0,-5.0,-5.0,5.0,-0.005402289797788171,4.994588748855092,9225.005763874093,10.0,925
C_n2,direction_state,volume_log^2,2,0,0.0,-5.0,-5.0,5.0,-0.00540328071747627,4.994588747302341,9225.003930672669,10.0,925
C_n2,direction_state,volume_log_x_price_displacement,1,1,0.0,0.0,0.0,0.0,0.0,0.0,0.0,0.0,925
C_n2,direction_state,volume_log_x_price_displacement^2,2,1,0.0,0.0,0.0,0.0,0.0,0.0,0.0,0.0,925
C_n2,direction_state,volume_movement_abs,1,0,0.0,-5.0,-5.0,5.0,-0.012419934462458686,4.977787121191203,9135.725013094312,10.0,925
C_n2,direction_state,volume_movement_abs^2,2,0,0.0,0.5317436265748128,-5.0,5.0,-0.28500919194119234,4.3114240144661755,5355.319096017332,10.0,925
C_n2,direction_state,volume_movement_signed,1,0,0.0,-5.0,-5.0,5.0,-0.09580230927736191,4.98668800032036,7292.895585234973,10.0,925
C_n2,direction_state,volume_movement_signed^2,2,0,0.0,0.5317436265748128,-5.0,5.0,-0.28500919194119234,4.3114240144661755,5355.319096017332,10.0,925
C_n2,forward_half_life,bias,0,0,1.7999999999999998,5.0,-5.0,5.0,0.0019459459459459428,4.997646635064353,9238.6,10.0,925
C_n2,forward_half_life,directional_volume,1,0,0.0,5.0,-5.0,5.0,0.0972972972972973,4.996349288121439,7315.0,10.0,925
C_n2,forward_half_life,directional_volume^2,2,0,0.0,5.0,-5.0,5.0,0.0,4.997296566441997,9235.0,10.0,925
C_n2,forward_half_life,price_acceleration,1,0,0.0,5.0,-5.0,5.0,-0.003465788535623024,4.985430435327566,3001.9466659241734,10.0,925
C_n2,forward_half_life,price_acceleration^2,2,0,0.0,-3.465614102120961,-5.0,5.0,-0.0644486126577982,4.2720301765569015,4893.316459673919,10.0,925
C_n2,forward_half_life,price_displacement,1,0,0.0,5.0,-5.0,5.0,0.09304671895188814,4.9904263969953355,7305.632277328614,10.0,925
C_n2,forward_half_life,price_displacement^2,2,0,0.0,4.894179676069172,-5.0,5.0,0.3939444848522686,4.368491751531339,5844.416142163327,10.0,925
C_n2,forward_half_life,price_velocity,1,0,0.0,5.0,-5.0,5.0,0.09304671895188814,4.9904263969953355,7305.632277328614,10.0,925
C_n2,forward_half_life,price_velocity^2,2,0,0.0,-1.8031696926172787,-5.0,5.0,0.2732530708099665,4.369193664950127,5771.954369282901,10.0,925
C_n2,forward_half_life,price_velocity_x_acceleration,1,1,0.0,0.0,0.0,0.0,0.0,0.0,0.0,0.0,925
C_n2,forward_half_life,price_velocity_x_acceleration^2,2,1,0.0,0.0,0.0,0.0,0.0,0.0,0.0,0.0,925
C_n2,forward_half_life,relative_volume,1,0,5.0,5.0,-5.0,5.0,0.005405405405405406,4.999997078158386,9245.0,10.0,925
C_n2,forward_half_life,relative_volume^2,2,0,5.0,5.0,-5.0,5.0,0.005405405405405406,4.999997078158386,9245.0,10.0,925
C_n2,forward_half_life,relative_volume_x_price_velocity,1,1,0.0,0.0,0.0,0.0,0.0,0.0,0.0,0.0,925
C_n2,forward_half_life,relative_volume_x_price_velocity^2,2,1,0.0,0.0,0.0,0.0,0.0,0.0,0.0,0.0,925
C_n2,forward_half_life,spread,1,0,0.03600000000001841,5.0,-5.0,5.0,3.891891891893576e-05,4.997296706474349,9235.072,10.0,925
C_n2,forward_half_life,spread^2,2,0,0.0007200000000007365,5.0,-5.0,5.0,7.783783783796369e-07,4.99729656649801,9235.00144,10.0,925
C_n2,forward_half_life,spread_change,1,0,0.0,4.986966917822487,-5.0,5.0,0.4593278775015029,4.7518789686776834,65.01303308217751,9.994078464790922,925
C_n2,forward_half_life,spread_change^2,2,0,0.0,4.986966917822487,0.0,5.0,4.562913803399595,1.4039777258762944,5.112539659457957,5.0,925
C_n2,forward_half_life,volume_density,1,0,5.0,5.0,-5.0,5.0,0.005405405405405406,4.999997078158386,9245.0,10.0,925
C_n2,forward_half_life,volume_density^2,2,0,5.0,5.0,-5.0,5.0,0.005405405405405406,4.999997078158386,9245.0,10.0,925
C_n2,forward_half_life,volume_density_x_price_displacement,1,1,0.0,0.0,0.0,0.0,0.0,0.0,0.0,0.0,925
C_n2,forward_half_life,volume_density_x_price_displacement^2,2,1,0.0,0.0,0.0,0.0,0.0,0.0,0.0,0.0,925
C_n2,forward_half_life,volume_log,1,0,5.0,5.0,-5.0,5.0,0.005405405405405406,4.999997078158386,9245.0,10.0,925
C_n2,forward_half_life,volume_log^2,2,0,5.0,5.0,-5.0,5.0,0.005405405405405406,4.999997078158386,9245.0,10.0,925
C_n2,forward_half_life,volume_log_x_price_displacement,1,1,0.0,0.0,0.0,0.0,0.0,0.0,0.0,0.0,925
C_n2,forward_half_life,volume_log_x_price_displacement^2,2,1,0.0,0.0,0.0,0.0,0.0,0.0,0.0,0.0,925
C_n2,forward_half_life,volume_movement_abs,1,0,0.0,5.0,-5.0,5.0,0.007014988837263483,4.980511733617179,9145.724705595225,10.0,925
C_n2,forward_half_life,volume_movement_abs^2,2,0,0.0,-0.5317038121737436,-5.0,5.0,0.2729608371659081,4.312105146197205,5355.600989576822,10.0,925
C_n2,forward_half_life,volume_movement_signed,1,0,0.0,5.0,-5.0,5.0,0.09039690176553157,4.989498071327798,7302.895385112288,10.0,925
C_n2,forward_half_life,volume_movement_signed^2,2,0,0.0,-0.5317038121737436,-5.0,5.0,0.2729608371659081,4.312105146197205,5355.600989576822,10.0,925
C_n2,magnitude_state,bias,0,0,0.0,-5.0,-5.0,5.0,-0.005405382409101585,4.9945887446102555,9225.000042543163,10.0,925
C_n2,magnitude_state,directional_volume,1,0,0.0,-5.0,-5.0,5.0,-0.10270268702037838,4.993535631596611,7305.0000290123,10.0,925
C_n2,magnitude_state,directional_volume^2,2,0,0.0,-5.0,-5.0,5.0,-0.005405394710847786,4.9945887445969035,9225.000019784931,10.0,925
C_n2,magnitude_state,price_acceleration,1,0,0.0,-5.0,-5.0,5.0,-0.0019398554070746772,4.982720049543873,3001.946510236776,10.0,925
C_n2,magnitude_state,price_acceleration^2,2,0,0.0,3.46563223622633,-5.0,5.0,0.03854306632084372,4.273592283312019,4892.70949308547,10.0,925
C_n2,magnitude_state,price_displacement,1,0,0.0,-5.0,-5.0,5.0,-0.09845214833974594,4.9876140966573255,7295.632541336331,10.0,925
C_n2,magnitude_state,price_displacement^2,2,0,0.0,-4.894094485831348,-5.0,5.0,-0.41985453146023044,4.3661434761667435,5843.809671299411,10.0,925
C_n2,magnitude_state,price_velocity,1,0,0.0,-5.0,-5.0,5.0,-0.09845214833974594,4.9876140966573255,7295.632541336331,10.0,925
C_n2,magnitude_state,price_velocity^2,2,0,0.0,1.8031875719036896,-5.0,5.0,-0.2991636612257422,4.3675622443122535,5771.347943357172,10.0,925
C_n2,magnitude_state,price_velocity_x_acceleration,1,1,0.0,0.0,0.0,0.0,0.0,0.0,0.0,0.0,925
C_n2,magnitude_state,price_velocity_x_acceleration^2,2,1,0.0,0.0,0.0,0.0,0.0,0.0,0.0,0.0,925
C_n2,magnitude_state,relative_volume,1,0,0.0,-5.0,-5.0,5.0,-0.0054053829212266525,4.9945887446096995,9225.000041595731,10.0,925
C_n2,magnitude_state,relative_volume^2,2,0,0.0,-5.0,-5.0,5.0,-0.005405383421946748,4.994588744609154,9225.000040669398,10.0,925
C_n2,magnitude_state,relative_volume_x_price_velocity,1,1,0.0,0.0,0.0,0.0,0.0,0.0,0.0,0.0,925
C_n2,magnitude_state,relative_volume_x_price_velocity^2,2,1,0.0,0.0,0.0,0.0,0.0,0.0,0.0,0.0,925
C_n2,magnitude_state,spread,1,0,0.0,-5.0,-5.0,5.0,-0.005405404945479328,4.994588744585816,9225.000000850863,10.0,925
C_n2,magnitude_state,spread^2,2,0,0.0,-5.0,-5.0,5.0,-0.00540540539620688,4.994588744585328,9225.000000017017,10.0,925
C_n2,magnitude_state,spread_change,1,0,0.0,-4.986966917822487,-5.0,5.0,-0.4593278775015029,4.7518789686776834,65.01303308217751,9.994078464790922,925
C_n2,magnitude_state,spread_change^2,2,0,0.0,-4.986966917822487,-5.0,0.0,-4.562913803399595,1.4039777258762944,5.112539659457957,5.0,925
C_n2,magnitude_state,volume_density,1,0,0.0,-5.0,-5.0,5.0,-0.00535927248837787,4.994588991375759,9225.085345896501,10.0,925
C_n2,magnitude_state,volume_density^2,2,0,0.0,-5.0,-5.0,5.0,0.0,4.997296566441997,9235.0,10.0,925
C_n2,magnitude_state,volume_density_x_price_displacement,1,1,0.0,0.0,0.0,0.0,0.0,0.0,0.0,0.0,925
C_n2,magnitude_state,volume_density_x_price_displacement^2,2,1,0.0,0.0,0.0,0.0,0.0,0.0,0.0,0.0,925
C_n2,magnitude_state,volume_log,1,0,0.0,-5.0,-5.0,5.0,-0.005405389723081086,4.994588744602314,9225.0000290123,10.0,925
C_n2,magnitude_state,volume_log^2,2,0,0.0,-5.0,-5.0,5.0,-0.005405394710847786,4.9945887445969035,9225.000019784931,10.0,925
C_n2,magnitude_state,volume_log_x_price_displacement,1,1,0.0,0.0,0.0,0.0,0.0,0.0,0.0,0.0,925
C_n2,magnitude_state,volume_log_x_price_displacement^2,2,1,0.0,0.0,0.0,0.0,0.0,0.0,0.0,0.0,925
C_n2,magnitude_state,volume_movement_abs,1,0,0.0,-5.0,-5.0,5.0,-0.012419936659334312,4.977787121185729,9135.725009057553,10.0,925
C_n2,magnitude_state,volume_movement_abs^2,2,0,0.0,0.5317436105922981,-5.0,5.0,-0.28500878202583463,4.31142403014032,5355.319096170068,10.0,925
C_n2,magnitude_state,volume_movement_signed,1,0,0.0,-5.0,-5.0,5.0,-0.09580231149292652,4.9866880002803295,7292.8955811580545,10.0,925
C_n2,magnitude_state,volume_movement_signed^2,2,0,0.0,0.5317436105922981,-5.0,5.0,-0.28500878202583463,4.31142403014032,5355.319096170068,10.0,925
C_n2,observation_half_life,bias,0,0,1.7999999999999998,5.0,-5.0,5.0,0.0019459459459459428,4.997646635064353,9238.6,10.0,925
C_n2,observation_half_life,directional_volume,1,0,0.0,5.0,-5.0,5.0,0.0972972972972973,4.996349288121439,7315.0,10.0,925
C_n2,observation_half_life,directional_volume^2,2,0,0.0,5.0,-5.0,5.0,0.0,4.997296566441997,9235.0,10.0,925
C_n2,observation_half_life,price_acceleration,1,0,0.0,5.0,-5.0,5.0,-0.003465788535623024,4.985430435327566,3001.9466659241734,10.0,925
C_n2,observation_half_life,price_acceleration^2,2,0,0.0,-3.465614102120961,-5.0,5.0,-0.0644486126577982,4.2720301765569015,4893.316459673919,10.0,925
C_n2,observation_half_life,price_displacement,1,0,0.0,5.0,-5.0,5.0,0.09304671895188814,4.9904263969953355,7305.632277328614,10.0,925
C_n2,observation_half_life,price_displacement^2,2,0,0.0,4.894179676069172,-5.0,5.0,0.3939444848522686,4.368491751531339,5844.416142163327,10.0,925
C_n2,observation_half_life,price_velocity,1,0,0.0,5.0,-5.0,5.0,0.09304671895188814,4.9904263969953355,7305.632277328614,10.0,925
C_n2,observation_half_life,price_velocity^2,2,0,0.0,-1.8031696926172787,-5.0,5.0,0.2732530708099665,4.369193664950127,5771.954369282901,10.0,925
C_n2,observation_half_life,price_velocity_x_acceleration,1,1,0.0,0.0,0.0,0.0,0.0,0.0,0.0,0.0,925
C_n2,observation_half_life,price_velocity_x_acceleration^2,2,1,0.0,0.0,0.0,0.0,0.0,0.0,0.0,0.0,925
C_n2,observation_half_life,relative_volume,1,0,5.0,5.0,-5.0,5.0,0.005405405405405406,4.999997078158386,9245.0,10.0,925
C_n2,observation_half_life,relative_volume^2,2,0,5.0,5.0,-5.0,5.0,0.005405405405405406,4.999997078158386,9245.0,10.0,925
C_n2,observation_half_life,relative_volume_x_price_velocity,1,1,0.0,0.0,0.0,0.0,0.0,0.0,0.0,0.0,925
C_n2,observation_half_life,relative_volume_x_price_velocity^2,2,1,0.0,0.0,0.0,0.0,0.0,0.0,0.0,0.0,925
C_n2,observation_half_life,spread,1,0,0.03600000000001841,5.0,-5.0,5.0,3.891891891893576e-05,4.997296706474349,9235.072,10.0,925
C_n2,observation_half_life,spread^2,2,0,0.0007200000000007365,5.0,-5.0,5.0,7.783783783796369e-07,4.99729656649801,9235.00144,10.0,925
C_n2,observation_half_life,spread_change,1,0,0.0,4.986966917822487,-5.0,5.0,0.4593278775015029,4.7518789686776834,65.01303308217751,9.994078464790922,925
C_n2,observation_half_life,spread_change^2,2,0,0.0,4.986966917822487,0.0,5.0,4.562913803399595,1.4039777258762944,5.112539659457957,5.0,925
C_n2,observation_half_life,volume_density,1,0,5.0,5.0,-5.0,5.0,0.005405405405405406,4.999997078158386,9245.0,10.0,925
C_n2,observation_half_life,volume_density^2,2,0,5.0,5.0,-5.0,5.0,0.005405405405405406,4.999997078158386,9245.0,10.0,925
C_n2,observation_half_life,volume_density_x_price_displacement,1,1,0.0,0.0,0.0,0.0,0.0,0.0,0.0,0.0,925
C_n2,observation_half_life,volume_density_x_price_displacement^2,2,1,0.0,0.0,0.0,0.0,0.0,0.0,0.0,0.0,925
C_n2,observation_half_life,volume_log,1,0,5.0,5.0,-5.0,5.0,0.005405405405405406,4.999997078158386,9245.0,10.0,925
C_n2,observation_half_life,volume_log^2,2,0,5.0,5.0,-5.0,5.0,0.005405405405405406,4.999997078158386,9245.0,10.0,925
C_n2,observation_half_life,volume_log_x_price_displacement,1,1,0.0,0.0,0.0,0.0,0.0,0.0,0.0,0.0,925
C_n2,observation_half_life,volume_log_x_price_displacement^2,2,1,0.0,0.0,0.0,0.0,0.0,0.0,0.0,0.0,925
C_n2,observation_half_life,volume_movement_abs,1,0,0.0,5.0,-5.0,5.0,0.007014988837263483,4.980511733617179,9145.724705595225,10.0,925
C_n2,observation_half_life,volume_movement_abs^2,2,0,0.0,-0.5317038121737436,-5.0,5.0,0.2729608371659081,4.312105146197205,5355.600989576822,10.0,925
C_n2,observation_half_life,volume_movement_signed,1,0,0.0,5.0,-5.0,5.0,0.09039690176553157,4.989498071327798,7302.895385112288,10.0,925
C_n2,observation_half_life,volume_movement_signed^2,2,0,0.0,-0.5317038121737436,-5.0,5.0,0.2729608371659081,4.312105146197205,5355.600989576822,10.0,925
C_n2,persistence,bias,0,0,0.006,5.0,-5.0,5.0,6.486486486486732e-06,4.997296570331784,9235.012,10.0,925
C_n2,persistence,directional_volume,1,0,0.0,5.0,-5.0,5.0,0.0972972972972973,4.996349288121439,7315.0,10.0,925
C_n2,persistence,directional_volume^2,2,0,0.0,5.0,-5.0,5.0,0.0,4.997296566441997,9235.0,10.0,925
C_n2,persistence,price_acceleration,1,0,0.0,5.0,-5.0,5.0,-0.0034655507778050968,4.9854305599414275,3001.946510755856,10.0,925
C_n2,persistence,price_acceleration^2,2,0,0.0,-3.4656321757290156,-5.0,5.0,-0.06445631900156973,4.272033443572003,4893.316434548518,10.0,925
C_n2,persistence,price_displacement,1,0,0.0,5.0,-5.0,5.0,0.0930467428705972,4.990426487817285,7305.632540426169,10.0,925
C_n2,persistence,price_displacement^2,2,0,0.0,4.8940947701014945,-5.0,5.0,0.39393735880841846,4.368490888158403,5844.416611053441,10.0,925
C_n2,persistence,price_velocity,1,0,0.0,5.0,-5.0,5.0,0.0930467428705972,4.990426487817285,7305.632540426169,10.0,925
C_n2,persistence,price_velocity^2,2,0,0.0,-1.8031875122530625,-5.0,5.0,0.27324648675917795,4.369193037448987,5771.954882961221,10.0,925
C_n2,persistence,price_velocity_x_acceleration,1,1,0.0,0.0,0.0,0.0,0.0,0.0,0.0,0.0,925
C_n2,persistence,price_velocity_x_acceleration^2,2,1,0.0,0.0,0.0,0.0,0.0,0.0,0.0,0.0,925
C_n2,persistence,relative_volume,1,0,5.0,5.0,-5.0,5.0,0.005405405405405406,4.999997078158386,9245.0,10.0,925
C_n2,persistence,relative_volume^2,2,0,5.0,5.0,-5.0,5.0,0.005405405405405406,4.999997078158386,9245.0,10.0,925
C_n2,persistence,relative_volume_x_price_velocity,1,1,0.0,0.0,0.0,0.0,0.0,0.0,0.0,0.0,925
C_n2,persistence,relative_volume_x_price_velocity^2,2,1,0.0,0.0,0.0,0.0,0.0,0.0,0.0,0.0,925
C_n2,persistence,spread,1,0,0.00012000000000006138,5.0,-5.0,5.0,1.2972972972481846e-07,4.997296566443554,9235.00024,10.0,925
C_n2,persistence,spread^2,2,0,2.4000000000024554e-06,5.0,-5.0,5.0,2.5945945941891075e-09,4.997296566441998,9235.0000048,10.0,925
C_n2,persistence,spread_change,1,0,0.0,4.986966917822487,-5.0,5.0,0.4593278775015029,4.7518789686776834,65.01303308217751,9.994078464790922,925
C_n2,persistence,spread_change^2,2,0,0.0,4.986966917822487,0.0,5.0,4.562913803399595,1.4039777258762944,5.112539659457957,5.0,925
C_n2,persistence,volume_density,1,0,5.0,5.0,-5.0,5.0,0.005405405405405406,4.999997078158386,9245.0,10.0,925
C_n2,persistence,volume_density^2,2,0,5.0,5.0,-5.0,5.0,0.005405405405405406,4.999997078158386,9245.0,10.0,925
C_n2,persistence,volume_density_x_price_displacement,1,1,0.0,0.0,0.0,0.0,0.0,0.0,0.0,0.0,925
C_n2,persistence,volume_density_x_price_displacement^2,2,1,0.0,0.0,0.0,0.0,0.0,0.0,0.0,0.0,925
C_n2,persistence,volume_log,1,0,0.04153790461336511,5.0,-5.0,5.0,4.490584282525806e-05,4.997296752870602,9235.083075809227,10.0,925
C_n2,persistence,volume_log^2,2,0,0.2875662532781697,5.0,-5.0,5.0,0.0003108824359764019,4.99730550153004,9235.575132506556,10.0,925
C_n2,persistence,volume_log_x_price_displacement,1,1,0.0,0.0,0.0,0.0,0.0,0.0,0.0,0.0,925
C_n2,persistence,volume_log_x_price_displacement^2,2,1,0.0,0.0,0.0,0.0,0.0,0.0,0.0,0.0,925
C_n2,persistence,volume_movement_abs,1,0,0.0,5.0,-5.0,5.0,0.007014532790446301,4.980511690927895,9145.725008025429,10.0,925
C_n2,persistence,volume_movement_abs^2,2,0,0.0,-0.5317434777900165,-5.0,5.0,0.2729558870205709,4.312103964506669,5355.601356344768,10.0,925
C_n2,persistence,volume_movement_signed,1,0,0.0,5.0,-5.0,5.0,0.09039690608416706,4.989498043126502,7302.895580484013,10.0,925
C_n2,persistence,volume_movement_signed^2,2,0,0.0,-0.5317434777900165,-5.0,5.0,0.2729558870205709,4.312103964506669,5355.601356344768,10.0,925
C_n2,perturbation_state,bias,0,0,0.012,5.0,-5.0,5.0,1.2972972972973464e-05,4.997296582001148,9235.024,10.0,925
C_n2,perturbation_state,directional_volume,1,0,0.0,5.0,-5.0,5.0,0.0972972972972973,4.996349288121439,7315.0,10.0,925
C_n2,perturbation_state,directional_volume^2,2,0,0.0,5.0,-5.0,5.0,0.0,4.997296566441997,9235.0,10.0,925
C_n2,perturbation_state,price_acceleration,1,0,0.0,5.0,-5.0,5.0,-0.0034655499826284405,4.985430560358206,3001.946510236898,10.0,925
C_n2,perturbation_state,price_acceleration^2,2,0,0.0,-3.465632224086496,-5.0,5.0,-0.06445633823521602,4.2720334512851545,4893.316434512922,10.0,925
C_n2,perturbation_state,price_displacement,1,0,0.0,5.0,-5.0,5.0,0.09304674295059287,4.990426488121049,7305.632541306094,10.0,925
C_n2,perturbation_state,price_displacement^2,2,0,0.0,4.89409454292834,-5.0,5.0,0.3939373410788371,4.3684908859977885,5844.416612042808,10.0,925
C_n2,perturbation_state,price_velocity,1,0,0.0,5.0,-5.0,5.0,0.09304674295059287,4.990426488121049,7305.632541306094,10.0,925
C_n2,perturbation_state,price_velocity^2,2,0,0.0,-1.8031875599310179,-5.0,5.0,0.27324647050197415,4.369193035955162,5771.954884074813,10.0,925
C_n2,perturbation_state,price_velocity_x_acceleration,1,1,0.0,0.0,0.0,0.0,0.0,0.0,0.0,0.0,925
C_n2,perturbation_state,price_velocity_x_acceleration^2,2,1,0.0,0.0,0.0,0.0,0.0,0.0,0.0,0.0,925
C_n2,perturbation_state,relative_volume,1,0,5.0,5.0,-5.0,5.0,0.005405405405405406,4.999997078158386,9245.0,10.0,925
C_n2,perturbation_state,relative_volume^2,2,0,5.0,5.0,-5.0,5.0,0.005405405405405406,4.999997078158386,9245.0,10.0,925
C_n2,perturbation_state,relative_volume_x_price_velocity,1,1,0.0,0.0,0.0,0.0,0.0,0.0,0.0,0.0,925
C_n2,perturbation_state,relative_volume_x_price_velocity^2,2,1,0.0,0.0,0.0,0.0,0.0,0.0,0.0,0.0,925
C_n2,perturbation_state,spread,1,0,0.00024000000000012276,5.0,-5.0,5.0,2.594594594496369e-07,4.99729656644822,9235.00048,10.0,925
C_n2,perturbation_state,spread^2,2,0,4.800000000004911e-06,5.0,-5.0,5.0,5.189189188378215e-09,4.9972965664419995,9235.0000096,10.0,925
C_n2,perturbation_state,spread_change,1,0,0.0,4.986966917822487,-5.0,5.0,0.4593278775015029,4.7518789686776834,65.01303308217751,9.994078464790922,925
C_n2,perturbation_state,spread_change^2,2,0,0.0,4.986966917822487,0.0,5.0,4.562913803399595,1.4039777258762944,5.112539659457957,5.0,925
C_n2,perturbation_state,volume_density,1,0,5.0,5.0,-5.0,5.0,0.005405405405405406,4.999997078158386,9245.0,10.0,925
C_n2,perturbation_state,volume_density^2,2,0,5.0,5.0,-5.0,5.0,0.005405405405405406,4.999997078158386,9245.0,10.0,925
C_n2,perturbation_state,volume_density_x_price_displacement,1,1,0.0,0.0,0.0,0.0,0.0,0.0,0.0,0.0,925
C_n2,perturbation_state,volume_density_x_price_displacement^2,2,1,0.0,0.0,0.0,0.0,0.0,0.0,0.0,0.0,925
C_n2,perturbation_state,volume_log,1,0,0.08307580922673022,5.0,-5.0,5.0,8.981168565051612e-05,4.997297312156372,9235.166151618454,10.0,925
C_n2,perturbation_state,volume_log^2,2,0,0.5751325065563394,5.0,-5.0,5.0,0.0006217648719528038,4.997332306698316,9236.150265013113,10.0,925
C_n2,perturbation_state,volume_log_x_price_displacement,1,1,0.0,0.0,0.0,0.0,0.0,0.0,0.0,0.0,925
C_n2,perturbation_state,volume_log_x_price_displacement^2,2,1,0.0,0.0,0.0,0.0,0.0,0.0,0.0,0.0,925
C_n2,perturbation_state,volume_movement_abs,1,0,0.0,5.0,-5.0,5.0,0.007014531267597598,4.9805116907844775,9145.725009041325,10.0,925
C_n2,perturbation_state,volume_movement_abs^2,2,0,0.0,-0.5317435839187554,-5.0,5.0,0.27295587498432256,4.312103961985724,5355.601357141104,10.0,925
C_n2,perturbation_state,volume_movement_signed,1,0,0.0,5.0,-5.0,5.0,0.09039690609861066,4.989498043032189,7302.89558113743,10.0,925
C_n2,perturbation_state,volume_movement_signed^2,2,0,0.0,-0.5317435839187554,-5.0,5.0,0.27295587498432256,4.312103961985724,5355.601357141104,10.0,925
C_n2,reinforcement,bias,0,0,-0.0020999999999999994,-5.0,-5.0,5.0,-2.27027027026882e-06,4.997296566918496,9235.0042,10.0,925
C_n2,reinforcement,directional_volume,1,0,0.0,-5.0,-5.0,5.0,-0.0972972972972973,4.996349288121439,7315.0,10.0,925
C_n2,reinforcement,directional_volume^2,2,0,0.0,-5.0,-5.0,5.0,0.0,4.997296566441997,9235.0,10.0,925
C_n2,reinforcement,price_acceleration,1,0,0.0,-5.0,-5.0,5.0,0.0034655499908105283,4.98543056065355,3001.946510036297,10.0,925
C_n2,reinforcement,price_acceleration^2,2,0,0.0,3.465632237533779,-5.0,5.0,0.06445634157284753,4.272033454760931,4893.316434516356,10.0,925
C_n2,reinforcement,price_displacement,1,0,0.0,-5.0,-5.0,5.0,-0.09304674250652867,4.99042648795475,7305.632541617261,10.0,925
C_n2,reinforcement,price_displacement^2,2,0,0.0,-4.894094487126168,-5.0,5.0,-0.39393733843767265,4.3684908847623705,5844.416612783531,10.0,925
C_n2,reinforcement,price_velocity,1,0,0.0,-5.0,-5.0,5.0,-0.09304674250652867,4.99042648795475,7305.632541617261,10.0,925
C_n2,reinforcement,price_velocity^2,2,0,0.0,1.803187569545928,-5.0,5.0,-0.2732464681760638,4.369193034906098,5771.954884800166,10.0,925
C_n2,reinforcement,price_velocity_x_acceleration,1,1,0.0,0.0,0.0,0.0,0.0,0.0,0.0,0.0,925
C_n2,reinforcement,price_velocity_x_acceleration^2,2,1,0.0,0.0,0.0,0.0,0.0,0.0,0.0,0.0,925
C_n2,reinforcement,relative_volume,1,0,-2.130125282584569,-5.0,-5.0,5.0,-0.002302838143334673,4.997786810545271,9239.260250565168,10.0,925
C_n2,reinforcement,relative_volume^2,2,0,-5.0,-5.0,-5.0,5.0,-0.005405405405405406,4.999997078158386,9245.0,10.0,925
C_n2,reinforcement,relative_volume_x_price_velocity,1,1,0.0,0.0,0.0,0.0,0.0,0.0,0.0,0.0,925
C_n2,reinforcement,relative_volume_x_price_velocity^2,2,1,0.0,0.0,0.0,0.0,0.0,0.0,0.0,0.0,925
C_n2,reinforcement,spread,1,0,-4.200000000002147e-05,-5.0,-5.0,5.0,-4.5405405413672464e-08,4.997296566442188,9235.000084,10.0,925
C_n2,reinforcement,spread^2,2,0,-8.400000000008591e-07,-5.0,-5.0,5.0,-9.08108106429879e-10,4.997296566441997,9235.00000168,10.0,925
C_n2,reinforcement,spread_change,1,0,0.0,-4.986966917822487,-5.0,5.0,-0.4593278775015029,4.7518789686776834,65.01303308217751,9.994078464790922,925
C_n2,reinforcement,spread_change^2,2,0,0.0,-4.986966917822487,-5.0,0.0,-4.562913803399595,1.4039777258762944,5.112539659457957,5.0,925
C_n2,reinforcement,volume_density,1,0,-5.0,-5.0,-5.0,5.0,-0.005405405405405406,4.999997078158386,9245.0,10.0,925
C_n2,reinforcement,volume_density^2,2,0,-5.0,-5.0,-5.0,5.0,-0.005405405405405406,4.999997078158386,9245.0,10.0,925
C_n2,reinforcement,volume_density_x_price_displacement,1,1,0.0,0.0,0.0,0.0,0.0,0.0,0.0,0.0,925
C_n2,reinforcement,volume_density_x_price_displacement^2,2,1,0.0,0.0,0.0,0.0,0.0,0.0,0.0,0.0,925
C_n2,reinforcement,volume_log,1,0,-0.014538266614677782,-5.0,-5.0,5.0,-1.5717044988841857e-05,4.997296589279502,9235.02907653323,10.0,925
C_n2,reinforcement,volume_log^2,2,0,-0.10064818864735936,-5.0,-5.0,5.0,-0.00010880885259173528,4.9972976609911415,9235.201296377294,10.0,925
C_n2,reinforcement,volume_log_x_price_displacement,1,1,0.0,0.0,0.0,0.0,0.0,0.0,0.0,0.0,925
C_n2,reinforcement,volume_log_x_price_displacement^2,2,1,0.0,0.0,0.0,0.0,0.0,0.0,0.0,0.0,925
C_n2,reinforcement,volume_movement_abs,1,0,0.0,-5.0,-5.0,5.0,-0.007014531502970287,4.980511690840119,9145.725008907137,10.0,925
C_n2,reinforcement,volume_movement_abs^2,2,0,0.0,0.5317436102972182,-5.0,5.0,-0.27295587190251047,4.312103960376271,5355.601357762516,10.0,925
C_n2,reinforcement,volume_movement_signed,1,0,0.0,-5.0,-5.0,5.0,-0.0903969057955874,4.989498043000036,7302.895581368498,10.0,925
C_n2,reinforcement,volume_movement_signed^2,2,0,0.0,0.5317436102972182,-5.0,5.0,-0.27295587190251047,4.312103960376271,5355.601357762516,10.0,925
C_n2,reversal_tendency,bias,0,0,0.006,5.0,-5.0,5.0,6.486486486486732e-06,4.997296570331784,9235.012,10.0,925
C_n2,reversal_tendency,directional_volume,1,0,0.0,5.0,-5.0,5.0,0.0972972972972973,4.996349288121439,7315.0,10.0,925
C_n2,reversal_tendency,directional_volume^2,2,0,0.0,5.0,-5.0,5.0,0.0,4.997296566441997,9235.0,10.0,925
C_n2,reversal_tendency,price_acceleration,1,0,0.0,5.0,-5.0,5.0,-0.003465549996903252,4.985430560362085,3001.946510236898,10.0,925
C_n2,reversal_tendency,price_acceleration^2,2,0,0.0,-3.465632229065494,-5.0,5.0,-0.06445634063103343,4.2720334527110415,4893.316434511856,10.0,925
C_n2,reversal_tendency,price_displacement,1,0,0.0,5.0,-5.0,5.0,0.09304674294507091,4.990426488117053,7305.632541306094,10.0,925
C_n2,reversal_tendency,price_displacement^2,2,0,0.0,4.894094520589606,-5.0,5.0,0.3939373392717209,4.368490885672288,5844.416612235024,10.0,925
C_n2,reversal_tendency,price_velocity,1,0,0.0,5.0,-5.0,5.0,0.09304674294507091,4.990426488117053,7305.632541306094,10.0,925
C_n2,reversal_tendency,price_velocity^2,2,0,0.0,-1.8031875641008246,-5.0,5.0,0.2732464688279515,4.369193035690526,5771.954884272419,10.0,925
C_n2,reversal_tendency,price_velocity_x_acceleration,1,1,0.0,0.0,0.0,0.0,0.0,0.0,0.0,0.0,925
C_n2,reversal_tendency,price_velocity_x_acceleration^2,2,1,0.0,0.0,0.0,0.0,0.0,0.0,0.0,0.0,925
C_n2,reversal_tendency,relative_volume,1,0,5.0,5.0,-5.0,5.0,0.005405405405405406,4.999997078158386,9245.0,10.0,925
C_n2,reversal_tendency,relative_volume^2,2,0,5.0,5.0,-5.0,5.0,0.005405405405405406,4.999997078158386,9245.0,10.0,925
C_n2,reversal_tendency,relative_volume_x_price_velocity,1,1,0.0,0.0,0.0,0.0,0.0,0.0,0.0,0.0,925
C_n2,reversal_tendency,relative_volume_x_price_velocity^2,2,1,0.0,0.0,0.0,0.0,0.0,0.0,0.0,0.0,925
C_n2,reversal_tendency,spread,1,0,0.00012000000000006138,5.0,-5.0,5.0,1.2972972972481846e-07,4.997296566443554,9235.00024,10.0,925
C_n2,reversal_tendency,spread^2,2,0,2.4000000000024554e-06,5.0,-5.0,5.0,2.5945945941891075e-09,4.997296566441998,9235.0000048,10.0,925
C_n2,reversal_tendency,spread_change,1,0,0.0,4.986966917822487,-5.0,5.0,0.4593278775015029,4.7518789686776834,65.01303308217751,9.994078464790922,925
C_n2,reversal_tendency,spread_change^2,2,0,0.0,4.986966917822487,0.0,5.0,4.562913803399595,1.4039777258762944,5.112539659457957,5.0,925
C_n2,reversal_tendency,volume_density,1,0,5.0,5.0,-5.0,5.0,0.005405405405405406,4.999997078158386,9245.0,10.0,925
C_n2,reversal_tendency,volume_density^2,2,0,5.0,5.0,-5.0,5.0,0.005405405405405406,4.999997078158386,9245.0,10.0,925
C_n2,reversal_tendency,volume_density_x_price_displacement,1,1,0.0,0.0,0.0,0.0,0.0,0.0,0.0,0.0,925
C_n2,reversal_tendency,volume_density_x_price_displacement^2,2,1,0.0,0.0,0.0,0.0,0.0,0.0,0.0,0.0,925
C_n2,reversal_tendency,volume_log,1,0,0.04153790461336511,5.0,-5.0,5.0,4.490584282525806e-05,4.997296752870602,9235.083075809227,10.0,925
C_n2,reversal_tendency,volume_log^2,2,0,0.2875662532781697,5.0,-5.0,5.0,0.0003108824359764019,4.99730550153004,9235.575132506556,10.0,925
C_n2,reversal_tendency,volume_log_x_price_displacement,1,1,0.0,0.0,0.0,0.0,0.0,0.0,0.0,0.0,925
C_n2,reversal_tendency,volume_log_x_price_displacement^2,2,1,0.0,0.0,0.0,0.0,0.0,0.0,0.0,0.0,925
C_n2,reversal_tendency,volume_movement_abs,1,0,0.0,5.0,-5.0,5.0,0.007014531273509574,4.9805116907853755,9145.725009036485,10.0,925
C_n2,reversal_tendency,volume_movement_abs^2,2,0,0.0,-0.5317435944313931,-5.0,5.0,0.27295587346540107,4.312103961435058,5355.601357312839,10.0,925
C_n2,reversal_tendency,volume_movement_signed,1,0,0.0,5.0,-5.0,5.0,0.09039690609508075,4.989498043031857,7302.89558113743,10.0,925
C_n2,reversal_tendency,volume_movement_signed^2,2,0,0.0,-0.5317435944313931,-5.0,5.0,0.27295587346540107,4.312103961435058,5355.601357312839,10.0,925
C_n2,strength,bias,0,0,0.012,5.0,-5.0,5.0,1.2972972972973464e-05,4.997296582001148,9235.024,10.0,925
C_n2,strength,directional_volume,1,0,0.0,5.0,-5.0,5.0,0.0972972972972973,4.996349288121439,7315.0,10.0,925
C_n2,strength,directional_volume^2,2,0,0.0,5.0,-5.0,5.0,0.0,4.997296566441997,9235.0,10.0,925
C_n2,strength,price_acceleration,1,0,0.0,5.0,-5.0,5.0,-0.0034655509096351246,4.985430559902137,3001.9465106387634,10.0,925
C_n2,strength,price_acceleration^2,2,0,0.0,-3.465632214857209,-5.0,5.0,-0.06445632830179347,4.272033451193282,4893.316434347713,10.0,925
C_n2,strength,price_displacement,1,0,0.0,5.0,-5.0,5.0,0.0930467428022805,4.990426487781075,7305.632540681307,10.0,925
C_n2,strength,price_displacement^2,2,0,0.0,4.894094584373092,-5.0,5.0,0.39393734936385316,4.368490885936431,5844.416611786739,10.0,925
C_n2,strength,price_velocity,1,0,0.0,5.0,-5.0,5.0,0.0930467428022805,4.990426487781075,7305.632540681307,10.0,925
C_n2,strength,price_velocity^2,2,0,0.0,-1.8031875515349685,-5.0,5.0,0.27324647849366274,4.369193035908576,5771.95488379349,10.0,925
C_n2,strength,price_velocity_x_acceleration,1,1,0.0,0.0,0.0,0.0,0.0,0.0,0.0,0.0,925
C_n2,strength,price_velocity_x_acceleration^2,2,1,0.0,0.0,0.0,0.0,0.0,0.0,0.0,0.0,925
C_n2,strength,relative_volume,1,0,5.0,5.0,-5.0,5.0,0.005405405405405406,4.999997078158386,9245.0,10.0,925
C_n2,strength,relative_volume^2,2,0,5.0,5.0,-5.0,5.0,0.005405405405405406,4.999997078158386,9245.0,10.0,925
C_n2,strength,relative_volume_x_price_velocity,1,1,0.0,0.0,0.0,0.0,0.0,0.0,0.0,0.0,925
C_n2,strength,relative_volume_x_price_velocity^2,2,1,0.0,0.0,0.0,0.0,0.0,0.0,0.0,0.0,925
C_n2,strength,spread,1,0,0.00024000000000012276,5.0,-5.0,5.0,2.594594594496369e-07,4.99729656644822,9235.00048,10.0,925
C_n2,strength,spread^2,2,0,4.800000000004911e-06,5.0,-5.0,5.0,5.189189188378215e-09,4.9972965664419995,9235.0000096,10.0,925
C_n2,strength,spread_change,1,0,0.0,4.986966917822487,-5.0,5.0,0.4593278775015029,4.7518789686776834,65.01303308217751,9.994078464790922,925
C_n2,strength,spread_change^2,2,0,0.0,4.986966917822487,0.0,5.0,4.562913803399595,1.4039777258762944,5.112539659457957,5.0,925
C_n2,strength,volume_density,1,0,5.0,5.0,-5.0,5.0,0.005405405405405406,4.999997078158386,9245.0,10.0,925
C_n2,strength,volume_density^2,2,0,5.0,5.0,-5.0,5.0,0.005405405405405406,4.999997078158386,9245.0,10.0,925
C_n2,strength,volume_density_x_price_displacement,1,1,0.0,0.0,0.0,0.0,0.0,0.0,0.0,0.0,925
C_n2,strength,volume_density_x_price_displacement^2,2,1,0.0,0.0,0.0,0.0,0.0,0.0,0.0,0.0,925
C_n2,strength,volume_log,1,0,0.08307580922673022,5.0,-5.0,5.0,8.981168565051612e-05,4.997297312156372,9235.166151618454,10.0,925
C_n2,strength,volume_log^2,2,0,0.5751325065563394,5.0,-5.0,5.0,0.0006217648719528038,4.997332306698316,9236.150265013113,10.0,925
C_n2,strength,volume_log_x_price_displacement,1,1,0.0,0.0,0.0,0.0,0.0,0.0,0.0,0.0,925
C_n2,strength,volume_log_x_price_displacement^2,2,1,0.0,0.0,0.0,0.0,0.0,0.0,0.0,0.0,925
C_n2,strength,volume_movement_abs,1,0,0.0,5.0,-5.0,5.0,0.007014532454542638,4.980511690857661,9145.72500836638,10.0,925
C_n2,strength,volume_movement_abs^2,2,0,0.0,-0.5317435643466781,-5.0,5.0,0.2729558795247653,4.312103962179602,5355.601356972981,10.0,925
C_n2,strength,volume_movement_signed,1,0,0.0,5.0,-5.0,5.0,0.09039690603511719,4.989498043068484,7302.895580673474,10.0,925
C_n2,strength,volume_movement_signed^2,2,0,0.0,-0.5317435643466781,-5.0,5.0,0.2729558795247653,4.312103962179602,5355.601356972981,10.0,925
C_n2,uncertainty,bias,0,0,0.020999999999999998,5.0,-5.0,5.0,2.2702702702703562e-05,4.997296614091895,9235.042,10.0,925
C_n2,uncertainty,directional_volume,1,0,0.0,5.0,-5.0,5.0,0.0972972972972973,4.996349288121439,7315.0,10.0,925
C_n2,uncertainty,directional_volume^2,2,0,0.0,5.0,-5.0,5.0,0.0,4.997296566441997,9235.0,10.0,925
C_n2,uncertainty,price_acceleration,1,0,0.0,5.0,-5.0,5.0,-0.0034655523623179016,4.9854305592513555,3001.946511172376,10.0,925
C_n2,uncertainty,price_acceleration^2,2,0,0.0,-3.46563219402533,-5.0,5.0,-0.06445630963049176,4.272033446618706,4893.316434252747,10.0,925
C_n2,uncertainty,price_displacement,1,0,0.0,5.0,-5.0,5.0,0.0930467423811273,4.990426487168417,7305.63253985643,10.0,925
C_n2,uncertainty,price_displacement^2,2,0,0.0,4.894094686061777,-5.0,5.0,0.3939373592028974,4.368490886633237,5844.416611453355,10.0,925
C_n2,uncertainty,price_velocity,1,0,0.0,5.0,-5.0,5.0,0.0930467423811273,4.990426487168417,7305.63253985643,10.0,925
C_n2,uncertainty,price_velocity^2,2,0,0.0,-1.8031875295887283,-5.0,5.0,0.2732464877022156,4.369193036366968,5771.954883405567,10.0,925
C_n2,uncertainty,price_velocity_x_acceleration,1,1,0.0,0.0,0.0,0.0,0.0,0.0,0.0,0.0,925
C_n2,uncertainty,price_velocity_x_acceleration^2,2,1,0.0,0.0,0.0,0.0,0.0,0.0,0.0,0.0,925
C_n2,uncertainty,relative_volume,1,0,5.0,5.0,-5.0,5.0,0.005405405405405406,4.999997078158386,9245.0,10.0,925
C_n2,uncertainty,relative_volume^2,2,0,5.0,5.0,-5.0,5.0,0.005405405405405406,4.999997078158386,9245.0,10.0,925
C_n2,uncertainty,relative_volume_x_price_velocity,1,1,0.0,0.0,0.0,0.0,0.0,0.0,0.0,0.0,925
C_n2,uncertainty,relative_volume_x_price_velocity^2,2,1,0.0,0.0,0.0,0.0,0.0,0.0,0.0,0.0,925
C_n2,uncertainty,spread,1,0,0.0004200000000002148,5.0,-5.0,5.0,4.5405405404454616e-07,4.997296566461058,9235.00084,10.0,925
C_n2,uncertainty,spread^2,2,0,8.400000000008593e-06,5.0,-5.0,5.0,9.081081079661877e-09,4.997296566442005,9235.0000168,10.0,925
C_n2,uncertainty,spread_change,1,0,0.0,4.986966917822487,-5.0,5.0,0.4593278775015029,4.7518789686776834,65.01303308217751,9.994078464790922,925
C_n2,uncertainty,spread_change^2,2,0,0.0,4.986966917822487,0.0,5.0,4.562913803399595,1.4039777258762944,5.112539659457957,5.0,925
C_n2,uncertainty,volume_density,1,0,5.0,5.0,-5.0,5.0,0.005405405405405406,4.999997078158386,9245.0,10.0,925
C_n2,uncertainty,volume_density^2,2,0,5.0,5.0,-5.0,5.0,0.005405405405405406,4.999997078158386,9245.0,10.0,925
C_n2,uncertainty,volume_density_x_price_displacement,1,1,0.0,0.0,0.0,0.0,0.0,0.0,0.0,0.0,925
C_n2,uncertainty,volume_density_x_price_displacement^2,2,1,0.0,0.0,0.0,0.0,0.0,0.0,0.0,0.0,925
C_n2,uncertainty,volume_log,1,0,0.14538266614677786,5.0,-5.0,5.0,0.00015717044988841858,4.997298850191918,9235.290765332293,10.0,925
C_n2,uncertainty,volume_log^2,2,0,1.0064818864735938,5.0,-5.0,5.0,0.001088088525917399,4.997406020169718,9237.012963772948,10.0,925
C_n2,uncertainty,volume_log_x_price_displacement,1,1,0.0,0.0,0.0,0.0,0.0,0.0,0.0,0.0,925
C_n2,uncertainty,volume_log_x_price_displacement^2,2,1,0.0,0.0,0.0,0.0,0.0,0.0,0.0,0.0,925
C_n2,uncertainty,volume_movement_abs,1,0,0.0,5.0,-5.0,5.0,0.007014534264831519,4.98051169093587,9145.725007497673,10.0,925
C_n2,uncertainty,volume_movement_abs^2,2,0,0.0,-0.5317435172612317,-5.0,5.0,0.272955885776721,4.312103963145454,5355.601356693137,10.0,925
C_n2,uncertainty,volume_movement_signed,1,0,0.0,5.0,-5.0,5.0,0.09039690580730245,4.989498043102564,7302.895580060935,10.0,925
C_n2,uncertainty,volume_movement_signed^2,2,0,0.0,-0.5317435172612317,-5.0,5.0,0.272955885776721,4.312103963145454,5355.601356693137,10.0,925
C_n3,direction_state,bias,0,0,0.0,-5.0,-5.0,5.0,-0.0054008367293699785,4.9945887514605145,9225.008452050666,10.0,925
C_n3,direction_state,directional_volume,1,0,0.0,-5.0,-5.0,5.0,-0.10269958709508546,4.993535696251248,7305.005763874092,10.0,925
C_n3,direction_state,directional_volume^2,2,0,0.0,-5.0,-5.0,5.0,-0.00540328071747627,4.994588747302341,9225.003930672669,10.0,925
C_n3,direction_state,directional_volume^3,3,0,0.0,-5.0,-5.0,5.0,-0.10270125377223686,4.993535661268626,7305.002680521362,10.0,925
C_n3,direction_state,price_acceleration,1,0,0.0,-5.0,-5.0,5.0,-0.005405402165973322,4.9945887445888255,3015.0,10.0,925
C_n3,direction_state,price_acceleration^2,2,0,0.0,-5.0,-5.0,5.0,-0.10700431708206716,4.948233154520459,8722.51276857891,10.0,925
C_n3,direction_state,price_acceleration^3,3,0,0.0,1.587895910492416,-5.0,5.0,0.06581711659358043,4.575529616941306,1897.676186488576,10.0,925
C_n3,direction_state,price_displacement,1,0,0.0,-5.0,-5.0,5.0,-0.10270269946327062,4.993535631340675,7305.000005992949,10.0,925
C_n3,direction_state,price_displacement^2,2,0,0.0,-5.0,-5.0,5.0,-0.03645723638517791,4.94783486690962,8873.29577382169,10.0,925
C_n3,direction_state,price_displacement^3,3,0,0.0,-5.0,-5.0,5.0,-0.07845772466490702,4.473829824324735,5967.36163930262,10.0,925
C_n3,direction_state,price_velocity,1,0,0.0,-5.0,-5.0,5.0,-0.10270269946327062,4.993535631340675,7305.000005992949,10.0,925
C_n3,direction_state,price_velocity^2,2,0,0.0,-5.0,-5.0,5.0,-0.042342580477994815,4.948116982468284,8862.40788724998,10.0,925
C_n3,direction_state,price_velocity^3,3,0,0.0,-5.0,-5.0,5.0,-0.07286720634666291,4.457023989317574,5869.66570971736,10.0,925
C_n3,direction_state,price_velocity_x_acceleration,1,1,0.0,0.0,0.0,0.0,0.0,0.0,0.0,0.0,925
C_n3,direction_state,price_velocity_x_acceleration^2,2,1,0.0,0.0,0.0,0.0,0.0,0.0,0.0,0.0,925
C_n3,direction_state,price_velocity_x_acceleration^3,3,1,0.0,0.0,0.0,0.0,0.0,0.0,0.0,0.0,925
C_n3,direction_state,relative_volume,1,0,0.0,-5.0,-5.0,5.0,-0.005400938473264564,4.994588751265366,9225.00826382446,10.0,925
C_n3,direction_state,relative_volume^2,2,0,0.0,-5.0,-5.0,5.0,-0.005401037951334201,4.994588751076414,9225.008079790032,10.0,925
C_n3,direction_state,relative_volume^3,3,0,0.0,-5.0,-5.0,5.0,-0.005401135214038575,4.99458875089344,9225.007899854028,10.0,925
C_n3,direction_state,relative_volume_x_price_velocity,1,1,0.0,0.0,0.0,0.0,0.0,0.0,0.0,0.0,925
C_n3,direction_state,relative_volume_x_price_velocity^2,2,1,0.0,0.0,0.0,0.0,0.0,0.0,0.0,0.0,925
C_n3,direction_state,relative_volume_x_price_velocity^3,3,1,0.0,0.0,0.0,0.0,0.0,0.0,0.0,0.0,925
C_n3,direction_state,spread,1,0,0.0,-5.0,-5.0,5.0,-0.005405314031884706,4.99458874468498,9225.000169041014,10.0,925
C_n3,direction_state,spread^2,2,0,0.0,-5.0,-5.0,5.0,-0.005405403577934995,4.994588744587297,9225.000003380821,10.0,925
C_n3,direction_state,spread^3,3,0,0.0,-5.0,-5.0,5.0,-0.005405405368855994,4.994588744585359,9225.000000067617,10.0,925
C_n3,direction_state,spread_change,1,0,0.0,-4.986966917822487,-5.0,5.0,-0.4593278775015029,4.7518789686776834,65.01303308217751,9.994078464790922,925
C_n3,direction_state,spread_change^2,2,0,0.0,-4.986966917822487,-5.0,0.0,-4.562913803399595,1.4039777258762944,5.112539659457957,5.0,925
C_n3,direction_state,spread_change^3,3,0,0.0,-4.986966917822487,-5.0,5.0,-0.4593278775015029,4.7518789686776834,65.01303308217751,9.994078464790922,925
C_n3,direction_state,volume_density,1,0,0.0,-5.0,-5.0,5.0,0.0,4.997296566441997,9235.0,10.0,925
C_n3,direction_state,volume_density^2,2,0,0.0,-5.0,-5.0,5.0,0.0,4.997296566441997,9235.0,10.0,925
C_n3,direction_state,volume_density^3,3,0,0.0,-5.0,-5.0,5.0,0.0,4.997296566441997,9235.0,10.0,925
C_n3,direction_state,volume_density_x_price_displacement,1,1,0.0,0.0,0.0,0.0,0.0,0.0,0.0,0.0,925
C_n3,direction_state,volume_density_x_price_displacement^2,2,1,0.0,0.0,0.0,0.0,0.0,0.0,0.0,0.0,925
C_n3,direction_state,volume_density_x_price_displacement^3,3,1,0.0,0.0,0.0,0.0,0.0,0.0,0.0,0.0,925
C_n3,direction_state,volume_log,1,0,0.0,-5.0,-5.0,5.0,-0.005402289797788171,4.994588748855092,9225.005763874093,10.0,925
C_n3,direction_state,volume_log^2,2,0,0.0,-5.0,-5.0,5.0,-0.00540328071747627,4.994588747302341,9225.003930672669,10.0,925
C_n3,direction_state,volume_log^3,3,0,0.0,-5.0,-5.0,5.0,-0.005403956474939562,4.994588746347622,9225.002680521362,10.0,925
C_n3,direction_state,volume_log_x_price_displacement,1,1,0.0,0.0,0.0,0.0,0.0,0.0,0.0,0.0,925
C_n3,direction_state,volume_log_x_price_displacement^2,2,1,0.0,0.0,0.0,0.0,0.0,0.0,0.0,0.0,925
C_n3,direction_state,volume_log_x_price_displacement^3,3,1,0.0,0.0,0.0,0.0,0.0,0.0,0.0,0.0,925
C_n3,direction_state,volume_movement_abs,1,0,0.0,-5.0,-5.0,5.0,-0.005405403196275406,4.994588744587711,9225.00000408689,10.0,925
C_n3,direction_state,volume_movement_abs^2,2,0,0.0,-5.0,-5.0,5.0,0.0019265961625395476,4.91521828070951,8716.032363733766,10.0,925
C_n3,direction_state,volume_movement_abs^3,3,0,0.0,-4.97275492759146,-5.0,5.0,-0.23226810008446064,4.420945818760906,6125.455526688085,10.0,925
C_n3,direction_state,volume_movement_signed,1,0,0.0,-5.0,-5.0,5.0,-0.1027027004935727,4.993535631319484,7305.000004086891,10.0,925
C_n3,direction_state,volume_movement_signed^2,2,0,0.0,-5.0,-5.0,5.0,0.0019265961625395476,4.91521828070951,8716.032363733766,10.0,925
C_n3,direction_state,volume_movement_signed^3,3,0,0.0,-4.97275492759146,-5.0,5.0,-0.3628588235923753,4.540698520139219,5473.80070731514,10.0,925
C_n3,forward_half_life,bias,0,0,1.7999999999999998,5.0,-5.0,5.0,0.0019459459459459428,4.997646635064353,9238.6,10.0,925
C_n3,forward_half_life,directional_volume,1,0,0.0,5.0,-5.0,5.0,0.0972972972972973,4.996349288121439,7315.0,10.0,925
C_n3,forward_half_life,directional_volume^2,2,0,0.0,5.0,-5.0,5.0,0.0,4.997296566441997,9235.0,10.0,925
C_n3,forward_half_life,directional_volume^3,3,0,0.0,5.0,-5.0,5.0,0.0972972972972973,4.996349288121439,7315.0,10.0,925
C_n3,forward_half_life,price_acceleration,1,0,0.0,5.0,-5.0,5.0,0.0,4.997296566441997,3015.0,10.0,925
C_n3,forward_half_life,price_acceleration^2,2,0,0.0,5.0,-5.0,5.0,0.10159891403904464,4.951077252734701,8732.512767730608,10.0,925
C_n3,forward_half_life,price_acceleration^3,3,0,0.0,-1.58789591124524,-5.0,5.0,-0.10268373491519835,4.576137935539513,1897.6768007831736,10.0,925
C_n3,forward_half_life,price_displacement,1,0,0.0,5.0,-5.0,5.0,0.0972972972972973,4.996349288121439,7315.0,10.0,925
C_n3,forward_half_life,price_displacement^2,2,0,0.0,5.0,-5.0,5.0,0.031051832670530046,4.950602167006503,8883.295774418222,10.0,925
C_n3,forward_half_life,price_displacement^3,3,0,0.0,5.0,-5.0,5.0,0.04159110711210565,4.474770122542029,5967.362214087681,10.0,925
C_n3,forward_half_life,price_velocity,1,0,0.0,5.0,-5.0,5.0,0.0972972972972973,4.996349288121439,7315.0,10.0,925
C_n3,forward_half_life,price_velocity^2,2,0,0.0,5.0,-5.0,5.0,0.03693717676231829,4.950890550525719,8872.407887848414,10.0,925
C_n3,forward_half_life,price_velocity^3,3,0,0.0,5.0,-5.0,5.0,0.036000588830251104,4.457921599472742,5869.666284497028,10.0,925
C_n3,forward_half_life,price_velocity_x_acceleration,1,1,0.0,0.0,0.0,0.0,0.0,0.0,0.0,0.0,925
C_n3,forward_half_life,price_velocity_x_acceleration^2,2,1,0.0,0.0,0.0,0.0,0.0,0.0,0.0,0.0,925
C_n3,forward_half_life,price_velocity_x_acceleration^3,3,1,0.0,0.0,0.0,0.0,0.0,0.0,0.0,0.0,925
C_n3,forward_half_life,relative_volume,1,0,5.0,5.0,-5.0,5.0,0.005405405405405406,4.999997078158386,9245.0,10.0,925
C_n3,forward_half_life,relative_volume^2,2,0,5.0,5.0,-5.0,5.0,0.005405405405405406,4.999997078158386,9245.0,10.0,925
C_n3,forward_half_life,relative_volume^3,3,0,5.0,5.0,-5.0,5.0,0.005405405405405406,4.999997078158386,9245.0,10.0,925
C_n3,forward_half_life,relative_volume_x_price_velocity,1,1,0.0,0.0,0.0,0.0,0.0,0.0,0.0,0.0,925
C_n3,forward_half_life,relative_volume_x_price_velocity^2,2,1,0.0,0.0,0.0,0.0,0.0,0.0,0.0,0.0,925
C_n3,forward_half_life,relative_volume_x_price_velocity^3,3,1,0.0,0.0,0.0,0.0,0.0,0.0,0.0,0.0,925
C_n3,forward_half_life,spread,1,0,0.03600000000001841,5.0,-5.0,5.0,3.891891891893576e-05,4.997296706474349,9235.072,10.0,925
C_n3,forward_half_life,spread^2,2,0,0.0007200000000007365,5.0,-5.0,5.0,7.783783783796369e-07,4.99729656649801,9235.00144,10.0,925
C_n3,forward_half_life,spread^3,3,0,1.44000000000221e-05,5.0,-5.0,5.0,1.5567567565134644e-08,4.99729656644202,9235.0000288,10.0,925
C_n3,forward_half_life,spread_change,1,0,0.0,4.986966917822487,-5.0,5.0,0.4593278775015029,4.7518789686776834,65.01303308217751,9.994078464790922,925
C_n3,forward_half_life,spread_change^2,2,0,0.0,4.986966917822487,0.0,5.0,4.562913803399595,1.4039777258762944,5.112539659457957,5.0,925
C_n3,forward_half_life,spread_change^3,3,0,0.0,4.986966917822487,-5.0,5.0,0.4593278775015029,4.7518789686776834,65.01303308217751,9.994078464790922,925
C_n3,forward_half_life,volume_density,1,0,5.0,5.0,-5.0,5.0,0.005405405405405406,4.999997078158386,9245.0,10.0,925
C_n3,forward_half_life,volume_density^2,2,0,5.0,5.0,-5.0,5.0,0.005405405405405406,4.999997078158386,9245.0,10.0,925
C_n3,forward_half_life,volume_density^3,3,0,5.0,5.0,-5.0,5.0,0.005405405405405406,4.999997078158386,9245.0,10.0,925
C_n3,forward_half_life,volume_density_x_price_displacement,1,1,0.0,0.0,0.0,0.0,0.0,0.0,0.0,0.0,925
C_n3,forward_half_life,volume_density_x_price_displacement^2,2,1,0.0,0.0,0.0,0.0,0.0,0.0,0.0,0.0,925
C_n3,forward_half_life,volume_density_x_price_displacement^3,3,1,0.0,0.0,0.0,0.0,0.0,0.0,0.0,0.0,925
C_n3,forward_half_life,volume_log,1,0,5.0,5.0,-5.0,5.0,0.005405405405405406,4.999997078158386,9245.0,10.0,925
C_n3,forward_half_life,volume_log^2,2,0,5.0,5.0,-5.0,5.0,0.005405405405405406,4.999997078158386,9245.0,10.0,925
C_n3,forward_half_life,volume_log^3,3,0,5.0,5.0,-5.0,5.0,0.005405405405405406,4.999997078158386,9245.0,10.0,925
C_n3,forward_half_life,volume_log_x_price_displacement,1,1,0.0,0.0,0.0,0.0,0.0,0.0,0.0,0.0,925
C_n3,forward_half_life,volume_log_x_price_displacement^2,2,1,0.0,0.0,0.0,0.0,0.0,0.0,0.0,0.0,925
C_n3,forward_half_life,volume_log_x_price_displacement^3,3,1,0.0,0.0,0.0,0.0,0.0,0.0,0.0,0.0,925
C_n3,forward_half_life,volume_movement_abs,1,0,0.0,5.0,-5.0,5.0,0.0,4.997296566441997,9235.0,10.0,925
C_n3,forward_half_life,volume_movement_abs^2,2,0,0.0,5.0,-5.0,5.0,-0.007331997136315781,4.917961745128394,8726.03236425918,10.0,925
C_n3,forward_half_life,volume_movement_abs^3,3,0,0.0,4.972754941700608,-5.0,5.0,0.2205760563890239,4.4215376318054265,6125.729326984334,10.0,925
C_n3,forward_half_life,volume_movement_signed,1,0,0.0,5.0,-5.0,5.0,0.0972972972972973,4.996349288121439,7315.0,10.0,925
C_n3,forward_half_life,volume_movement_signed^2,2,0,0.0,5.0,-5.0,5.0,-0.007331997136315781,4.917961745128394,8726.03236425918,10.0,925
C_n3,forward_half_life,volume_movement_signed^3,3,0,0.0,4.972754941700608,-5.0,5.0,0.35116677843352634,4.541605819109468,5473.800889217408,10.0,925
C_n3,magnitude_state,bias,0,0,0.0,-5.0,-5.0,5.0,-0.005405382409101585,4.9945887446102555,9225.000042543163,10.0,925
C_n3,magnitude_state,directional_volume,1,0,0.0,-5.0,-5.0,5.0,-0.10270268702037838,4.993535631596611,7305.0000290123,10.0,925
C_n3,magnitude_state,directional_volume^2,2,0,0.0,-5.0,-5.0,5.0,-0.005405394710847786,4.9945887445969035,9225.000019784931,10.0,925
C_n3,magnitude_state,directional_volume^3,3,0,0.0,-5.0,-5.0,5.0,-0.10270269540955149,4.993535631424052,7305.000013492329,10.0,925
C_n3,magnitude_state,price_acceleration,1,0,0.0,-5.0,-5.0,5.0,-0.005405405389099809,4.994588744585337,3015.0,10.0,925
C_n3,magnitude_state,price_acceleration^2,2,0,0.0,-5.0,-5.0,5.0,-0.10700431708387513,4.948233154520333,8722.512768574396,10.0,925
C_n3,magnitude_state,price_acceleration^3,3,0,0.0,1.5878959104921382,-5.0,5.0,0.06581711422498114,4.575529617004841,1897.6761864885923,10.0,925
C_n3,magnitude_state,price_displacement,1,0,0.0,-5.0,-5.0,5.0,-0.10270270268639711,4.9935356312743835,7305.000000030165,10.0,925
C_n3,magnitude_state,price_displacement^2,2,0,0.0,-5.0,-5.0,5.0,-0.036457236387219864,4.947834866909434,8873.295773817203,10.0,925
C_n3,magnitude_state,price_displacement^3,3,0,0.0,-5.0,-5.0,5.0,-0.07845772449292562,4.473829824321333,5967.361639298438,10.0,925
C_n3,magnitude_state,price_velocity,1,0,0.0,-5.0,-5.0,5.0,-0.10270270268639711,4.9935356312743835,7305.000000030165,10.0,925
C_n3,magnitude_state,price_velocity^2,2,0,0.0,-5.0,-5.0,5.0,-0.04234258048003677,4.948116982468098,8862.40788724549,10.0,925
C_n3,magnitude_state,price_velocity^3,3,0,0.0,-5.0,-5.0,5.0,-0.07286720617469655,4.457023989313949,5869.665709713177,10.0,925
C_n3,magnitude_state,price_velocity_x_acceleration,1,1,0.0,0.0,0.0,0.0,0.0,0.0,0.0,0.0,925
C_n3,magnitude_state,price_velocity_x_acceleration^2,2,1,0.0,0.0,0.0,0.0,0.0,0.0,0.0,0.0,925
C_n3,magnitude_state,price_velocity_x_acceleration^3,3,1,0.0,0.0,0.0,0.0,0.0,0.0,0.0,0.0,925
C_n3,magnitude_state,relative_volume,1,0,0.0,-5.0,-5.0,5.0,-0.0054053829212266525,4.9945887446096995,9225.000041595731,10.0,925
C_n3,magnitude_state,relative_volume^2,2,0,0.0,-5.0,-5.0,5.0,-0.005405383421946748,4.994588744609154,9225.000040669398,10.0,925
C_n3,magnitude_state,relative_volume^3,3,0,0.0,-5.0,-5.0,5.0,-0.00540538391151587,4.994588744608624,9225.000039763696,10.0,925
C_n3,magnitude_state,relative_volume_x_price_velocity,1,1,0.0,0.0,0.0,0.0,0.0,0.0,0.0,0.0,925
C_n3,magnitude_state,relative_volume_x_price_velocity^2,2,1,0.0,0.0,0.0,0.0,0.0,0.0,0.0,0.0,925
C_n3,magnitude_state,relative_volume_x_price_velocity^3,3,1,0.0,0.0,0.0,0.0,0.0,0.0,0.0,0.0,925
C_n3,magnitude_state,spread,1,0,0.0,-5.0,-5.0,5.0,-0.005405404945479328,4.994588744585816,9225.000000850863,10.0,925
C_n3,magnitude_state,spread^2,2,0,0.0,-5.0,-5.0,5.0,-0.00540540539620688,4.994588744585328,9225.000000017017,10.0,925
C_n3,magnitude_state,spread^3,3,0,0.0,-5.0,-5.0,5.0,-0.005405405405221432,4.994588744585319,9225.00000000034,10.0,925
C_n3,magnitude_state,spread_change,1,0,0.0,-4.986966917822487,-5.0,5.0,-0.4593278775015029,4.7518789686776834,65.01303308217751,9.994078464790922,925
C_n3,magnitude_state,spread_change^2,2,0,0.0,-4.986966917822487,-5.0,0.0,-4.562913803399595,1.4039777258762944,5.112539659457957,5.0,925
C_n3,magnitude_state,spread_change^3,3,0,0.0,-4.986966917822487,-5.0,5.0,-0.4593278775015029,4.7518789686776834,65.01303308217751,9.994078464790922,925
C_n3,magnitude_state,volume_density,1,0,0.0,-5.0,-5.0,5.0,-0.00535927248837787,4.994588991375759,9225.085345896501,10.0,925
C_n3,magnitude_state,volume_density^2,2,0,0.0,-5.0,-5.0,5.0,0.0,4.997296566441997,9235.0,10.0,925
C_n3,magnitude_state,volume_density^3,3,0,0.0,-5.0,-5.0,5.0,0.0,4.997296566441997,9235.0,10.0,925
C_n3,magnitude_state,volume_density_x_price_displacement,1,1,0.0,0.0,0.0,0.0,0.0,0.0,0.0,0.0,925
C_n3,magnitude_state,volume_density_x_price_displacement^2,2,1,0.0,0.0,0.0,0.0,0.0,0.0,0.0,0.0,925
C_n3,magnitude_state,volume_density_x_price_displacement^3,3,1,0.0,0.0,0.0,0.0,0.0,0.0,0.0,0.0,925
C_n3,magnitude_state,volume_log,1,0,0.0,-5.0,-5.0,5.0,-0.005405389723081086,4.994588744602314,9225.0000290123,10.0,925
C_n3,magnitude_state,volume_log^2,2,0,0.0,-5.0,-5.0,5.0,-0.005405394710847786,4.9945887445969035,9225.000019784931,10.0,925
C_n3,magnitude_state,volume_log^3,3,0,0.0,-5.0,-5.0,5.0,-0.005405398112254193,4.994588744593217,9225.00001349233,10.0,925
C_n3,magnitude_state,volume_log_x_price_displacement,1,1,0.0,0.0,0.0,0.0,0.0,0.0,0.0,0.0,925
C_n3,magnitude_state,volume_log_x_price_displacement^2,2,1,0.0,0.0,0.0,0.0,0.0,0.0,0.0,0.0,925
C_n3,magnitude_state,volume_log_x_price_displacement^3,3,1,0.0,0.0,0.0,0.0,0.0,0.0,0.0,0.0,925
C_n3,magnitude_state,volume_movement_abs,1,0,0.0,-5.0,-5.0,5.0,-0.005405405394285819,4.9945887445853305,9225.000000020571,10.0,925
C_n3,magnitude_state,volume_movement_abs^2,2,0,0.0,-5.0,-5.0,5.0,0.00192659616183187,4.915218280709683,8716.032363731569,10.0,925
C_n3,magnitude_state,volume_movement_abs^3,3,0,0.0,-4.9727549275966805,-5.0,5.0,-0.23226810002419787,4.4209458187632125,6125.455526687944,10.0,925
C_n3,magnitude_state,volume_movement_signed,1,0,0.0,-5.0,-5.0,5.0,-0.10270270269158312,4.993535631274277,7305.000000020571,10.0,925
C_n3,magnitude_state,volume_movement_signed^2,2,0,0.0,-5.0,-5.0,5.0,0.00192659616183187,4.915218280709683,8716.032363731569,10.0,925
C_n3,magnitude_state,volume_movement_signed^3,3,0,0.0,-4.9727549275966805,-5.0,5.0,-0.36285882353329174,4.540698520143191,5473.800707313594,10.0,925
C_n3,observation_half_life,bias,0,0,1.7999999999999998,5.0,-5.0,5.0,0.0019459459459459428,4.997646635064353,9238.6,10.0,925
C_n3,observation_half_life,directional_volume,1,0,0.0,5.0,-5.0,5.0,0.0972972972972973,4.996349288121439,7315.0,10.0,925
C_n3,observation_half_life,directional_volume^2,2,0,0.0,5.0,-5.0,5.0,0.0,4.997296566441997,9235.0,10.0,925
C_n3,observation_half_life,directional_volume^3,3,0,0.0,5.0,-5.0,5.0,0.0972972972972973,4.996349288121439,7315.0,10.0,925
C_n3,observation_half_life,price_acceleration,1,0,0.0,5.0,-5.0,5.0,0.0,4.997296566441997,3015.0,10.0,925
C_n3,observation_half_life,price_acceleration^2,2,0,0.0,5.0,-5.0,5.0,0.10159891403904464,4.951077252734701,8732.512767730608,10.0,925
C_n3,observation_half_life,price_acceleration^3,3,0,0.0,-1.58789591124524,-5.0,5.0,-0.10268373491519835,4.576137935539513,1897.6768007831736,10.0,925
C_n3,observation_half_life,price_displacement,1,0,0.0,5.0,-5.0,5.0,0.0972972972972973,4.996349288121439,7315.0,10.0,925
C_n3,observation_half_life,price_displacement^2,2,0,0.0,5.0,-5.0,5.0,0.031051832670530046,4.950602167006503,8883.295774418222,10.0,925
C_n3,observation_half_life,price_displacement^3,3,0,0.0,5.0,-5.0,5.0,0.04159110711210565,4.474770122542029,5967.362214087681,10.0,925
C_n3,observation_half_life,price_velocity,1,0,0.0,5.0,-5.0,5.0,0.0972972972972973,4.996349288121439,7315.0,10.0,925
C_n3,observation_half_life,price_velocity^2,2,0,0.0,5.0,-5.0,5.0,0.03693717676231829,4.950890550525719,8872.407887848414,10.0,925
C_n3,observation_half_life,price_velocity^3,3,0,0.0,5.0,-5.0,5.0,0.036000588830251104,4.457921599472742,5869.666284497028,10.0,925
C_n3,observation_half_life,price_velocity_x_acceleration,1,1,0.0,0.0,0.0,0.0,0.0,0.0,0.0,0.0,925
C_n3,observation_half_life,price_velocity_x_acceleration^2,2,1,0.0,0.0,0.0,0.0,0.0,0.0,0.0,0.0,925
C_n3,observation_half_life,price_velocity_x_acceleration^3,3,1,0.0,0.0,0.0,0.0,0.0,0.0,0.0,0.0,925
C_n3,observation_half_life,relative_volume,1,0,5.0,5.0,-5.0,5.0,0.005405405405405406,4.999997078158386,9245.0,10.0,925
C_n3,observation_half_life,relative_volume^2,2,0,5.0,5.0,-5.0,5.0,0.005405405405405406,4.999997078158386,9245.0,10.0,925
C_n3,observation_half_life,relative_volume^3,3,0,5.0,5.0,-5.0,5.0,0.005405405405405406,4.999997078158386,9245.0,10.0,925
C_n3,observation_half_life,relative_volume_x_price_velocity,1,1,0.0,0.0,0.0,0.0,0.0,0.0,0.0,0.0,925
C_n3,observation_half_life,relative_volume_x_price_velocity^2,2,1,0.0,0.0,0.0,0.0,0.0,0.0,0.0,0.0,925
C_n3,observation_half_life,relative_volume_x_price_velocity^3,3,1,0.0,0.0,0.0,0.0,0.0,0.0,0.0,0.0,925
C_n3,observation_half_life,spread,1,0,0.03600000000001841,5.0,-5.0,5.0,3.891891891893576e-05,4.997296706474349,9235.072,10.0,925
C_n3,observation_half_life,spread^2,2,0,0.0007200000000007365,5.0,-5.0,5.0,7.783783783796369e-07,4.99729656649801,9235.00144,10.0,925
C_n3,observation_half_life,spread^3,3,0,1.44000000000221e-05,5.0,-5.0,5.0,1.5567567565134644e-08,4.99729656644202,9235.0000288,10.0,925
C_n3,observation_half_life,spread_change,1,0,0.0,4.986966917822487,-5.0,5.0,0.4593278775015029,4.7518789686776834,65.01303308217751,9.994078464790922,925
C_n3,observation_half_life,spread_change^2,2,0,0.0,4.986966917822487,0.0,5.0,4.562913803399595,1.4039777258762944,5.112539659457957,5.0,925
C_n3,observation_half_life,spread_change^3,3,0,0.0,4.986966917822487,-5.0,5.0,0.4593278775015029,4.7518789686776834,65.01303308217751,9.994078464790922,925
C_n3,observation_half_life,volume_density,1,0,5.0,5.0,-5.0,5.0,0.005405405405405406,4.999997078158386,9245.0,10.0,925
C_n3,observation_half_life,volume_density^2,2,0,5.0,5.0,-5.0,5.0,0.005405405405405406,4.999997078158386,9245.0,10.0,925
C_n3,observation_half_life,volume_density^3,3,0,5.0,5.0,-5.0,5.0,0.005405405405405406,4.999997078158386,9245.0,10.0,925
C_n3,observation_half_life,volume_density_x_price_displacement,1,1,0.0,0.0,0.0,0.0,0.0,0.0,0.0,0.0,925
C_n3,observation_half_life,volume_density_x_price_displacement^2,2,1,0.0,0.0,0.0,0.0,0.0,0.0,0.0,0.0,925
C_n3,observation_half_life,volume_density_x_price_displacement^3,3,1,0.0,0.0,0.0,0.0,0.0,0.0,0.0,0.0,925
C_n3,observation_half_life,volume_log,1,0,5.0,5.0,-5.0,5.0,0.005405405405405406,4.999997078158386,9245.0,10.0,925
C_n3,observation_half_life,volume_log^2,2,0,5.0,5.0,-5.0,5.0,0.005405405405405406,4.999997078158386,9245.0,10.0,925
C_n3,observation_half_life,volume_log^3,3,0,5.0,5.0,-5.0,5.0,0.005405405405405406,4.999997078158386,9245.0,10.0,925
C_n3,observation_half_life,volume_log_x_price_displacement,1,1,0.0,0.0,0.0,0.0,0.0,0.0,0.0,0.0,925
C_n3,observation_half_life,volume_log_x_price_displacement^2,2,1,0.0,0.0,0.0,0.0,0.0,0.0,0.0,0.0,925
C_n3,observation_half_life,volume_log_x_price_displacement^3,3,1,0.0,0.0,0.0,0.0,0.0,0.0,0.0,0.0,925
C_n3,observation_half_life,volume_movement_abs,1,0,0.0,5.0,-5.0,5.0,0.0,4.997296566441997,9235.0,10.0,925
C_n3,observation_half_life,volume_movement_abs^2,2,0,0.0,5.0,-5.0,5.0,-0.007331997136315781,4.917961745128394,8726.03236425918,10.0,925
C_n3,observation_half_life,volume_movement_abs^3,3,0,0.0,4.972754941700608,-5.0,5.0,0.2205760563890239,4.4215376318054265,6125.729326984334,10.0,925
C_n3,observation_half_life,volume_movement_signed,1,0,0.0,5.0,-5.0,5.0,0.0972972972972973,4.996349288121439,7315.0,10.0,925
C_n3,observation_half_life,volume_movement_signed^2,2,0,0.0,5.0,-5.0,5.0,-0.007331997136315781,4.917961745128394,8726.03236425918,10.0,925
C_n3,observation_half_life,volume_movement_signed^3,3,0,0.0,4.972754941700608,-5.0,5.0,0.35116677843352634,4.541605819109468,5473.800889217408,10.0,925
C_n3,persistence,bias,0,0,0.006,5.0,-5.0,5.0,6.486486486486732e-06,4.997296570331784,9235.012,10.0,925
C_n3,persistence,directional_volume,1,0,0.0,5.0,-5.0,5.0,0.0972972972972973,4.996349288121439,7315.0,10.0,925
C_n3,persistence,directional_volume^2,2,0,0.0,5.0,-5.0,5.0,0.0,4.997296566441997,9235.0,10.0,925
C_n3,persistence,directional_volume^3,3,0,0.0,5.0,-5.0,5.0,0.0972972972972973,4.996349288121439,7315.0,10.0,925
C_n3,persistence,price_acceleration,1,0,0.0,5.0,-5.0,5.0,0.0,4.997296566441997,3015.0,10.0,925
C_n3,persistence,price_acceleration^2,2,0,0.0,5.0,-5.0,5.0,0.10159891168635508,4.951077252834811,8732.512768571558,10.0,925
C_n3,persistence,price_acceleration^3,3,0,0.0,-1.5878959104946464,-5.0,5.0,-0.10268373492544844,4.576137935556064,1897.6768007954704,10.0,925
C_n3,persistence,price_displacement,1,0,0.0,5.0,-5.0,5.0,0.0972972972972973,4.996349288121439,7315.0,10.0,925
C_n3,persistence,price_displacement^2,2,0,0.0,5.0,-5.0,5.0,0.03105183098745791,4.950602166517283,8883.295773819185,10.0,925
C_n3,persistence,price_displacement^3,3,0,0.0,5.0,-5.0,5.0,0.04159110634755187,4.474770122550566,5967.36221399919,10.0,925
C_n3,persistence,price_velocity,1,0,0.0,5.0,-5.0,5.0,0.0972972972972973,4.996349288121439,7315.0,10.0,925
C_n3,persistence,price_velocity^2,2,0,0.0,5.0,-5.0,5.0,0.036937175080271376,4.9508905500376,8872.40788724748,10.0,925
C_n3,persistence,price_velocity^3,3,0,0.0,5.0,-5.0,5.0,0.036000588029444267,4.457921599467227,5869.666284413912,10.0,925
C_n3,persistence,price_velocity_x_acceleration,1,1,0.0,0.0,0.0,0.0,0.0,0.0,0.0,0.0,925
C_n3,persistence,price_velocity_x_acceleration^2,2,1,0.0,0.0,0.0,0.0,0.0,0.0,0.0,0.0,925
C_n3,persistence,price_velocity_x_acceleration^3,3,1,0.0,0.0,0.0,0.0,0.0,0.0,0.0,0.0,925
C_n3,persistence,relative_volume,1,0,5.0,5.0,-5.0,5.0,0.005405405405405406,4.999997078158386,9245.0,10.0,925
C_n3,persistence,relative_volume^2,2,0,5.0,5.0,-5.0,5.0,0.005405405405405406,4.999997078158386,9245.0,10.0,925
C_n3,persistence,relative_volume^3,3,0,5.0,5.0,-5.0,5.0,0.005405405405405406,4.999997078158386,9245.0,10.0,925
C_n3,persistence,relative_volume_x_price_velocity,1,1,0.0,0.0,0.0,0.0,0.0,0.0,0.0,0.0,925
C_n3,persistence,relative_volume_x_price_velocity^2,2,1,0.0,0.0,0.0,0.0,0.0,0.0,0.0,0.0,925
C_n3,persistence,relative_volume_x_price_velocity^3,3,1,0.0,0.0,0.0,0.0,0.0,0.0,0.0,0.0,925
C_n3,persistence,spread,1,0,0.00012000000000006138,5.0,-5.0,5.0,1.2972972972481846e-07,4.997296566443554,9235.00024,10.0,925
C_n3,persistence,spread^2,2,0,2.4000000000024554e-06,5.0,-5.0,5.0,2.5945945941891075e-09,4.997296566441998,9235.0000048,10.0,925
C_n3,persistence,spread^3,3,0,4.800000000007367e-08,5.0,-5.0,5.0,5.189189618544628e-11,4.997296566441997,9235.000000096,10.0,925
C_n3,persistence,spread_change,1,0,0.0,4.986966917822487,-5.0,5.0,0.4593278775015029,4.7518789686776834,65.01303308217751,9.994078464790922,925
C_n3,persistence,spread_change^2,2,0,0.0,4.986966917822487,0.0,5.0,4.562913803399595,1.4039777258762944,5.112539659457957,5.0,925
C_n3,persistence,spread_change^3,3,0,0.0,4.986966917822487,-5.0,5.0,0.4593278775015029,4.7518789686776834,65.01303308217751,9.994078464790922,925
C_n3,persistence,volume_density,1,0,5.0,5.0,-5.0,5.0,0.005405405405405406,4.999997078158386,9245.0,10.0,925
C_n3,persistence,volume_density^2,2,0,5.0,5.0,-5.0,5.0,0.005405405405405406,4.999997078158386,9245.0,10.0,925
C_n3,persistence,volume_density^3,3,0,5.0,5.0,-5.0,5.0,0.005405405405405406,4.999997078158386,9245.0,10.0,925
C_n3,persistence,volume_density_x_price_displacement,1,1,0.0,0.0,0.0,0.0,0.0,0.0,0.0,0.0,925
C_n3,persistence,volume_density_x_price_displacement^2,2,1,0.0,0.0,0.0,0.0,0.0,0.0,0.0,0.0,925
C_n3,persistence,volume_density_x_price_displacement^3,3,1,0.0,0.0,0.0,0.0,0.0,0.0,0.0,0.0,925
C_n3,persistence,volume_log,1,0,0.04153790461336511,5.0,-5.0,5.0,4.490584282525806e-05,4.997296752870602,9235.083075809227,10.0,925
C_n3,persistence,volume_log^2,2,0,0.2875662532781697,5.0,-5.0,5.0,0.0003108824359764019,4.99730550153004,9235.575132506556,10.0,925
C_n3,persistence,volume_log^3,3,0,1.9908165997819005,5.0,-5.0,5.0,0.0021522341619263875,4.997724786776206,9238.981633199564,10.0,925
C_n3,persistence,volume_log_x_price_displacement,1,1,0.0,0.0,0.0,0.0,0.0,0.0,0.0,0.0,925
C_n3,persistence,volume_log_x_price_displacement^2,2,1,0.0,0.0,0.0,0.0,0.0,0.0,0.0,0.0,925
C_n3,persistence,volume_log_x_price_displacement^3,3,1,0.0,0.0,0.0,0.0,0.0,0.0,0.0,0.0,925
C_n3,persistence,volume_movement_abs,1,0,0.0,5.0,-5.0,5.0,0.0,4.997296566441997,9235.0,10.0,925
C_n3,persistence,volume_movement_abs^2,2,0,0.0,5.0,-5.0,5.0,-0.007332001552451065,4.9179617452326765,8726.032363733319,10.0,925
C_n3,persistence,volume_movement_abs^3,3,0,0.0,4.97275492764374,-5.0,5.0,0.2205760549442847,4.421537631705353,6125.72932690511,10.0,925
C_n3,persistence,volume_movement_signed,1,0,0.0,5.0,-5.0,5.0,0.0972972972972973,4.996349288121439,7315.0,10.0,925
C_n3,persistence,volume_movement_signed^2,2,0,0.0,5.0,-5.0,5.0,-0.007332001552451065,4.9179617452326765,8726.032363733319,10.0,925
C_n3,persistence,volume_movement_signed^3,3,0,0.0,4.97275492764374,-5.0,5.0,0.35116677844849015,4.541605819130068,5473.800889093861,10.0,925
C_n3,perturbation_state,bias,0,0,0.012,5.0,-5.0,5.0,1.2972972972973464e-05,4.997296582001148,9235.024,10.0,925
C_n3,perturbation_state,directional_volume,1,0,0.0,5.0,-5.0,5.0,0.0972972972972973,4.996349288121439,7315.0,10.0,925
C_n3,perturbation_state,directional_volume^2,2,0,0.0,5.0,-5.0,5.0,0.0,4.997296566441997,9235.0,10.0,925
C_n3,perturbation_state,directional_volume^3,3,0,0.0,5.0,-5.0,5.0,0.0972972972972973,4.996349288121439,7315.0,10.0,925
C_n3,perturbation_state,price_acceleration,1,0,0.0,5.0,-5.0,5.0,0.0,4.997296566441997,3015.0,10.0,925
C_n3,perturbation_state,price_acceleration^2,2,0,0.0,5.0,-5.0,5.0,0.10159891167853587,4.951077252835136,8732.512768574354,10.0,925
C_n3,perturbation_state,price_acceleration^3,3,0,0.0,-1.5878959104926385,-5.0,5.0,-0.10268373492674784,4.576137935556159,1897.6768007954934,10.0,925
C_n3,perturbation_state,price_displacement,1,0,0.0,5.0,-5.0,5.0,0.0972972972972973,4.996349288121439,7315.0,10.0,925
C_n3,perturbation_state,price_displacement^2,2,0,0.0,5.0,-5.0,5.0,0.031051830981830796,4.9506021665156466,8883.295773817179,10.0,925
C_n3,perturbation_state,price_displacement^3,3,0,0.0,5.0,-5.0,5.0,0.04159110634429484,4.474770122550673,5967.362213998966,10.0,925
C_n3,perturbation_state,price_velocity,1,0,0.0,5.0,-5.0,5.0,0.0972972972972973,4.996349288121439,7315.0,10.0,925
C_n3,perturbation_state,price_velocity^2,2,0,0.0,5.0,-5.0,5.0,0.03693717507464701,4.950890550035968,8872.407887245468,10.0,925
C_n3,perturbation_state,price_velocity^3,3,0,0.0,5.0,-5.0,5.0,0.03600058802608788,4.457921599467295,5869.666284413702,10.0,925
C_n3,perturbation_state,price_velocity_x_acceleration,1,1,0.0,0.0,0.0,0.0,0.0,0.0,0.0,0.0,925
C_n3,perturbation_state,price_velocity_x_acceleration^2,2,1,0.0,0.0,0.0,0.0,0.0,0.0,0.0,0.0,925
C_n3,perturbation_state,price_velocity_x_acceleration^3,3,1,0.0,0.0,0.0,0.0,0.0,0.0,0.0,0.0,925
C_n3,perturbation_state,relative_volume,1,0,5.0,5.0,-5.0,5.0,0.005405405405405406,4.999997078158386,9245.0,10.0,925
C_n3,perturbation_state,relative_volume^2,2,0,5.0,5.0,-5.0,5.0,0.005405405405405406,4.999997078158386,9245.0,10.0,925
C_n3,perturbation_state,relative_volume^3,3,0,5.0,5.0,-5.0,5.0,0.005405405405405406,4.999997078158386,9245.0,10.0,925
C_n3,perturbation_state,relative_volume_x_price_velocity,1,1,0.0,0.0,0.0,0.0,0.0,0.0,0.0,0.0,925
C_n3,perturbation_state,relative_volume_x_price_velocity^2,2,1,0.0,0.0,0.0,0.0,0.0,0.0,0.0,0.0,925
C_n3,perturbation_state,relative_volume_x_price_velocity^3,3,1,0.0,0.0,0.0,0.0,0.0,0.0,0.0,0.0,925
C_n3,perturbation_state,spread,1,0,0.00024000000000012276,5.0,-5.0,5.0,2.594594594496369e-07,4.99729656644822,9235.00048,10.0,925
C_n3,perturbation_state,spread^2,2,0,4.800000000004911e-06,5.0,-5.0,5.0,5.189189188378215e-09,4.9972965664419995,9235.0000096,10.0,925
C_n3,perturbation_state,spread^3,3,0,9.600000000014734e-08,5.0,-5.0,5.0,1.0378379237089256e-10,4.997296566441997,9235.000000192,10.0,925
C_n3,perturbation_state,spread_change,1,0,0.0,4.986966917822487,-5.0,5.0,0.4593278775015029,4.7518789686776834,65.01303308217751,9.994078464790922,925
C_n3,perturbation_state,spread_change^2,2,0,0.0,4.986966917822487,0.0,5.0,4.562913803399595,1.4039777258762944,5.112539659457957,5.0,925
C_n3,perturbation_state,spread_change^3,3,0,0.0,4.986966917822487,-5.0,5.0,0.4593278775015029,4.7518789686776834,65.01303308217751,9.994078464790922,925
C_n3,perturbation_state,volume_density,1,0,5.0,5.0,-5.0,5.0,0.005405405405405406,4.999997078158386,9245.0,10.0,925
C_n3,perturbation_state,volume_density^2,2,0,5.0,5.0,-5.0,5.0,0.005405405405405406,4.999997078158386,9245.0,10.0,925
C_n3,perturbation_state,volume_density^3,3,0,5.0,5.0,-5.0,5.0,0.005405405405405406,4.999997078158386,9245.0,10.0,925
C_n3,perturbation_state,volume_density_x_price_displacement,1,1,0.0,0.0,0.0,0.0,0.0,0.0,0.0,0.0,925
C_n3,perturbation_state,volume_density_x_price_displacement^2,2,1,0.0,0.0,0.0,0.0,0.0,0.0,0.0,0.0,925
C_n3,perturbation_state,volume_density_x_price_displacement^3,3,1,0.0,0.0,0.0,0.0,0.0,0.0,0.0,0.0,925
C_n3,perturbation_state,volume_log,1,0,0.08307580922673022,5.0,-5.0,5.0,8.981168565051612e-05,4.997297312156372,9235.166151618454,10.0,925
C_n3,perturbation_state,volume_log^2,2,0,0.5751325065563394,5.0,-5.0,5.0,0.0006217648719528038,4.997332306698316,9236.150265013113,10.0,925
C_n3,perturbation_state,volume_log^3,3,0,3.981633199563801,5.0,-5.0,5.0,0.004304468323852759,4.999009227688037,9242.963266399127,10.0,925
C_n3,perturbation_state,volume_log_x_price_displacement,1,1,0.0,0.0,0.0,0.0,0.0,0.0,0.0,0.0,925
C_n3,perturbation_state,volume_log_x_price_displacement^2,2,1,0.0,0.0,0.0,0.0,0.0,0.0,0.0,0.0,925
C_n3,perturbation_state,volume_log_x_price_displacement^3,3,1,0.0,0.0,0.0,0.0,0.0,0.0,0.0,0.0,925
C_n3,perturbation_state,volume_movement_abs,1,0,0.0,5.0,-5.0,5.0,0.0,4.997296566441997,9235.0,10.0,925
C_n3,perturbation_state,volume_movement_abs^2,2,0,0.0,5.0,-5.0,5.0,-0.007332001565866174,4.917961745232541,8726.03236373256,10.0,925
C_n3,perturbation_state,volume_movement_abs^3,3,0,0.0,4.972754927606131,-5.0,5.0,0.2205760549405978,4.42153763170513,6125.729326904956,10.0,925
C_n3,perturbation_state,volume_movement_signed,1,0,0.0,5.0,-5.0,5.0,0.0972972972972973,4.996349288121439,7315.0,10.0,925
C_n3,perturbation_state,volume_movement_signed^2,2,0,0.0,5.0,-5.0,5.0,-0.007332001565866174,4.917961745232541,8726.03236373256,10.0,925
C_n3,perturbation_state,volume_movement_signed^3,3,0,0.0,4.972754927606131,-5.0,5.0,0.3511667784478849,4.541605819130118,5473.800889093597,10.0,925
C_n3,reinforcement,bias,0,0,-0.0020999999999999994,-5.0,-5.0,5.0,-2.27027027026882e-06,4.997296566918496,9235.0042,10.0,925
C_n3,reinforcement,directional_volume,1,0,0.0,-5.0,-5.0,5.0,-0.0972972972972973,4.996349288121439,7315.0,10.0,925
C_n3,reinforcement,directional_volume^2,2,0,0.0,-5.0,-5.0,5.0,0.0,4.997296566441997,9235.0,10.0,925
C_n3,reinforcement,directional_volume^3,3,0,0.0,-5.0,-5.0,5.0,-0.0972972972972973,4.996349288121439,7315.0,10.0,925
C_n3,reinforcement,price_acceleration,1,0,0.0,-5.0,-5.0,5.0,0.0,4.997296566441997,3015.0,10.0,925
C_n3,reinforcement,price_acceleration^2,2,0,0.0,-5.0,-5.0,5.0,-0.10159891167839474,4.951077252834785,8732.51276857403,10.0,925
C_n3,reinforcement,price_acceleration^3,3,0,0.0,1.587895910490829,-5.0,5.0,0.1026837349215615,4.576137935555904,1897.6768007955427,10.0,925
C_n3,reinforcement,price_displacement,1,0,0.0,-5.0,-5.0,5.0,-0.0972972972972973,4.996349288121439,7315.0,10.0,925
C_n3,reinforcement,price_displacement^2,2,0,0.0,-5.0,-5.0,5.0,-0.03105183098205681,4.950602166515513,8883.295773815014,10.0,925
C_n3,reinforcement,price_displacement^3,3,0,0.0,-5.0,-5.0,5.0,-0.04159110634855913,4.474770122550331,5967.362213998866,10.0,925
C_n3,reinforcement,price_velocity,1,0,0.0,-5.0,-5.0,5.0,-0.0972972972972973,4.996349288121439,7315.0,10.0,925
C_n3,reinforcement,price_velocity^2,2,0,0.0,-5.0,-5.0,5.0,-0.03693717507487438,4.950890550035833,8872.407887243302,10.0,925
C_n3,reinforcement,price_velocity^3,3,0,0.0,-5.0,-5.0,5.0,-0.03600058803033623,4.45792159946695,5869.666284413608,10.0,925
C_n3,reinforcement,price_velocity_x_acceleration,1,1,0.0,0.0,0.0,0.0,0.0,0.0,0.0,0.0,925
C_n3,reinforcement,price_velocity_x_acceleration^2,2,1,0.0,0.0,0.0,0.0,0.0,0.0,0.0,0.0,925
C_n3,reinforcement,price_velocity_x_acceleration^3,3,1,0.0,0.0,0.0,0.0,0.0,0.0,0.0,0.0,925
C_n3,reinforcement,relative_volume,1,0,-2.130125282584569,-5.0,-5.0,5.0,-0.002302838143334673,4.997786810545271,9239.260250565168,10.0,925
C_n3,reinforcement,relative_volume^2,2,0,-5.0,-5.0,-5.0,5.0,-0.005405405405405406,4.999997078158386,9245.0,10.0,925
C_n3,reinforcement,relative_volume^3,3,0,-5.0,-5.0,-5.0,5.0,-0.005405405405405406,4.999997078158386,9245.0,10.0,925
C_n3,reinforcement,relative_volume_x_price_velocity,1,1,0.0,0.0,0.0,0.0,0.0,0.0,0.0,0.0,925
C_n3,reinforcement,relative_volume_x_price_velocity^2,2,1,0.0,0.0,0.0,0.0,0.0,0.0,0.0,0.0,925
C_n3,reinforcement,relative_volume_x_price_velocity^3,3,1,0.0,0.0,0.0,0.0,0.0,0.0,0.0,0.0,925
C_n3,reinforcement,spread,1,0,-4.200000000002147e-05,-5.0,-5.0,5.0,-4.5405405413672464e-08,4.997296566442188,9235.000084,10.0,925
C_n3,reinforcement,spread^2,2,0,-8.400000000008591e-07,-5.0,-5.0,5.0,-9.08108106429879e-10,4.997296566441997,9235.00000168,10.0,925
C_n3,reinforcement,spread^3,3,0,-1.680000000002578e-08,-5.0,-5.0,5.0,-1.8162163664906197e-11,4.997296566441997,9235.0000000336,10.0,925
C_n3,reinforcement,spread_change,1,0,0.0,-4.986966917822487,-5.0,5.0,-0.4593278775015029,4.7518789686776834,65.01303308217751,9.994078464790922,925
C_n3,reinforcement,spread_change^2,2,0,0.0,-4.986966917822487,-5.0,0.0,-4.562913803399595,1.4039777258762944,5.112539659457957,5.0,925
C_n3,reinforcement,spread_change^3,3,0,0.0,-4.986966917822487,-5.0,5.0,-0.4593278775015029,4.7518789686776834,65.01303308217751,9.994078464790922,925
C_n3,reinforcement,volume_density,1,0,-5.0,-5.0,-5.0,5.0,-0.005405405405405406,4.999997078158386,9245.0,10.0,925
C_n3,reinforcement,volume_density^2,2,0,-5.0,-5.0,-5.0,5.0,-0.005405405405405406,4.999997078158386,9245.0,10.0,925
C_n3,reinforcement,volume_density^3,3,0,-5.0,-5.0,-5.0,5.0,-0.005405405405405406,4.999997078158386,9245.0,10.0,925
C_n3,reinforcement,volume_density_x_price_displacement,1,1,0.0,0.0,0.0,0.0,0.0,0.0,0.0,0.0,925
C_n3,reinforcement,volume_density_x_price_displacement^2,2,1,0.0,0.0,0.0,0.0,0.0,0.0,0.0,0.0,925
C_n3,reinforcement,volume_density_x_price_displacement^3,3,1,0.0,0.0,0.0,0.0,0.0,0.0,0.0,0.0,925
C_n3,reinforcement,volume_log,1,0,-0.014538266614677782,-5.0,-5.0,5.0,-1.5717044988841857e-05,4.997296589279502,9235.02907653323,10.0,925
C_n3,reinforcement,volume_log^2,2,0,-0.10064818864735936,-5.0,-5.0,5.0,-0.00010880885259173528,4.9972976609911415,9235.201296377294,10.0,925
C_n3,reinforcement,volume_log^3,3,0,-0.6967858099236649,-5.0,-5.0,5.0,-0.0007532819566742356,4.997349025405124,9236.393571619847,10.0,925
C_n3,reinforcement,volume_log_x_price_displacement,1,1,0.0,0.0,0.0,0.0,0.0,0.0,0.0,0.0,925
C_n3,reinforcement,volume_log_x_price_displacement^2,2,1,0.0,0.0,0.0,0.0,0.0,0.0,0.0,0.0,925
C_n3,reinforcement,volume_log_x_price_displacement^3,3,1,0.0,0.0,0.0,0.0,0.0,0.0,0.0,0.0,925
C_n3,reinforcement,volume_movement_abs,1,0,0.0,-5.0,-5.0,5.0,0.0,4.997296566441997,9235.0,10.0,925
C_n3,reinforcement,volume_movement_abs^2,2,0,0.0,-5.0,-5.0,5.0,0.007332001567845154,4.917961745232301,8726.032363729393,10.0,925
C_n3,reinforcement,volume_movement_abs^3,3,0,0.0,-4.972754927597971,-5.0,5.0,-0.2205760549404115,4.421537631704976,6125.72932690476,10.0,925
C_n3,reinforcement,volume_movement_signed,1,0,0.0,-5.0,-5.0,5.0,-0.0972972972972973,4.996349288121439,7315.0,10.0,925
C_n3,reinforcement,volume_movement_signed^2,2,0,0.0,-5.0,-5.0,5.0,0.007332001567845154,4.917961745232301,8726.032363729393,10.0,925
C_n3,reinforcement,volume_movement_signed^3,3,0,0.0,-4.972754927597971,-5.0,5.0,-0.35116677844980476,4.541605819130049,5473.800889093383,10.0,925
C_n3,reversal_tendency,bias,0,0,0.006,5.0,-5.0,5.0,6.486486486486732e-06,4.997296570331784,9235.012,10.0,925
C_n3,reversal_tendency,directional_volume,1,0,0.0,5.0,-5.0,5.0,0.0972972972972973,4.996349288121439,7315.0,10.0,925
C_n3,reversal_tendency,directional_volume^2,2,0,0.0,5.0,-5.0,5.0,0.0,4.997296566441997,9235.0,10.0,925
C_n3,reversal_tendency,directional_volume^3,3,0,0.0,5.0,-5.0,5.0,0.0972972972972973,4.996349288121439,7315.0,10.0,925
C_n3,reversal_tendency,price_acceleration,1,0,0.0,5.0,-5.0,5.0,0.0,4.997296566441997,3015.0,10.0,925
C_n3,reversal_tendency,price_acceleration^2,2,0,0.0,5.0,-5.0,5.0,0.10159891167862835,4.951077252835131,8732.512768574237,10.0,925
C_n3,reversal_tendency,price_acceleration^3,3,0,0.0,-1.587895910492267,-5.0,5.0,-0.10268373492556847,4.576137935556116,1897.6768007955109,10.0,925
C_n3,reversal_tendency,price_displacement,1,0,0.0,5.0,-5.0,5.0,0.0972972972972973,4.996349288121439,7315.0,10.0,925
C_n3,reversal_tendency,price_displacement^2,2,0,0.0,5.0,-5.0,5.0,0.031051830981915118,4.950602166515658,8883.295773817135,10.0,925
C_n3,reversal_tendency,price_displacement^3,3,0,0.0,5.0,-5.0,5.0,0.041591106345242976,4.474770122550594,5967.362213998932,10.0,925
C_n3,reversal_tendency,price_velocity,1,0,0.0,5.0,-5.0,5.0,0.0972972972972973,4.996349288121439,7315.0,10.0,925
C_n3,reversal_tendency,price_velocity^2,2,0,0.0,5.0,-5.0,5.0,0.03693717507473168,4.95089055003598,8872.407887245425,10.0,925
C_n3,reversal_tendency,price_velocity^3,3,0,0.0,5.0,-5.0,5.0,0.03600058802702888,4.457921599467214,5869.666284413671,10.0,925
C_n3,reversal_tendency,price_velocity_x_acceleration,1,1,0.0,0.0,0.0,0.0,0.0,0.0,0.0,0.0,925
C_n3,reversal_tendency,price_velocity_x_acceleration^2,2,1,0.0,0.0,0.0,0.0,0.0,0.0,0.0,0.0,925
C_n3,reversal_tendency,price_velocity_x_acceleration^3,3,1,0.0,0.0,0.0,0.0,0.0,0.0,0.0,0.0,925
C_n3,reversal_tendency,relative_volume,1,0,5.0,5.0,-5.0,5.0,0.005405405405405406,4.999997078158386,9245.0,10.0,925
C_n3,reversal_tendency,relative_volume^2,2,0,5.0,5.0,-5.0,5.0,0.005405405405405406,4.999997078158386,9245.0,10.0,925
C_n3,reversal_tendency,relative_volume^3,3,0,5.0,5.0,-5.0,5.0,0.005405405405405406,4.999997078158386,9245.0,10.0,925
C_n3,reversal_tendency,relative_volume_x_price_velocity,1,1,0.0,0.0,0.0,0.0,0.0,0.0,0.0,0.0,925
C_n3,reversal_tendency,relative_volume_x_price_velocity^2,2,1,0.0,0.0,0.0,0.0,0.0,0.0,0.0,0.0,925
C_n3,reversal_tendency,relative_volume_x_price_velocity^3,3,1,0.0,0.0,0.0,0.0,0.0,0.0,0.0,0.0,925
C_n3,reversal_tendency,spread,1,0,0.00012000000000006138,5.0,-5.0,5.0,1.2972972972481846e-07,4.997296566443554,9235.00024,10.0,925
C_n3,reversal_tendency,spread^2,2,0,2.4000000000024554e-06,5.0,-5.0,5.0,2.5945945941891075e-09,4.997296566441998,9235.0000048,10.0,925
C_n3,reversal_tendency,spread^3,3,0,4.800000000007367e-08,5.0,-5.0,5.0,5.189189618544628e-11,4.997296566441997,9235.000000096,10.0,925
C_n3,reversal_tendency,spread_change,1,0,0.0,4.986966917822487,-5.0,5.0,0.4593278775015029,4.7518789686776834,65.01303308217751,9.994078464790922,925
C_n3,reversal_tendency,spread_change^2,2,0,0.0,4.986966917822487,0.0,5.0,4.562913803399595,1.4039777258762944,5.112539659457957,5.0,925
C_n3,reversal_tendency,spread_change^3,3,0,0.0,4.986966917822487,-5.0,5.0,0.4593278775015029,4.7518789686776834,65.01303308217751,9.994078464790922,925
C_n3,reversal_tendency,volume_density,1,0,5.0,5.0,-5.0,5.0,0.005405405405405406,4.999997078158386,9245.0,10.0,925
C_n3,reversal_tendency,volume_density^2,2,0,5.0,5.0,-5.0,5.0,0.005405405405405406,4.999997078158386,9245.0,10.0,925
C_n3,reversal_tendency,volume_density^3,3,0,5.0,5.0,-5.0,5.0,0.005405405405405406,4.999997078158386,9245.0,10.0,925
C_n3,reversal_tendency,volume_density_x_price_displacement,1,1,0.0,0.0,0.0,0.0,0.0,0.0,0.0,0.0,925
C_n3,reversal_tendency,volume_density_x_price_displacement^2,2,1,0.0,0.0,0.0,0.0,0.0,0.0,0.0,0.0,925
C_n3,reversal_tendency,volume_density_x_price_displacement^3,3,1,0.0,0.0,0.0,0.0,0.0,0.0,0.0,0.0,925
C_n3,reversal_tendency,volume_log,1,0,0.04153790461336511,5.0,-5.0,5.0,4.490584282525806e-05,4.997296752870602,9235.083075809227,10.0,925
C_n3,reversal_tendency,volume_log^2,2,0,0.2875662532781697,5.0,-5.0,5.0,0.0003108824359764019,4.99730550153004,9235.575132506556,10.0,925
C_n3,reversal_tendency,volume_log^3,3,0,1.9908165997819005,5.0,-5.0,5.0,0.0021522341619263875,4.997724786776206,9238.981633199564,10.0,925
C_n3,reversal_tendency,volume_log_x_price_displacement,1,1,0.0,0.0,0.0,0.0,0.0,0.0,0.0,0.0,925
C_n3,reversal_tendency,volume_log_x_price_displacement^2,2,1,0.0,0.0,0.0,0.0,0.0,0.0,0.0,0.0,925
C_n3,reversal_tendency,volume_log_x_price_displacement^3,3,1,0.0,0.0,0.0,0.0,0.0,0.0,0.0,0.0,925
C_n3,reversal_tendency,volume_movement_abs,1,0,0.0,5.0,-5.0,5.0,0.0,4.997296566441997,9235.0,10.0,925
C_n3,reversal_tendency,volume_movement_abs^2,2,0,0.0,5.0,-5.0,5.0,-0.00733200156622653,4.917961745232702,8726.032363732003,10.0,925
C_n3,reversal_tendency,volume_movement_abs^3,3,0,0.0,4.972754927602633,-5.0,5.0,0.22057605494034904,4.421537631705057,6125.729326904893,10.0,925
C_n3,reversal_tendency,volume_movement_signed,1,0,0.0,5.0,-5.0,5.0,0.0972972972972973,4.996349288121439,7315.0,10.0,925
C_n3,reversal_tendency,volume_movement_signed^2,2,0,0.0,5.0,-5.0,5.0,-0.00733200156622653,4.917961745232702,8726.032363732003,10.0,925
C_n3,reversal_tendency,volume_movement_signed^3,3,0,0.0,4.972754927602633,-5.0,5.0,0.3511667784483623,4.541605819130102,5473.800889093523,10.0,925
C_n3,strength,bias,0,0,0.012,5.0,-5.0,5.0,1.2972972972973464e-05,4.997296582001148,9235.024,10.0,925
C_n3,strength,directional_volume,1,0,0.0,5.0,-5.0,5.0,0.0972972972972973,4.996349288121439,7315.0,10.0,925
C_n3,strength,directional_volume^2,2,0,0.0,5.0,-5.0,5.0,0.0,4.997296566441997,9235.0,10.0,925
C_n3,strength,directional_volume^3,3,0,0.0,5.0,-5.0,5.0,0.0972972972972973,4.996349288121439,7315.0,10.0,925
C_n3,strength,price_acceleration,1,0,0.0,5.0,-5.0,5.0,0.0,4.997296566441997,3015.0,10.0,925
C_n3,strength,price_acceleration^2,2,0,0.0,5.0,-5.0,5.0,0.10159891168538374,4.951077252835123,8732.51276857151,10.0,925
C_n3,strength,price_acceleration^3,3,0,0.0,-1.5878959104928032,-5.0,5.0,-0.10268373492552234,4.576137935556118,1897.676800795528,10.0,925
C_n3,strength,price_displacement,1,0,0.0,5.0,-5.0,5.0,0.0972972972972973,4.996349288121439,7315.0,10.0,925
C_n3,strength,price_displacement^2,2,0,0.0,5.0,-5.0,5.0,0.03105183098679116,4.9506021665169175,8883.295773818825,10.0,925
C_n3,strength,price_displacement^3,3,0,0.0,5.0,-5.0,5.0,0.04159110634777034,4.474770122550476,5967.362213999076,10.0,925
C_n3,strength,price_velocity,1,0,0.0,5.0,-5.0,5.0,0.0972972972972973,4.996349288121439,7315.0,10.0,925
C_n3,strength,price_velocity^2,2,0,0.0,5.0,-5.0,5.0,0.03693717507960705,4.950890550037234,8872.407887247116,10.0,925
C_n3,strength,price_velocity^3,3,0,0.0,5.0,-5.0,5.0,0.036000588029583405,4.457921599467107,5869.666284413809,10.0,925
C_n3,strength,price_velocity_x_acceleration,1,1,0.0,0.0,0.0,0.0,0.0,0.0,0.0,0.0,925
C_n3,strength,price_velocity_x_acceleration^2,2,1,0.0,0.0,0.0,0.0,0.0,0.0,0.0,0.0,925
C_n3,strength,price_velocity_x_acceleration^3,3,1,0.0,0.0,0.0,0.0,0.0,0.0,0.0,0.0,925
C_n3,strength,relative_volume,1,0,5.0,5.0,-5.0,5.0,0.005405405405405406,4.999997078158386,9245.0,10.0,925
C_n3,strength,relative_volume^2,2,0,5.0,5.0,-5.0,5.0,0.005405405405405406,4.999997078158386,9245.0,10.0,925
C_n3,strength,relative_volume^3,3,0,5.0,5.0,-5.0,5.0,0.005405405405405406,4.999997078158386,9245.0,10.0,925
C_n3,strength,relative_volume_x_price_velocity,1,1,0.0,0.0,0.0,0.0,0.0,0.0,0.0,0.0,925
C_n3,strength,relative_volume_x_price_velocity^2,2,1,0.0,0.0,0.0,0.0,0.0,0.0,0.0,0.0,925
C_n3,strength,relative_volume_x_price_velocity^3,3,1,0.0,0.0,0.0,0.0,0.0,0.0,0.0,0.0,925
C_n3,strength,spread,1,0,0.00024000000000012276,5.0,-5.0,5.0,2.594594594496369e-07,4.99729656644822,9235.00048,10.0,925
C_n3,strength,spread^2,2,0,4.800000000004911e-06,5.0,-5.0,5.0,5.189189188378215e-09,4.9972965664419995,9235.0000096,10.0,925
C_n3,strength,spread^3,3,0,9.600000000014734e-08,5.0,-5.0,5.0,1.0378379237089256e-10,4.997296566441997,9235.000000192,10.0,925
C_n3,strength,spread_change,1,0,0.0,4.986966917822487,-5.0,5.0,0.4593278775015029,4.7518789686776834,65.01303308217751,9.994078464790922,925
C_n3,strength,spread_change^2,2,0,0.0,4.986966917822487,0.0,5.0,4.562913803399595,1.4039777258762944,5.112539659457957,5.0,925
C_n3,strength,spread_change^3,3,0,0.0,4.986966917822487,-5.0,5.0,0.4593278775015029,4.7518789686776834,65.01303308217751,9.994078464790922,925
C_n3,strength,volume_density,1,0,5.0,5.0,-5.0,5.0,0.005405405405405406,4.999997078158386,9245.0,10.0,925
C_n3,strength,volume_density^2,2,0,5.0,5.0,-5.0,5.0,0.005405405405405406,4.999997078158386,9245.0,10.0,925
C_n3,strength,volume_density^3,3,0,5.0,5.0,-5.0,5.0,0.005405405405405406,4.999997078158386,9245.0,10.0,925
C_n3,strength,volume_density_x_price_displacement,1,1,0.0,0.0,0.0,0.0,0.0,0.0,0.0,0.0,925
C_n3,strength,volume_density_x_price_displacement^2,2,1,0.0,0.0,0.0,0.0,0.0,0.0,0.0,0.0,925
C_n3,strength,volume_density_x_price_displacement^3,3,1,0.0,0.0,0.0,0.0,0.0,0.0,0.0,0.0,925
C_n3,strength,volume_log,1,0,0.08307580922673022,5.0,-5.0,5.0,8.981168565051612e-05,4.997297312156372,9235.166151618454,10.0,925
C_n3,strength,volume_log^2,2,0,0.5751325065563394,5.0,-5.0,5.0,0.0006217648719528038,4.997332306698316,9236.150265013113,10.0,925
C_n3,strength,volume_log^3,3,0,3.981633199563801,5.0,-5.0,5.0,0.004304468323852759,4.999009227688037,9242.963266399127,10.0,925
C_n3,strength,volume_log_x_price_displacement,1,1,0.0,0.0,0.0,0.0,0.0,0.0,0.0,0.0,925
C_n3,strength,volume_log_x_price_displacement^2,2,1,0.0,0.0,0.0,0.0,0.0,0.0,0.0,0.0,925
C_n3,strength,volume_log_x_price_displacement^3,3,1,0.0,0.0,0.0,0.0,0.0,0.0,0.0,0.0,925
C_n3,strength,volume_movement_abs,1,0,0.0,5.0,-5.0,5.0,0.0,4.997296566441997,9235.0,10.0,925
C_n3,strength,volume_movement_abs^2,2,0,0.0,5.0,-5.0,5.0,-0.007332001553979447,4.917961745232776,8726.03236373284,10.0,925
C_n3,strength,volume_movement_abs^3,3,0,0.0,4.972754927612515,-5.0,5.0,0.22057605494232185,4.42153763170509,6125.729326904959,10.0,925
C_n3,strength,volume_movement_signed,1,0,0.0,5.0,-5.0,5.0,0.0972972972972973,4.996349288121439,7315.0,10.0,925
C_n3,strength,volume_movement_signed^2,2,0,0.0,5.0,-5.0,5.0,-0.007332001553979447,4.917961745232776,8726.03236373284,10.0,925
C_n3,strength,volume_movement_signed^3,3,0,0.0,4.972754927612515,-5.0,5.0,0.35116677844906874,4.541605819130024,5473.80088909366,10.0,925
C_n3,uncertainty,bias,0,0,0.020999999999999998,5.0,-5.0,5.0,2.2702702702703562e-05,4.997296614091895,9235.042,10.0,925
C_n3,uncertainty,directional_volume,1,0,0.0,5.0,-5.0,5.0,0.0972972972972973,4.996349288121439,7315.0,10.0,925
C_n3,uncertainty,directional_volume^2,2,0,0.0,5.0,-5.0,5.0,0.0,4.997296566441997,9235.0,10.0,925
C_n3,uncertainty,directional_volume^3,3,0,0.0,5.0,-5.0,5.0,0.0972972972972973,4.996349288121439,7315.0,10.0,925
C_n3,uncertainty,price_acceleration,1,0,0.0,5.0,-5.0,5.0,0.0,4.997296566441997,3015.0,10.0,925
C_n3,uncertainty,price_acceleration^2,2,0,0.0,5.0,-5.0,5.0,0.10159891169378293,4.9510772528349305,8732.512768568495,10.0,925
C_n3,uncertainty,price_acceleration^3,3,0,0.0,-1.5878959104941053,-5.0,5.0,-0.10268373492745544,4.576137935556176,1897.676800795493,10.0,925
C_n3,uncertainty,price_displacement,1,0,0.0,5.0,-5.0,5.0,0.0972972972972973,4.996349288121439,7315.0,10.0,925
C_n3,uncertainty,price_displacement^2,2,0,0.0,5.0,-5.0,5.0,0.031051830993820695,4.950602166518841,8883.295773821137,10.0,925
C_n3,uncertainty,price_displacement^3,3,0,0.0,5.0,-5.0,5.0,0.041591106349623444,4.474770122550425,5967.362213999199,10.0,925
C_n3,uncertainty,price_velocity,1,0,0.0,5.0,-5.0,5.0,0.0972972972972973,4.996349288121439,7315.0,10.0,925
C_n3,uncertainty,price_velocity^2,2,0,0.0,5.0,-5.0,5.0,0.03693717508663501,4.9508905500391505,8872.40788724943,10.0,925
C_n3,uncertainty,price_velocity^3,3,0,0.0,5.0,-5.0,5.0,0.036000588031479264,4.457921599467075,5869.6662844139255,10.0,925
C_n3,uncertainty,price_velocity_x_acceleration,1,1,0.0,0.0,0.0,0.0,0.0,0.0,0.0,0.0,925
C_n3,uncertainty,price_velocity_x_acceleration^2,2,1,0.0,0.0,0.0,0.0,0.0,0.0,0.0,0.0,925
C_n3,uncertainty,price_velocity_x_acceleration^3,3,1,0.0,0.0,0.0,0.0,0.0,0.0,0.0,0.0,925
C_n3,uncertainty,relative_volume,1,0,5.0,5.0,-5.0,5.0,0.005405405405405406,4.999997078158386,9245.0,10.0,925
C_n3,uncertainty,relative_volume^2,2,0,5.0,5.0,-5.0,5.0,0.005405405405405406,4.999997078158386,9245.0,10.0,925
C_n3,uncertainty,relative_volume^3,3,0,5.0,5.0,-5.0,5.0,0.005405405405405406,4.999997078158386,9245.0,10.0,925
C_n3,uncertainty,relative_volume_x_price_velocity,1,1,0.0,0.0,0.0,0.0,0.0,0.0,0.0,0.0,925
C_n3,uncertainty,relative_volume_x_price_velocity^2,2,1,0.0,0.0,0.0,0.0,0.0,0.0,0.0,0.0,925
C_n3,uncertainty,relative_volume_x_price_velocity^3,3,1,0.0,0.0,0.0,0.0,0.0,0.0,0.0,0.0,925
C_n3,uncertainty,spread,1,0,0.0004200000000002148,5.0,-5.0,5.0,4.5405405404454616e-07,4.997296566461058,9235.00084,10.0,925
C_n3,uncertainty,spread^2,2,0,8.400000000008593e-06,5.0,-5.0,5.0,9.081081079661877e-09,4.997296566442005,9235.0000168,10.0,925
C_n3,uncertainty,spread^3,3,0,1.6800000000025784e-07,5.0,-5.0,5.0,1.816216212859758e-10,4.997296566441997,9235.000000336,10.0,925
C_n3,uncertainty,spread_change,1,0,0.0,4.986966917822487,-5.0,5.0,0.4593278775015029,4.7518789686776834,65.01303308217751,9.994078464790922,925
C_n3,uncertainty,spread_change^2,2,0,0.0,4.986966917822487,0.0,5.0,4.562913803399595,1.4039777258762944,5.112539659457957,5.0,925
C_n3,uncertainty,spread_change^3,3,0,0.0,4.986966917822487,-5.0,5.0,0.4593278775015029,4.7518789686776834,65.01303308217751,9.994078464790922,925
C_n3,uncertainty,volume_density,1,0,5.0,5.0,-5.0,5.0,0.005405405405405406,4.999997078158386,9245.0,10.0,925
C_n3,uncertainty,volume_density^2,2,0,5.0,5.0,-5.0,5.0,0.005405405405405406,4.999997078158386,9245.0,10.0,925
C_n3,uncertainty,volume_density^3,3,0,5.0,5.0,-5.0,5.0,0.005405405405405406,4.999997078158386,9245.0,10.0,925
C_n3,uncertainty,volume_density_x_price_displacement,1,1,0.0,0.0,0.0,0.0,0.0,0.0,0.0,0.0,925
C_n3,uncertainty,volume_density_x_price_displacement^2,2,1,0.0,0.0,0.0,0.0,0.0,0.0,0.0,0.0,925
C_n3,uncertainty,volume_density_x_price_displacement^3,3,1,0.0,0.0,0.0,0.0,0.0,0.0,0.0,0.0,925
C_n3,uncertainty,volume_log,1,0,0.14538266614677786,5.0,-5.0,5.0,0.00015717044988841858,4.997298850191918,9235.290765332293,10.0,925
C_n3,uncertainty,volume_log^2,2,0,1.0064818864735938,5.0,-5.0,5.0,0.001088088525917399,4.997406020169718,9237.012963772948,10.0,925
C_n3,uncertainty,volume_log^3,3,0,5.0,5.0,-5.0,5.0,0.005405405405405406,4.999997078158386,9245.0,10.0,925
C_n3,uncertainty,volume_log_x_price_displacement,1,1,0.0,0.0,0.0,0.0,0.0,0.0,0.0,0.0,925
C_n3,uncertainty,volume_log_x_price_displacement^2,2,1,0.0,0.0,0.0,0.0,0.0,0.0,0.0,0.0,925
C_n3,uncertainty,volume_log_x_price_displacement^3,3,1,0.0,0.0,0.0,0.0,0.0,0.0,0.0,0.0,925
C_n3,uncertainty,volume_movement_abs,1,0,0.0,5.0,-5.0,5.0,0.0,4.997296566441997,9235.0,10.0,925
C_n3,uncertainty,volume_movement_abs^2,2,0,0.0,5.0,-5.0,5.0,-0.007332001537206851,4.917961745232127,8726.03236373461,10.0,925
C_n3,uncertainty,volume_movement_abs^3,3,0,0.0,4.972754927630306,-5.0,5.0,0.22057605494422888,4.421537631705258,6125.729326904979,10.0,925
C_n3,uncertainty,volume_movement_signed,1,0,0.0,5.0,-5.0,5.0,0.0972972972972973,4.996349288121439,7315.0,10.0,925
C_n3,uncertainty,volume_movement_signed^2,2,0,0.0,5.0,-5.0,5.0,-0.007332001537206851,4.917961745232127,8726.03236373461,10.0,925
C_n3,uncertainty,volume_movement_signed^3,3,0,0.0,4.972754927630306,-5.0,5.0,0.3511667784497633,4.541605819129983,5473.800889093748,10.0,925
D_n1,direction_state,bias,0,0,0.0,-5.0,-5.0,5.0,-0.0054008367293699785,4.9945887514605145,9205.008452050666,10.0,925
D_n1,direction_state,directional_volume,1,0,0.0,-5.0,-5.0,5.0,-0.059456343851842224,4.994237769480013,7305.005763874092,10.0,925
D_n1,direction_state,price_acceleration,1,0,0.0,4.185272115253947,-5.0,5.0,-0.03561382079299876,4.0172741036847395,1393.5024909617514,10.0,925
D_n1,direction_state,price_displacement,1,0,0.0,-0.5339499054023198,-5.0,5.0,-0.25316221249430787,3.780252078570673,3542.487400787083,10.0,925
D_n1,direction_state,price_velocity,1,0,0.0,4.105033973799539,-5.0,5.0,0.004836769982611492,3.8286058256757283,3547.6709045836074,10.0,925
D_n1,direction_state,price_velocity_x_acceleration,1,1,0.0,4.983170866514185,-5.0,5.0,1.0441184319631476,4.623324087726672,1475.3453375028243,10.0,925
D_n1,direction_state,relative_volume,1,0,0.0,-5.0,-5.0,5.0,-0.005400938473264564,4.994588751265365,9205.00826382446,10.0,925
D_n1,direction_state,relative_volume_x_price_velocity,1,1,0.0,4.0765693201559765,-5.0,5.0,-0.09337697799517632,3.796280777156644,3570.4019024839786,10.0,925
D_n1,direction_state,spread,1,0,0.0,-5.0,-5.0,5.0,-0.22209432675048016,4.846782219046421,8659.433634359037,10.0,925
D_n1,direction_state,spread_change,1,0,0.0,-4.986966917822487,-5.0,5.0,-1.6459424058521857,4.481317822764733,45.056179991389335,9.994078464790922,925
D_n1,direction_state,volume_density,1,0,0.0,-5.0,-5.0,5.0,0.0,4.997296566441997,9215.0,10.0,925
D_n1,direction_state,volume_density_x_price_displacement,1,1,0.0,-5.0,-5.0,5.0,-0.05521103933130118,4.988294657192341,7295.6722036357,10.0,925
D_n1,direction_state,volume_log,1,0,0.0,-5.0,-5.0,5.0,-0.005402289797788171,4.994588748855092,9205.005763874093,10.0,925
D_n1,direction_state,volume_log_x_price_displacement,1,1,0.0,-2.0283740829688828,-5.0,5.0,-0.3313434076279067,3.791367782636859,3345.778774143823,10.0,925
D_n1,direction_state,volume_movement_abs,1,0,0.0,-2.0283740829688828,-5.0,5.0,-1.1751749654499533,3.7910946096051608,3925.303050268672,10.0,925
D_n1,direction_state,volume_movement_signed,1,0,0.0,-2.0283740829688828,-5.0,5.0,-0.3313434076279067,3.791367782636859,3345.778774143823,10.0,925
D_n1,forward_half_life,bias,0,0,1.7999999999999998,5.0,-5.0,5.0,0.0019459459459459428,4.997646635064353,9218.6,10.0,925
D_n1,forward_half_life,directional_volume,1,0,0.0,5.0,-5.0,5.0,0.05405405405405406,4.997004215749001,7315.0,10.0,925
D_n1,forward_half_life,price_acceleration,1,0,0.0,-4.184188685422347,-5.0,5.0,0.017871820829746803,4.01691924169442,1393.525233089947,10.0,925
D_n1,forward_half_life,price_displacement,1,0,0.0,0.8392511781952735,-5.0,5.0,0.296707003841383,3.7916627850787425,3539.980649371129,10.0,925
D_n1,forward_half_life,price_velocity,1,0,0.0,-4.073950495812645,-5.0,5.0,0.039407336574035425,3.839367369260704,3545.7796463161258,10.0,925
D_n1,forward_half_life,price_velocity_x_acceleration,1,1,0.0,-4.982362566729629,-5.0,5.0,-1.0439145973666888,4.623163337228266,1475.345273830418,10.0,925
D_n1,forward_half_life,relative_volume,1,0,5.0,5.0,-5.0,5.0,0.005405405405405406,4.999997078158386,9225.0,10.0,925
D_n1,forward_half_life,relative_volume_x_price_velocity,1,1,0.0,-3.584836601304517,-5.0,5.0,0.1433917442676835,3.795103932618845,3568.2809950692626,10.0,925
D_n1,forward_half_life,spread,1,0,0.03600000000001841,5.0,-5.0,5.0,-0.02858671595136592,4.81185529732001,8660.291949849097,10.0,925
D_n1,forward_half_life,spread_change,1,0,0.0,4.986966917822487,-5.0,5.0,1.6459424058521857,4.481317822764733,45.056179991389335,9.994078464790922,925
D_n1,forward_half_life,volume_density,1,0,5.0,5.0,-5.0,5.0,0.005405405405405406,4.999997078158386,9225.0,10.0,925
D_n1,forward_half_life,volume_density_x_price_displacement,1,1,0.0,5.0,-5.0,5.0,0.049741123199768485,4.990987450018502,7305.392989820696,10.0,925
D_n1,forward_half_life,volume_log,1,0,5.0,5.0,-5.0,5.0,0.005405405405405406,4.999997078158386,9225.0,10.0,925
D_n1,forward_half_life,volume_log_x_price_displacement,1,1,0.0,2.2379757110548124,-5.0,5.0,0.3745832279393327,3.8035183115623568,3344.000321256099,10.0,925
D_n1,forward_half_life,volume_movement_abs,1,0,0.0,2.2379757110548124,-5.0,5.0,1.2229819167461446,3.7918375774071578,3925.4185338630896,10.0,925
D_n1,forward_half_life,volume_movement_signed,1,0,0.0,2.2379757110548124,-5.0,5.0,0.3745832279393327,3.8035183115623568,3344.000321256099,10.0,925
D_n1,magnitude_state,bias,0,0,0.0,-5.0,-5.0,5.0,-0.002094665695598838,4.992291375005802,9198.875216623182,10.0,925
D_n1,magnitude_state,directional_volume,1,0,0.0,-5.0,-5.0,5.0,-0.055524688005825336,4.9917768907986355,7305.0000290123,10.0,925
D_n1,magnitude_state,price_acceleration,1,0,0.0,4.185269693185168,-5.0,5.0,-0.04509732360455366,4.017824692645744,1393.5022329603012,10.0,925
D_n1,magnitude_state,price_displacement,1,0,0.0,-0.5341446454879976,-5.0,5.0,-0.2492466424860546,3.780331469506255,3542.391750996534,10.0,925
D_n1,magnitude_state,price_velocity,1,0,0.0,4.105022208051811,-5.0,5.0,0.008749695445214388,3.8284180342637506,3547.5758697573374,10.0,925
D_n1,magnitude_state,price_velocity_x_acceleration,1,1,0.0,4.98316940413514,-5.0,5.0,1.044115835078077,4.62332408820758,1475.3452903346545,10.0,925
D_n1,magnitude_state,relative_volume,1,0,0.0,-5.0,-5.0,5.0,-0.0021322781799588673,4.992306087918914,9198.944797824386,10.0,925
D_n1,magnitude_state,relative_volume_x_price_velocity,1,1,0.0,4.0760886339665126,-5.0,5.0,-0.0894032839761502,3.7961348988575003,3570.3048804786667,10.0,925
D_n1,magnitude_state,spread,1,0,0.0,-5.0,-5.0,5.0,0.15680308722646707,4.825553524119995,8659.416376605119,10.0,925
D_n1,magnitude_state,spread_change,1,0,0.0,-4.986966917822487,-5.0,5.0,-1.6459424058521857,4.481317822764733,45.056179991389335,9.994078464790922,925
D_n1,magnitude_state,volume_density,1,0,0.0,-5.0,-5.0,5.0,-0.00535927248837787,4.994588991375759,9205.085345896501,10.0,925
D_n1,magnitude_state,volume_density_x_price_displacement,1,1,0.0,-5.0,-5.0,5.0,-0.05047595102940096,4.985675831779045,7295.660038691428,10.0,925
D_n1,magnitude_state,volume_log,1,0,0.0,-5.0,-5.0,5.0,-0.001470633951771284,4.992085471596537,9197.720730835377,10.0,925
D_n1,magnitude_state,volume_log_x_price_displacement,1,1,0.0,-2.028506738927833,-5.0,5.0,-0.32860525192280854,3.7915077859856194,3345.711611789676,10.0,925
D_n1,magnitude_state,volume_movement_abs,1,0,0.0,-2.028506738927833,-5.0,5.0,-1.172434726776885,3.791849448327234,3925.3034109596574,10.0,925
D_n1,magnitude_state,volume_movement_signed,1,0,0.0,-2.028506738927833,-5.0,5.0,-0.32860525192280854,3.7915077859856194,3345.711611789676,10.0,925
D_n1,observation_half_life,bias,0,0,1.7999999999999998,5.0,-5.0,5.0,0.0019459459459459428,4.997646635064353,9218.6,10.0,925
D_n1,observation_half_life,directional_volume,1,0,0.0,5.0,-5.0,5.0,0.05405405405405406,4.997004215749001,7315.0,10.0,925
D_n1,observation_half_life,price_acceleration,1,0,0.0,-4.184188685422347,-5.0,5.0,0.017871820829746803,4.01691924169442,1393.525233089947,10.0,925
D_n1,observation_half_life,price_displacement,1,0,0.0,0.8392511781952735,-5.0,5.0,0.296707003841383,3.7916627850787425,3539.980649371129,10.0,925
D_n1,observation_half_life,price_velocity,1,0,0.0,-4.073950495812645,-5.0,5.0,0.039407336574035425,3.839367369260704,3545.7796463161258,10.0,925
D_n1,observation_half_life,price_velocity_x_acceleration,1,1,0.0,-4.982362566729629,-5.0,5.0,-1.0439145973666888,4.623163337228266,1475.345273830418,10.0,925
D_n1,observation_half_life,relative_volume,1,0,5.0,5.0,-5.0,5.0,0.005405405405405406,4.999997078158386,9225.0,10.0,925
D_n1,observation_half_life,relative_volume_x_price_velocity,1,1,0.0,-3.584836601304517,-5.0,5.0,0.1433917442676835,3.795103932618845,3568.2809950692626,10.0,925
D_n1,observation_half_life,spread,1,0,0.03600000000001841,5.0,-5.0,5.0,-0.02858671595136592,4.81185529732001,8660.291949849097,10.0,925
D_n1,observation_half_life,spread_change,1,0,0.0,4.986966917822487,-5.0,5.0,1.6459424058521857,4.481317822764733,45.056179991389335,9.994078464790922,925
D_n1,observation_half_life,volume_density,1,0,5.0,5.0,-5.0,5.0,0.005405405405405406,4.999997078158386,9225.0,10.0,925
D_n1,observation_half_life,volume_density_x_price_displacement,1,1,0.0,5.0,-5.0,5.0,0.049741123199768485,4.990987450018502,7305.392989820696,10.0,925
D_n1,observation_half_life,volume_log,1,0,5.0,5.0,-5.0,5.0,0.005405405405405406,4.999997078158386,9225.0,10.0,925
D_n1,observation_half_life,volume_log_x_price_displacement,1,1,0.0,2.2379757110548124,-5.0,5.0,0.3745832279393327,3.8035183115623568,3344.000321256099,10.0,925
D_n1,observation_half_life,volume_movement_abs,1,0,0.0,2.2379757110548124,-5.0,5.0,1.2229819167461446,3.7918375774071578,3925.4185338630896,10.0,925
D_n1,observation_half_life,volume_movement_signed,1,0,0.0,2.2379757110548124,-5.0,5.0,0.3745832279393327,3.8035183115623568,3344.000321256099,10.0,925
D_n1,persistence,bias,0,0,0.006,5.0,-5.0,5.0,6.486486486486732e-06,4.997296570331784,9215.012,10.0,925
D_n1,persistence,directional_volume,1,0,0.0,5.0,-5.0,5.0,0.05405405405405406,4.997004215749001,7315.0,10.0,925
D_n1,persistence,price_acceleration,1,0,0.0,-4.185266076495193,-5.0,5.0,0.01738121410739847,4.01690077739893,1393.502866503343,10.0,925
D_n1,persistence,price_displacement,1,0,0.0,0.5351628637151055,-5.0,5.0,0.23521465204115027,3.7810260512528875,3542.4781761091517,10.0,925
D_n1,persistence,price_velocity,1,0,0.0,-4.104918544792038,-5.0,5.0,-0.022782104432864853,3.8281496165602897,3547.6643469015944,10.0,925
D_n1,persistence,price_velocity_x_acceleration,1,1,0.0,-4.983166710906211,-5.0,5.0,-1.044130014702254,4.623320188347881,1475.3456389052067,10.0,925
D_n1,persistence,relative_volume,1,0,5.0,5.0,-5.0,5.0,0.005405405405405406,4.999997078158386,9225.0,10.0,925
D_n1,persistence,relative_volume_x_price_velocity,1,1,0.0,-4.074449196586669,-5.0,5.0,0.07587192459884215,3.796029638665598,3570.3942816319077,10.0,925
D_n1,persistence,spread,1,0,0.00012000000000006138,5.0,-5.0,5.0,-0.2028002038740625,4.845014605527535,8669.392655523887,10.0,925
D_n1,persistence,spread_change,1,0,0.0,4.986966917822487,-5.0,5.0,1.6459424058521857,4.481317822764733,45.056179991389335,9.994078464790922,925
D_n1,persistence,volume_density,1,0,5.0,5.0,-5.0,5.0,0.005405405405405406,4.999997078158386,9225.0,10.0,925
D_n1,persistence,volume_density_x_price_displacement,1,1,0.0,5.0,-5.0,5.0,0.04981185641097444,4.991059382675994,7305.65906780373,10.0,925
D_n1,persistence,volume_log,1,0,0.04153790461336511,5.0,-5.0,5.0,4.490584282525806e-05,4.997296752870602,9215.083075809227,10.0,925
D_n1,persistence,volume_log_x_price_displacement,1,1,0.0,2.0292057896123232,-5.0,5.0,0.3191631553471316,3.79219357722023,3345.7722216424036,10.0,925
D_n1,persistence,volume_movement_abs,1,0,0.0,2.0292057896123232,-5.0,5.0,1.1630050509319283,3.794641262895161,3925.593875763678,10.0,925
D_n1,persistence,volume_movement_signed,1,0,0.0,2.0292057896123232,-5.0,5.0,0.3191631553471316,3.79219357722023,3345.7722216424036,10.0,925
D_n1,perturbation_state,bias,0,0,0.012,5.0,-5.0,5.0,1.2972972972973464e-05,4.997296582001148,9215.024,10.0,925
D_n1,perturbation_state,directional_volume,1,0,0.0,5.0,-5.0,5.0,0.05405405405405406,4.997004215749001,7315.0,10.0,925
D_n1,perturbation_state,price_acceleration,1,0,0.0,-4.185268959153572,-5.0,5.0,0.017381583544559046,4.0169015559641865,1393.5027476235978,10.0,925
D_n1,perturbation_state,price_displacement,1,0,0.0,0.5344421300441697,-5.0,5.0,0.2350756597681941,3.781008707492607,3542.4837106645964,10.0,925
D_n1,perturbation_state,price_velocity,1,0,0.0,-4.105001402487401,-5.0,5.0,-0.02291764870728474,3.8281284049712734,3547.6686784007316,10.0,925
D_n1,perturbation_state,price_velocity_x_acceleration,1,1,0.0,-4.983167774875237,-5.0,5.0,-1.044130095661136,4.623320243220137,1475.3456396480397,10.0,925
D_n1,perturbation_state,relative_volume,1,0,5.0,5.0,-5.0,5.0,0.005405405405405406,4.999997078158386,9225.0,10.0,925
D_n1,perturbation_state,relative_volume_x_price_velocity,1,1,0.0,-4.075419033275198,-5.0,5.0,0.07572458072760158,3.7960351294112846,3570.3989458294413,10.0,925
D_n1,perturbation_state,spread,1,0,0.00024000000000012276,5.0,-5.0,5.0,-0.20342557202428818,4.845260507230763,8669.420266752153,10.0,925
D_n1,perturbation_state,spread_change,1,0,0.0,4.986966917822487,-5.0,5.0,1.6459424058521857,4.481317822764733,45.056179991389335,9.994078464790922,925
D_n1,perturbation_state,volume_density,1,0,5.0,5.0,-5.0,5.0,0.005405405405405406,4.999997078158386,9225.0,10.0,925
D_n1,perturbation_state,volume_density_x_price_displacement,1,1,0.0,5.0,-5.0,5.0,0.04981209296057035,4.991059637416869,7305.659957726857,10.0,925
D_n1,perturbation_state,volume_log,1,0,0.08307580922673022,5.0,-5.0,5.0,8.981168565051612e-05,4.997297312156372,9215.166151618454,10.0,925
D_n1,perturbation_state,volume_log_x_price_displacement,1,1,0.0,2.028709806977795,-5.0,5.0,0.3190386486501868,3.792172954697388,3345.7761537101806,10.0,925
D_n1,perturbation_state,volume_movement_abs,1,0,0.0,2.028709806977795,-5.0,5.0,1.16287038457395,3.7946518089681867,3925.5944774228947,10.0,925
D_n1,perturbation_state,volume_movement_signed,1,0,0.0,2.028709806977795,-5.0,5.0,0.3190386486501868,3.792172954697388,3345.7761537101806,10.0,925
D_n1,reinforcement,bias,0,0,-0.0020999999999999994,-5.0,-5.0,5.0,-2.27027027026882e-06,4.997296566918496,9215.0042,10.0,925
D_n1,reinforcement,directional_volume,1,0,0.0,-5.0,-5.0,5.0,-0.05405405405405406,4.997004215749001,7315.0,10.0,925
D_n1,reinforcement,price_acceleration,1,0,0.0,4.185264250158618,-5.0,5.0,-0.017384997645496596,4.016901399986416,1393.5032236932145,10.0,925
D_n1,reinforcement,price_displacement,1,0,0.0,-0.534071834160107,-5.0,5.0,-0.23500325725636795,3.7809952489498118,3542.4883987586218,10.0,925
D_n1,reinforcement,price_velocity,1,0,0.0,4.105020313630193,-5.0,5.0,0.02299315557356061,3.8281144238700344,3547.672318630159,10.0,925
D_n1,reinforcement,price_velocity_x_acceleration,1,1,0.0,4.983169720123522,-5.0,5.0,1.0441307743074348,4.6233207424802805,1475.3456409341572,10.0,925
D_n1,reinforcement,relative_volume,1,0,-2.130125282584569,-5.0,-5.0,5.0,-0.002302838143334673,4.997786810545271,9219.260250565168,10.0,925
D_n1,reinforcement,relative_volume_x_price_velocity,1,1,0.0,4.076248721908982,-5.0,5.0,-0.0756343604743895,3.796045401751339,3570.4031238176763,10.0,925
D_n1,reinforcement,spread,1,0,-4.200000000002147e-05,-5.0,-5.0,5.0,0.20346420615483468,4.8452801763382185,8669.421651863546,10.0,925
D_n1,reinforcement,spread_change,1,0,0.0,-4.986966917822487,-5.0,5.0,-1.6459424058521857,4.481317822764733,45.056179991389335,9.994078464790922,925
D_n1,reinforcement,volume_density,1,0,-5.0,-5.0,-5.0,5.0,-0.005405405405405406,4.999997078158386,9225.0,10.0,925
D_n1,reinforcement,volume_density_x_price_displacement,1,1,0.0,-5.0,-5.0,5.0,-0.049811613712826226,4.991059468317583,7305.660272606137,10.0,925
D_n1,reinforcement,volume_log,1,0,-0.014538266614677782,-5.0,-5.0,5.0,-1.5717044988841857e-05,4.997296589279502,9215.02907653323,10.0,925
D_n1,reinforcement,volume_log_x_price_displacement,1,1,0.0,-2.0284573644622506,-5.0,5.0,-0.31896926614643556,3.7921589224839285,3345.7794733857486,10.0,925
D_n1,reinforcement,volume_movement_abs,1,0,0.0,-2.0284573644622506,-5.0,5.0,-1.1627947293117942,3.7946562426650274,3925.595295143223,10.0,925
D_n1,reinforcement,volume_movement_signed,1,0,0.0,-2.0284573644622506,-5.0,5.0,-0.31896926614643556,3.7921589224839285,3345.7794733857486,10.0,925
D_n1,reversal_tendency,bias,0,0,0.006,5.0,-5.0,5.0,6.486486486486732e-06,4.997296570331784,9215.012,10.0,925
D_n1,reversal_tendency,directional_volume,1,0,0.0,5.0,-5.0,5.0,0.05405405405405406,4.997004215749001,7315.0,10.0,925
D_n1,reversal_tendency,price_acceleration,1,0,0.0,-4.185268480927149,-5.0,5.0,0.017381237260145906,4.016901364460881,1393.5028522692403,10.0,925
D_n1,reversal_tendency,price_displacement,1,0,0.0,0.5343125423058115,-5.0,5.0,0.23505061840839944,3.7810044103725216,3542.4850921623806,10.0,925
D_n1,reversal_tendency,price_velocity,1,0,0.0,-4.1050090502296825,-5.0,5.0,-0.02294359127932508,3.82812390565439,3547.6697333195066,10.0,925
D_n1,reversal_tendency,price_velocity_x_acceleration,1,1,0.0,-4.983168338897023,-5.0,5.0,-1.0441302376773574,4.6233203462880175,1475.345640166371,10.0,925
D_n1,reversal_tendency,relative_volume,1,0,5.0,5.0,-5.0,5.0,0.005405405405405406,4.999997078158386,9225.0,10.0,925
D_n1,reversal_tendency,relative_volume_x_price_velocity,1,1,0.0,-4.075694029561518,-5.0,5.0,0.07569415375037161,3.796038461378845,3570.400175173731,10.0,925
D_n1,reversal_tendency,spread,1,0,0.00012000000000006138,5.0,-5.0,5.0,-0.20342098862433744,4.845258651452066,8669.42038704451,10.0,925
D_n1,reversal_tendency,spread_change,1,0,0.0,4.986966917822487,-5.0,5.0,1.6459424058521857,4.481317822764733,45.056179991389335,9.994078464790922,925
D_n1,reversal_tendency,volume_density,1,0,5.0,5.0,-5.0,5.0,0.005405405405405406,4.999997078158386,9225.0,10.0,925
D_n1,reversal_tendency,volume_density_x_price_displacement,1,1,0.0,5.0,-5.0,5.0,0.04981208715670337,4.991059633182677,7305.659957731846,10.0,925
D_n1,reversal_tendency,volume_log,1,0,0.04153790461336511,5.0,-5.0,5.0,4.490584282525806e-05,4.997296752870602,9215.083075809227,10.0,925
D_n1,reversal_tendency,volume_log_x_price_displacement,1,1,0.0,2.02862140243515,-5.0,5.0,0.3190150844209307,3.79216834637861,3345.7771315793734,10.0,925
D_n1,reversal_tendency,volume_movement_abs,1,0,0.0,2.02862140243515,-5.0,5.0,1.1628447810931146,3.794653486581243,3925.594670656183,10.0,925
D_n1,reversal_tendency,volume_movement_signed,1,0,0.0,2.02862140243515,-5.0,5.0,0.3190150844209307,3.79216834637861,3345.7771315793734,10.0,925
D_n1,strength,bias,0,0,0.012,5.0,-5.0,5.0,1.2972972972973464e-05,4.997296582001148,9215.024,10.0,925
D_n1,strength,directional_volume,1,0,0.0,5.0,-5.0,5.0,0.05405405405405406,4.997004215749001,7315.0,10.0,925
D_n1,strength,price_acceleration,1,0,0.0,-4.185267817660387,-5.0,5.0,0.01738303556872922,4.016900878497634,1393.5028582572584,10.0,925
D_n1,strength,price_displacement,1,0,0.0,0.5345427010249324,-5.0,5.0,0.2351035128361574,3.781009372898508,3542.4830243349206,10.0,925
D_n1,strength,price_velocity,1,0,0.0,-4.104987097185824,-5.0,5.0,-0.022891330063511448,3.8281305804093093,3547.668083495244,10.0,925
D_n1,strength,price_velocity_x_acceleration,1,1,0.0,-4.983167794285652,-5.0,5.0,-1.044130090096921,4.623320243489165,1475.3456396310742,10.0,925
D_n1,strength,relative_volume,1,0,5.0,5.0,-5.0,5.0,0.005405405405405406,4.999997078158386,9225.0,10.0,925
D_n1,strength,relative_volume_x_price_velocity,1,1,0.0,-4.075345873926318,-5.0,5.0,0.07575027880747012,3.7960355387185873,3570.3984337962024,10.0,925
D_n1,strength,spread,1,0,0.00024000000000012276,5.0,-5.0,5.0,-0.20279288238815235,4.844981573362781,8669.402544611477,10.0,925
D_n1,strength,spread_change,1,0,0.0,4.986966917822487,-5.0,5.0,1.6459424058521857,4.481317822764733,45.056179991389335,9.994078464790922,925
D_n1,strength,volume_density,1,0,5.0,5.0,-5.0,5.0,0.005405405405405406,4.999997078158386,9225.0,10.0,925
D_n1,strength,volume_density_x_price_displacement,1,1,0.0,5.0,-5.0,5.0,0.04981188520215407,4.991059298426834,7305.65932600321,10.0,925
D_n1,strength,volume_log,1,0,0.08307580922673022,5.0,-5.0,5.0,8.981168565051612e-05,4.997297312156372,9215.166151618454,10.0,925
D_n1,strength,volume_log_x_price_displacement,1,1,0.0,2.0287800223445376,-5.0,5.0,0.31906152902964574,3.7921746738888036,3345.7756553195545,10.0,925
D_n1,strength,volume_movement_abs,1,0,0.0,2.0287800223445376,-5.0,5.0,1.1628973440363044,3.794647821357238,3925.5941677988462,10.0,925
D_n1,strength,volume_movement_signed,1,0,0.0,2.0287800223445376,-5.0,5.0,0.31906152902964574,3.7921746738888036,3345.7756553195545,10.0,925
D_n1,uncertainty,bias,0,0,0.020999999999999998,5.0,-5.0,5.0,2.2702702702703562e-05,4.997296614091895,9215.042,10.0,925
D_n1,uncertainty,directional_volume,1,0,0.0,5.0,-5.0,5.0,0.05405405405405406,4.997004215749001,7315.0,10.0,925
D_n1,uncertainty,price_acceleration,1,0,0.0,-4.185267758480562,-5.0,5.0,0.017378195853701324,4.016900915067837,1393.5028671331547,10.0,925
D_n1,uncertainty,price_displacement,1,0,0.0,0.5348400796000703,-5.0,5.0,0.23515069879953818,3.781016464697802,3542.4812430594634,10.0,925
D_n1,uncertainty,price_velocity,1,0,0.0,-4.104948385874715,-5.0,5.0,-0.022846796617617227,3.828138762668546,3547.6666875019537,10.0,925
D_n1,uncertainty,price_velocity_x_acceleration,1,1,0.0,-4.983167910603143,-5.0,5.0,-1.0441304821405117,4.623320538238189,1475.345638998675,10.0,925
D_n1,uncertainty,relative_volume,1,0,5.0,5.0,-5.0,5.0,0.005405405405405406,4.999997078158386,9225.0,10.0,925
D_n1,uncertainty,relative_volume_x_price_velocity,1,1,0.0,-4.075023103716042,-5.0,5.0,0.07579902689773359,3.7960348869167166,3570.3968812411877,10.0,925
D_n1,uncertainty,spread,1,0,0.0004200000000002148,5.0,-5.0,5.0,-0.20202405107545768,4.844642552248338,8669.38053018272,10.0,925
D_n1,uncertainty,spread_change,1,0,0.0,4.986966917822487,-5.0,5.0,1.6459424058521857,4.481317822764733,45.056179991389335,9.994078464790922,925
D_n1,uncertainty,volume_density,1,0,5.0,5.0,-5.0,5.0,0.005405405405405406,4.999997078158386,9225.0,10.0,925
D_n1,uncertainty,volume_density_x_price_displacement,1,1,0.0,5.0,-5.0,5.0,0.04981137470829828,4.991058677004894,7305.658491924021,10.0,925
D_n1,uncertainty,volume_log,1,0,0.14538266614677786,5.0,-5.0,5.0,0.00015717044988841858,4.997298850191918,9215.290765332293,10.0,925
D_n1,uncertainty,volume_log_x_price_displacement,1,1,0.0,2.028983890810289,-5.0,5.0,0.31910324033002907,3.7921828108300417,3345.7744091626164,10.0,925
D_n1,uncertainty,volume_movement_abs,1,0,0.0,2.028983890810289,-5.0,5.0,1.1629472203518025,3.7946436814141027,3925.5937122807645,10.0,925
D_n1,uncertainty,volume_movement_signed,1,0,0.0,2.028983890810289,-5.0,5.0,0.31910324033002907,3.7921828108300417,3345.7744091626164,10.0,925
D_n2,direction_state,bias,0,0,0.0,5.0,-5.0,5.0,0.005409974081440832,4.994588741571595,9175.008452050666,10.0,925
D_n2,direction_state,directional_volume,1,0,0.0,5.0,-5.0,5.0,-0.09188877628427465,4.993746329932861,7315.005763874092,10.0,925
D_n2,direction_state,directional_volume^2,2,0,0.0,5.0,-5.0,5.0,0.00540753009333454,4.994588742703443,9175.003930672669,10.0,925
D_n2,direction_state,price_acceleration,1,0,0.0,5.0,-5.0,5.0,0.11697906463271386,4.981347082082722,2991.946510944876,10.0,925
D_n2,direction_state,price_acceleration^2,2,0,0.0,-3.465630044661233,-5.0,5.0,0.3036473211811145,4.2629658197837745,4909.804785136055,10.0,925
D_n2,direction_state,price_displacement,1,0,0.0,5.0,-5.0,5.0,-0.08764133458737884,4.987815774757032,7305.632547689647,10.0,925
D_n2,direction_state,price_displacement^2,2,0,0.0,4.894108408827335,-5.0,5.0,-0.4406844266146981,4.364090540234136,5843.155964095725,10.0,925
D_n2,direction_state,price_velocity,1,0,0.0,5.0,-5.0,5.0,-0.08764133458737884,4.987815774757032,7305.632547689647,10.0,925
D_n2,direction_state,price_velocity^2,2,0,0.0,-1.8031837486555062,-5.0,5.0,-0.5613754303890871,4.3416537717763575,5770.694189813428,10.0,925
D_n2,direction_state,price_velocity_x_acceleration,1,1,0.0,-3.4425814280177085,-5.0,5.0,-0.03598417892774856,4.300662419612982,2290.70793053227,10.0,925
D_n2,direction_state,price_velocity_x_acceleration^2,2,1,0.0,4.994449147470311,-5.0,5.0,0.8059345311032124,4.609669914485421,3461.5674182416633,10.0,925
D_n2,direction_state,relative_volume,1,0,0.0,5.0,-5.0,5.0,0.005409872337546247,4.99458874159667,9175.00826382446,10.0,925
D_n2,direction_state,relative_volume^2,2,0,0.0,5.0,-5.0,5.0,0.005409772859476611,4.994588741623039,9175.008079790032,10.0,925
D_n2,direction_state,relative_volume_x_price_velocity,1,1,0.0,5.0,-5.0,5.0,-0.08638998808561736,4.9871054390735905,7306.710203602457,10.0,925
D_n2,direction_state,relative_volume_x_price_velocity^2,2,1,0.0,-2.237941866553406,-5.0,5.0,-0.19479231917400353,4.3683074503339965,5795.280428294535,10.0,925
D_n2,direction_state,spread,1,0,0.0,5.0,-5.0,5.0,0.005405496778926105,4.994588744487202,9175.000169041014,10.0,925
D_n2,direction_state,spread^2,2,0,0.0,5.0,-5.0,5.0,0.005405407232875816,4.994588744583341,9175.000003380821,10.0,925
D_n2,direction_state,spread_change,1,0,0.0,4.986966917822487,-5.0,5.0,0.5672990444605849,4.7402012221176255,35.05754967982798,9.994078464790922,925
D_n2,direction_state,spread_change^2,2,0,0.0,4.986966917822487,-5.0,5.0,0.7815897736287976,4.709612856463917,35.068023061807494,9.993329403584227,925
D_n2,direction_state,volume_density,1,0,0.0,5.0,-5.0,5.0,0.010810810810810811,4.997284872742656,9185.0,10.0,925
D_n2,direction_state,volume_density^2,2,0,0.0,5.0,-5.0,5.0,0.010810810810810811,4.997284872742656,9185.0,10.0,925
D_n2,direction_state,volume_density_x_price_displacement,1,1,0.0,5.0,-5.0,5.0,-0.09188539326269081,4.993746395194261,7315.012022464022,10.0,925
D_n2,direction_state,volume_density_x_price_displacement^2,2,1,0.0,5.0,-5.0,5.0,0.0054146492609919656,4.994588742485163,9175.017101132835,10.0,925
D_n2,direction_state,volume_log,1,0,0.0,5.0,-5.0,5.0,0.00540852101302264,4.994588742111344,9175.005763874093,10.0,925
D_n2,direction_state,volume_log^2,2,0,0.0,5.0,-5.0,5.0,0.00540753009333454,4.994588742703443,9175.003930672669,10.0,925
D_n2,direction_state,volume_log_x_price_displacement,1,1,0.0,5.0,-5.0,5.0,-0.08499149864254599,4.986883970997889,7302.895585514377,10.0,925
D_n2,direction_state,volume_log_x_price_displacement^2,2,1,0.0,-0.5317377140166486,-5.0,5.0,-0.5326248040749482,4.28788046348942,5368.975476209858,10.0,925
D_n2,direction_state,volume_movement_abs,1,0,0.0,5.0,-5.0,5.0,-0.015359565310032316,4.977778918643839,9085.725012219715,10.0,925
D_n2,direction_state,volume_movement_abs^2,2,0,0.0,-0.5317377140166486,-5.0,5.0,-0.5326248040749482,4.28788046348942,5368.975476209858,10.0,925
D_n2,direction_state,volume_movement_signed,1,0,0.0,5.0,-5.0,5.0,-0.08499149864254599,4.986883970997889,7302.895585514377,10.0,925
D_n2,direction_state,volume_movement_signed^2,2,0,0.0,-0.5317377140166486,-5.0,5.0,-0.5326248040749482,4.28788046348942,5368.975476209858,10.0,925
D_n2,forward_half_life,bias,0,0,1.7999999999999998,-5.0,-5.0,5.0,-0.008864864864864867,4.997639151624155,9188.6,10.0,925
D_n2,forward_half_life,directional_volume,1,0,0.0,-5.0,-5.0,5.0,0.08648648648648649,4.996548114511477,7325.0,10.0,925
D_n2,forward_half_life,directional_volume^2,2,0,0.0,-5.0,-5.0,5.0,-0.010810810810810811,4.997284872742656,9185.0,10.0,925
D_n2,forward_half_life,price_acceleration,1,0,0.0,-5.0,-5.0,5.0,-0.12238470532941266,4.983929234992897,2991.9466666076482,10.0,925
D_n2,forward_half_life,price_acceleration^2,2,0,0.0,3.465648185145872,-5.0,5.0,-0.3295576000054382,4.259787129177089,4910.411837829251,10.0,925
D_n2,forward_half_life,price_displacement,1,0,0.0,-5.0,-5.0,5.0,0.08223590844886094,4.990616252025888,7315.632277704874,10.0,925
D_n2,forward_half_life,price_displacement^2,2,0,0.0,-4.8940231843705835,-5.0,5.0,0.4147735477263126,4.366562205857906,5843.762461873629,10.0,925
D_n2,forward_half_life,price_velocity,1,0,0.0,-5.0,-5.0,5.0,0.08223590844886094,4.990616252025888,7315.632277704874,10.0,925
D_n2,forward_half_life,price_velocity^2,2,0,0.0,1.8032016351928908,-5.0,5.0,0.5354640074792594,4.344858550315399,5771.300732541526,10.0,925
D_n2,forward_half_life,price_velocity_x_acceleration,1,1,0.0,3.44258463679673,-5.0,5.0,0.01007176969662144,4.300206111360085,2291.31469634135,10.0,925
D_n2,forward_half_life,price_velocity_x_acceleration^2,2,1,0.0,-4.994449143963225,-5.0,5.0,-0.805934493770047,4.6096698867217745,3461.567418555126,10.0,925
D_n2,forward_half_life,relative_volume,1,0,5.0,-5.0,-5.0,5.0,-0.005405405405405406,4.999997078158386,9195.0,10.0,925
D_n2,forward_half_life,relative_volume^2,2,0,5.0,-5.0,-5.0,5.0,-0.005405405405405406,4.999997078158386,9195.0,10.0,925
D_n2,forward_half_life,relative_volume_x_price_velocity,1,1,0.0,-5.0,-5.0,5.0,0.08098458633713843,4.9899049730214164,7316.709906994006,10.0,925
D_n2,forward_half_life,relative_volume_x_price_velocity^2,2,1,0.0,2.237958092538947,-5.0,5.0,0.17002348712141083,4.36876733476399,5795.860160222703,10.0,925
D_n2,forward_half_life,spread,1,0,0.03600000000001841,-5.0,-5.0,5.0,-0.010771891891891875,4.997285096970066,9185.072,10.0,925
D_n2,forward_half_life,spread^2,2,0,0.0007200000000007365,-5.0,-5.0,5.0,-0.01081003243243243,4.997284874482563,9185.00144,10.0,925
D_n2,forward_half_life,spread_change,1,0,0.0,-4.986966917822487,-5.0,5.0,-0.5672990444605849,4.7402012221176255,35.05754967982798,9.994078464790922,925
D_n2,forward_half_life,spread_change^2,2,0,0.0,-4.986966917822487,-5.0,5.0,-0.7815897736287976,4.709612856463917,35.068023061807494,9.993329403584227,925
D_n2,forward_half_life,volume_density,1,0,5.0,-5.0,-5.0,5.0,-0.005405405405405406,4.999997078158386,9195.0,10.0,925
D_n2,forward_half_life,volume_density^2,2,0,5.0,-5.0,-5.0,5.0,-0.005405405405405406,4.999997078158386,9195.0,10.0,925
D_n2,forward_half_life,volume_density_x_price_displacement,1,1,0.0,-5.0,-5.0,5.0,0.08648648648648649,4.996548114511477,7325.0,10.0,925
D_n2,forward_half_life,volume_density_x_price_displacement^2,2,1,0.0,-5.0,-5.0,5.0,-0.010810810810810811,4.997284872742656,9185.0,10.0,925
D_n2,forward_half_life,volume_log,1,0,5.0,-5.0,-5.0,5.0,-0.005405405405405406,4.999997078158386,9195.0,10.0,925
D_n2,forward_half_life,volume_log^2,2,0,5.0,-5.0,-5.0,5.0,-0.005405405405405406,4.999997078158386,9195.0,10.0,925
D_n2,forward_half_life,volume_log_x_price_displacement,1,1,0.0,-5.0,-5.0,5.0,0.07958609113071567,4.989682220118463,7312.895385391692,10.0,925
D_n2,forward_half_life,volume_log_x_price_displacement^2,2,1,0.0,0.5317775284177193,-5.0,5.0,0.5205764494136709,4.289259528057846,5369.257439410394,10.0,925
D_n2,forward_half_life,volume_movement_abs,1,0,0.0,-5.0,-5.0,5.0,0.009954619684837167,4.980506726683582,9095.724698084263,10.0,925
D_n2,forward_half_life,volume_movement_abs^2,2,0,0.0,0.5317775284177193,-5.0,5.0,0.5205764494136709,4.289259528057846,5369.257439410394,10.0,925
D_n2,forward_half_life,volume_movement_signed,1,0,0.0,-5.0,-5.0,5.0,0.07958609113071567,4.989682220118463,7312.895385391692,10.0,925
D_n2,forward_half_life,volume_movement_signed^2,2,0,0.0,0.5317775284177193,-5.0,5.0,0.5205764494136709,4.289259528057846,5369.257439410394,10.0,925
D_n2,magnitude_state,bias,0,0,0.0,5.0,-5.0,5.0,0.005405428401709225,4.99458874456048,9175.000042543163,10.0,925
D_n2,magnitude_state,directional_volume,1,0,0.0,5.0,-5.0,5.0,-0.09189187620956757,4.993746271991886,7315.0000290123,10.0,925
D_n2,magnitude_state,directional_volume^2,2,0,0.0,5.0,-5.0,5.0,0.0054054160999630245,4.994588744573755,9175.000019784931,10.0,925
D_n2,magnitude_state,price_acceleration,1,0,0.0,5.0,-5.0,5.0,0.1169790613867149,4.981347082135293,2991.9465109202506,10.0,925
D_n2,magnitude_state,price_acceleration^2,2,0,0.0,-3.4656300510405016,-5.0,5.0,0.3036520549868784,4.262965080643573,4909.804785058072,10.0,925
D_n2,magnitude_state,price_displacement,1,0,0.0,5.0,-5.0,5.0,-0.08764133783671871,4.987815774713188,7305.632541712591,10.0,925
D_n2,magnitude_state,price_displacement^2,2,0,0.0,4.8941083746084075,-5.0,5.0,-0.4406835941026821,4.364090593361007,5843.155964268339,10.0,925
D_n2,magnitude_state,price_velocity,1,0,0.0,5.0,-5.0,5.0,-0.08764133783671871,4.987815774713188,7305.632541712591,10.0,925
D_n2,magnitude_state,price_velocity^2,2,0,0.0,-1.8031837559064785,-5.0,5.0,-0.5613745976634427,4.341653848534558,5770.694189998049,10.0,925
D_n2,magnitude_state,price_velocity_x_acceleration,1,1,0.0,-3.442581429774437,-5.0,5.0,-0.0359861650283223,4.300662519979395,2290.707883453575,10.0,925
D_n2,magnitude_state,price_velocity_x_acceleration^2,2,1,0.0,4.994449147464447,-5.0,5.0,0.8059345309397046,4.60966991440252,3461.5674182416765,10.0,925
D_n2,magnitude_state,relative_volume,1,0,0.0,5.0,-5.0,5.0,0.005405427889584158,4.994588744561032,9175.000041595731,10.0,925
D_n2,magnitude_state,relative_volume^2,2,0,0.0,5.0,-5.0,5.0,0.0054054273888640625,4.994588744561572,9175.000040669398,10.0,925
D_n2,magnitude_state,relative_volume_x_price_velocity,1,1,0.0,5.0,-5.0,5.0,-0.08638999126202046,4.987105439026341,7306.7101977567445,10.0,925
D_n2,magnitude_state,relative_volume_x_price_velocity^2,2,1,0.0,-2.2379418730526184,-5.0,5.0,-0.1947914561957995,4.368307438918047,5795.280428433472,10.0,925
D_n2,magnitude_state,spread,1,0,0.0,5.0,-5.0,5.0,0.005405405865331484,4.994588744584821,9175.000000850863,10.0,925
D_n2,magnitude_state,spread^2,2,0,0.0,5.0,-5.0,5.0,0.0054054054146039305,4.994588744585308,9175.000000017017,10.0,925
D_n2,magnitude_state,spread_change,1,0,0.0,4.986966917822487,-5.0,5.0,0.5672990444605849,4.7402012221176255,35.05754967982798,9.994078464790922,925
D_n2,magnitude_state,spread_change^2,2,0,0.0,4.986966917822487,-5.0,5.0,0.7815897736287976,4.709612856463917,35.068023061807494,9.993329403584227,925
D_n2,magnitude_state,volume_density,1,0,0.0,5.0,-5.0,5.0,0.00545153832243294,4.994588891520847,9175.085345896501,10.0,925
D_n2,magnitude_state,volume_density^2,2,0,0.0,5.0,-5.0,5.0,0.010810810810810811,4.997284872742656,9185.0,10.0,925
D_n2,magnitude_state,volume_density_x_price_displacement,1,1,0.0,5.0,-5.0,5.0,-0.09189185918122246,4.993746272305307,7315.000060514739,10.0,925
D_n2,magnitude_state,volume_density_x_price_displacement^2,2,1,0.0,5.0,-5.0,5.0,0.005405451934095509,4.994588744535163,9175.000086078076,10.0,925
D_n2,magnitude_state,volume_log,1,0,0.0,5.0,-5.0,5.0,0.005405421087729724,4.994588744568368,9175.0000290123,10.0,925
D_n2,magnitude_state,volume_log^2,2,0,0.0,5.0,-5.0,5.0,0.0054054160999630245,4.994588744573755,9175.000019784931,10.0,925
D_n2,magnitude_state,volume_log_x_price_displacement,1,1,0.0,5.0,-5.0,5.0,-0.08499150085811062,4.986883970962663,7302.8955814374585,10.0,925
D_n2,magnitude_state,volume_log_x_price_displacement^2,2,1,0.0,-0.5317377299991639,-5.0,5.0,-0.5326243941594401,4.287880504989319,5368.975476238839,10.0,925
D_n2,magnitude_state,volume_movement_abs,1,0,0.0,5.0,-5.0,5.0,-0.015359567506907965,4.977778918637069,9085.725008182953,10.0,925
D_n2,magnitude_state,volume_movement_abs^2,2,0,0.0,-0.5317377299991639,-5.0,5.0,-0.5326243941594401,4.287880504989319,5368.975476238839,10.0,925
D_n2,magnitude_state,volume_movement_signed,1,0,0.0,5.0,-5.0,5.0,-0.08499150085811062,4.986883970962663,7302.8955814374585,10.0,925
D_n2,magnitude_state,volume_movement_signed^2,2,0,0.0,-0.5317377299991639,-5.0,5.0,-0.5326243941594401,4.287880504989319,5368.975476238839,10.0,925
D_n2,observation_half_life,bias,0,0,1.7999999999999998,-5.0,-5.0,5.0,-0.008864864864864867,4.997639151624155,9188.6,10.0,925
D_n2,observation_half_life,directional_volume,1,0,0.0,-5.0,-5.0,5.0,0.08648648648648649,4.996548114511477,7325.0,10.0,925
D_n2,observation_half_life,directional_volume^2,2,0,0.0,-5.0,-5.0,5.0,-0.010810810810810811,4.997284872742656,9185.0,10.0,925
D_n2,observation_half_life,price_acceleration,1,0,0.0,-5.0,-5.0,5.0,-0.12238470532941266,4.983929234992897,2991.9466666076482,10.0,925
D_n2,observation_half_life,price_acceleration^2,2,0,0.0,3.465648185145872,-5.0,5.0,-0.3295576000054382,4.259787129177089,4910.411837829251,10.0,925
D_n2,observation_half_life,price_displacement,1,0,0.0,-5.0,-5.0,5.0,0.08223590844886094,4.990616252025888,7315.632277704874,10.0,925
D_n2,observation_half_life,price_displacement^2,2,0,0.0,-4.8940231843705835,-5.0,5.0,0.4147735477263126,4.366562205857906,5843.762461873629,10.0,925
D_n2,observation_half_life,price_velocity,1,0,0.0,-5.0,-5.0,5.0,0.08223590844886094,4.990616252025888,7315.632277704874,10.0,925
D_n2,observation_half_life,price_velocity^2,2,0,0.0,1.8032016351928908,-5.0,5.0,0.5354640074792594,4.344858550315399,5771.300732541526,10.0,925
D_n2,observation_half_life,price_velocity_x_acceleration,1,1,0.0,3.44258463679673,-5.0,5.0,0.01007176969662144,4.300206111360085,2291.31469634135,10.0,925
D_n2,observation_half_life,price_velocity_x_acceleration^2,2,1,0.0,-4.994449143963225,-5.0,5.0,-0.805934493770047,4.6096698867217745,3461.567418555126,10.0,925
D_n2,observation_half_life,relative_volume,1,0,5.0,-5.0,-5.0,5.0,-0.005405405405405406,4.999997078158386,9195.0,10.0,925
D_n2,observation_half_life,relative_volume^2,2,0,5.0,-5.0,-5.0,5.0,-0.005405405405405406,4.999997078158386,9195.0,10.0,925
D_n2,observation_half_life,relative_volume_x_price_velocity,1,1,0.0,-5.0,-5.0,5.0,0.08098458633713843,4.9899049730214164,7316.709906994006,10.0,925
D_n2,observation_half_life,relative_volume_x_price_velocity^2,2,1,0.0,2.237958092538947,-5.0,5.0,0.17002348712141083,4.36876733476399,5795.860160222703,10.0,925
D_n2,observation_half_life,spread,1,0,0.03600000000001841,-5.0,-5.0,5.0,-0.010771891891891875,4.997285096970066,9185.072,10.0,925
D_n2,observation_half_life,spread^2,2,0,0.0007200000000007365,-5.0,-5.0,5.0,-0.01081003243243243,4.997284874482563,9185.00144,10.0,925
D_n2,observation_half_life,spread_change,1,0,0.0,-4.986966917822487,-5.0,5.0,-0.5672990444605849,4.7402012221176255,35.05754967982798,9.994078464790922,925
D_n2,observation_half_life,spread_change^2,2,0,0.0,-4.986966917822487,-5.0,5.0,-0.7815897736287976,4.709612856463917,35.068023061807494,9.993329403584227,925
D_n2,observation_half_life,volume_density,1,0,5.0,-5.0,-5.0,5.0,-0.005405405405405406,4.999997078158386,9195.0,10.0,925
D_n2,observation_half_life,volume_density^2,2,0,5.0,-5.0,-5.0,5.0,-0.005405405405405406,4.999997078158386,9195.0,10.0,925
D_n2,observation_half_life,volume_density_x_price_displacement,1,1,0.0,-5.0,-5.0,5.0,0.08648648648648649,4.996548114511477,7325.0,10.0,925
D_n2,observation_half_life,volume_density_x_price_displacement^2,2,1,0.0,-5.0,-5.0,5.0,-0.010810810810810811,4.997284872742656,9185.0,10.0,925
D_n2,observation_half_life,volume_log,1,0,5.0,-5.0,-5.0,5.0,-0.005405405405405406,4.999997078158386,9195.0,10.0,925
D_n2,observation_half_life,volume_log^2,2,0,5.0,-5.0,-5.0,5.0,-0.005405405405405406,4.999997078158386,9195.0,10.0,925
D_n2,observation_half_life,volume_log_x_price_displacement,1,1,0.0,-5.0,-5.0,5.0,0.07958609113071567,4.989682220118463,7312.895385391692,10.0,925
D_n2,observation_half_life,volume_log_x_price_displacement^2,2,1,0.0,0.5317775284177193,-5.0,5.0,0.5205764494136709,4.289259528057846,5369.257439410394,10.0,925
D_n2,observation_half_life,volume_movement_abs,1,0,0.0,-5.0,-5.0,5.0,0.009954619684837167,4.980506726683582,9095.724698084263,10.0,925
D_n2,observation_half_life,volume_movement_abs^2,2,0,0.0,0.5317775284177193,-5.0,5.0,0.5205764494136709,4.289259528057846,5369.257439410394,10.0,925
D_n2,observation_half_life,volume_movement_signed,1,0,0.0,-5.0,-5.0,5.0,0.07958609113071567,4.989682220118463,7312.895385391692,10.0,925
D_n2,observation_half_life,volume_movement_signed^2,2,0,0.0,0.5317775284177193,-5.0,5.0,0.5205764494136709,4.289259528057846,5369.257439410394,10.0,925
D_n2,persistence,bias,0,0,0.006,-5.0,-5.0,5.0,-0.010804324324324325,4.9972848906649086,9185.012,10.0,925
D_n2,persistence,directional_volume,1,0,0.0,-5.0,-5.0,5.0,0.08648648648648649,4.996548114511477,7325.0,10.0,925
D_n2,persistence,directional_volume^2,2,0,0.0,-5.0,-5.0,5.0,-0.010810810810810811,4.997284872742656,9185.0,10.0,925
D_n2,persistence,price_acceleration,1,0,0.0,-5.0,-5.0,5.0,-0.12238446757159473,4.9839293653173415,2991.9465114393306,10.0,925
D_n2,persistence,price_acceleration^2,2,0,0.0,3.4656301115378163,-5.0,5.0,-0.32956530634920983,4.259789941494433,4910.4117268085465,10.0,925
D_n2,persistence,price_displacement,1,0,0.0,-5.0,-5.0,5.0,0.08223593236756997,4.990616342896214,7315.632540802429,10.0,925
D_n2,persistence,price_displacement^2,2,0,0.0,-4.894108090338258,-5.0,5.0,0.4147664216824626,4.366562733804351,5843.762904112222,10.0,925
D_n2,persistence,price_velocity,1,0,0.0,-5.0,-5.0,5.0,0.08223593236756997,4.990616342896214,7315.632540802429,10.0,925
D_n2,persistence,price_velocity^2,2,0,0.0,1.803183815557106,-5.0,5.0,0.5354574234284709,4.344858742970917,5771.301129991912,10.0,925
D_n2,persistence,price_velocity_x_acceleration,1,1,0.0,3.44258144047308,-5.0,5.0,0.010066159792000979,4.300206958464516,2291.314934953924,10.0,925
D_n2,persistence,price_velocity_x_acceleration^2,2,1,0.0,-4.99444914745276,-5.0,5.0,-0.805934543799661,4.609669912038208,3461.5674185468456,10.0,925
D_n2,persistence,relative_volume,1,0,5.0,-5.0,-5.0,5.0,-0.005405405405405406,4.999997078158386,9195.0,10.0,925
D_n2,persistence,relative_volume^2,2,0,5.0,-5.0,-5.0,5.0,-0.005405405405405406,4.999997078158386,9195.0,10.0,925
D_n2,persistence,relative_volume_x_price_velocity,1,1,0.0,-5.0,-5.0,5.0,0.08098458587406661,4.9899050503843885,7316.710196758061,10.0,925
D_n2,persistence,relative_volume_x_price_velocity^2,2,1,0.0,2.237941927165204,-5.0,5.0,0.17001584498264474,4.368767895740618,5795.860636148505,10.0,925
D_n2,persistence,spread,1,0,0.00012000000000006138,-5.0,-5.0,5.0,-0.010810681081081085,4.997284873024861,9185.00024,10.0,925
D_n2,persistence,spread^2,2,0,2.4000000000024554e-06,-5.0,-5.0,5.0,-0.010810808216216217,4.99728487274827,9185.0000048,10.0,925
D_n2,persistence,spread_change,1,0,0.0,-4.986966917822487,-5.0,5.0,-0.5672990444605849,4.7402012221176255,35.05754967982798,9.994078464790922,925
D_n2,persistence,spread_change^2,2,0,0.0,-4.986966917822487,-5.0,5.0,-0.7815897736287976,4.709612856463917,35.068023061807494,9.993329403584227,925
D_n2,persistence,volume_density,1,0,5.0,-5.0,-5.0,5.0,-0.005405405405405406,4.999997078158386,9195.0,10.0,925
D_n2,persistence,volume_density^2,2,0,5.0,-5.0,-5.0,5.0,-0.005405405405405406,4.999997078158386,9195.0,10.0,925
D_n2,persistence,volume_density_x_price_displacement,1,1,0.0,-5.0,-5.0,5.0,0.08648648648648649,4.996548114511477,7325.0,10.0,925
D_n2,persistence,volume_density_x_price_displacement^2,2,1,0.0,-5.0,-5.0,5.0,-0.010810810810810811,4.997284872742656,9185.0,10.0,925
D_n2,persistence,volume_log,1,0,0.04153790461336511,-5.0,-5.0,5.0,-0.010765904967985553,4.99728515631816,9185.083075809227,10.0,925
D_n2,persistence,volume_log^2,2,0,0.2875662532781697,-5.0,-5.0,5.0,-0.010499928374834409,4.9972944803938075,9185.575132506556,10.0,925
D_n2,persistence,volume_log_x_price_displacement,1,1,0.0,-5.0,-5.0,5.0,0.07958609544935118,4.98968219192757,7312.895580763417,10.0,925
D_n2,persistence,volume_log_x_price_displacement^2,2,1,0.0,0.5317378628014455,-5.0,5.0,0.5205714992683339,4.289260027778773,5369.257736646597,10.0,925
D_n2,persistence,volume_movement_abs,1,0,0.0,-5.0,-5.0,5.0,0.009954163638019977,4.9805066832874525,9095.72500712871,10.0,925
D_n2,persistence,volume_movement_abs^2,2,0,0.0,0.5317378628014455,-5.0,5.0,0.5205714992683339,4.289260027778773,5369.257736646597,10.0,925
D_n2,persistence,volume_movement_signed,1,0,0.0,-5.0,-5.0,5.0,0.07958609544935118,4.98968219192757,7312.895580763417,10.0,925
D_n2,persistence,volume_movement_signed^2,2,0,0.0,0.5317378628014455,-5.0,5.0,0.5205714992683339,4.289260027778773,5369.257736646597,10.0,925
D_n2,perturbation_state,bias,0,0,0.012,-5.0,-5.0,5.0,-0.010797837837837837,4.9972849163667545,9185.024,10.0,925
D_n2,perturbation_state,directional_volume,1,0,0.0,-5.0,-5.0,5.0,0.08648648648648649,4.996548114511477,7325.0,10.0,925
D_n2,perturbation_state,directional_volume^2,2,0,0.0,-5.0,-5.0,5.0,-0.010810810810810811,4.997284872742656,9185.0,10.0,925
D_n2,perturbation_state,price_acceleration,1,0,0.0,-5.0,-5.0,5.0,-0.12238446677641808,4.98392936575322,2991.946510920373,10.0,925
D_n2,perturbation_state,price_acceleration^2,2,0,0.0,3.465630063180336,-5.0,5.0,-0.3295653255828562,4.259789947956795,4910.4117265684035,10.0,925
D_n2,perturbation_state,price_displacement,1,0,0.0,-5.0,-5.0,5.0,0.08223593244756565,4.990616343200139,7315.632541682354,10.0,925
D_n2,perturbation_state,price_displacement^2,2,0,0.0,-4.894108317511416,-5.0,5.0,0.4147664039528811,4.366562734948909,5843.762905235249,10.0,925
D_n2,perturbation_state,price_velocity,1,0,0.0,-5.0,-5.0,5.0,0.08223593244756565,4.990616343200139,7315.632541682354,10.0,925
D_n2,perturbation_state,price_velocity^2,2,0,0.0,1.8031837678791511,-5.0,5.0,0.535457407171267,4.344858743176964,5771.301130990714,10.0,925
D_n2,perturbation_state,price_velocity_x_acceleration,1,1,0.0,3.442581431921045,-5.0,5.0,0.010066146175195878,4.300206960506546,2291.3149355435744,10.0,925
D_n2,perturbation_state,price_velocity_x_acceleration^2,2,1,0.0,-4.99444914745754,-5.0,5.0,-0.805934543799956,4.609669912038351,3461.5674185468342,10.0,925
D_n2,perturbation_state,relative_volume,1,0,5.0,-5.0,-5.0,5.0,-0.005405405405405406,4.999997078158386,9195.0,10.0,925
D_n2,perturbation_state,relative_volume^2,2,0,5.0,-5.0,-5.0,5.0,-0.005405405405405406,4.999997078158386,9195.0,10.0,925
D_n2,perturbation_state,relative_volume_x_price_velocity,1,1,0.0,-5.0,-5.0,5.0,0.08098458587251786,4.98990505064314,7316.710197727171,10.0,925
D_n2,perturbation_state,relative_volume_x_price_velocity^2,2,1,0.0,2.237941883913369,-5.0,5.0,0.1700158260354974,4.3687678976990085,5795.860637345401,10.0,925
D_n2,perturbation_state,spread,1,0,0.00024000000000012276,-5.0,-5.0,5.0,-0.010810551351351361,4.9972848733101785,9185.00048,10.0,925
D_n2,perturbation_state,spread^2,2,0,4.800000000004911e-06,-5.0,-5.0,5.0,-0.010810805621621622,4.997284872753885,9185.0000096,10.0,925
D_n2,perturbation_state,spread_change,1,0,0.0,-4.986966917822487,-5.0,5.0,-0.5672990444605849,4.7402012221176255,35.05754967982798,9.994078464790922,925
D_n2,perturbation_state,spread_change^2,2,0,0.0,-4.986966917822487,-5.0,5.0,-0.7815897736287976,4.709612856463917,35.068023061807494,9.993329403584227,925
D_n2,perturbation_state,volume_density,1,0,5.0,-5.0,-5.0,5.0,-0.005405405405405406,4.999997078158386,9195.0,10.0,925
D_n2,perturbation_state,volume_density^2,2,0,5.0,-5.0,-5.0,5.0,-0.005405405405405406,4.999997078158386,9195.0,10.0,925
D_n2,perturbation_state,volume_density_x_price_displacement,1,1,0.0,-5.0,-5.0,5.0,0.08648648648648649,4.996548114511477,7325.0,10.0,925
D_n2,perturbation_state,volume_density_x_price_displacement^2,2,1,0.0,-5.0,-5.0,5.0,-0.010810810810810811,4.997284872742656,9185.0,10.0,925
D_n2,perturbation_state,volume_log,1,0,0.08307580922673022,-5.0,-5.0,5.0,-0.010720999125160295,4.997285812751677,9185.166151618454,10.0,925
D_n2,perturbation_state,volume_log^2,2,0,0.5751325065563394,-5.0,-5.0,5.0,-0.010189045938858008,4.997321958159703,9186.150265013113,10.0,925
D_n2,perturbation_state,volume_log_x_price_displacement,1,1,0.0,-5.0,-5.0,5.0,0.07958609546379476,4.989682191833293,7312.895581416834,10.0,925
D_n2,perturbation_state,volume_log_x_price_displacement^2,2,1,0.0,0.5317377566727068,-5.0,5.0,0.5205714872320855,4.289260028628536,5369.257737378882,10.0,925
D_n2,perturbation_state,volume_movement_abs,1,0,0.0,-5.0,-5.0,5.0,0.009954162115171259,4.980506683142975,9095.72500815788,10.0,925
D_n2,perturbation_state,volume_movement_abs^2,2,0,0.0,0.5317377566727068,-5.0,5.0,0.5205714872320855,4.289260028628536,5369.257737378882,10.0,925
D_n2,perturbation_state,volume_movement_signed,1,0,0.0,-5.0,-5.0,5.0,0.07958609546379476,4.989682191833293,7312.895581416834,10.0,925
D_n2,perturbation_state,volume_movement_signed^2,2,0,0.0,0.5317377566727068,-5.0,5.0,0.5205714872320855,4.289260028628536,5369.257737378882,10.0,925
D_n2,reinforcement,bias,0,0,-0.0020999999999999994,5.0,-5.0,5.0,0.010808540540540541,4.997284878130516,9185.0042,10.0,925
D_n2,reinforcement,directional_volume,1,0,0.0,5.0,-5.0,5.0,-0.08648648648648649,4.996548114511477,7325.0,10.0,925
D_n2,reinforcement,directional_volume^2,2,0,0.0,5.0,-5.0,5.0,0.010810810810810811,4.997284872742656,9185.0,10.0,925
D_n2,reinforcement,price_acceleration,1,0,0.0,5.0,-5.0,5.0,0.12238446678460017,4.983929366048459,2991.9465107197716,10.0,925
D_n2,reinforcement,price_acceleration^2,2,0,0.0,-3.4656300476131303,-5.0,5.0,0.3295653290139883,4.25978995138103,4910.411726480148,10.0,925
D_n2,reinforcement,price_displacement,1,0,0.0,5.0,-5.0,5.0,-0.08223593200350146,4.990616343032884,7315.632541993521,10.0,925
D_n2,reinforcement,price_displacement^2,2,0,0.0,4.894108398013142,-5.0,5.0,-0.4147664004466798,4.3665627353908425,5843.76290574579,10.0,925
D_n2,reinforcement,price_velocity,1,0,0.0,5.0,-5.0,5.0,-0.08223593200350146,4.990616343032884,7315.632541993521,10.0,925
D_n2,reinforcement,price_velocity^2,2,0,0.0,-1.8031837488872888,-5.0,5.0,-0.5354574041665513,4.344858743184506,5771.3011314245205,10.0,925
D_n2,reinforcement,price_velocity_x_acceleration,1,1,0.0,-3.4425814269504253,-5.0,5.0,-0.010066144898824073,4.30020696134677,2291.314935733842,10.0,925
D_n2,reinforcement,price_velocity_x_acceleration^2,2,1,0.0,4.9944491474641595,-5.0,5.0,0.8059345439753259,4.609669912127068,3461.5674185468188,10.0,925
D_n2,reinforcement,relative_volume,1,0,-2.130125282584569,5.0,-5.0,5.0,0.008507972667476138,4.997780099316583,9189.260250565168,10.0,925
D_n2,reinforcement,relative_volume^2,2,0,-5.0,5.0,-5.0,5.0,0.005405405405405406,4.999997078158386,9195.0,10.0,925
D_n2,reinforcement,relative_volume_x_price_velocity,1,1,0.0,5.0,-5.0,5.0,-0.08098458543678655,4.9899050505597575,7316.710198069878,10.0,925
D_n2,reinforcement,relative_volume_x_price_velocity^2,2,1,0.0,-2.2379418668727022,-5.0,5.0,-0.1700158218396974,4.368767897325183,5795.860637892967,10.0,925
D_n2,reinforcement,spread,1,0,-4.200000000002147e-05,5.0,-5.0,5.0,0.010810765405405397,4.997284872841075,9185.000084,10.0,925
D_n2,reinforcement,spread^2,2,0,-8.400000000008591e-07,5.0,-5.0,5.0,0.010810809902702704,4.997284872744621,9185.00000168,10.0,925
D_n2,reinforcement,spread_change,1,0,0.0,4.986966917822487,-5.0,5.0,0.5672990444605849,4.7402012221176255,35.05754967982798,9.994078464790922,925
D_n2,reinforcement,spread_change^2,2,0,0.0,4.986966917822487,-5.0,5.0,0.7815897736287976,4.709612856463917,35.068023061807494,9.993329403584227,925
D_n2,reinforcement,volume_density,1,0,-5.0,5.0,-5.0,5.0,0.005405405405405406,4.999997078158386,9195.0,10.0,925
D_n2,reinforcement,volume_density^2,2,0,-5.0,5.0,-5.0,5.0,0.005405405405405406,4.999997078158386,9195.0,10.0,925
D_n2,reinforcement,volume_density_x_price_displacement,1,1,0.0,5.0,-5.0,5.0,-0.08648648648648649,4.996548114511477,7325.0,10.0,925
D_n2,reinforcement,volume_density_x_price_displacement^2,2,1,0.0,5.0,-5.0,5.0,0.010810810810810811,4.997284872742656,9185.0,10.0,925
D_n2,reinforcement,volume_log,1,0,-0.014538266614677782,5.0,-5.0,5.0,0.010795093765821969,4.997284929581476,9185.02907653323,10.0,925
D_n2,reinforcement,volume_log^2,2,0,-0.10064818864735936,5.0,-5.0,5.0,0.010702001958219076,4.997286202684511,9185.201296377294,10.0,925
D_n2,reinforcement,volume_log_x_price_displacement,1,1,0.0,5.0,-5.0,5.0,-0.0795860951607715,4.989682191800485,7312.895581647902,10.0,925
D_n2,reinforcement,volume_log_x_price_displacement^2,2,1,0.0,-0.5317377193739272,-5.0,5.0,-0.5205714836818607,4.289260029644627,5369.257737820626,10.0,925
D_n2,reinforcement,volume_movement_abs,1,0,0.0,5.0,-5.0,5.0,-0.00995416235233755,4.980506683196907,9095.72500803431,10.0,925
D_n2,reinforcement,volume_movement_abs^2,2,0,0.0,-0.5317377193739272,-5.0,5.0,-0.5205714836818607,4.289260029644627,5369.257737820626,10.0,925
D_n2,reinforcement,volume_movement_signed,1,0,0.0,5.0,-5.0,5.0,-0.0795860951607715,4.989682191800485,7312.895581647902,10.0,925
D_n2,reinforcement,volume_movement_signed^2,2,0,0.0,-0.5317377193739272,-5.0,5.0,-0.5205714836818607,4.289260029644627,5369.257737820626,10.0,925
D_n2,reversal_tendency,bias,0,0,0.006,-5.0,-5.0,5.0,-0.010804324324324325,4.9972848906649086,9185.012,10.0,925
D_n2,reversal_tendency,directional_volume,1,0,0.0,-5.0,-5.0,5.0,0.08648648648648649,4.996548114511477,7325.0,10.0,925
D_n2,reversal_tendency,directional_volume^2,2,0,0.0,-5.0,-5.0,5.0,-0.010810810810810811,4.997284872742656,9185.0,10.0,925
D_n2,reversal_tendency,price_acceleration,1,0,0.0,-5.0,-5.0,5.0,-0.1223844667906929,4.98392936575676,2991.946510920373,10.0,925
D_n2,reversal_tendency,price_acceleration^2,2,0,0.0,3.465630057998884,-5.0,5.0,-0.32956532799194976,4.259789949281741,4910.411726532983,10.0,925
D_n2,reversal_tendency,price_displacement,1,0,0.0,-5.0,-5.0,5.0,0.08223593244204372,4.990616343196131,7315.632541682354,10.0,925
D_n2,reversal_tendency,price_displacement^2,2,0,0.0,-4.894108341609186,-5.0,5.0,0.41476640191365355,4.366562735170553,5843.762905365931,10.0,925
D_n2,reversal_tendency,price_velocity,1,0,0.0,-5.0,-5.0,5.0,0.08223593244204372,4.990616343196131,7315.632541682354,10.0,925
D_n2,reversal_tendency,price_velocity^2,2,0,0.0,1.8031837623207143,-5.0,5.0,0.5354574052745457,4.344858743301418,5771.301131104875,10.0,925
D_n2,reversal_tendency,price_velocity_x_acceleration,1,1,0.0,3.442581430811652,-5.0,5.0,0.010066144410029941,4.300206960885194,2291.314935627003,10.0,925
D_n2,reversal_tendency,price_velocity_x_acceleration^2,2,1,0.0,-4.994449147459235,-5.0,5.0,-0.8059345438334798,4.609669912055301,3461.56741854683,10.0,925
D_n2,reversal_tendency,relative_volume,1,0,5.0,-5.0,-5.0,5.0,-0.005405405405405406,4.999997078158386,9195.0,10.0,925
D_n2,reversal_tendency,relative_volume^2,2,0,5.0,-5.0,-5.0,5.0,-0.005405405405405406,4.999997078158386,9195.0,10.0,925
D_n2,reversal_tendency,relative_volume_x_price_velocity,1,1,0.0,-5.0,-5.0,5.0,0.08098458586757507,4.989905050640465,7316.710197727171,10.0,925
D_n2,reversal_tendency,relative_volume_x_price_velocity^2,2,1,0.0,2.2379418788882806,-5.0,5.0,0.17001582379074906,4.368767897650685,5795.8606374897,10.0,925
D_n2,reversal_tendency,spread,1,0,0.00012000000000006138,-5.0,-5.0,5.0,-0.010810681081081085,4.997284873024861,9185.00024,10.0,925
D_n2,reversal_tendency,spread^2,2,0,2.4000000000024554e-06,-5.0,-5.0,5.0,-0.010810808216216217,4.99728487274827,9185.0000048,10.0,925
D_n2,reversal_tendency,spread_change,1,0,0.0,-4.986966917822487,-5.0,5.0,-0.5672990444605849,4.7402012221176255,35.05754967982798,9.994078464790922,925
D_n2,reversal_tendency,spread_change^2,2,0,0.0,-4.986966917822487,-5.0,5.0,-0.7815897736287976,4.709612856463917,35.068023061807494,9.993329403584227,925
D_n2,reversal_tendency,volume_density,1,0,5.0,-5.0,-5.0,5.0,-0.005405405405405406,4.999997078158386,9195.0,10.0,925
D_n2,reversal_tendency,volume_density^2,2,0,5.0,-5.0,-5.0,5.0,-0.005405405405405406,4.999997078158386,9195.0,10.0,925
D_n2,reversal_tendency,volume_density_x_price_displacement,1,1,0.0,-5.0,-5.0,5.0,0.08648648648648649,4.996548114511477,7325.0,10.0,925
D_n2,reversal_tendency,volume_density_x_price_displacement^2,2,1,0.0,-5.0,-5.0,5.0,-0.010810810810810811,4.997284872742656,9185.0,10.0,925
D_n2,reversal_tendency,volume_log,1,0,0.04153790461336511,-5.0,-5.0,5.0,-0.010765904967985553,4.99728515631816,9185.083075809227,10.0,925
D_n2,reversal_tendency,volume_log^2,2,0,0.2875662532781697,-5.0,-5.0,5.0,-0.010499928374834409,4.9972944803938075,9185.575132506556,10.0,925
D_n2,reversal_tendency,volume_log_x_price_displacement,1,1,0.0,-5.0,-5.0,5.0,0.07958609546026485,4.989682191832954,7312.895581416834,10.0,925
D_n2,reversal_tendency,volume_log_x_price_displacement^2,2,1,0.0,0.5317377454903209,-5.0,5.0,0.5205714855908271,4.289260028928758,5369.257737496383,10.0,925
D_n2,reversal_tendency,volume_movement_abs,1,0,0.0,-5.0,-5.0,5.0,0.009954162121083335,4.980506683143216,9095.725008157464,10.0,925
D_n2,reversal_tendency,volume_movement_abs^2,2,0,0.0,0.5317377454903209,-5.0,5.0,0.5205714855908271,4.289260028928758,5369.257737496383,10.0,925
D_n2,reversal_tendency,volume_movement_signed,1,0,0.0,-5.0,-5.0,5.0,0.07958609546026485,4.989682191832954,7312.895581416834,10.0,925
D_n2,reversal_tendency,volume_movement_signed^2,2,0,0.0,0.5317377454903209,-5.0,5.0,0.5205714855908271,4.289260028928758,5369.257737496383,10.0,925
D_n2,strength,bias,0,0,0.012,-5.0,-5.0,5.0,-0.010797837837837837,4.9972849163667545,9185.024,10.0,925
D_n2,strength,directional_volume,1,0,0.0,-5.0,-5.0,5.0,0.08648648648648649,4.996548114511477,7325.0,10.0,925
D_n2,strength,directional_volume^2,2,0,0.0,-5.0,-5.0,5.0,-0.010810810810810811,4.997284872742656,9185.0,10.0,925
D_n2,strength,price_acceleration,1,0,0.0,-5.0,-5.0,5.0,-0.12238446770342476,4.983929365274895,2991.946511322238,10.0,925
D_n2,strength,price_acceleration^2,2,0,0.0,3.465630072409622,-5.0,5.0,-0.3295653156494336,4.259789948530362,4910.411726419028,10.0,925
D_n2,strength,price_displacement,1,0,0.0,-5.0,-5.0,5.0,0.08223593229925329,4.990616342859858,7315.632541057566,10.0,925
D_n2,strength,price_displacement^2,2,0,0.0,-4.894108276066666,-5.0,5.0,0.41476641223789723,4.366562734313131,5843.762904906839,10.0,925
D_n2,strength,price_velocity,1,0,0.0,-5.0,-5.0,5.0,0.08223593229925329,4.990616342859858,7315.632541057566,10.0,925
D_n2,strength,price_velocity^2,2,0,0.0,1.8031837762752012,-5.0,5.0,0.5354574151629555,4.344858742577762,5771.301130687559,10.0,925
D_n2,strength,price_velocity_x_acceleration,1,1,0.0,3.442581433572937,-5.0,5.0,0.010066152281558362,4.300206960286297,2291.314935375911,10.0,925
D_n2,strength,price_velocity_x_acceleration^2,2,1,0.0,-4.994449147457924,-5.0,5.0,-0.8059345438001374,4.609669912038444,3461.567418546833,10.0,925
D_n2,strength,relative_volume,1,0,5.0,-5.0,-5.0,5.0,-0.005405405405405406,4.999997078158386,9195.0,10.0,925
D_n2,strength,relative_volume^2,2,0,5.0,-5.0,-5.0,5.0,-0.005405405405405406,4.999997078158386,9195.0,10.0,925
D_n2,strength,relative_volume_x_price_velocity,1,1,0.0,-5.0,-5.0,5.0,0.08098458580224033,4.989905050369203,7316.710197039059,10.0,925
D_n2,strength,relative_volume_x_price_velocity^2,2,1,0.0,2.2379418915258826,-5.0,5.0,0.17001583466132686,4.368767897121598,5795.860637002982,10.0,925
D_n2,strength,spread,1,0,0.00024000000000012276,-5.0,-5.0,5.0,-0.010810551351351361,4.9972848733101785,9185.00048,10.0,925
D_n2,strength,spread^2,2,0,4.800000000004911e-06,-5.0,-5.0,5.0,-0.010810805621621622,4.997284872753885,9185.0000096,10.0,925
D_n2,strength,spread_change,1,0,0.0,-4.986966917822487,-5.0,5.0,-0.5672990444605849,4.7402012221176255,35.05754967982798,9.994078464790922,925
D_n2,strength,spread_change^2,2,0,0.0,-4.986966917822487,-5.0,5.0,-0.7815897736287976,4.709612856463917,35.068023061807494,9.993329403584227,925
D_n2,strength,volume_density,1,0,5.0,-5.0,-5.0,5.0,-0.005405405405405406,4.999997078158386,9195.0,10.0,925
D_n2,strength,volume_density^2,2,0,5.0,-5.0,-5.0,5.0,-0.005405405405405406,4.999997078158386,9195.0,10.0,925
D_n2,strength,volume_density_x_price_displacement,1,1,0.0,-5.0,-5.0,5.0,0.08648648648648649,4.996548114511477,7325.0,10.0,925
D_n2,strength,volume_density_x_price_displacement^2,2,1,0.0,-5.0,-5.0,5.0,-0.010810810810810811,4.997284872742656,9185.0,10.0,925
D_n2,strength,volume_log,1,0,0.08307580922673022,-5.0,-5.0,5.0,-0.010720999125160295,4.997285812751677,9185.166151618454,10.0,925
D_n2,strength,volume_log^2,2,0,0.5751325065563394,-5.0,-5.0,5.0,-0.010189045938858008,4.997321958159703,9186.150265013113,10.0,925
D_n2,strength,volume_log_x_price_displacement,1,1,0.0,-5.0,-5.0,5.0,0.07958609540030127,4.98968219186945,7312.895580952878,10.0,925
D_n2,strength,volume_log_x_price_displacement^2,2,1,0.0,0.5317377762447844,-5.0,5.0,0.520571491772528,4.2892600282242,5369.257737191289,10.0,925
D_n2,strength,volume_movement_abs,1,0,0.0,-5.0,-5.0,5.0,0.009954163302116284,4.980506683215032,9095.725007485817,10.0,925
D_n2,strength,volume_movement_abs^2,2,0,0.0,0.5317377762447844,-5.0,5.0,0.520571491772528,4.2892600282242,5369.257737191289,10.0,925
D_n2,strength,volume_movement_signed,1,0,0.0,-5.0,-5.0,5.0,0.07958609540030127,4.98968219186945,7312.895580952878,10.0,925
D_n2,strength,volume_movement_signed^2,2,0,0.0,0.5317377762447844,-5.0,5.0,0.520571491772528,4.2892600282242,5369.257737191289,10.0,925
D_n2,uncertainty,bias,0,0,0.020999999999999998,-5.0,-5.0,5.0,-0.010788108108108107,4.99728496950626,9185.042,10.0,925
D_n2,uncertainty,directional_volume,1,0,0.0,-5.0,-5.0,5.0,0.08648648648648649,4.996548114511477,7325.0,10.0,925
D_n2,uncertainty,directional_volume^2,2,0,0.0,-5.0,-5.0,5.0,-0.010810810810810811,4.997284872742656,9185.0,10.0,925
D_n2,uncertainty,price_acceleration,1,0,0.0,-5.0,-5.0,5.0,-0.12238446915610755,4.9839293645892555,2991.9465118558505,10.0,925
D_n2,uncertainty,price_acceleration^2,2,0,0.0,3.4656300932415007,-5.0,5.0,-0.3295652969781318,4.259789945181497,4910.411726434895,10.0,925
D_n2,uncertainty,price_displacement,1,0,0.0,-5.0,-5.0,5.0,0.08223593187810008,4.990616342246309,7315.632540232689,10.0,925
D_n2,uncertainty,price_displacement^2,2,0,0.0,-4.8941081743779815,-5.0,5.0,0.41476642207694137,4.36656273380096,5843.76290441738,10.0,925
D_n2,uncertainty,price_velocity,1,0,0.0,-5.0,-5.0,5.0,0.08223593187810008,4.990616342246309,7315.632540232689,10.0,925
D_n2,uncertainty,price_velocity^2,2,0,0.0,1.8031837982214398,-5.0,5.0,0.5354574243715085,4.344858742420022,5771.301130252639,10.0,925
D_n2,uncertainty,price_velocity_x_acceleration,1,1,0.0,3.4425814372176804,-5.0,5.0,0.010066163785419963,4.3002069587280545,2291.314935008966,10.0,925
D_n2,uncertainty,price_velocity_x_acceleration^2,2,1,0.0,-4.994449147457544,-5.0,5.0,-0.8059345439247416,4.609669912101508,3461.5674185468342,10.0,925
D_n2,uncertainty,relative_volume,1,0,5.0,-5.0,-5.0,5.0,-0.005405405405405406,4.999997078158386,9195.0,10.0,925
D_n2,uncertainty,relative_volume^2,2,0,5.0,-5.0,-5.0,5.0,-0.005405405405405406,4.999997078158386,9195.0,10.0,925
D_n2,uncertainty,relative_volume_x_price_velocity,1,1,0.0,-5.0,-5.0,5.0,0.08098458550787595,4.98990504989784,7316.710196130575,10.0,925
D_n2,uncertainty,relative_volume_x_price_velocity^2,2,1,0.0,2.23794191144297,-5.0,5.0,0.1700158451809975,4.368767895729809,5795.860636505943,10.0,925
D_n2,uncertainty,spread,1,0,0.0004200000000002148,-5.0,-5.0,5.0,-0.010810356756756767,4.997284873743989,9185.00084,10.0,925
D_n2,uncertainty,spread^2,2,0,8.400000000008593e-06,-5.0,-5.0,5.0,-0.010810801729729732,4.997284872762309,9185.0000168,10.0,925
D_n2,uncertainty,spread_change,1,0,0.0,-4.986966917822487,-5.0,5.0,-0.5672990444605849,4.7402012221176255,35.05754967982798,9.994078464790922,925
D_n2,uncertainty,spread_change^2,2,0,0.0,-4.986966917822487,-5.0,5.0,-0.7815897736287976,4.709612856463917,35.068023061807494,9.993329403584227,925
D_n2,uncertainty,volume_density,1,0,5.0,-5.0,-5.0,5.0,-0.005405405405405406,4.999997078158386,9195.0,10.0,925
D_n2,uncertainty,volume_density^2,2,0,5.0,-5.0,-5.0,5.0,-0.005405405405405406,4.999997078158386,9195.0,10.0,925
D_n2,uncertainty,volume_density_x_price_displacement,1,1,0.0,-5.0,-5.0,5.0,0.08648648648648649,4.996548114511477,7325.0,10.0,925
D_n2,uncertainty,volume_density_x_price_displacement^2,2,1,0.0,-5.0,-5.0,5.0,-0.010810810810810811,4.997284872742656,9185.0,10.0,925
D_n2,uncertainty,volume_log,1,0,0.14538266614677786,-5.0,-5.0,5.0,-0.010653640360922392,4.99728749651039,9185.290765332293,10.0,925
D_n2,uncertainty,volume_log^2,2,0,1.0064818864735938,-5.0,-5.0,5.0,-0.009722722284893412,4.997396680576454,9187.012963772948,10.0,925
D_n2,uncertainty,volume_log_x_price_displacement,1,1,0.0,-5.0,-5.0,5.0,0.07958609517248658,4.989682191903035,7312.895580340339,10.0,925
D_n2,uncertainty,volume_log_x_price_displacement^2,2,1,0.0,0.5317378233302295,-5.0,5.0,0.5205714980244839,4.289260028318841,5369.257736888064,10.0,925
D_n2,uncertainty,volume_movement_abs,1,0,0.0,-5.0,-5.0,5.0,0.009954165112405187,4.980506683294003,9095.725006604707,10.0,925
D_n2,uncertainty,volume_movement_abs^2,2,0,0.0,0.5317378233302295,-5.0,5.0,0.5205714980244839,4.289260028318841,5369.257736888064,10.0,925
D_n2,uncertainty,volume_movement_signed,1,0,0.0,-5.0,-5.0,5.0,0.07958609517248658,4.989682191903035,7312.895580340339,10.0,925
D_n2,uncertainty,volume_movement_signed^2,2,0,0.0,0.5317378233302295,-5.0,5.0,0.5205714980244839,4.289260028318841,5369.257736888064,10.0,925
D_n3,direction_state,bias,0,0,0.0,5.0,-5.0,5.0,0.005409974081440832,4.994588741571595,9215.008452050666,10.0,925
D_n3,direction_state,directional_volume,1,0,0.0,5.0,-5.0,5.0,-0.11351039790589627,4.993301647656806,7315.005763874092,10.0,925
D_n3,direction_state,directional_volume^2,2,0,0.0,5.0,-5.0,5.0,0.00540753009333454,4.994588742703443,9215.003930672669,10.0,925
D_n3,direction_state,directional_volume^3,3,0,0.0,5.0,-5.0,5.0,-0.11351206458304768,4.993301609064085,7315.002680521362,10.0,925
D_n3,direction_state,price_acceleration,1,0,0.0,5.0,-5.0,5.0,-0.14594594270651387,4.992458885935212,3025.0,10.0,925
D_n3,direction_state,price_acceleration^2,2,0,0.0,5.0,-5.0,5.0,-0.09321913333316076,4.948512045922852,8712.512768773671,10.0,925
D_n3,direction_state,price_acceleration^3,3,0,0.0,-1.5878959098583538,-5.0,5.0,-0.13766848451301644,4.5739316300857995,1907.6761866328875,10.0,925
D_n3,direction_state,price_displacement,1,0,0.0,5.0,-5.0,5.0,-0.11351351027408144,4.993301576004719,7315.000005992949,10.0,925
D_n3,direction_state,price_displacement^2,2,0,0.0,5.0,-5.0,5.0,-0.05987986037021045,4.947606835894114,8863.295773811167,10.0,925
D_n3,direction_state,price_displacement^3,3,0,0.0,5.0,-5.0,5.0,0.019902105036728467,4.474473468292276,5977.361639532976,10.0,925
D_n3,direction_state,price_velocity,1,0,0.0,5.0,-5.0,5.0,-0.11351351027408144,4.993301576004719,7315.000005992949,10.0,925
D_n3,direction_state,price_velocity^2,2,0,0.0,5.0,-5.0,5.0,-0.05399451627739198,4.9480035527975605,8852.407887239453,10.0,925
D_n3,direction_state,price_velocity^3,3,0,0.0,5.0,-5.0,5.0,0.014311586791875393,4.45759662268371,5879.6657100059065,10.0,925
D_n3,direction_state,price_velocity_x_acceleration,1,1,0.0,5.0,-5.0,5.0,-0.33918634124616837,4.951551126528002,3890.423503790024,10.0,925
D_n3,direction_state,price_velocity_x_acceleration^2,2,1,0.0,-4.997725759613597,-5.0,5.0,-0.1169658554127954,4.151091397164456,3582.716509169684,10.0,925
D_n3,direction_state,price_velocity_x_acceleration^3,3,1,0.0,-4.992045042111118,-5.0,5.0,-1.3880245064934345,4.421708048716999,1478.0919426111332,10.0,925
D_n3,direction_state,relative_volume,1,0,0.0,5.0,-5.0,5.0,0.005409872337546247,4.99458874159667,9215.00826382446,10.0,925
D_n3,direction_state,relative_volume^2,2,0,0.0,5.0,-5.0,5.0,0.005409772859476611,4.994588741623039,9215.008079790032,10.0,925
D_n3,direction_state,relative_volume^3,3,0,0.0,5.0,-5.0,5.0,0.005409675596772236,4.99458874165059,9215.007899854028,10.0,925
D_n3,direction_state,relative_volume_x_price_velocity,1,1,0.0,5.0,-5.0,5.0,-0.11351351034622321,4.99330157600308,7315.000005859487,10.0,925
D_n3,direction_state,relative_volume_x_price_velocity^2,2,1,0.0,5.0,-5.0,5.0,-0.05139566310665965,4.942330838515194,8832.435919055317,10.0,925
D_n3,direction_state,relative_volume_x_price_velocity^3,3,1,0.0,3.7264046064523053,-5.0,5.0,-0.24015744395880118,4.536948479902707,5851.6549457928295,10.0,925
D_n3,direction_state,spread,1,0,0.0,5.0,-5.0,5.0,0.005405496778926105,4.994588744487202,9215.000169041014,10.0,925
D_n3,direction_state,spread^2,2,0,0.0,5.0,-5.0,5.0,0.005405407232875816,4.994588744583341,9215.000003380821,10.0,925
D_n3,direction_state,spread^3,3,0,0.0,5.0,-5.0,5.0,0.005405405441954818,4.994588744585279,9215.000000067617,10.0,925
D_n3,direction_state,spread_change,1,0,0.0,4.986966917822487,-5.0,5.0,0.5672990444605847,4.7402012221176255,55.02637427500906,9.994078464790922,925
D_n3,direction_state,spread_change^2,2,0,0.0,4.986966917822487,-5.0,5.0,2.726237371993737,3.919051622976662,15.09919846662641,9.993329403584227,925
D_n3,direction_state,spread_change^3,3,0,0.0,4.986966917822487,-5.0,5.0,0.5672990444605847,4.7402012221176255,55.02637427500906,9.994078464790922,925
D_n3,direction_state,volume_density,1,0,0.0,5.0,-5.0,5.0,0.010810810810810811,4.997284872742656,9225.0,10.0,925
D_n3,direction_state,volume_density^2,2,0,0.0,5.0,-5.0,5.0,0.010810810810810811,4.997284872742656,9225.0,10.0,925
D_n3,direction_state,volume_density^3,3,0,0.0,5.0,-5.0,5.0,0.010810810810810811,4.997284872742656,9225.0,10.0,925
D_n3,direction_state,volume_density_x_price_displacement,1,1,0.0,5.0,-5.0,5.0,-0.11350701488431243,4.993301727572926,7315.012022464022,10.0,925
D_n3,direction_state,volume_density_x_price_displacement^2,2,1,0.0,5.0,-5.0,5.0,0.0054146492609919656,4.994588742485163,9215.017101132835,10.0,925
D_n3,direction_state,volume_density_x_price_displacement^3,3,1,0.0,5.0,-5.0,5.0,-0.11350036476114417,4.993301890840168,7315.024325191884,10.0,925
D_n3,direction_state,volume_log,1,0,0.0,5.0,-5.0,5.0,0.00540852101302264,4.994588742111344,9215.005763874093,10.0,925
D_n3,direction_state,volume_log^2,2,0,0.0,5.0,-5.0,5.0,0.00540753009333454,4.994588742703443,9215.003930672669,10.0,925
D_n3,direction_state,volume_log^3,3,0,0.0,5.0,-5.0,5.0,0.005406854335871249,4.994588743211405,9215.002680521362,10.0,925
D_n3,direction_state,volume_log_x_price_displacement,1,1,0.0,5.0,-5.0,5.0,-0.11351351130438352,4.993301575981296,7315.000004086891,10.0,925
D_n3,direction_state,volume_log_x_price_displacement^2,2,1,0.0,5.0,-5.0,5.0,-0.01574891646626965,4.915193427561289,8706.032363721903,10.0,925
D_n3,direction_state,volume_log_x_price_displacement^3,3,1,0.0,4.97275494876223,-5.0,5.0,-0.30229004889127176,4.545132594788265,5483.800707762732,10.0,925
D_n3,direction_state,volume_movement_abs,1,0,0.0,5.0,-5.0,5.0,0.005405407614535404,4.994588744582928,9215.00000408689,10.0,925
D_n3,direction_state,volume_movement_abs^2,2,0,0.0,5.0,-5.0,5.0,-0.01574891646626965,4.915193427561289,8706.032363721903,10.0,925
D_n3,direction_state,volume_movement_abs^3,3,0,0.0,4.97275494876223,-5.0,5.0,-0.21611112098295454,4.421765076008585,6115.455527146865,10.0,925
D_n3,direction_state,volume_movement_signed,1,0,0.0,5.0,-5.0,5.0,-0.11351351130438352,4.993301575981296,7315.000004086891,10.0,925
D_n3,direction_state,volume_movement_signed^2,2,0,0.0,5.0,-5.0,5.0,-0.01574891646626965,4.915193427561289,8706.032363721903,10.0,925
D_n3,direction_state,volume_movement_signed^3,3,0,0.0,4.97275494876223,-5.0,5.0,-0.30229004889127176,4.545132594788265,5483.800707762732,10.0,925
D_n3,forward_half_life,bias,0,0,1.7999999999999998,-5.0,-5.0,5.0,-0.008864864864864867,4.997639151624155,9228.6,10.0,925
D_n3,forward_half_life,directional_volume,1,0,0.0,-5.0,-5.0,5.0,0.10810810810810811,4.9961270610277975,7325.0,10.0,925
D_n3,forward_half_life,directional_volume^2,2,0,0.0,-5.0,-5.0,5.0,-0.010810810810810811,4.997284872742656,9225.0,10.0,925
D_n3,forward_half_life,directional_volume^3,3,0,0.0,-5.0,-5.0,5.0,0.10810810810810811,4.9961270610277975,7325.0,10.0,925
D_n3,forward_half_life,price_acceleration,1,0,0.0,-5.0,-5.0,5.0,0.14054054054054055,4.995319942650075,3025.0,10.0,925
D_n3,forward_half_life,price_acceleration^2,2,0,0.0,-5.0,-5.0,5.0,0.08781373029013823,4.9513409346246275,8722.512767947399,10.0,925
D_n3,forward_half_life,price_acceleration^3,3,0,0.0,1.5878959091055314,-5.0,5.0,0.10080186619069043,4.576179775514546,1907.6768009307623,10.0,925
D_n3,forward_half_life,price_displacement,1,0,0.0,-5.0,-5.0,5.0,0.10810810810810811,4.9961270610277975,7325.0,10.0,925
D_n3,forward_half_life,price_displacement^2,2,0,0.0,-5.0,-5.0,5.0,0.054474456655562636,4.950399838986878,8873.295774412622,10.0,925
D_n3,forward_half_life,price_displacement^3,3,0,0.0,-5.0,-5.0,5.0,-0.05676872258947764,4.474603310056978,5977.3622141528,10.0,925
D_n3,forward_half_life,price_velocity,1,0,0.0,-5.0,-5.0,5.0,0.10810810810810811,4.9961270610277975,7325.0,10.0,925
D_n3,forward_half_life,price_velocity^2,2,0,0.0,-5.0,-5.0,5.0,0.04858911256171549,4.950789906310076,8862.407887839005,10.0,925
D_n3,forward_half_life,price_velocity^3,3,0,0.0,-5.0,-5.0,5.0,-0.051178204308235005,4.457773190883796,5879.666284631125,10.0,925
D_n3,forward_half_life,price_velocity_x_acceleration,1,1,0.0,-5.0,-5.0,5.0,0.33378093719873786,4.954646631586788,3890.4235022580365,10.0,925
D_n3,forward_half_life,price_velocity_x_acceleration^2,2,1,0.0,4.997725759614906,-5.0,5.0,0.11693971509086067,4.151092133956086,3582.71712132121,10.0,925
D_n3,forward_half_life,price_velocity_x_acceleration^3,3,1,0.0,4.992045042111497,-5.0,5.0,1.3880245064956462,4.421708048721668,1478.0919426119567,10.0,925
D_n3,forward_half_life,relative_volume,1,0,5.0,-5.0,-5.0,5.0,-0.005405405405405406,4.999997078158386,9235.0,10.0,925
D_n3,forward_half_life,relative_volume^2,2,0,5.0,-5.0,-5.0,5.0,-0.005405405405405406,4.999997078158386,9235.0,10.0,925
D_n3,forward_half_life,relative_volume^3,3,0,5.0,-5.0,-5.0,5.0,-0.005405405405405406,4.999997078158386,9235.0,10.0,925
D_n3,forward_half_life,relative_volume_x_price_velocity,1,1,0.0,-5.0,-5.0,5.0,0.10810810810810811,4.9961270610277975,7325.0,10.0,925
D_n3,forward_half_life,relative_volume_x_price_velocity^2,2,1,0.0,-5.0,-5.0,5.0,0.04599025954721135,4.945117547621362,8842.435919787544,10.0,925
D_n3,forward_half_life,relative_volume_x_price_velocity^3,3,1,0.0,-3.7264045970787976,-5.0,5.0,0.2056994282384417,4.538302387571766,5851.65548075536,10.0,925
D_n3,forward_half_life,spread,1,0,0.03600000000001841,-5.0,-5.0,5.0,-0.010771891891891875,4.997285096970066,9225.072,10.0,925
D_n3,forward_half_life,spread^2,2,0,0.0007200000000007365,-5.0,-5.0,5.0,-0.01081003243243243,4.997284874482563,9225.00144,10.0,925
D_n3,forward_half_life,spread^3,3,0,1.44000000000221e-05,-5.0,-5.0,5.0,-0.010810795243243247,4.997284872776357,9225.0000288,10.0,925
D_n3,forward_half_life,spread_change,1,0,0.0,-4.986966917822487,-5.0,5.0,-0.5672990444605847,4.7402012221176255,55.02637427500906,9.994078464790922,925
D_n3,forward_half_life,spread_change^2,2,0,0.0,-4.986966917822487,-5.0,5.0,-2.726237371993737,3.919051622976662,15.09919846662641,9.993329403584227,925
D_n3,forward_half_life,spread_change^3,3,0,0.0,-4.986966917822487,-5.0,5.0,-0.5672990444605847,4.7402012221176255,55.02637427500906,9.994078464790922,925
D_n3,forward_half_life,volume_density,1,0,5.0,-5.0,-5.0,5.0,-0.005405405405405406,4.999997078158386,9235.0,10.0,925
D_n3,forward_half_life,volume_density^2,2,0,5.0,-5.0,-5.0,5.0,-0.005405405405405406,4.999997078158386,9235.0,10.0,925
D_n3,forward_half_life,volume_density^3,3,0,5.0,-5.0,-5.0,5.0,-0.005405405405405406,4.999997078158386,9235.0,10.0,925
D_n3,forward_half_life,volume_density_x_price_displacement,1,1,0.0,-5.0,-5.0,5.0,0.10810810810810811,4.9961270610277975,7325.0,10.0,925
D_n3,forward_half_life,volume_density_x_price_displacement^2,2,1,0.0,-5.0,-5.0,5.0,-0.010810810810810811,4.997284872742656,9225.0,10.0,925
D_n3,forward_half_life,volume_density_x_price_displacement^3,3,1,0.0,-5.0,-5.0,5.0,0.10810810810810811,4.9961270610277975,7325.0,10.0,925
D_n3,forward_half_life,volume_log,1,0,5.0,-5.0,-5.0,5.0,-0.005405405405405406,4.999997078158386,9235.0,10.0,925
D_n3,forward_half_life,volume_log^2,2,0,5.0,-5.0,-5.0,5.0,-0.005405405405405406,4.999997078158386,9235.0,10.0,925
D_n3,forward_half_life,volume_log^3,3,0,5.0,-5.0,-5.0,5.0,-0.005405405405405406,4.999997078158386,9235.0,10.0,925
D_n3,forward_half_life,volume_log_x_price_displacement,1,1,0.0,-5.0,-5.0,5.0,0.10810810810810811,4.9961270610277975,7325.0,10.0,925
D_n3,forward_half_life,volume_log_x_price_displacement^2,2,1,0.0,-5.0,-5.0,5.0,0.010343515492493448,4.917956333308679,8716.032364249946,10.0,925
D_n3,forward_half_life,volume_log_x_price_displacement^3,3,1,0.0,-4.972754934653079,-5.0,5.0,0.29059800373244077,4.545883228284491,5483.8008894039285,10.0,925
D_n3,forward_half_life,volume_movement_abs,1,0,0.0,-5.0,-5.0,5.0,-0.010810810810810811,4.997284872742656,9225.0,10.0,925
D_n3,forward_half_life,volume_movement_abs^2,2,0,0.0,-5.0,-5.0,5.0,0.010343515492493448,4.917956333308679,8716.032364249946,10.0,925
D_n3,forward_half_life,volume_movement_abs^3,3,0,0.0,-4.972754934653079,-5.0,5.0,0.20441907728753583,4.422314062745665,6115.729327204409,10.0,925
D_n3,forward_half_life,volume_movement_signed,1,0,0.0,-5.0,-5.0,5.0,0.10810810810810811,4.9961270610277975,7325.0,10.0,925
D_n3,forward_half_life,volume_movement_signed^2,2,0,0.0,-5.0,-5.0,5.0,0.010343515492493448,4.917956333308679,8716.032364249946,10.0,925
D_n3,forward_half_life,volume_movement_signed^3,3,0,0.0,-4.972754934653079,-5.0,5.0,0.29059800373244077,4.545883228284491,5483.8008894039285,10.0,925
D_n3,magnitude_state,bias,0,0,0.0,5.0,-5.0,5.0,0.005405428401709225,4.99458874456048,9215.000042543163,10.0,925
D_n3,magnitude_state,directional_volume,1,0,0.0,5.0,-5.0,5.0,-0.11351349783118919,4.993301576287607,7315.0000290123,10.0,925
D_n3,magnitude_state,directional_volume^2,2,0,0.0,5.0,-5.0,5.0,0.0054054160999630245,4.994588744573755,9215.000019784931,10.0,925
D_n3,magnitude_state,directional_volume^3,3,0,0.0,5.0,-5.0,5.0,-0.1135135062203623,4.993301576096877,7315.000013492329,10.0,925
D_n3,magnitude_state,price_acceleration,1,0,0.0,5.0,-5.0,5.0,-0.14594594592964036,4.992458885840989,3025.0,10.0,925
D_n3,magnitude_state,price_acceleration^2,2,0,0.0,5.0,-5.0,5.0,-0.09321913333496877,4.948512045922719,8712.512768769135,10.0,925
D_n3,magnitude_state,price_acceleration^3,3,0,0.0,-1.5878959098586343,-5.0,5.0,-0.1376684868816167,4.573931630043975,1907.6761866329055,10.0,925
D_n3,magnitude_state,price_displacement,1,0,0.0,5.0,-5.0,5.0,-0.11351351349720792,4.993301575931447,7315.000000030165,10.0,925
D_n3,magnitude_state,price_displacement^2,2,0,0.0,5.0,-5.0,5.0,-0.059879860372252444,4.947606835893919,8863.29577380668,10.0,925
D_n3,magnitude_state,price_displacement^3,3,0,0.0,5.0,-5.0,5.0,0.019902105208709813,4.474473468285149,5977.36163952891,10.0,925
D_n3,magnitude_state,price_velocity,1,0,0.0,5.0,-5.0,5.0,-0.11351351349720792,4.993301575931447,7315.000000030165,10.0,925
D_n3,magnitude_state,price_velocity^2,2,0,0.0,5.0,-5.0,5.0,-0.053994516279433954,4.948003552797369,8852.407887234966,10.0,925
D_n3,magnitude_state,price_velocity^3,3,0,0.0,5.0,-5.0,5.0,0.014311586963841714,4.457596622676764,5879.66571000184,10.0,925
D_n3,magnitude_state,price_velocity_x_acceleration,1,1,0.0,5.0,-5.0,5.0,-0.3391863412481623,4.951551126528029,3890.423503790478,10.0,925
D_n3,magnitude_state,price_velocity_x_acceleration^2,2,1,0.0,-4.997725759613598,-5.0,5.0,-0.11696585541263829,4.151091397164453,3582.716509169685,10.0,925
D_n3,magnitude_state,price_velocity_x_acceleration^3,3,1,0.0,-4.992045042111118,-5.0,5.0,-1.388024506493484,4.421708048717002,1478.0919426111348,10.0,925
D_n3,magnitude_state,relative_volume,1,0,0.0,5.0,-5.0,5.0,0.005405427889584158,4.994588744561032,9215.000041595731,10.0,925
D_n3,magnitude_state,relative_volume^2,2,0,0.0,5.0,-5.0,5.0,0.0054054273888640625,4.994588744561572,9215.000040669398,10.0,925
D_n3,magnitude_state,relative_volume^3,3,0,0.0,5.0,-5.0,5.0,0.00540542689929494,4.994588744562099,9215.000039763696,10.0,925
D_n3,magnitude_state,relative_volume_x_price_velocity,1,1,0.0,5.0,-5.0,5.0,-0.11351351349757105,4.993301575931438,7315.000000029494,10.0,925
D_n3,magnitude_state,relative_volume_x_price_velocity^2,2,1,0.0,5.0,-5.0,5.0,-0.051395663108531026,4.942330838514997,8832.435919050884,10.0,925
D_n3,magnitude_state,relative_volume_x_price_velocity^3,3,1,0.0,3.726404606448387,-5.0,5.0,-0.24015744377711631,4.53694847990255,5851.654945788498,10.0,925
D_n3,magnitude_state,spread,1,0,0.0,5.0,-5.0,5.0,0.005405405865331484,4.994588744584821,9215.000000850863,10.0,925
D_n3,magnitude_state,spread^2,2,0,0.0,5.0,-5.0,5.0,0.0054054054146039305,4.994588744585308,9215.000000017017,10.0,925
D_n3,magnitude_state,spread^3,3,0,0.0,5.0,-5.0,5.0,0.005405405405589378,4.994588744585318,9215.00000000034,10.0,925
D_n3,magnitude_state,spread_change,1,0,0.0,4.986966917822487,-5.0,5.0,0.5672990444605847,4.7402012221176255,55.02637427500906,9.994078464790922,925
D_n3,magnitude_state,spread_change^2,2,0,0.0,4.986966917822487,-5.0,5.0,2.726237371993737,3.919051622976662,15.09919846662641,9.993329403584227,925
D_n3,magnitude_state,spread_change^3,3,0,0.0,4.986966917822487,-5.0,5.0,0.5672990444605847,4.7402012221176255,55.02637427500906,9.994078464790922,925
D_n3,magnitude_state,volume_density,1,0,0.0,5.0,-5.0,5.0,0.00545153832243294,4.994588891520847,9215.085345896501,10.0,925
D_n3,magnitude_state,volume_density^2,2,0,0.0,5.0,-5.0,5.0,0.010810810810810811,4.997284872742656,9225.0,10.0,925
D_n3,magnitude_state,volume_density^3,3,0,0.0,5.0,-5.0,5.0,0.010810810810810811,4.997284872742656,9225.0,10.0,925
D_n3,magnitude_state,volume_density_x_price_displacement,1,1,0.0,5.0,-5.0,5.0,-0.11351348080284408,4.993301576674791,7315.000060514739,10.0,925
D_n3,magnitude_state,volume_density_x_price_displacement^2,2,1,0.0,5.0,-5.0,5.0,0.005405451934095509,4.994588744535163,9215.000086078076,10.0,925
D_n3,magnitude_state,volume_density_x_price_displacement^3,3,1,0.0,5.0,-5.0,5.0,-0.113513447329634,4.993301577436049,7315.000122440177,10.0,925
D_n3,magnitude_state,volume_log,1,0,0.0,5.0,-5.0,5.0,0.005405421087729724,4.994588744568368,9215.0000290123,10.0,925
D_n3,magnitude_state,volume_log^2,2,0,0.0,5.0,-5.0,5.0,0.0054054160999630245,4.994588744573755,9215.000019784931,10.0,925
D_n3,magnitude_state,volume_log^3,3,0,0.0,5.0,-5.0,5.0,0.005405412698556617,4.994588744577431,9215.00001349233,10.0,925
D_n3,magnitude_state,volume_log_x_price_displacement,1,1,0.0,5.0,-5.0,5.0,-0.11351351350239393,4.993301575931329,7315.000000020571,10.0,925
D_n3,magnitude_state,volume_log_x_price_displacement^2,2,1,0.0,5.0,-5.0,5.0,-0.01574891646697732,4.91519342756146,8706.032363719705,10.0,925
D_n3,magnitude_state,volume_log_x_price_displacement^3,3,1,0.0,4.972754948757009,-5.0,5.0,-0.3022900488321881,4.5451325947912045,5483.800707761422,10.0,925
D_n3,magnitude_state,volume_movement_abs,1,0,0.0,5.0,-5.0,5.0,0.005405405416524992,4.994588744585306,9215.000000020571,10.0,925
D_n3,magnitude_state,volume_movement_abs^2,2,0,0.0,5.0,-5.0,5.0,-0.01574891646697732,4.91519342756146,8706.032363719705,10.0,925
D_n3,magnitude_state,volume_movement_abs^3,3,0,0.0,4.972754948757009,-5.0,5.0,-0.21611112092269177,4.421765076010424,6115.455527146982,10.0,925
D_n3,magnitude_state,volume_movement_signed,1,0,0.0,5.0,-5.0,5.0,-0.11351351350239393,4.993301575931329,7315.000000020571,10.0,925
D_n3,magnitude_state,volume_movement_signed^2,2,0,0.0,5.0,-5.0,5.0,-0.01574891646697732,4.91519342756146,8706.032363719705,10.0,925
D_n3,magnitude_state,volume_movement_signed^3,3,0,0.0,4.972754948757009,-5.0,5.0,-0.3022900488321881,4.5451325947912045,5483.800707761422,10.0,925
D_n3,observation_half_life,bias,0,0,1.7999999999999998,-5.0,-5.0,5.0,-0.008864864864864867,4.997639151624155,9228.6,10.0,925
D_n3,observation_half_life,directional_volume,1,0,0.0,-5.0,-5.0,5.0,0.10810810810810811,4.9961270610277975,7325.0,10.0,925
D_n3,observation_half_life,directional_volume^2,2,0,0.0,-5.0,-5.0,5.0,-0.010810810810810811,4.997284872742656,9225.0,10.0,925
D_n3,observation_half_life,directional_volume^3,3,0,0.0,-5.0,-5.0,5.0,0.10810810810810811,4.9961270610277975,7325.0,10.0,925
D_n3,observation_half_life,price_acceleration,1,0,0.0,-5.0,-5.0,5.0,0.14054054054054055,4.995319942650075,3025.0,10.0,925
D_n3,observation_half_life,price_acceleration^2,2,0,0.0,-5.0,-5.0,5.0,0.08781373029013823,4.9513409346246275,8722.512767947399,10.0,925
D_n3,observation_half_life,price_acceleration^3,3,0,0.0,1.5878959091055314,-5.0,5.0,0.10080186619069043,4.576179775514546,1907.6768009307623,10.0,925
D_n3,observation_half_life,price_displacement,1,0,0.0,-5.0,-5.0,5.0,0.10810810810810811,4.9961270610277975,7325.0,10.0,925
D_n3,observation_half_life,price_displacement^2,2,0,0.0,-5.0,-5.0,5.0,0.054474456655562636,4.950399838986878,8873.295774412622,10.0,925
D_n3,observation_half_life,price_displacement^3,3,0,0.0,-5.0,-5.0,5.0,-0.05676872258947764,4.474603310056978,5977.3622141528,10.0,925
D_n3,observation_half_life,price_velocity,1,0,0.0,-5.0,-5.0,5.0,0.10810810810810811,4.9961270610277975,7325.0,10.0,925
D_n3,observation_half_life,price_velocity^2,2,0,0.0,-5.0,-5.0,5.0,0.04858911256171549,4.950789906310076,8862.407887839005,10.0,925
D_n3,observation_half_life,price_velocity^3,3,0,0.0,-5.0,-5.0,5.0,-0.051178204308235005,4.457773190883796,5879.666284631125,10.0,925
D_n3,observation_half_life,price_velocity_x_acceleration,1,1,0.0,-5.0,-5.0,5.0,0.33378093719873786,4.954646631586788,3890.4235022580365,10.0,925
D_n3,observation_half_life,price_velocity_x_acceleration^2,2,1,0.0,4.997725759614906,-5.0,5.0,0.11693971509086067,4.151092133956086,3582.71712132121,10.0,925
D_n3,observation_half_life,price_velocity_x_acceleration^3,3,1,0.0,4.992045042111497,-5.0,5.0,1.3880245064956462,4.421708048721668,1478.0919426119567,10.0,925
D_n3,observation_half_life,relative_volume,1,0,5.0,-5.0,-5.0,5.0,-0.005405405405405406,4.999997078158386,9235.0,10.0,925
D_n3,observation_half_life,relative_volume^2,2,0,5.0,-5.0,-5.0,5.0,-0.005405405405405406,4.999997078158386,9235.0,10.0,925
D_n3,observation_half_life,relative_volume^3,3,0,5.0,-5.0,-5.0,5.0,-0.005405405405405406,4.999997078158386,9235.0,10.0,925
D_n3,observation_half_life,relative_volume_x_price_velocity,1,1,0.0,-5.0,-5.0,5.0,0.10810810810810811,4.9961270610277975,7325.0,10.0,925
D_n3,observation_half_life,relative_volume_x_price_velocity^2,2,1,0.0,-5.0,-5.0,5.0,0.04599025954721135,4.945117547621362,8842.435919787544,10.0,925
D_n3,observation_half_life,relative_volume_x_price_velocity^3,3,1,0.0,-3.7264045970787976,-5.0,5.0,0.2056994282384417,4.538302387571766,5851.65548075536,10.0,925
D_n3,observation_half_life,spread,1,0,0.03600000000001841,-5.0,-5.0,5.0,-0.010771891891891875,4.997285096970066,9225.072,10.0,925
D_n3,observation_half_life,spread^2,2,0,0.0007200000000007365,-5.0,-5.0,5.0,-0.01081003243243243,4.997284874482563,9225.00144,10.0,925
D_n3,observation_half_life,spread^3,3,0,1.44000000000221e-05,-5.0,-5.0,5.0,-0.010810795243243247,4.997284872776357,9225.0000288,10.0,925
D_n3,observation_half_life,spread_change,1,0,0.0,-4.986966917822487,-5.0,5.0,-0.5672990444605847,4.7402012221176255,55.02637427500906,9.994078464790922,925
D_n3,observation_half_life,spread_change^2,2,0,0.0,-4.986966917822487,-5.0,5.0,-2.726237371993737,3.919051622976662,15.09919846662641,9.993329403584227,925
D_n3,observation_half_life,spread_change^3,3,0,0.0,-4.986966917822487,-5.0,5.0,-0.5672990444605847,4.7402012221176255,55.02637427500906,9.994078464790922,925
D_n3,observation_half_life,volume_density,1,0,5.0,-5.0,-5.0,5.0,-0.005405405405405406,4.999997078158386,9235.0,10.0,925
D_n3,observation_half_life,volume_density^2,2,0,5.0,-5.0,-5.0,5.0,-0.005405405405405406,4.999997078158386,9235.0,10.0,925
D_n3,observation_half_life,volume_density^3,3,0,5.0,-5.0,-5.0,5.0,-0.005405405405405406,4.999997078158386,9235.0,10.0,925
D_n3,observation_half_life,volume_density_x_price_displacement,1,1,0.0,-5.0,-5.0,5.0,0.10810810810810811,4.9961270610277975,7325.0,10.0,925
D_n3,observation_half_life,volume_density_x_price_displacement^2,2,1,0.0,-5.0,-5.0,5.0,-0.010810810810810811,4.997284872742656,9225.0,10.0,925
D_n3,observation_half_life,volume_density_x_price_displacement^3,3,1,0.0,-5.0,-5.0,5.0,0.10810810810810811,4.9961270610277975,7325.0,10.0,925
D_n3,observation_half_life,volume_log,1,0,5.0,-5.0,-5.0,5.0,-0.005405405405405406,4.999997078158386,9235.0,10.0,925
D_n3,observation_half_life,volume_log^2,2,0,5.0,-5.0,-5.0,5.0,-0.005405405405405406,4.999997078158386,9235.0,10.0,925
D_n3,observation_half_life,volume_log^3,3,0,5.0,-5.0,-5.0,5.0,-0.005405405405405406,4.999997078158386,9235.0,10.0,925
D_n3,observation_half_life,volume_log_x_price_displacement,1,1,0.0,-5.0,-5.0,5.0,0.10810810810810811,4.9961270610277975,7325.0,10.0,925
D_n3,observation_half_life,volume_log_x_price_displacement^2,2,1,0.0,-5.0,-5.0,5.0,0.010343515492493448,4.917956333308679,8716.032364249946,10.0,925
D_n3,observation_half_life,volume_log_x_price_displacement^3,3,1,0.0,-4.972754934653079,-5.0,5.0,0.29059800373244077,4.545883228284491,5483.8008894039285,10.0,925
D_n3,observation_half_life,volume_movement_abs,1,0,0.0,-5.0,-5.0,5.0,-0.010810810810810811,4.997284872742656,9225.0,10.0,925
D_n3,observation_half_life,volume_movement_abs^2,2,0,0.0,-5.0,-5.0,5.0,0.010343515492493448,4.917956333308679,8716.032364249946,10.0,925
D_n3,observation_half_life,volume_movement_abs^3,3,0,0.0,-4.972754934653079,-5.0,5.0,0.20441907728753583,4.422314062745665,6115.729327204409,10.0,925
D_n3,observation_half_life,volume_movement_signed,1,0,0.0,-5.0,-5.0,5.0,0.10810810810810811,4.9961270610277975,7325.0,10.0,925
D_n3,observation_half_life,volume_movement_signed^2,2,0,0.0,-5.0,-5.0,5.0,0.010343515492493448,4.917956333308679,8716.032364249946,10.0,925
D_n3,observation_half_life,volume_movement_signed^3,3,0,0.0,-4.972754934653079,-5.0,5.0,0.29059800373244077,4.545883228284491,5483.8008894039285,10.0,925
D_n3,persistence,bias,0,0,0.006,-5.0,-5.0,5.0,-0.010804324324324325,4.9972848906649086,9225.012,10.0,925
D_n3,persistence,directional_volume,1,0,0.0,-5.0,-5.0,5.0,0.10810810810810811,4.9961270610277975,7325.0,10.0,925
D_n3,persistence,directional_volume^2,2,0,0.0,-5.0,-5.0,5.0,-0.010810810810810811,4.997284872742656,9225.0,10.0,925
D_n3,persistence,directional_volume^3,3,0,0.0,-5.0,-5.0,5.0,0.10810810810810811,4.9961270610277975,7325.0,10.0,925
D_n3,persistence,price_acceleration,1,0,0.0,-5.0,-5.0,5.0,0.14054054054054055,4.995319942650075,3025.0,10.0,925
D_n3,persistence,price_acceleration^2,2,0,0.0,-5.0,-5.0,5.0,0.08781372793744868,4.9513409347038,8722.51276876637,10.0,925
D_n3,persistence,price_acceleration^3,3,0,0.0,1.5878959098561247,-5.0,5.0,0.10080186618044046,4.576179775578085,1907.6768009397945,10.0,925
D_n3,persistence,price_displacement,1,0,0.0,-5.0,-5.0,5.0,0.10810810810810811,4.9961270610277975,7325.0,10.0,925
D_n3,persistence,price_displacement^2,2,0,0.0,-5.0,-5.0,5.0,0.05447445497249043,4.950399838504111,8873.295773808679,10.0,925
D_n3,persistence,price_displacement^3,3,0,0.0,-5.0,-5.0,5.0,-0.056768723354031395,4.474603310070657,5977.3622142291115,10.0,925
D_n3,persistence,price_velocity,1,0,0.0,-5.0,-5.0,5.0,0.10810810810810811,4.9961270610277975,7325.0,10.0,925
D_n3,persistence,price_velocity^2,2,0,0.0,-5.0,-5.0,5.0,0.048589110879668516,4.950789905826257,8862.40788723696,10.0,925
D_n3,persistence,price_velocity^3,3,0,0.0,-5.0,-5.0,5.0,-0.05117820510904186,4.457773190911488,5879.66628470206,10.0,925
D_n3,persistence,price_velocity_x_acceleration,1,1,0.0,-5.0,-5.0,5.0,0.33378093584729107,4.954646631859453,3890.4235037853664,10.0,925
D_n3,persistence,price_velocity_x_acceleration^2,2,1,0.0,4.997725759613602,-5.0,5.0,0.11693971503773251,4.151092133961163,3582.717121320061,10.0,925
D_n3,persistence,price_velocity_x_acceleration^3,3,1,0.0,4.992045042111121,-5.0,5.0,1.3880245064803938,4.421708048721128,1478.0919426114444,10.0,925
D_n3,persistence,relative_volume,1,0,5.0,-5.0,-5.0,5.0,-0.005405405405405406,4.999997078158386,9235.0,10.0,925
D_n3,persistence,relative_volume^2,2,0,5.0,-5.0,-5.0,5.0,-0.005405405405405406,4.999997078158386,9235.0,10.0,925
D_n3,persistence,relative_volume^3,3,0,5.0,-5.0,-5.0,5.0,-0.005405405405405406,4.999997078158386,9235.0,10.0,925
D_n3,persistence,relative_volume_x_price_velocity,1,1,0.0,-5.0,-5.0,5.0,0.10810810810810811,4.9961270610277975,7325.0,10.0,925
D_n3,persistence,relative_volume_x_price_velocity^2,2,1,0.0,-5.0,-5.0,5.0,0.0459902577092868,4.9451175471128055,8842.43591905332,10.0,925
D_n3,persistence,relative_volume_x_price_velocity^3,3,1,0.0,-3.7264046064171286,-5.0,5.0,0.20569942722980078,4.538302387501396,5851.655480789398,10.0,925
D_n3,persistence,spread,1,0,0.00012000000000006138,-5.0,-5.0,5.0,-0.010810681081081085,4.997284873024861,9225.00024,10.0,925
D_n3,persistence,spread^2,2,0,2.4000000000024554e-06,-5.0,-5.0,5.0,-0.010810808216216217,4.99728487274827,9225.0000048,10.0,925
D_n3,persistence,spread^3,3,0,4.800000000007367e-08,-5.0,-5.0,5.0,-0.010810810758918914,4.997284872742768,9225.000000096,10.0,925
D_n3,persistence,spread_change,1,0,0.0,-4.986966917822487,-5.0,5.0,-0.5672990444605847,4.7402012221176255,55.02637427500906,9.994078464790922,925
D_n3,persistence,spread_change^2,2,0,0.0,-4.986966917822487,-5.0,5.0,-2.726237371993737,3.919051622976662,15.09919846662641,9.993329403584227,925
D_n3,persistence,spread_change^3,3,0,0.0,-4.986966917822487,-5.0,5.0,-0.5672990444605847,4.7402012221176255,55.02637427500906,9.994078464790922,925
D_n3,persistence,volume_density,1,0,5.0,-5.0,-5.0,5.0,-0.005405405405405406,4.999997078158386,9235.0,10.0,925
D_n3,persistence,volume_density^2,2,0,5.0,-5.0,-5.0,5.0,-0.005405405405405406,4.999997078158386,9235.0,10.0,925
D_n3,persistence,volume_density^3,3,0,5.0,-5.0,-5.0,5.0,-0.005405405405405406,4.999997078158386,9235.0,10.0,925
D_n3,persistence,volume_density_x_price_displacement,1,1,0.0,-5.0,-5.0,5.0,0.10810810810810811,4.9961270610277975,7325.0,10.0,925
D_n3,persistence,volume_density_x_price_displacement^2,2,1,0.0,-5.0,-5.0,5.0,-0.010810810810810811,4.997284872742656,9225.0,10.0,925
D_n3,persistence,volume_density_x_price_displacement^3,3,1,0.0,-5.0,-5.0,5.0,0.10810810810810811,4.9961270610277975,7325.0,10.0,925
D_n3,persistence,volume_log,1,0,0.04153790461336511,-5.0,-5.0,5.0,-0.010765904967985553,4.99728515631816,9225.083075809227,10.0,925
D_n3,persistence,volume_log^2,2,0,0.2875662532781697,-5.0,-5.0,5.0,-0.010499928374834409,4.9972944803938075,9225.575132506556,10.0,925
D_n3,persistence,volume_log^3,3,0,1.9908165997819005,-5.0,-5.0,5.0,-0.008658576648884423,4.9977177496853065,9228.981633199564,10.0,925
D_n3,persistence,volume_log_x_price_displacement,1,1,0.0,-5.0,-5.0,5.0,0.10810810810810811,4.9961270610277975,7325.0,10.0,925
D_n3,persistence,volume_log_x_price_displacement^2,2,1,0.0,-5.0,-5.0,5.0,0.01034351107635814,4.917956333429085,8716.032363721464,10.0,925
D_n3,persistence,volume_log_x_price_displacement^3,3,1,0.0,-4.972754948709948,-5.0,5.0,0.29059800374740463,4.545883228160664,5483.8008895408175,10.0,925
D_n3,persistence,volume_movement_abs,1,0,0.0,-5.0,-5.0,5.0,-0.010810810810810811,4.997284872742656,9225.0,10.0,925
D_n3,persistence,volume_movement_abs^2,2,0,0.0,-5.0,-5.0,5.0,0.01034351107635814,4.917956333429085,8716.032363721464,10.0,925
D_n3,persistence,volume_movement_abs^3,3,0,0.0,-4.972754948709948,-5.0,5.0,0.20441907584279667,4.422314062492469,6115.729327363349,10.0,925
D_n3,persistence,volume_movement_signed,1,0,0.0,-5.0,-5.0,5.0,0.10810810810810811,4.9961270610277975,7325.0,10.0,925
D_n3,persistence,volume_movement_signed^2,2,0,0.0,-5.0,-5.0,5.0,0.01034351107635814,4.917956333429085,8716.032363721464,10.0,925
D_n3,persistence,volume_movement_signed^3,3,0,0.0,-4.972754948709948,-5.0,5.0,0.29059800374740463,4.545883228160664,5483.8008895408175,10.0,925
D_n3,perturbation_state,bias,0,0,0.012,-5.0,-5.0,5.0,-0.010797837837837837,4.9972849163667545,9225.024,10.0,925
D_n3,perturbation_state,directional_volume,1,0,0.0,-5.0,-5.0,5.0,0.10810810810810811,4.9961270610277975,7325.0,10.0,925
D_n3,perturbation_state,directional_volume^2,2,0,0.0,-5.0,-5.0,5.0,-0.010810810810810811,4.997284872742656,9225.0,10.0,925
D_n3,perturbation_state,directional_volume^3,3,0,0.0,-5.0,-5.0,5.0,0.10810810810810811,4.9961270610277975,7325.0,10.0,925
D_n3,perturbation_state,price_acceleration,1,0,0.0,-5.0,-5.0,5.0,0.14054054054054055,4.995319942650075,3025.0,10.0,925
D_n3,perturbation_state,price_acceleration^2,2,0,0.0,-5.0,-5.0,5.0,0.08781372792962942,4.951340934704073,8722.512768769126,10.0,925
D_n3,perturbation_state,price_acceleration^3,3,0,0.0,1.5878959098581338,-5.0,5.0,0.10080186617914101,4.576179775578386,1907.6768009398063,10.0,925
D_n3,perturbation_state,price_displacement,1,0,0.0,-5.0,-5.0,5.0,0.10810810810810811,4.9961270610277975,7325.0,10.0,925
D_n3,perturbation_state,price_displacement^2,2,0,0.0,-5.0,-5.0,5.0,0.05447445496686327,4.950399838502498,8873.29577380666,10.0,925
D_n3,perturbation_state,price_displacement^3,3,0,0.0,-5.0,-5.0,5.0,-0.056768723357288595,4.474603310070745,5977.36221422931,10.0,925
D_n3,perturbation_state,price_velocity,1,0,0.0,-5.0,-5.0,5.0,0.10810810810810811,4.9961270610277975,7325.0,10.0,925
D_n3,perturbation_state,price_velocity^2,2,0,0.0,-5.0,-5.0,5.0,0.04858911087404412,4.950789905824639,8862.407887234944,10.0,925
D_n3,perturbation_state,price_velocity^3,3,0,0.0,-5.0,-5.0,5.0,-0.05117820511239835,4.457773190911616,5879.666284702243,10.0,925
D_n3,perturbation_state,price_velocity_x_acceleration,1,1,0.0,-5.0,-5.0,5.0,0.33378093584277463,4.954646631860367,3890.423503790468,10.0,925
D_n3,perturbation_state,price_velocity_x_acceleration^2,2,1,0.0,4.9977257596135995,-5.0,5.0,0.11693971503763965,4.151092133961165,3582.717121320059,10.0,925
D_n3,perturbation_state,price_velocity_x_acceleration^3,3,1,0.0,4.99204504211112,-5.0,5.0,1.3880245064803938,4.421708048721128,1478.0919426114444,10.0,925
D_n3,perturbation_state,relative_volume,1,0,5.0,-5.0,-5.0,5.0,-0.005405405405405406,4.999997078158386,9235.0,10.0,925
D_n3,perturbation_state,relative_volume^2,2,0,5.0,-5.0,-5.0,5.0,-0.005405405405405406,4.999997078158386,9235.0,10.0,925
D_n3,perturbation_state,relative_volume^3,3,0,5.0,-5.0,-5.0,5.0,-0.005405405405405406,4.999997078158386,9235.0,10.0,925
D_n3,perturbation_state,relative_volume_x_price_velocity,1,1,0.0,-5.0,-5.0,5.0,0.10810810810810811,4.9961270610277975,7325.0,10.0,925
D_n3,perturbation_state,relative_volume_x_price_velocity^2,2,1,0.0,-5.0,-5.0,5.0,0.04599025770352513,4.94511754711146,8842.435919051573,10.0,925
D_n3,perturbation_state,relative_volume_x_price_velocity^3,3,1,0.0,-3.726404606442114,-5.0,5.0,0.20569942722602474,4.5383023875013055,5851.6554807895145,10.0,925
D_n3,perturbation_state,spread,1,0,0.00024000000000012276,-5.0,-5.0,5.0,-0.010810551351351361,4.9972848733101785,9225.00048,10.0,925
D_n3,perturbation_state,spread^2,2,0,4.800000000004911e-06,-5.0,-5.0,5.0,-0.010810805621621622,4.997284872753885,9225.0000096,10.0,925
D_n3,perturbation_state,spread^3,3,0,9.600000000014734e-08,-5.0,-5.0,5.0,-0.010810810707027019,4.997284872742881,9225.000000192,10.0,925
D_n3,perturbation_state,spread_change,1,0,0.0,-4.986966917822487,-5.0,5.0,-0.5672990444605847,4.7402012221176255,55.02637427500906,9.994078464790922,925
D_n3,perturbation_state,spread_change^2,2,0,0.0,-4.986966917822487,-5.0,5.0,-2.726237371993737,3.919051622976662,15.09919846662641,9.993329403584227,925
D_n3,perturbation_state,spread_change^3,3,0,0.0,-4.986966917822487,-5.0,5.0,-0.5672990444605847,4.7402012221176255,55.02637427500906,9.994078464790922,925
D_n3,perturbation_state,volume_density,1,0,5.0,-5.0,-5.0,5.0,-0.005405405405405406,4.999997078158386,9235.0,10.0,925
D_n3,perturbation_state,volume_density^2,2,0,5.0,-5.0,-5.0,5.0,-0.005405405405405406,4.999997078158386,9235.0,10.0,925
D_n3,perturbation_state,volume_density^3,3,0,5.0,-5.0,-5.0,5.0,-0.005405405405405406,4.999997078158386,9235.0,10.0,925
D_n3,perturbation_state,volume_density_x_price_displacement,1,1,0.0,-5.0,-5.0,5.0,0.10810810810810811,4.9961270610277975,7325.0,10.0,925
D_n3,perturbation_state,volume_density_x_price_displacement^2,2,1,0.0,-5.0,-5.0,5.0,-0.010810810810810811,4.997284872742656,9225.0,10.0,925
D_n3,perturbation_state,volume_density_x_price_displacement^3,3,1,0.0,-5.0,-5.0,5.0,0.10810810810810811,4.9961270610277975,7325.0,10.0,925
D_n3,perturbation_state,volume_log,1,0,0.08307580922673022,-5.0,-5.0,5.0,-0.010720999125160295,4.997285812751677,9225.166151618454,10.0,925
D_n3,perturbation_state,volume_log^2,2,0,0.5751325065563394,-5.0,-5.0,5.0,-0.010189045938858008,4.997321958159703,9226.150265013113,10.0,925
D_n3,perturbation_state,volume_log^3,3,0,3.981633199563801,-5.0,-5.0,5.0,-0.006506342486958051,4.999006846811188,9232.963266399127,10.0,925
D_n3,perturbation_state,volume_log_x_price_displacement,1,1,0.0,-5.0,-5.0,5.0,0.10810810810810811,4.9961270610277975,7325.0,10.0,925
D_n3,perturbation_state,volume_log_x_price_displacement^2,2,1,0.0,-5.0,-5.0,5.0,0.01034351106294304,4.9179563334289975,8716.032363720697,10.0,925
D_n3,perturbation_state,volume_log_x_price_displacement^3,3,1,0.0,-4.972754948747558,-5.0,5.0,0.2905980037467994,4.545883228160436,5483.80088954112,10.0,925
D_n3,perturbation_state,volume_movement_abs,1,0,0.0,-5.0,-5.0,5.0,-0.010810810810810811,4.997284872742656,9225.0,10.0,925
D_n3,perturbation_state,volume_movement_abs^2,2,0,0.0,-5.0,-5.0,5.0,0.01034351106294304,4.9179563334289975,8716.032363720697,10.0,925
D_n3,perturbation_state,volume_movement_abs^3,3,0,0.0,-4.972754948747558,-5.0,5.0,0.20441907583910968,4.422314062491957,6115.729327363721,10.0,925
D_n3,perturbation_state,volume_movement_signed,1,0,0.0,-5.0,-5.0,5.0,0.10810810810810811,4.9961270610277975,7325.0,10.0,925
D_n3,perturbation_state,volume_movement_signed^2,2,0,0.0,-5.0,-5.0,5.0,0.01034351106294304,4.9179563334289975,8716.032363720697,10.0,925
D_n3,perturbation_state,volume_movement_signed^3,3,0,0.0,-4.972754948747558,-5.0,5.0,0.2905980037467994,4.545883228160436,5483.80088954112,10.0,925
D_n3,reinforcement,bias,0,0,-0.0020999999999999994,5.0,-5.0,5.0,0.010808540540540541,4.997284878130516,9225.0042,10.0,925
D_n3,reinforcement,directional_volume,1,0,0.0,5.0,-5.0,5.0,-0.10810810810810811,4.9961270610277975,7325.0,10.0,925
D_n3,reinforcement,directional_volume^2,2,0,0.0,5.0,-5.0,5.0,0.010810810810810811,4.997284872742656,9225.0,10.0,925
D_n3,reinforcement,directional_volume^3,3,0,0.0,5.0,-5.0,5.0,-0.10810810810810811,4.9961270610277975,7325.0,10.0,925
D_n3,reinforcement,price_acceleration,1,0,0.0,5.0,-5.0,5.0,-0.14054054054054055,4.995319942650075,3025.0,10.0,925
D_n3,reinforcement,price_acceleration^2,2,0,0.0,5.0,-5.0,5.0,-0.08781372792947896,4.9513409347036985,8722.512768768762,10.0,925
D_n3,reinforcement,price_acceleration^3,3,0,0.0,-1.58789590985753,-5.0,5.0,-0.10080186618429977,4.57617977557791,1907.676800939856,10.0,925
D_n3,reinforcement,price_displacement,1,0,0.0,5.0,-5.0,5.0,-0.10810810810810811,4.9961270610277975,7325.0,10.0,925
D_n3,reinforcement,price_displacement^2,2,0,0.0,5.0,-5.0,5.0,-0.05447445496709082,4.950399838502362,8873.295773804492,10.0,925
D_n3,reinforcement,price_displacement^3,3,0,0.0,5.0,-5.0,5.0,0.05676872335305125,4.474603310070521,5977.362214229363,10.0,925
D_n3,reinforcement,price_velocity,1,0,0.0,5.0,-5.0,5.0,-0.10810810810810811,4.9961270610277975,7325.0,10.0,925
D_n3,reinforcement,price_velocity^2,2,0,0.0,5.0,-5.0,5.0,-0.04858911087427198,4.950789905824504,8862.407887232777,10.0,925
D_n3,reinforcement,price_velocity^3,3,0,0.0,5.0,-5.0,5.0,0.051178205108197754,4.457773190911399,5879.666284702295,10.0,925
D_n3,reinforcement,price_velocity_x_acceleration,1,1,0.0,5.0,-5.0,5.0,-0.33378093584358437,4.954646631859874,3890.423503788835,10.0,925
D_n3,reinforcement,price_velocity_x_acceleration^2,2,1,0.0,-4.997725759613597,-5.0,5.0,-0.11693971503754576,4.151092133961179,3582.7171213200572,10.0,925
D_n3,reinforcement,price_velocity_x_acceleration^3,3,1,0.0,-4.992045042111118,-5.0,5.0,-1.3880245064803405,4.421708048721127,1478.0919426114426,10.0,925
D_n3,reinforcement,relative_volume,1,0,-2.130125282584569,5.0,-5.0,5.0,0.008507972667476138,4.997780099316583,9229.260250565168,10.0,925
D_n3,reinforcement,relative_volume^2,2,0,-5.0,5.0,-5.0,5.0,0.005405405405405406,4.999997078158386,9235.0,10.0,925
D_n3,reinforcement,relative_volume^3,3,0,-5.0,5.0,-5.0,5.0,0.005405405405405406,4.999997078158386,9235.0,10.0,925
D_n3,reinforcement,relative_volume_x_price_velocity,1,1,0.0,5.0,-5.0,5.0,-0.10810810810810811,4.9961270610277975,7325.0,10.0,925
D_n3,reinforcement,relative_volume_x_price_velocity^2,2,1,0.0,5.0,-5.0,5.0,-0.04599025770315466,4.945117547110862,8842.435919048114,10.0,925
D_n3,reinforcement,relative_volume_x_price_velocity^3,3,1,0.0,3.7264046064524243,-5.0,5.0,-0.20569942722977222,4.538302387500873,5851.655480789486,10.0,925
D_n3,reinforcement,spread,1,0,-4.200000000002147e-05,5.0,-5.0,5.0,0.010810765405405397,4.997284872841075,9225.000084,10.0,925
D_n3,reinforcement,spread^2,2,0,-8.400000000008591e-07,5.0,-5.0,5.0,0.010810809902702704,4.997284872744621,9225.00000168,10.0,925
D_n3,reinforcement,spread^3,3,0,-1.680000000002578e-08,5.0,-5.0,5.0,0.010810810792648647,4.9972848727426955,9225.0000000336,10.0,925
D_n3,reinforcement,spread_change,1,0,0.0,4.986966917822487,-5.0,5.0,0.5672990444605847,4.7402012221176255,55.02637427500906,9.994078464790922,925
D_n3,reinforcement,spread_change^2,2,0,0.0,4.986966917822487,-5.0,5.0,2.726237371993737,3.919051622976662,15.09919846662641,9.993329403584227,925
D_n3,reinforcement,spread_change^3,3,0,0.0,4.986966917822487,-5.0,5.0,0.5672990444605847,4.7402012221176255,55.02637427500906,9.994078464790922,925
D_n3,reinforcement,volume_density,1,0,-5.0,5.0,-5.0,5.0,0.005405405405405406,4.999997078158386,9235.0,10.0,925
D_n3,reinforcement,volume_density^2,2,0,-5.0,5.0,-5.0,5.0,0.005405405405405406,4.999997078158386,9235.0,10.0,925
D_n3,reinforcement,volume_density^3,3,0,-5.0,5.0,-5.0,5.0,0.005405405405405406,4.999997078158386,9235.0,10.0,925
D_n3,reinforcement,volume_density_x_price_displacement,1,1,0.0,5.0,-5.0,5.0,-0.10810810810810811,4.9961270610277975,7325.0,10.0,925
D_n3,reinforcement,volume_density_x_price_displacement^2,2,1,0.0,5.0,-5.0,5.0,0.010810810810810811,4.997284872742656,9225.0,10.0,925
D_n3,reinforcement,volume_density_x_price_displacement^3,3,1,0.0,5.0,-5.0,5.0,-0.10810810810810811,4.9961270610277975,7325.0,10.0,925
D_n3,reinforcement,volume_log,1,0,-0.014538266614677782,5.0,-5.0,5.0,0.010795093765821969,4.997284929581476,9225.02907653323,10.0,925
D_n3,reinforcement,volume_log^2,2,0,-0.10064818864735936,5.0,-5.0,5.0,0.010702001958219076,4.997286202684511,9225.201296377294,10.0,925
D_n3,reinforcement,volume_log^3,3,0,-0.6967858099236649,5.0,-5.0,5.0,0.010057528854136575,4.997338961413825,9226.393571619847,10.0,925
D_n3,reinforcement,volume_log_x_price_displacement,1,1,0.0,5.0,-5.0,5.0,-0.10810810810810811,4.9961270610277975,7325.0,10.0,925
D_n3,reinforcement,volume_log_x_price_displacement^2,2,1,0.0,5.0,-5.0,5.0,-0.010343511060964835,4.917956333428765,8716.032363717528,10.0,925
D_n3,reinforcement,volume_log_x_price_displacement^3,3,1,0.0,4.972754948761962,-5.0,5.0,-0.290598003748639,4.5458832281601405,5483.800889541271,10.0,925
D_n3,reinforcement,volume_movement_abs,1,0,0.0,5.0,-5.0,5.0,0.010810810810810811,4.997284872742656,9225.0,10.0,925
D_n3,reinforcement,volume_movement_abs^2,2,0,0.0,5.0,-5.0,5.0,-0.010343511060964835,4.917956333428765,8716.032363717528,10.0,925
D_n3,reinforcement,volume_movement_abs^3,3,0,0.0,4.972754948761962,-5.0,5.0,-0.204419075838955,4.422314062491538,6115.72932736385,10.0,925
D_n3,reinforcement,volume_movement_signed,1,0,0.0,5.0,-5.0,5.0,-0.10810810810810811,4.9961270610277975,7325.0,10.0,925
D_n3,reinforcement,volume_movement_signed^2,2,0,0.0,5.0,-5.0,5.0,-0.010343511060964835,4.917956333428765,8716.032363717528,10.0,925
D_n3,reinforcement,volume_movement_signed^3,3,0,0.0,4.972754948761962,-5.0,5.0,-0.290598003748639,4.5458832281601405,5483.800889541271,10.0,925
D_n3,reversal_tendency,bias,0,0,0.006,-5.0,-5.0,5.0,-0.010804324324324325,4.9972848906649086,9225.012,10.0,925
D_n3,reversal_tendency,directional_volume,1,0,0.0,-5.0,-5.0,5.0,0.10810810810810811,4.9961270610277975,7325.0,10.0,925
D_n3,reversal_tendency,directional_volume^2,2,0,0.0,-5.0,-5.0,5.0,-0.010810810810810811,4.997284872742656,9225.0,10.0,925
D_n3,reversal_tendency,directional_volume^3,3,0,0.0,-5.0,-5.0,5.0,0.10810810810810811,4.9961270610277975,7325.0,10.0,925
D_n3,reversal_tendency,price_acceleration,1,0,0.0,-5.0,-5.0,5.0,0.14054054054054055,4.995319942650075,3025.0,10.0,925
D_n3,reversal_tendency,price_acceleration^2,2,0,0.0,-5.0,-5.0,5.0,0.08781372792972003,4.951340934704062,8722.512768768995,10.0,925
D_n3,reversal_tendency,price_acceleration^3,3,0,0.0,1.587895909858349,-5.0,5.0,0.10080186618031345,4.576179775578296,1907.6768009398234,10.0,925
D_n3,reversal_tendency,price_displacement,1,0,0.0,-5.0,-5.0,5.0,0.10810810810810811,4.9961270610277975,7325.0,10.0,925
D_n3,reversal_tendency,price_displacement^2,2,0,0.0,-5.0,-5.0,5.0,0.054474454966947645,4.950399838502508,8873.295773806614,10.0,925
D_n3,reversal_tendency,price_displacement^3,3,0,0.0,-5.0,-5.0,5.0,-0.05676872335634587,4.474603310070695,5977.362214229322,10.0,925
D_n3,reversal_tendency,price_velocity,1,0,0.0,-5.0,-5.0,5.0,0.10810810810810811,4.9961270610277975,7325.0,10.0,925
D_n3,reversal_tendency,price_velocity^2,2,0,0.0,-5.0,-5.0,5.0,0.04858911087412883,4.950789905824651,8862.4078872349,10.0,925
D_n3,reversal_tendency,price_velocity^3,3,0,0.0,-5.0,-5.0,5.0,-0.05117820511146591,4.457773190911568,5879.6662847022535,10.0,925
D_n3,reversal_tendency,price_velocity_x_acceleration,1,1,0.0,-5.0,-5.0,5.0,0.33378093584288326,4.954646631860314,3890.4235037902863,10.0,925
D_n3,reversal_tendency,price_velocity_x_acceleration^2,2,1,0.0,4.997725759613599,-5.0,5.0,0.11693971503760749,4.15109213396117,3582.717121320058,10.0,925
D_n3,reversal_tendency,price_velocity_x_acceleration^3,3,1,0.0,4.992045042111119,-5.0,5.0,1.3880245064803836,4.421708048721128,1478.091942611444,10.0,925
D_n3,reversal_tendency,relative_volume,1,0,5.0,-5.0,-5.0,5.0,-0.005405405405405406,4.999997078158386,9235.0,10.0,925
D_n3,reversal_tendency,relative_volume^2,2,0,5.0,-5.0,-5.0,5.0,-0.005405405405405406,4.999997078158386,9235.0,10.0,925
D_n3,reversal_tendency,relative_volume^3,3,0,5.0,-5.0,-5.0,5.0,-0.005405405405405406,4.999997078158386,9235.0,10.0,925
D_n3,reversal_tendency,relative_volume_x_price_velocity,1,1,0.0,-5.0,-5.0,5.0,0.10810810810810811,4.9961270610277975,7325.0,10.0,925
D_n3,reversal_tendency,relative_volume_x_price_velocity^2,2,1,0.0,-5.0,-5.0,5.0,0.04599025770342035,4.9451175471113,8842.435919051175,10.0,925
D_n3,reversal_tendency,relative_volume_x_price_velocity^3,3,1,0.0,-3.7264046064450556,-5.0,5.0,0.20569942722684978,4.538302387501194,5851.655480789499,10.0,925
D_n3,reversal_tendency,spread,1,0,0.00012000000000006138,-5.0,-5.0,5.0,-0.010810681081081085,4.997284873024861,9225.00024,10.0,925
D_n3,reversal_tendency,spread^2,2,0,2.4000000000024554e-06,-5.0,-5.0,5.0,-0.010810808216216217,4.99728487274827,9225.0000048,10.0,925
D_n3,reversal_tendency,spread^3,3,0,4.800000000007367e-08,-5.0,-5.0,5.0,-0.010810810758918914,4.997284872742768,9225.000000096,10.0,925
D_n3,reversal_tendency,spread_change,1,0,0.0,-4.986966917822487,-5.0,5.0,-0.5672990444605847,4.7402012221176255,55.02637427500906,9.994078464790922,925
D_n3,reversal_tendency,spread_change^2,2,0,0.0,-4.986966917822487,-5.0,5.0,-2.726237371993737,3.919051622976662,15.09919846662641,9.993329403584227,925
D_n3,reversal_tendency,spread_change^3,3,0,0.0,-4.986966917822487,-5.0,5.0,-0.5672990444605847,4.7402012221176255,55.02637427500906,9.994078464790922,925
D_n3,reversal_tendency,volume_density,1,0,5.0,-5.0,-5.0,5.0,-0.005405405405405406,4.999997078158386,9235.0,10.0,925
D_n3,reversal_tendency,volume_density^2,2,0,5.0,-5.0,-5.0,5.0,-0.005405405405405406,4.999997078158386,9235.0,10.0,925
D_n3,reversal_tendency,volume_density^3,3,0,5.0,-5.0,-5.0,5.0,-0.005405405405405406,4.999997078158386,9235.0,10.0,925
D_n3,reversal_tendency,volume_density_x_price_displacement,1,1,0.0,-5.0,-5.0,5.0,0.10810810810810811,4.9961270610277975,7325.0,10.0,925
D_n3,reversal_tendency,volume_density_x_price_displacement^2,2,1,0.0,-5.0,-5.0,5.0,-0.010810810810810811,4.997284872742656,9225.0,10.0,925
D_n3,reversal_tendency,volume_density_x_price_displacement^3,3,1,0.0,-5.0,-5.0,5.0,0.10810810810810811,4.9961270610277975,7325.0,10.0,925
D_n3,reversal_tendency,volume_log,1,0,0.04153790461336511,-5.0,-5.0,5.0,-0.010765904967985553,4.99728515631816,9225.083075809227,10.0,925
D_n3,reversal_tendency,volume_log^2,2,0,0.2875662532781697,-5.0,-5.0,5.0,-0.010499928374834409,4.9972944803938075,9225.575132506556,10.0,925
D_n3,reversal_tendency,volume_log^3,3,0,1.9908165997819005,-5.0,-5.0,5.0,-0.008658576648884423,4.9977177496853065,9228.981633199564,10.0,925
D_n3,reversal_tendency,volume_log_x_price_displacement,1,1,0.0,-5.0,-5.0,5.0,0.10810810810810811,4.9961270610277975,7325.0,10.0,925
D_n3,reversal_tendency,volume_log_x_price_displacement^2,2,1,0.0,-5.0,-5.0,5.0,0.01034351106258269,4.91795633342916,8716.032363720142,10.0,925
D_n3,reversal_tendency,volume_log_x_price_displacement^3,3,1,0.0,-4.972754948751881,-5.0,5.0,0.2905980037472571,4.545883228160349,5483.800889541162,10.0,925
D_n3,reversal_tendency,volume_movement_abs,1,0,0.0,-5.0,-5.0,5.0,-0.010810810810810811,4.997284872742656,9225.0,10.0,925
D_n3,reversal_tendency,volume_movement_abs^2,2,0,0.0,-5.0,-5.0,5.0,0.01034351106258269,4.91795633342916,8716.032363720142,10.0,925
D_n3,reversal_tendency,volume_movement_abs^3,3,0,0.0,-4.972754948751881,-5.0,5.0,0.20441907583887572,4.422314062491802,6115.72932736376,10.0,925
D_n3,reversal_tendency,volume_movement_signed,1,0,0.0,-5.0,-5.0,5.0,0.10810810810810811,4.9961270610277975,7325.0,10.0,925
D_n3,reversal_tendency,volume_movement_signed^2,2,0,0.0,-5.0,-5.0,5.0,0.01034351106258269,4.91795633342916,8716.032363720142,10.0,925
D_n3,reversal_tendency,volume_movement_signed^3,3,0,0.0,-4.972754948751881,-5.0,5.0,0.2905980037472571,4.545883228160349,5483.800889541162,10.0,925
D_n3,strength,bias,0,0,0.012,-5.0,-5.0,5.0,-0.010797837837837837,4.9972849163667545,9225.024,10.0,925
D_n3,strength,directional_volume,1,0,0.0,-5.0,-5.0,5.0,0.10810810810810811,4.9961270610277975,7325.0,10.0,925
D_n3,strength,directional_volume^2,2,0,0.0,-5.0,-5.0,5.0,-0.010810810810810811,4.997284872742656,9225.0,10.0,925
D_n3,strength,directional_volume^3,3,0,0.0,-5.0,-5.0,5.0,0.10810810810810811,4.9961270610277975,7325.0,10.0,925
D_n3,strength,price_acceleration,1,0,0.0,-5.0,-5.0,5.0,0.14054054054054055,4.995319942650075,3025.0,10.0,925
D_n3,strength,price_acceleration^2,2,0,0.0,-5.0,-5.0,5.0,0.08781372793647733,4.95134093470408,8722.51276876628,10.0,925
D_n3,strength,price_acceleration^3,3,0,0.0,1.5878959098579692,-5.0,5.0,0.10080186618036656,4.5761797755782565,1907.6768009398434,10.0,925
D_n3,strength,price_displacement,1,0,0.0,-5.0,-5.0,5.0,0.10810810810810811,4.9961270610277975,7325.0,10.0,925
D_n3,strength,price_displacement^2,2,0,0.0,-5.0,-5.0,5.0,0.05447445497182367,4.950399838503745,8873.295773808308,10.0,925
D_n3,strength,price_displacement^3,3,0,0.0,-5.0,-5.0,5.0,-0.056768723353812965,4.474603310070614,5977.362214229322,10.0,925
D_n3,strength,price_velocity,1,0,0.0,-5.0,-5.0,5.0,0.10810810810810811,4.9961270610277975,7325.0,10.0,925
D_n3,strength,price_velocity^2,2,0,0.0,-5.0,-5.0,5.0,0.04858911087900419,4.950789905825894,8862.407887236592,10.0,925
D_n3,strength,price_velocity^3,3,0,0.0,-5.0,-5.0,5.0,-0.051178205108902704,4.457773190911473,5879.666284702258,10.0,925
D_n3,strength,price_velocity_x_acceleration,1,1,0.0,-5.0,-5.0,5.0,0.3337809358464961,4.954646631859793,3890.4235037863605,10.0,925
D_n3,strength,price_velocity_x_acceleration^2,2,1,0.0,4.9977257596135995,-5.0,5.0,0.11693971503763928,4.151092133961171,3582.7171213200586,10.0,925
D_n3,strength,price_velocity_x_acceleration^3,3,1,0.0,4.99204504211112,-5.0,5.0,1.3880245064803938,4.421708048721128,1478.0919426114444,10.0,925
D_n3,strength,relative_volume,1,0,5.0,-5.0,-5.0,5.0,-0.005405405405405406,4.999997078158386,9235.0,10.0,925
D_n3,strength,relative_volume^2,2,0,5.0,-5.0,-5.0,5.0,-0.005405405405405406,4.999997078158386,9235.0,10.0,925
D_n3,strength,relative_volume^3,3,0,5.0,-5.0,-5.0,5.0,-0.005405405405405406,4.999997078158386,9235.0,10.0,925
D_n3,strength,relative_volume_x_price_velocity,1,1,0.0,-5.0,-5.0,5.0,0.10810810810810811,4.9961270610277975,7325.0,10.0,925
D_n3,strength,relative_volume_x_price_velocity^2,2,1,0.0,-5.0,-5.0,5.0,0.04599025770857501,4.9451175471126785,8842.435919053318,10.0,925
D_n3,strength,relative_volume_x_price_velocity^3,3,1,0.0,-3.726404606437651,-5.0,5.0,0.20569942722996226,4.538302387501104,5851.655480789543,10.0,925
D_n3,strength,spread,1,0,0.00024000000000012276,-5.0,-5.0,5.0,-0.010810551351351361,4.9972848733101785,9225.00048,10.0,925
D_n3,strength,spread^2,2,0,4.800000000004911e-06,-5.0,-5.0,5.0,-0.010810805621621622,4.997284872753885,9225.0000096,10.0,925
D_n3,strength,spread^3,3,0,9.600000000014734e-08,-5.0,-5.0,5.0,-0.010810810707027019,4.997284872742881,9225.000000192,10.0,925
D_n3,strength,spread_change,1,0,0.0,-4.986966917822487,-5.0,5.0,-0.5672990444605847,4.7402012221176255,55.02637427500906,9.994078464790922,925
D_n3,strength,spread_change^2,2,0,0.0,-4.986966917822487,-5.0,5.0,-2.726237371993737,3.919051622976662,15.09919846662641,9.993329403584227,925
D_n3,strength,spread_change^3,3,0,0.0,-4.986966917822487,-5.0,5.0,-0.5672990444605847,4.7402012221176255,55.02637427500906,9.994078464790922,925
D_n3,strength,volume_density,1,0,5.0,-5.0,-5.0,5.0,-0.005405405405405406,4.999997078158386,9235.0,10.0,925
D_n3,strength,volume_density^2,2,0,5.0,-5.0,-5.0,5.0,-0.005405405405405406,4.999997078158386,9235.0,10.0,925
D_n3,strength,volume_density^3,3,0,5.0,-5.0,-5.0,5.0,-0.005405405405405406,4.999997078158386,9235.0,10.0,925
D_n3,strength,volume_density_x_price_displacement,1,1,0.0,-5.0,-5.0,5.0,0.10810810810810811,4.9961270610277975,7325.0,10.0,925
D_n3,strength,volume_density_x_price_displacement^2,2,1,0.0,-5.0,-5.0,5.0,-0.010810810810810811,4.997284872742656,9225.0,10.0,925
D_n3,strength,volume_density_x_price_displacement^3,3,1,0.0,-5.0,-5.0,5.0,0.10810810810810811,4.9961270610277975,7325.0,10.0,925
D_n3,strength,volume_log,1,0,0.08307580922673022,-5.0,-5.0,5.0,-0.010720999125160295,4.997285812751677,9225.166151618454,10.0,925
D_n3,strength,volume_log^2,2,0,0.5751325065563394,-5.0,-5.0,5.0,-0.010189045938858008,4.997321958159703,9226.150265013113,10.0,925
D_n3,strength,volume_log^3,3,0,3.981633199563801,-5.0,-5.0,5.0,-0.006506342486958051,4.999006846811188,9232.963266399127,10.0,925
D_n3,strength,volume_log_x_price_displacement,1,1,0.0,-5.0,-5.0,5.0,0.10810810810810811,4.9961270610277975,7325.0,10.0,925
D_n3,strength,volume_log_x_price_displacement^2,2,1,0.0,-5.0,-5.0,5.0,0.010343511074829767,4.917956333429189,8716.032363720979,10.0,925
D_n3,strength,volume_log_x_price_displacement^3,3,1,0.0,-4.972754948741174,-5.0,5.0,0.29059800374798317,4.545883228160401,5483.800889541092,10.0,925
D_n3,strength,volume_movement_abs,1,0,0.0,-5.0,-5.0,5.0,-0.010810810810810811,4.997284872742656,9225.0,10.0,925
D_n3,strength,volume_movement_abs^2,2,0,0.0,-5.0,-5.0,5.0,0.010343511074829767,4.917956333429189,8716.032363720979,10.0,925
D_n3,strength,volume_movement_abs^3,3,0,0.0,-4.972754948741174,-5.0,5.0,0.20441907584083377,4.422314062491966,6115.729327363634,10.0,925
D_n3,strength,volume_movement_signed,1,0,0.0,-5.0,-5.0,5.0,0.10810810810810811,4.9961270610277975,7325.0,10.0,925
D_n3,strength,volume_movement_signed^2,2,0,0.0,-5.0,-5.0,5.0,0.010343511074829767,4.917956333429189,8716.032363720979,10.0,925
D_n3,strength,volume_movement_signed^3,3,0,0.0,-4.972754948741174,-5.0,5.0,0.29059800374798317,4.545883228160401,5483.800889541092,10.0,925
D_n3,uncertainty,bias,0,0,0.020999999999999998,-5.0,-5.0,5.0,-0.010788108108108107,4.99728496950626,9225.042,10.0,925
D_n3,uncertainty,directional_volume,1,0,0.0,-5.0,-5.0,5.0,0.10810810810810811,4.9961270610277975,7325.0,10.0,925
D_n3,uncertainty,directional_volume^2,2,0,0.0,-5.0,-5.0,5.0,-0.010810810810810811,4.997284872742656,9225.0,10.0,925
D_n3,uncertainty,directional_volume^3,3,0,0.0,-5.0,-5.0,5.0,0.10810810810810811,4.9961270610277975,7325.0,10.0,925
D_n3,uncertainty,price_acceleration,1,0,0.0,-5.0,-5.0,5.0,0.14054054054054055,4.995319942650075,3025.0,10.0,925
D_n3,uncertainty,price_acceleration^2,2,0,0.0,-5.0,-5.0,5.0,0.08781372794487652,4.951340934703926,8722.512768763283,10.0,925
D_n3,uncertainty,price_acceleration^3,3,0,0.0,1.5878959098566647,-5.0,5.0,0.10080186617843333,4.576179775578327,1907.6768009398147,10.0,925
D_n3,uncertainty,price_displacement,1,0,0.0,-5.0,-5.0,5.0,0.10810810810810811,4.9961270610277975,7325.0,10.0,925
D_n3,uncertainty,price_displacement^2,2,0,0.0,-5.0,-5.0,5.0,0.054474454978853205,4.950399838505638,8873.295773810627,10.0,925
D_n3,uncertainty,price_displacement^3,3,0,0.0,-5.0,-5.0,5.0,-0.05676872335195987,4.474603310070588,5977.362214229314,10.0,925
D_n3,uncertainty,price_velocity,1,0,0.0,-5.0,-5.0,5.0,0.10810810810810811,4.9961270610277975,7325.0,10.0,925
D_n3,uncertainty,price_velocity^2,2,0,0.0,-5.0,-5.0,5.0,0.04858911088603212,4.9507899058277935,8862.407887238907,10.0,925
D_n3,uncertainty,price_velocity^3,3,0,0.0,-5.0,-5.0,5.0,-0.0511782051070069,4.457773190911429,5879.666284702258,10.0,925
D_n3,uncertainty,price_velocity_x_acceleration,1,1,0.0,-5.0,-5.0,5.0,0.3337809358512267,4.954646631859182,3890.423503781202,10.0,925
D_n3,uncertainty,price_velocity_x_acceleration^2,2,1,0.0,4.9977257596136,-5.0,5.0,0.11693971503767683,4.151092133961169,3582.717121320059,10.0,925
D_n3,uncertainty,price_velocity_x_acceleration^3,3,1,0.0,4.99204504211112,-5.0,5.0,1.3880245064803556,4.421708048721127,1478.091942611443,10.0,925
D_n3,uncertainty,relative_volume,1,0,5.0,-5.0,-5.0,5.0,-0.005405405405405406,4.999997078158386,9235.0,10.0,925
D_n3,uncertainty,relative_volume^2,2,0,5.0,-5.0,-5.0,5.0,-0.005405405405405406,4.999997078158386,9235.0,10.0,925
D_n3,uncertainty,relative_volume^3,3,0,5.0,-5.0,-5.0,5.0,-0.005405405405405406,4.999997078158386,9235.0,10.0,925
D_n3,uncertainty,relative_volume_x_price_velocity,1,1,0.0,-5.0,-5.0,5.0,0.10810810810810811,4.9961270610277975,7325.0,10.0,925
D_n3,uncertainty,relative_volume_x_price_velocity^2,2,1,0.0,-5.0,-5.0,5.0,0.04599025771624089,4.945117547114966,8842.435919056798,10.0,925
D_n3,uncertainty,relative_volume_x_price_velocity^3,3,1,0.0,-3.726404606426276,-5.0,5.0,0.20569942723243642,4.538302387501032,5851.655480789571,10.0,925
D_n3,uncertainty,spread,1,0,0.0004200000000002148,-5.0,-5.0,5.0,-0.010810356756756767,4.997284873743989,9225.00084,10.0,925
D_n3,uncertainty,spread^2,2,0,8.400000000008593e-06,-5.0,-5.0,5.0,-0.010810801729729732,4.997284872762309,9225.0000168,10.0,925
D_n3,uncertainty,spread^3,3,0,1.6800000000025784e-07,-5.0,-5.0,5.0,-0.01081081062918919,4.997284872743049,9225.000000336,10.0,925
D_n3,uncertainty,spread_change,1,0,0.0,-4.986966917822487,-5.0,5.0,-0.5672990444605847,4.7402012221176255,55.02637427500906,9.994078464790922,925
D_n3,uncertainty,spread_change^2,2,0,0.0,-4.986966917822487,-5.0,5.0,-2.726237371993737,3.919051622976662,15.09919846662641,9.993329403584227,925
D_n3,uncertainty,spread_change^3,3,0,0.0,-4.986966917822487,-5.0,5.0,-0.5672990444605847,4.7402012221176255,55.02637427500906,9.994078464790922,925
D_n3,uncertainty,volume_density,1,0,5.0,-5.0,-5.0,5.0,-0.005405405405405406,4.999997078158386,9235.0,10.0,925
D_n3,uncertainty,volume_density^2,2,0,5.0,-5.0,-5.0,5.0,-0.005405405405405406,4.999997078158386,9235.0,10.0,925
D_n3,uncertainty,volume_density^3,3,0,5.0,-5.0,-5.0,5.0,-0.005405405405405406,4.999997078158386,9235.0,10.0,925
D_n3,uncertainty,volume_density_x_price_displacement,1,1,0.0,-5.0,-5.0,5.0,0.10810810810810811,4.9961270610277975,7325.0,10.0,925
D_n3,uncertainty,volume_density_x_price_displacement^2,2,1,0.0,-5.0,-5.0,5.0,-0.010810810810810811,4.997284872742656,9225.0,10.0,925
D_n3,uncertainty,volume_density_x_price_displacement^3,3,1,0.0,-5.0,-5.0,5.0,0.10810810810810811,4.9961270610277975,7325.0,10.0,925
D_n3,uncertainty,volume_log,1,0,0.14538266614677786,-5.0,-5.0,5.0,-0.010653640360922392,4.99728749651039,9225.290765332293,10.0,925
D_n3,uncertainty,volume_log^2,2,0,1.0064818864735938,-5.0,-5.0,5.0,-0.009722722284893412,4.997396680576454,9227.012963772948,10.0,925
D_n3,uncertainty,volume_log^3,3,0,5.0,-5.0,-5.0,5.0,-0.005405405405405406,4.999997078158386,9235.0,10.0,925
D_n3,uncertainty,volume_log_x_price_displacement,1,1,0.0,-5.0,-5.0,5.0,0.10810810810810811,4.9961270610277975,7325.0,10.0,925
D_n3,uncertainty,volume_log_x_price_displacement^2,2,1,0.0,-5.0,-5.0,5.0,0.010343511091602394,4.917956333428479,8716.032363722752,10.0,925
D_n3,uncertainty,volume_log_x_price_displacement^3,3,1,0.0,-4.972754948723383,-5.0,5.0,0.2905980037486779,4.545883228160393,5483.800889541023,10.0,925
D_n3,uncertainty,volume_movement_abs,1,0,0.0,-5.0,-5.0,5.0,-0.010810810810810811,4.997284872742656,9225.0,10.0,925
D_n3,uncertainty,volume_movement_abs^2,2,0,0.0,-5.0,-5.0,5.0,0.010343511091602394,4.917956333428479,8716.032363722752,10.0,925
D_n3,uncertainty,volume_movement_abs^3,3,0,0.0,-4.972754948723383,-5.0,5.0,0.20441907584274077,4.422314062492166,6115.7293273635105,10.0,925
D_n3,uncertainty,volume_movement_signed,1,0,0.0,-5.0,-5.0,5.0,0.10810810810810811,4.9961270610277975,7325.0,10.0,925
D_n3,uncertainty,volume_movement_signed^2,2,0,0.0,-5.0,-5.0,5.0,0.010343511091602394,4.917956333428479,8716.032363722752,10.0,925
D_n3,uncertainty,volume_movement_signed^3,3,0,0.0,-4.972754948723383,-5.0,5.0,0.2905980037486779,4.545883228160393,5483.800889541023,10.0,925
E_n1,direction_state,bias,0,0,0.0,-5.0,-5.0,5.0,-0.0054008367293699785,4.9945887514605145,9205.008452050666,10.0,925
E_n1,direction_state,directional_volume,1,0,0.0,-5.0,-5.0,5.0,-0.059456343851842224,4.994237769480013,7305.005763874092,10.0,925
E_n1,direction_state,price_acceleration,1,0,0.0,4.185272115253947,-5.0,5.0,-0.03561382079299876,4.0172741036847395,1393.5024909617514,10.0,925
E_n1,direction_state,price_displacement,1,0,0.0,-0.5339499054023198,-5.0,5.0,-0.25316221249430787,3.780252078570673,3542.487400787083,10.0,925
E_n1,direction_state,price_velocity,1,0,0.0,4.105033973799539,-5.0,5.0,0.004836769982611492,3.8286058256757283,3547.6709045836074,10.0,925
E_n1,direction_state,price_velocity_x_acceleration,1,1,0.0,4.983170866514185,-5.0,5.0,1.0441184319631476,4.623324087726672,1475.3453375028243,10.0,925
E_n1,direction_state,relative_volume,1,0,0.0,-5.0,-5.0,5.0,-0.005400938473264564,4.994588751265365,9205.00826382446,10.0,925
E_n1,direction_state,relative_volume_x_price_velocity,1,1,0.0,4.0765693201559765,-5.0,5.0,-0.09337697799517632,3.796280777156644,3570.4019024839786,10.0,925
E_n1,direction_state,spread,1,0,0.0,-5.0,-5.0,5.0,-0.22209432675048016,4.846782219046421,8659.433634359037,10.0,925
E_n1,direction_state,spread_change,1,0,0.0,-4.986966917822487,-5.0,5.0,-1.6459424058521857,4.481317822764733,45.056179991389335,9.994078464790922,925
E_n1,direction_state,volume_density,1,0,0.0,-5.0,-5.0,5.0,0.0,4.997296566441997,9215.0,10.0,925
E_n1,direction_state,volume_density_x_price_displacement,1,1,0.0,-5.0,-5.0,5.0,-0.05521103933130118,4.988294657192341,7295.6722036357,10.0,925
E_n1,direction_state,volume_log,1,0,0.0,-5.0,-5.0,5.0,-0.005402289797788171,4.994588748855092,9205.005763874093,10.0,925
E_n1,direction_state,volume_log_x_price_displacement,1,1,0.0,-2.0283740829688828,-5.0,5.0,-0.3313434076279067,3.791367782636859,3345.778774143823,10.0,925
E_n1,direction_state,volume_movement_abs,1,0,0.0,-2.0283740829688828,-5.0,5.0,-1.1751749654499533,3.7910946096051608,3925.303050268672,10.0,925
E_n1,direction_state,volume_movement_signed,1,0,0.0,-2.0283740829688828,-5.0,5.0,-0.3313434076279067,3.791367782636859,3345.778774143823,10.0,925
E_n1,forward_half_life,bias,0,0,1.6740000000000002,5.0,-5.0,5.0,0.0018097297297297369,4.99759934222611,9218.348,10.0,925
E_n1,forward_half_life,directional_volume,1,0,0.0,5.0,-5.0,5.0,0.05405405405405406,4.997004215749001,7315.0,10.0,925
E_n1,forward_half_life,price_acceleration,1,0,0.0,-4.185251663236693,-5.0,5.0,0.01739253195746614,4.016904558934079,1393.5108915024175,10.0,925
E_n1,forward_half_life,price_displacement,1,0,0.0,0.539230935114944,-5.0,5.0,0.2375181145198691,3.781107223776548,3542.467570830762,10.0,925
E_n1,forward_half_life,price_velocity,1,0,0.0,-4.104504256511378,-5.0,5.0,-0.020480309322528586,3.8283501966984455,3547.6619401191783,10.0,925
E_n1,forward_half_life,price_velocity_x_acceleration,1,1,0.0,-4.9831559531242515,-5.0,5.0,-1.0441249219051354,4.623317503311611,1475.3455952778256,10.0,925
E_n1,forward_half_life,relative_volume,1,0,5.0,5.0,-5.0,5.0,0.005405405405405406,4.999997078158386,9225.0,10.0,925
E_n1,forward_half_life,relative_volume_x_price_velocity,1,1,0.0,-4.06789919500325,-5.0,5.0,0.0781605391416479,3.79607124690891,3570.3922666721483,10.0,925
E_n1,forward_half_life,spread,1,0,0.03348000000001713,5.0,-5.0,5.0,-0.05866622977698737,4.811459541272803,8665.529398666864,10.0,925
E_n1,forward_half_life,spread_change,1,0,0.0,4.986966917822487,-5.0,5.0,1.6459424058521857,4.481317822764733,45.056179991389335,9.994078464790922,925
E_n1,forward_half_life,volume_density,1,0,5.0,5.0,-5.0,5.0,0.005405405405405406,4.999997078158386,9225.0,10.0,925
E_n1,forward_half_life,volume_density_x_price_displacement,1,1,0.0,5.0,-5.0,5.0,0.04978643719253573,4.990961391805585,7305.459472957325,10.0,925
E_n1,forward_half_life,volume_log,1,0,5.0,5.0,-5.0,5.0,0.005405405405405406,4.999997078158386,9225.0,10.0,925
E_n1,forward_half_life,volume_log_x_price_displacement,1,1,0.0,2.0319986984719725,-5.0,5.0,0.3209984736719039,3.7922787855979,3345.764078142043,10.0,925
E_n1,forward_half_life,volume_movement_abs,1,0,0.0,2.0319986984719725,-5.0,5.0,1.1659480315431652,3.794098099136576,3925.5335993562503,10.0,925
E_n1,forward_half_life,volume_movement_signed,1,0,0.0,2.0319986984719725,-5.0,5.0,0.3209984736719039,3.7922787855979,3345.764078142043,10.0,925
E_n1,magnitude_state,bias,0,0,0.0,-5.0,-5.0,5.0,-0.002094665695598838,4.992291375005802,9198.875216623182,10.0,925
E_n1,magnitude_state,directional_volume,1,0,0.0,-5.0,-5.0,5.0,-0.055524688005825336,4.9917768907986355,7305.0000290123,10.0,925
E_n1,magnitude_state,price_acceleration,1,0,0.0,4.185269693185168,-5.0,5.0,-0.04509732360455366,4.017824692645744,1393.5022329603012,10.0,925
E_n1,magnitude_state,price_displacement,1,0,0.0,-0.5341446454879976,-5.0,5.0,-0.2492466424860546,3.780331469506255,3542.391750996534,10.0,925
E_n1,magnitude_state,price_velocity,1,0,0.0,4.105022208051811,-5.0,5.0,0.008749695445214388,3.8284180342637506,3547.5758697573374,10.0,925
E_n1,magnitude_state,price_velocity_x_acceleration,1,1,0.0,4.98316940413514,-5.0,5.0,1.044115835078077,4.62332408820758,1475.3452903346545,10.0,925
E_n1,magnitude_state,relative_volume,1,0,0.0,-5.0,-5.0,5.0,-0.0021322781799588673,4.992306087918914,9198.944797824386,10.0,925
E_n1,magnitude_state,relative_volume_x_price_velocity,1,1,0.0,4.0760886339665126,-5.0,5.0,-0.0894032839761502,3.7961348988575003,3570.3048804786667,10.0,925
E_n1,magnitude_state,spread,1,0,0.0,-5.0,-5.0,5.0,0.15680308722646707,4.825553524119995,8659.416376605119,10.0,925
E_n1,magnitude_state,spread_change,1,0,0.0,-4.986966917822487,-5.0,5.0,-1.6459424058521857,4.481317822764733,45.056179991389335,9.994078464790922,925
E_n1,magnitude_state,volume_density,1,0,0.0,-5.0,-5.0,5.0,-0.00535927248837787,4.994588991375759,9205.085345896501,10.0,925
E_n1,magnitude_state,volume_density_x_price_displacement,1,1,0.0,-5.0,-5.0,5.0,-0.05047595102940096,4.985675831779045,7295.660038691428,10.0,925
E_n1,magnitude_state,volume_log,1,0,0.0,-5.0,-5.0,5.0,-0.001470633951771284,4.992085471596537,9197.720730835377,10.0,925
E_n1,magnitude_state,volume_log_x_price_displacement,1,1,0.0,-2.028506738927833,-5.0,5.0,-0.32860525192280854,3.7915077859856194,3345.711611789676,10.0,925
E_n1,magnitude_state,volume_movement_abs,1,0,0.0,-2.028506738927833,-5.0,5.0,-1.172434726776885,3.791849448327234,3925.3034109596574,10.0,925
E_n1,magnitude_state,volume_movement_signed,1,0,0.0,-2.028506738927833,-5.0,5.0,-0.32860525192280854,3.7915077859856194,3345.711611789676,10.0,925
E_n1,observation_half_life,bias,0,0,1.548,5.0,-5.0,5.0,0.0016735135135135155,4.997555479556421,9218.096,10.0,925
E_n1,observation_half_life,directional_volume,1,0,0.0,5.0,-5.0,5.0,0.05405405405405406,4.997004215749001,7315.0,10.0,925
E_n1,observation_half_life,price_acceleration,1,0,0.0,-4.185251663236693,-5.0,5.0,0.017399317964038093,4.0168988134277885,1393.5107342641659,10.0,925
E_n1,observation_half_life,price_displacement,1,0,0.0,0.539230935114944,-5.0,5.0,0.2370671629157204,3.7810692240075205,3542.4677719442197,10.0,925
E_n1,observation_half_life,price_velocity,1,0,0.0,-4.104504256511378,-5.0,5.0,-0.02093126092667729,3.8282822751198045,3547.662141232636,10.0,925
E_n1,observation_half_life,price_velocity_x_acceleration,1,1,0.0,-4.9831559531242515,-5.0,5.0,-1.0441258931201782,4.623318081623324,1475.3456130710074,10.0,925
E_n1,observation_half_life,relative_volume,1,0,5.0,5.0,-5.0,5.0,0.005405405405405406,4.999997078158386,9225.0,10.0,925
E_n1,observation_half_life,relative_volume_x_price_velocity,1,1,0.0,-4.06789919500325,-5.0,5.0,0.07785861083050387,3.7959726360206894,3570.390764032844,10.0,925
E_n1,observation_half_life,spread,1,0,0.03096000000001584,5.0,-5.0,5.0,-0.08222415876110792,4.811717727451365,8666.445141569046,10.0,925
E_n1,observation_half_life,spread_change,1,0,0.0,4.986966917822487,-5.0,5.0,1.6459424058521857,4.481317822764733,45.056179991389335,9.994078464790922,925
E_n1,observation_half_life,volume_density,1,0,5.0,5.0,-5.0,5.0,0.005405405405405406,4.999997078158386,9225.0,10.0,925
E_n1,observation_half_life,volume_density_x_price_displacement,1,1,0.0,5.0,-5.0,5.0,0.04977218068631404,4.990967990256957,7305.511432341502,10.0,925
E_n1,observation_half_life,volume_log,1,0,5.0,5.0,-5.0,5.0,0.005405405405405406,4.999997078158386,9225.0,10.0,925
E_n1,observation_half_life,volume_log_x_price_displacement,1,1,0.0,2.0319986984719725,-5.0,5.0,0.3206464181602833,3.792255308287866,3345.7653152947473,10.0,925
E_n1,observation_half_life,volume_movement_abs,1,0,0.0,2.0319986984719725,-5.0,5.0,1.1653202036260575,3.794162145444243,3925.5551813479487,10.0,925
E_n1,observation_half_life,volume_movement_signed,1,0,0.0,2.0319986984719725,-5.0,5.0,0.3206464181602833,3.792255308287866,3345.7653152947473,10.0,925
E_n1,persistence,bias,0,0,0.0051600000000000005,5.0,-5.0,5.0,5.578378378382277e-06,4.997296569318884,9215.01032,10.0,925
E_n1,persistence,directional_volume,1,0,0.0,5.0,-5.0,5.0,0.05405405405405406,4.997004215749001,7315.0,10.0,925
E_n1,persistence,price_acceleration,1,0,0.0,-4.185269619754574,-5.0,5.0,0.017379646282386453,4.016900713411494,1393.5028181643665,10.0,925
E_n1,persistence,price_displacement,1,0,0.0,0.5341627961626453,-5.0,5.0,0.23501782484318218,3.780997871264953,3542.4864664664783,10.0,925
E_n1,persistence,price_velocity,1,0,0.0,-4.105020390661033,-5.0,5.0,-0.022978521736105435,3.828117080323967,3547.670621795328,10.0,925
E_n1,persistence,price_velocity_x_acceleration,1,1,0.0,-4.98316935552761,-5.0,5.0,-1.0441307190162443,4.623320704316058,1475.3456400358677,10.0,925
E_n1,persistence,relative_volume,1,0,5.0,5.0,-5.0,5.0,0.005405405405405406,4.999997078158386,9225.0,10.0,925
E_n1,persistence,relative_volume_x_price_velocity,1,1,0.0,-4.076059405309258,-5.0,5.0,0.07565229722766795,3.7960420430924993,3570.401314153325,10.0,925
E_n1,persistence,spread,1,0,0.0001032000000000528,5.0,-5.0,5.0,-0.20305936344815778,4.845090483232431,8669.411425119119,10.0,925
E_n1,persistence,spread_change,1,0,0.0,4.986966917822487,-5.0,5.0,1.6459424058521857,4.481317822764733,45.056179991389335,9.994078464790922,925
E_n1,persistence,volume_density,1,0,5.0,5.0,-5.0,5.0,0.005405405405405406,4.999997078158386,9225.0,10.0,925
E_n1,persistence,volume_density_x_price_displacement,1,1,0.0,5.0,-5.0,5.0,0.049811959935929545,4.991059325597007,7305.659462612132,10.0,925
E_n1,persistence,volume_log,1,0,0.035722597967493996,5.0,-5.0,5.0,3.861902482972132e-05,4.997296704324594,9215.071445195936,10.0,925
E_n1,persistence,volume_log_x_price_displacement,1,1,0.0,2.02851919951766,-5.0,5.0,0.3189830734333264,3.792161940206691,3345.7781049344694,10.0,925
E_n1,persistence,volume_movement_abs,1,0,0.0,2.02851919951766,-5.0,5.0,1.1628124319058564,3.794654684148806,3925.5943311099054,10.0,925
E_n1,persistence,volume_movement_signed,1,0,0.0,2.02851919951766,-5.0,5.0,0.3189830734333264,3.792161940206691,3345.7781049344694,10.0,925
E_n1,perturbation_state,bias,0,0,0.012,5.0,-5.0,5.0,1.2972972972973464e-05,4.997296582001148,9215.024,10.0,925
E_n1,perturbation_state,directional_volume,1,0,0.0,5.0,-5.0,5.0,0.05405405405405406,4.997004215749001,7315.0,10.0,925
E_n1,perturbation_state,price_acceleration,1,0,0.0,-4.185268959153572,-5.0,5.0,0.017381583544559046,4.0169015559641865,1393.5027476235978,10.0,925
E_n1,perturbation_state,price_displacement,1,0,0.0,0.5344421300441697,-5.0,5.0,0.2350756597681941,3.781008707492607,3542.4837106645964,10.0,925
E_n1,perturbation_state,price_velocity,1,0,0.0,-4.105001402487401,-5.0,5.0,-0.02291764870728474,3.8281284049712734,3547.6686784007316,10.0,925
E_n1,perturbation_state,price_velocity_x_acceleration,1,1,0.0,-4.983167774875237,-5.0,5.0,-1.044130095661136,4.623320243220137,1475.3456396480397,10.0,925
E_n1,perturbation_state,relative_volume,1,0,5.0,5.0,-5.0,5.0,0.005405405405405406,4.999997078158386,9225.0,10.0,925
E_n1,perturbation_state,relative_volume_x_price_velocity,1,1,0.0,-4.075419033275198,-5.0,5.0,0.07572458072760158,3.7960351294112846,3570.3989458294413,10.0,925
E_n1,perturbation_state,spread,1,0,0.00024000000000012276,5.0,-5.0,5.0,-0.20342557202428818,4.845260507230763,8669.420266752153,10.0,925
E_n1,perturbation_state,spread_change,1,0,0.0,4.986966917822487,-5.0,5.0,1.6459424058521857,4.481317822764733,45.056179991389335,9.994078464790922,925
E_n1,perturbation_state,volume_density,1,0,5.0,5.0,-5.0,5.0,0.005405405405405406,4.999997078158386,9225.0,10.0,925
E_n1,perturbation_state,volume_density_x_price_displacement,1,1,0.0,5.0,-5.0,5.0,0.04981209296057035,4.991059637416869,7305.659957726857,10.0,925
E_n1,perturbation_state,volume_log,1,0,0.08307580922673022,5.0,-5.0,5.0,8.981168565051612e-05,4.997297312156372,9215.166151618454,10.0,925
E_n1,perturbation_state,volume_log_x_price_displacement,1,1,0.0,2.028709806977795,-5.0,5.0,0.3190386486501868,3.792172954697388,3345.7761537101806,10.0,925
E_n1,perturbation_state,volume_movement_abs,1,0,0.0,2.028709806977795,-5.0,5.0,1.16287038457395,3.7946518089681867,3925.5944774228947,10.0,925
E_n1,perturbation_state,volume_movement_signed,1,0,0.0,2.028709806977795,-5.0,5.0,0.3190386486501868,3.792172954697388,3345.7761537101806,10.0,925
E_n1,reinforcement,bias,0,0,-0.0020999999999999994,-5.0,-5.0,5.0,-2.27027027026882e-06,4.997296566918496,9215.0042,10.0,925
E_n1,reinforcement,directional_volume,1,0,0.0,-5.0,-5.0,5.0,-0.05405405405405406,4.997004215749001,7315.0,10.0,925
E_n1,reinforcement,price_acceleration,1,0,0.0,4.185264250158618,-5.0,5.0,-0.017384997645496596,4.016901399986416,1393.5032236932145,10.0,925
E_n1,reinforcement,price_displacement,1,0,0.0,-0.534071834160107,-5.0,5.0,-0.23500325725636795,3.7809952489498118,3542.4883987586218,10.0,925
E_n1,reinforcement,price_velocity,1,0,0.0,4.105020313630193,-5.0,5.0,0.02299315557356061,3.8281144238700344,3547.672318630159,10.0,925
E_n1,reinforcement,price_velocity_x_acceleration,1,1,0.0,4.983169720123522,-5.0,5.0,1.0441307743074348,4.6233207424802805,1475.3456409341572,10.0,925
E_n1,reinforcement,relative_volume,1,0,-2.130125282584569,-5.0,-5.0,5.0,-0.002302838143334673,4.997786810545271,9219.260250565168,10.0,925
E_n1,reinforcement,relative_volume_x_price_velocity,1,1,0.0,4.076248721908982,-5.0,5.0,-0.0756343604743895,3.796045401751339,3570.4031238176763,10.0,925
E_n1,reinforcement,spread,1,0,-4.200000000002147e-05,-5.0,-5.0,5.0,0.20346420615483468,4.8452801763382185,8669.421651863546,10.0,925
E_n1,reinforcement,spread_change,1,0,0.0,-4.986966917822487,-5.0,5.0,-1.6459424058521857,4.481317822764733,45.056179991389335,9.994078464790922,925
E_n1,reinforcement,volume_density,1,0,-5.0,-5.0,-5.0,5.0,-0.005405405405405406,4.999997078158386,9225.0,10.0,925
E_n1,reinforcement,volume_density_x_price_displacement,1,1,0.0,-5.0,-5.0,5.0,-0.049811613712826226,4.991059468317583,7305.660272606137,10.0,925
E_n1,reinforcement,volume_log,1,0,-0.014538266614677782,-5.0,-5.0,5.0,-1.5717044988841857e-05,4.997296589279502,9215.02907653323,10.0,925
E_n1,reinforcement,volume_log_x_price_displacement,1,1,0.0,-2.0284573644622506,-5.0,5.0,-0.31896926614643556,3.7921589224839285,3345.7794733857486,10.0,925
E_n1,reinforcement,volume_movement_abs,1,0,0.0,-2.0284573644622506,-5.0,5.0,-1.1627947293117942,3.7946562426650274,3925.595295143223,10.0,925
E_n1,reinforcement,volume_movement_signed,1,0,0.0,-2.0284573644622506,-5.0,5.0,-0.31896926614643556,3.7921589224839285,3345.7794733857486,10.0,925
E_n1,reversal_tendency,bias,0,0,0.006,5.0,-5.0,5.0,6.486486486486732e-06,4.997296570331784,9215.012,10.0,925
E_n1,reversal_tendency,directional_volume,1,0,0.0,5.0,-5.0,5.0,0.05405405405405406,4.997004215749001,7315.0,10.0,925
E_n1,reversal_tendency,price_acceleration,1,0,0.0,-4.185268480927149,-5.0,5.0,0.017381237260145906,4.016901364460881,1393.5028522692403,10.0,925
E_n1,reversal_tendency,price_displacement,1,0,0.0,0.5343125423058115,-5.0,5.0,0.23505061840839944,3.7810044103725216,3542.4850921623806,10.0,925
E_n1,reversal_tendency,price_velocity,1,0,0.0,-4.1050090502296825,-5.0,5.0,-0.02294359127932508,3.82812390565439,3547.6697333195066,10.0,925
E_n1,reversal_tendency,price_velocity_x_acceleration,1,1,0.0,-4.983168338897023,-5.0,5.0,-1.0441302376773574,4.6233203462880175,1475.345640166371,10.0,925
E_n1,reversal_tendency,relative_volume,1,0,5.0,5.0,-5.0,5.0,0.005405405405405406,4.999997078158386,9225.0,10.0,925
E_n1,reversal_tendency,relative_volume_x_price_velocity,1,1,0.0,-4.075694029561518,-5.0,5.0,0.07569415375037161,3.796038461378845,3570.400175173731,10.0,925
E_n1,reversal_tendency,spread,1,0,0.00012000000000006138,5.0,-5.0,5.0,-0.20342098862433744,4.845258651452066,8669.42038704451,10.0,925
E_n1,reversal_tendency,spread_change,1,0,0.0,4.986966917822487,-5.0,5.0,1.6459424058521857,4.481317822764733,45.056179991389335,9.994078464790922,925
E_n1,reversal_tendency,volume_density,1,0,5.0,5.0,-5.0,5.0,0.005405405405405406,4.999997078158386,9225.0,10.0,925
E_n1,reversal_tendency,volume_density_x_price_displacement,1,1,0.0,5.0,-5.0,5.0,0.04981208715670337,4.991059633182677,7305.659957731846,10.0,925
E_n1,reversal_tendency,volume_log,1,0,0.04153790461336511,5.0,-5.0,5.0,4.490584282525806e-05,4.997296752870602,9215.083075809227,10.0,925
E_n1,reversal_tendency,volume_log_x_price_displacement,1,1,0.0,2.02862140243515,-5.0,5.0,0.3190150844209307,3.79216834637861,3345.7771315793734,10.0,925
E_n1,reversal_tendency,volume_movement_abs,1,0,0.0,2.02862140243515,-5.0,5.0,1.1628447810931146,3.794653486581243,3925.594670656183,10.0,925
E_n1,reversal_tendency,volume_movement_signed,1,0,0.0,2.02862140243515,-5.0,5.0,0.3190150844209307,3.79216834637861,3345.7771315793734,10.0,925
E_n1,strength,bias,0,0,0.012,5.0,-5.0,5.0,1.2972972972973464e-05,4.997296582001148,9215.024,10.0,925
E_n1,strength,directional_volume,1,0,0.0,5.0,-5.0,5.0,0.05405405405405406,4.997004215749001,7315.0,10.0,925
E_n1,strength,price_acceleration,1,0,0.0,-4.185267817660387,-5.0,5.0,0.01738303556872922,4.016900878497634,1393.5028582572584,10.0,925
E_n1,strength,price_displacement,1,0,0.0,0.5345427010249324,-5.0,5.0,0.2351035128361574,3.781009372898508,3542.4830243349206,10.0,925
E_n1,strength,price_velocity,1,0,0.0,-4.104987097185824,-5.0,5.0,-0.022891330063511448,3.8281305804093093,3547.668083495244,10.0,925
E_n1,strength,price_velocity_x_acceleration,1,1,0.0,-4.983167794285652,-5.0,5.0,-1.044130090096921,4.623320243489165,1475.3456396310742,10.0,925
E_n1,strength,relative_volume,1,0,5.0,5.0,-5.0,5.0,0.005405405405405406,4.999997078158386,9225.0,10.0,925
E_n1,strength,relative_volume_x_price_velocity,1,1,0.0,-4.075345873926318,-5.0,5.0,0.07575027880747012,3.7960355387185873,3570.3984337962024,10.0,925
E_n1,strength,spread,1,0,0.00024000000000012276,5.0,-5.0,5.0,-0.20279288238815235,4.844981573362781,8669.402544611477,10.0,925
E_n1,strength,spread_change,1,0,0.0,4.986966917822487,-5.0,5.0,1.6459424058521857,4.481317822764733,45.056179991389335,9.994078464790922,925
E_n1,strength,volume_density,1,0,5.0,5.0,-5.0,5.0,0.005405405405405406,4.999997078158386,9225.0,10.0,925
E_n1,strength,volume_density_x_price_displacement,1,1,0.0,5.0,-5.0,5.0,0.04981188520215407,4.991059298426834,7305.65932600321,10.0,925
E_n1,strength,volume_log,1,0,0.08307580922673022,5.0,-5.0,5.0,8.981168565051612e-05,4.997297312156372,9215.166151618454,10.0,925
E_n1,strength,volume_log_x_price_displacement,1,1,0.0,2.0287800223445376,-5.0,5.0,0.31906152902964574,3.7921746738888036,3345.7756553195545,10.0,925
E_n1,strength,volume_movement_abs,1,0,0.0,2.0287800223445376,-5.0,5.0,1.1628973440363044,3.794647821357238,3925.5941677988462,10.0,925
E_n1,strength,volume_movement_signed,1,0,0.0,2.0287800223445376,-5.0,5.0,0.31906152902964574,3.7921746738888036,3345.7756553195545,10.0,925
E_n1,uncertainty,bias,0,0,0.020999999999999998,5.0,-5.0,5.0,2.2702702702703562e-05,4.997296614091895,9215.042,10.0,925
E_n1,uncertainty,directional_volume,1,0,0.0,5.0,-5.0,5.0,0.05405405405405406,4.997004215749001,7315.0,10.0,925
E_n1,uncertainty,price_acceleration,1,0,0.0,-4.185267758480562,-5.0,5.0,0.017378195853701324,4.016900915067837,1393.5028671331547,10.0,925
E_n1,uncertainty,price_displacement,1,0,0.0,0.5348400796000703,-5.0,5.0,0.23515069879953818,3.781016464697802,3542.4812430594634,10.0,925
E_n1,uncertainty,price_velocity,1,0,0.0,-4.104948385874715,-5.0,5.0,-0.022846796617617227,3.828138762668546,3547.6666875019537,10.0,925
E_n1,uncertainty,price_velocity_x_acceleration,1,1,0.0,-4.983167910603143,-5.0,5.0,-1.0441304821405117,4.623320538238189,1475.345638998675,10.0,925
E_n1,uncertainty,relative_volume,1,0,5.0,5.0,-5.0,5.0,0.005405405405405406,4.999997078158386,9225.0,10.0,925
E_n1,uncertainty,relative_volume_x_price_velocity,1,1,0.0,-4.075023103716042,-5.0,5.0,0.07579902689773359,3.7960348869167166,3570.3968812411877,10.0,925
E_n1,uncertainty,spread,1,0,0.0004200000000002148,5.0,-5.0,5.0,-0.20202405107545768,4.844642552248338,8669.38053018272,10.0,925
E_n1,uncertainty,spread_change,1,0,0.0,4.986966917822487,-5.0,5.0,1.6459424058521857,4.481317822764733,45.056179991389335,9.994078464790922,925
E_n1,uncertainty,volume_density,1,0,5.0,5.0,-5.0,5.0,0.005405405405405406,4.999997078158386,9225.0,10.0,925
E_n1,uncertainty,volume_density_x_price_displacement,1,1,0.0,5.0,-5.0,5.0,0.04981137470829828,4.991058677004894,7305.658491924021,10.0,925
E_n1,uncertainty,volume_log,1,0,0.14538266614677786,5.0,-5.0,5.0,0.00015717044988841858,4.997298850191918,9215.290765332293,10.0,925
E_n1,uncertainty,volume_log_x_price_displacement,1,1,0.0,2.028983890810289,-5.0,5.0,0.31910324033002907,3.7921828108300417,3345.7744091626164,10.0,925
E_n1,uncertainty,volume_movement_abs,1,0,0.0,2.028983890810289,-5.0,5.0,1.1629472203518025,3.7946436814141027,3925.5937122807645,10.0,925
E_n1,uncertainty,volume_movement_signed,1,0,0.0,2.028983890810289,-5.0,5.0,0.31910324033002907,3.7921828108300417,3345.7744091626164,10.0,925
E_n2,direction_state,bias,0,0,0.0,5.0,-5.0,5.0,0.005409974081440832,4.994588741571595,9175.008452050666,10.0,925
E_n2,direction_state,directional_volume,1,0,0.0,5.0,-5.0,5.0,-0.09188877628427465,4.993746329932861,7315.005763874092,10.0,925
E_n2,direction_state,directional_volume^2,2,0,0.0,5.0,-5.0,5.0,0.00540753009333454,4.994588742703443,9175.003930672669,10.0,925
E_n2,direction_state,price_acceleration,1,0,0.0,5.0,-5.0,5.0,0.11697906463271386,4.981347082082722,2991.946510944876,10.0,925
E_n2,direction_state,price_acceleration^2,2,0,0.0,-3.465630044661233,-5.0,5.0,0.3036473211811145,4.2629658197837745,4909.804785136055,10.0,925
E_n2,direction_state,price_displacement,1,0,0.0,5.0,-5.0,5.0,-0.08764133458737884,4.987815774757032,7305.632547689647,10.0,925
E_n2,direction_state,price_displacement^2,2,0,0.0,4.894108408827335,-5.0,5.0,-0.4406844266146981,4.364090540234136,5843.155964095725,10.0,925
E_n2,direction_state,price_velocity,1,0,0.0,5.0,-5.0,5.0,-0.08764133458737884,4.987815774757032,7305.632547689647,10.0,925
E_n2,direction_state,price_velocity^2,2,0,0.0,-1.8031837486555062,-5.0,5.0,-0.5613754303890871,4.3416537717763575,5770.694189813428,10.0,925
E_n2,direction_state,price_velocity_x_acceleration,1,1,0.0,-3.4425814280177085,-5.0,5.0,-0.03598417892774856,4.300662419612982,2290.70793053227,10.0,925
E_n2,direction_state,price_velocity_x_acceleration^2,2,1,0.0,4.994449147470311,-5.0,5.0,0.8059345311032124,4.609669914485421,3461.5674182416633,10.0,925
E_n2,direction_state,relative_volume,1,0,0.0,5.0,-5.0,5.0,0.005409872337546247,4.99458874159667,9175.00826382446,10.0,925
E_n2,direction_state,relative_volume^2,2,0,0.0,5.0,-5.0,5.0,0.005409772859476611,4.994588741623039,9175.008079790032,10.0,925
E_n2,direction_state,relative_volume_x_price_velocity,1,1,0.0,5.0,-5.0,5.0,-0.08638998808561736,4.9871054390735905,7306.710203602457,10.0,925
E_n2,direction_state,relative_volume_x_price_velocity^2,2,1,0.0,-2.237941866553406,-5.0,5.0,-0.19479231917400353,4.3683074503339965,5795.280428294535,10.0,925
E_n2,direction_state,spread,1,0,0.0,5.0,-5.0,5.0,0.005405496778926105,4.994588744487202,9175.000169041014,10.0,925
E_n2,direction_state,spread^2,2,0,0.0,5.0,-5.0,5.0,0.005405407232875816,4.994588744583341,9175.000003380821,10.0,925
E_n2,direction_state,spread_change,1,0,0.0,4.986966917822487,-5.0,5.0,0.5672990444605849,4.7402012221176255,35.05754967982798,9.994078464790922,925
E_n2,direction_state,spread_change^2,2,0,0.0,4.986966917822487,-5.0,5.0,0.7815897736287976,4.709612856463917,35.068023061807494,9.993329403584227,925
E_n2,direction_state,volume_density,1,0,0.0,5.0,-5.0,5.0,0.010810810810810811,4.997284872742656,9185.0,10.0,925
E_n2,direction_state,volume_density^2,2,0,0.0,5.0,-5.0,5.0,0.010810810810810811,4.997284872742656,9185.0,10.0,925
E_n2,direction_state,volume_density_x_price_displacement,1,1,0.0,5.0,-5.0,5.0,-0.09188539326269081,4.993746395194261,7315.012022464022,10.0,925
E_n2,direction_state,volume_density_x_price_displacement^2,2,1,0.0,5.0,-5.0,5.0,0.0054146492609919656,4.994588742485163,9175.017101132835,10.0,925
E_n2,direction_state,volume_log,1,0,0.0,5.0,-5.0,5.0,0.00540852101302264,4.994588742111344,9175.005763874093,10.0,925
E_n2,direction_state,volume_log^2,2,0,0.0,5.0,-5.0,5.0,0.00540753009333454,4.994588742703443,9175.003930672669,10.0,925
E_n2,direction_state,volume_log_x_price_displacement,1,1,0.0,5.0,-5.0,5.0,-0.08499149864254599,4.986883970997889,7302.895585514377,10.0,925
E_n2,direction_state,volume_log_x_price_displacement^2,2,1,0.0,-0.5317377140166486,-5.0,5.0,-0.5326248040749482,4.28788046348942,5368.975476209858,10.0,925
E_n2,direction_state,volume_movement_abs,1,0,0.0,5.0,-5.0,5.0,-0.015359565310032316,4.977778918643839,9085.725012219715,10.0,925
E_n2,direction_state,volume_movement_abs^2,2,0,0.0,-0.5317377140166486,-5.0,5.0,-0.5326248040749482,4.28788046348942,5368.975476209858,10.0,925
E_n2,direction_state,volume_movement_signed,1,0,0.0,5.0,-5.0,5.0,-0.08499149864254599,4.986883970997889,7302.895585514377,10.0,925
E_n2,direction_state,volume_movement_signed^2,2,0,0.0,-0.5317377140166486,-5.0,5.0,-0.5326248040749482,4.28788046348942,5368.975476209858,10.0,925
E_n2,forward_half_life,bias,0,0,1.6740000000000002,-5.0,-5.0,5.0,-0.009001081081081073,4.9975915640516195,9188.348,10.0,925
E_n2,forward_half_life,directional_volume,1,0,0.0,-5.0,-5.0,5.0,0.08648648648648649,4.996548114511477,7325.0,10.0,925
E_n2,forward_half_life,directional_volume^2,2,0,0.0,-5.0,-5.0,5.0,-0.010810810810810811,4.997284872742656,9185.0,10.0,925
E_n2,forward_half_life,price_acceleration,1,0,0.0,-5.0,-5.0,5.0,-0.12238468395982421,4.983929248692685,2991.9466320841025,10.0,925
E_n2,forward_half_life,price_acceleration^2,2,0,0.0,3.4656303533252153,-5.0,5.0,-0.3295625588584224,4.259789931754232,4910.411685296345,10.0,925
E_n2,forward_half_life,price_displacement,1,0,0.0,-5.0,-5.0,5.0,0.08223591426378504,4.990616245999268,7315.63234343212,10.0,925
E_n2,forward_half_life,price_displacement^2,2,0,0.0,-4.894106954472472,-5.0,5.0,0.41476789391053465,4.366562665109803,5843.762858610822,10.0,925
E_n2,forward_half_life,price_velocity,1,0,0.0,-5.0,-5.0,5.0,0.08223591426378504,4.990616245999268,7315.63234343212,10.0,925
E_n2,forward_half_life,price_velocity^2,2,0,0.0,1.8031840539468833,-5.0,5.0,0.5354588884057996,4.344858640206769,5771.301085089685,10.0,925
E_n2,forward_half_life,price_velocity_x_acceleration,1,1,0.0,3.4425814832332633,-5.0,5.0,0.010067919404906587,4.300206824218517,2291.314892819362,10.0,925
E_n2,forward_half_life,price_velocity_x_acceleration^2,2,1,0.0,-4.994449147406078,-5.0,5.0,-0.8059345431290348,4.609669911698903,3461.567418546945,10.0,925
E_n2,forward_half_life,relative_volume,1,0,5.0,-5.0,-5.0,5.0,-0.005405405405405406,4.999997078158386,9195.0,10.0,925
E_n2,forward_half_life,relative_volume^2,2,0,5.0,-5.0,-5.0,5.0,-0.005405405405405406,4.999997078158386,9195.0,10.0,925
E_n2,forward_half_life,relative_volume_x_price_velocity,1,1,0.0,-5.0,-5.0,5.0,0.08098459127106511,4.9899049696518105,7316.709979383099,10.0,925
E_n2,forward_half_life,relative_volume_x_price_velocity^2,2,1,0.0,2.237942143424385,-5.0,5.0,0.17001740252272313,4.368767763249325,5795.860591703027,10.0,925
E_n2,forward_half_life,spread,1,0,0.03348000000001713,-5.0,-5.0,5.0,-0.010774616216216188,4.997285072158021,9185.06696,10.0,925
E_n2,forward_half_life,spread^2,2,0,0.0006696000000006851,-5.0,-5.0,5.0,-0.01081008691891891,4.997284874357124,9185.0013392,10.0,925
E_n2,forward_half_life,spread_change,1,0,0.0,-4.986966917822487,-5.0,5.0,-0.5672990444605849,4.7402012221176255,35.05754967982798,9.994078464790922,925
E_n2,forward_half_life,spread_change^2,2,0,0.0,-4.986966917822487,-5.0,5.0,-0.7815897736287976,4.709612856463917,35.068023061807494,9.993329403584227,925
E_n2,forward_half_life,volume_density,1,0,5.0,-5.0,-5.0,5.0,-0.005405405405405406,4.999997078158386,9195.0,10.0,925
E_n2,forward_half_life,volume_density^2,2,0,5.0,-5.0,-5.0,5.0,-0.005405405405405406,4.999997078158386,9195.0,10.0,925
E_n2,forward_half_life,volume_density_x_price_displacement,1,1,0.0,-5.0,-5.0,5.0,0.08648648648648649,4.996548114511477,7325.0,10.0,925
E_n2,forward_half_life,volume_density_x_price_displacement^2,2,1,0.0,-5.0,-5.0,5.0,-0.010810810810810811,4.997284872742656,9185.0,10.0,925
E_n2,forward_half_life,volume_log,1,0,5.0,-5.0,-5.0,5.0,-0.005405405405405406,4.999997078158386,9195.0,10.0,925
E_n2,forward_half_life,volume_log^2,2,0,5.0,-5.0,-5.0,5.0,-0.005405405405405406,4.999997078158386,9195.0,10.0,925
E_n2,forward_half_life,volume_log_x_price_displacement,1,1,0.0,-5.0,-5.0,5.0,0.07958609470019579,4.989682200663071,7312.895434199616,10.0,925
E_n2,forward_half_life,volume_log_x_price_displacement^2,2,1,0.0,0.5317383934451421,-5.0,5.0,0.5205722917914362,4.289260027708361,5369.257712678286,10.0,925
E_n2,forward_half_life,volume_movement_abs,1,0,0.0,-5.0,-5.0,5.0,0.009954501031329773,4.980506702176064,9095.724818493833,10.0,925
E_n2,forward_half_life,volume_movement_abs^2,2,0,0.0,0.5317383934451421,-5.0,5.0,0.5205722917914362,4.289260027708361,5369.257712678286,10.0,925
E_n2,forward_half_life,volume_movement_signed,1,0,0.0,-5.0,-5.0,5.0,0.07958609470019579,4.989682200663071,7312.895434199616,10.0,925
E_n2,forward_half_life,volume_movement_signed^2,2,0,0.0,0.5317383934451421,-5.0,5.0,0.5205722917914362,4.289260027708361,5369.257712678286,10.0,925
E_n2,magnitude_state,bias,0,0,0.0,5.0,-5.0,5.0,0.005405428401709225,4.99458874456048,9175.000042543163,10.0,925
E_n2,magnitude_state,directional_volume,1,0,0.0,5.0,-5.0,5.0,-0.09189187620956757,4.993746271991886,7315.0000290123,10.0,925
E_n2,magnitude_state,directional_volume^2,2,0,0.0,5.0,-5.0,5.0,0.0054054160999630245,4.994588744573755,9175.000019784931,10.0,925
E_n2,magnitude_state,price_acceleration,1,0,0.0,5.0,-5.0,5.0,0.1169790613867149,4.981347082135293,2991.9465109202506,10.0,925
E_n2,magnitude_state,price_acceleration^2,2,0,0.0,-3.4656300510405016,-5.0,5.0,0.3036520549868784,4.262965080643573,4909.804785058072,10.0,925
E_n2,magnitude_state,price_displacement,1,0,0.0,5.0,-5.0,5.0,-0.08764133783671871,4.987815774713188,7305.632541712591,10.0,925
E_n2,magnitude_state,price_displacement^2,2,0,0.0,4.8941083746084075,-5.0,5.0,-0.4406835941026821,4.364090593361007,5843.155964268339,10.0,925
E_n2,magnitude_state,price_velocity,1,0,0.0,5.0,-5.0,5.0,-0.08764133783671871,4.987815774713188,7305.632541712591,10.0,925
E_n2,magnitude_state,price_velocity^2,2,0,0.0,-1.8031837559064785,-5.0,5.0,-0.5613745976634427,4.341653848534558,5770.694189998049,10.0,925
E_n2,magnitude_state,price_velocity_x_acceleration,1,1,0.0,-3.442581429774437,-5.0,5.0,-0.0359861650283223,4.300662519979395,2290.707883453575,10.0,925
E_n2,magnitude_state,price_velocity_x_acceleration^2,2,1,0.0,4.994449147464447,-5.0,5.0,0.8059345309397046,4.60966991440252,3461.5674182416765,10.0,925
E_n2,magnitude_state,relative_volume,1,0,0.0,5.0,-5.0,5.0,0.005405427889584158,4.994588744561032,9175.000041595731,10.0,925
E_n2,magnitude_state,relative_volume^2,2,0,0.0,5.0,-5.0,5.0,0.0054054273888640625,4.994588744561572,9175.000040669398,10.0,925
E_n2,magnitude_state,relative_volume_x_price_velocity,1,1,0.0,5.0,-5.0,5.0,-0.08638999126202046,4.987105439026341,7306.7101977567445,10.0,925
E_n2,magnitude_state,relative_volume_x_price_velocity^2,2,1,0.0,-2.2379418730526184,-5.0,5.0,-0.1947914561957995,4.368307438918047,5795.280428433472,10.0,925
E_n2,magnitude_state,spread,1,0,0.0,5.0,-5.0,5.0,0.005405405865331484,4.994588744584821,9175.000000850863,10.0,925
E_n2,magnitude_state,spread^2,2,0,0.0,5.0,-5.0,5.0,0.0054054054146039305,4.994588744585308,9175.000000017017,10.0,925
E_n2,magnitude_state,spread_change,1,0,0.0,4.986966917822487,-5.0,5.0,0.5672990444605849,4.7402012221176255,35.05754967982798,9.994078464790922,925
E_n2,magnitude_state,spread_change^2,2,0,0.0,4.986966917822487,-5.0,5.0,0.7815897736287976,4.709612856463917,35.068023061807494,9.993329403584227,925
E_n2,magnitude_state,volume_density,1,0,0.0,5.0,-5.0,5.0,0.00545153832243294,4.994588891520847,9175.085345896501,10.0,925
E_n2,magnitude_state,volume_density^2,2,0,0.0,5.0,-5.0,5.0,0.010810810810810811,4.997284872742656,9185.0,10.0,925
E_n2,magnitude_state,volume_density_x_price_displacement,1,1,0.0,5.0,-5.0,5.0,-0.09189185918122246,4.993746272305307,7315.000060514739,10.0,925
E_n2,magnitude_state,volume_density_x_price_displacement^2,2,1,0.0,5.0,-5.0,5.0,0.005405451934095509,4.994588744535163,9175.000086078076,10.0,925
E_n2,magnitude_state,volume_log,1,0,0.0,5.0,-5.0,5.0,0.005405421087729724,4.994588744568368,9175.0000290123,10.0,925
E_n2,magnitude_state,volume_log^2,2,0,0.0,5.0,-5.0,5.0,0.0054054160999630245,4.994588744573755,9175.000019784931,10.0,925
E_n2,magnitude_state,volume_log_x_price_displacement,1,1,0.0,5.0,-5.0,5.0,-0.08499150085811062,4.986883970962663,7302.8955814374585,10.0,925
E_n2,magnitude_state,volume_log_x_price_displacement^2,2,1,0.0,-0.5317377299991639,-5.0,5.0,-0.5326243941594401,4.287880504989319,5368.975476238839,10.0,925
E_n2,magnitude_state,volume_movement_abs,1,0,0.0,5.0,-5.0,5.0,-0.015359567506907965,4.977778918637069,9085.725008182953,10.0,925
E_n2,magnitude_state,volume_movement_abs^2,2,0,0.0,-0.5317377299991639,-5.0,5.0,-0.5326243941594401,4.287880504989319,5368.975476238839,10.0,925
E_n2,magnitude_state,volume_movement_signed,1,0,0.0,5.0,-5.0,5.0,-0.08499150085811062,4.986883970962663,7302.8955814374585,10.0,925
E_n2,magnitude_state,volume_movement_signed^2,2,0,0.0,-0.5317377299991639,-5.0,5.0,-0.5326243941594401,4.287880504989319,5368.975476238839,10.0,925
E_n2,observation_half_life,bias,0,0,1.548,-5.0,-5.0,5.0,-0.009137297297297295,4.997547406647585,9188.096,10.0,925
E_n2,observation_half_life,directional_volume,1,0,0.0,-5.0,-5.0,5.0,0.08648648648648649,4.996548114511477,7325.0,10.0,925
E_n2,observation_half_life,directional_volume^2,2,0,0.0,-5.0,-5.0,5.0,-0.010810810810810811,4.997284872742656,9185.0,10.0,925
E_n2,observation_half_life,price_acceleration,1,0,0.0,-5.0,-5.0,5.0,-0.12238466387656051,4.983929261140441,2991.946604066824,10.0,925
E_n2,observation_half_life,price_acceleration^2,2,0,0.0,3.4656303533252153,-5.0,5.0,-0.32956326712184997,4.259790133859237,4910.411686392996,10.0,925
E_n2,observation_half_life,price_displacement,1,0,0.0,-5.0,-5.0,5.0,0.08223589760852652,4.990616254071363,7315.632394802233,10.0,925
E_n2,observation_half_life,price_displacement^2,2,0,0.0,-4.894106954472472,-5.0,5.0,0.4147676196485314,4.366562617761946,5843.762874628183,10.0,925
E_n2,observation_half_life,price_velocity,1,0,0.0,-5.0,-5.0,5.0,0.08223589760852652,4.990616254071363,7315.632394802233,10.0,925
E_n2,observation_half_life,price_velocity^2,2,0,0.0,1.8031840539468833,-5.0,5.0,0.5354586141437965,4.344858600240815,5771.3011011070475,10.0,925
E_n2,observation_half_life,price_velocity_x_acceleration,1,1,0.0,3.4425814832332633,-5.0,5.0,0.010067271200270097,4.300206942813198,2291.3149108618336,10.0,925
E_n2,observation_half_life,price_velocity_x_acceleration^2,2,1,0.0,-4.994449147406078,-5.0,5.0,-0.8059345431297591,4.609669911699459,3461.567418546948,10.0,925
E_n2,observation_half_life,relative_volume,1,0,5.0,-5.0,-5.0,5.0,-0.005405405405405406,4.999997078158386,9195.0,10.0,925
E_n2,observation_half_life,relative_volume^2,2,0,5.0,-5.0,-5.0,5.0,-0.005405405405405406,4.999997078158386,9195.0,10.0,925
E_n2,observation_half_life,relative_volume_x_price_velocity,1,1,0.0,-5.0,-5.0,5.0,0.08098457103727189,4.989904979021944,7316.710035959878,10.0,925
E_n2,observation_half_life,relative_volume_x_price_velocity^2,2,1,0.0,2.237942143424385,-5.0,5.0,0.17001709060104647,4.368767852159568,5795.860606581626,10.0,925
E_n2,observation_half_life,spread,1,0,0.03096000000001584,-5.0,-5.0,5.0,-0.010777340540540517,4.997285048718295,9185.06192,10.0,925
E_n2,observation_half_life,spread^2,2,0,0.0006192000000006335,-5.0,-5.0,5.0,-0.010810141405405402,4.997284874232233,9185.0012384,10.0,925
E_n2,observation_half_life,spread_change,1,0,0.0,-4.986966917822487,-5.0,5.0,-0.5672990444605849,4.7402012221176255,35.05754967982798,9.994078464790922,925
E_n2,observation_half_life,spread_change^2,2,0,0.0,-4.986966917822487,-5.0,5.0,-0.7815897736287976,4.709612856463917,35.068023061807494,9.993329403584227,925
E_n2,observation_half_life,volume_density,1,0,5.0,-5.0,-5.0,5.0,-0.005405405405405406,4.999997078158386,9195.0,10.0,925
E_n2,observation_half_life,volume_density^2,2,0,5.0,-5.0,-5.0,5.0,-0.005405405405405406,4.999997078158386,9195.0,10.0,925
E_n2,observation_half_life,volume_density_x_price_displacement,1,1,0.0,-5.0,-5.0,5.0,0.08648648648648649,4.996548114511477,7325.0,10.0,925
E_n2,observation_half_life,volume_density_x_price_displacement^2,2,1,0.0,-5.0,-5.0,5.0,-0.010810810810810811,4.997284872742656,9185.0,10.0,925
E_n2,observation_half_life,volume_log,1,0,5.0,-5.0,-5.0,5.0,-0.005405405405405406,4.999997078158386,9195.0,10.0,925
E_n2,observation_half_life,volume_log^2,2,0,5.0,-5.0,-5.0,5.0,-0.005405405405405406,4.999997078158386,9195.0,10.0,925
E_n2,observation_half_life,volume_log_x_price_displacement,1,1,0.0,-5.0,-5.0,5.0,0.07958608138446711,4.989682196367437,7312.895472346179,10.0,925
E_n2,observation_half_life,volume_log_x_price_displacement^2,2,1,0.0,0.5317383934451421,-5.0,5.0,0.52057210656429,4.289259959051606,5369.257721464954,10.0,925
E_n2,observation_half_life,volume_movement_abs,1,0,0.0,-5.0,-5.0,5.0,0.009954424611469821,4.980506694010869,9095.724877721366,10.0,925
E_n2,observation_half_life,volume_movement_abs^2,2,0,0.0,0.5317383934451421,-5.0,5.0,0.52057210656429,4.289259959051606,5369.257721464954,10.0,925
E_n2,observation_half_life,volume_movement_signed,1,0,0.0,-5.0,-5.0,5.0,0.07958608138446711,4.989682196367437,7312.895472346179,10.0,925
E_n2,observation_half_life,volume_movement_signed^2,2,0,0.0,0.5317383934451421,-5.0,5.0,0.52057210656429,4.289259959051606,5369.257721464954,10.0,925
E_n2,persistence,bias,0,0,0.0051600000000000005,-5.0,-5.0,5.0,-0.010805232432432428,4.997284887687462,9185.01032,10.0,925
E_n2,persistence,directional_volume,1,0,0.0,-5.0,-5.0,5.0,0.08648648648648649,4.996548114511477,7325.0,10.0,925
E_n2,persistence,directional_volume^2,2,0,0.0,-5.0,-5.0,5.0,-0.010810810810810811,4.997284872742656,9185.0,10.0,925
E_n2,persistence,price_acceleration,1,0,0.0,-5.0,-5.0,5.0,-0.12238446743341855,4.983929365404506,2991.9465112308612,10.0,925
E_n2,persistence,price_acceleration^2,2,0,0.0,3.465630052098414,-5.0,5.0,-0.32956532521038884,4.2597899515128255,4910.411726303075,10.0,925
E_n2,persistence,price_displacement,1,0,0.0,-5.0,-5.0,5.0,0.08223593233143552,4.990616342903038,7315.632541192753,10.0,925
E_n2,persistence,price_displacement^2,2,0,0.0,-4.894108369571931,-5.0,5.0,0.4147664019514123,4.366562735173961,5843.762905487387,10.0,925
E_n2,persistence,price_velocity,1,0,0.0,-5.0,-5.0,5.0,0.08223593233143552,4.990616342903038,7315.632541192753,10.0,925
E_n2,persistence,price_velocity^2,2,0,0.0,1.8031837569529525,-5.0,5.0,0.535457405479895,4.344858743133091,5771.30113121978,10.0,925
E_n2,persistence,price_velocity_x_acceleration,1,1,0.0,3.4425814299612014,-5.0,5.0,0.010066144826222152,4.300206961235707,2291.3149356683084,10.0,925
E_n2,persistence,price_velocity_x_acceleration^2,2,1,0.0,-4.994449147464236,-5.0,5.0,-0.8059345439641933,4.609669912121467,3461.5674185468183,10.0,925
E_n2,persistence,relative_volume,1,0,5.0,-5.0,-5.0,5.0,-0.005405405405405406,4.999997078158386,9195.0,10.0,925
E_n2,persistence,relative_volume^2,2,0,5.0,-5.0,-5.0,5.0,-0.005405405405405406,4.999997078158386,9195.0,10.0,925
E_n2,persistence,relative_volume_x_price_velocity,1,1,0.0,-5.0,-5.0,5.0,0.08098458582306703,4.989905050404397,7316.710197187947,10.0,925
E_n2,persistence,relative_volume_x_price_velocity^2,2,1,0.0,2.2379418740014896,-5.0,5.0,0.17001582368883258,4.368767897464253,5795.860637635715,10.0,925
E_n2,persistence,spread,1,0,0.0001032000000000528,-5.0,-5.0,5.0,-0.010810699243243245,4.997284872985165,9185.0002064,10.0,925
E_n2,persistence,spread^2,2,0,2.0640000000021117e-06,-5.0,-5.0,5.0,-0.01081080857945946,4.997284872747484,9185.000004128,10.0,925
E_n2,persistence,spread_change,1,0,0.0,-4.986966917822487,-5.0,5.0,-0.5672990444605849,4.7402012221176255,35.05754967982798,9.994078464790922,925
E_n2,persistence,spread_change^2,2,0,0.0,-4.986966917822487,-5.0,5.0,-0.7815897736287976,4.709612856463917,35.068023061807494,9.993329403584227,925
E_n2,persistence,volume_density,1,0,5.0,-5.0,-5.0,5.0,-0.005405405405405406,4.999997078158386,9195.0,10.0,925
E_n2,persistence,volume_density^2,2,0,5.0,-5.0,-5.0,5.0,-0.005405405405405406,4.999997078158386,9195.0,10.0,925
E_n2,persistence,volume_density_x_price_displacement,1,1,0.0,-5.0,-5.0,5.0,0.08648648648648649,4.996548114511477,7325.0,10.0,925
E_n2,persistence,volume_density_x_price_displacement^2,2,1,0.0,-5.0,-5.0,5.0,-0.010810810810810811,4.997284872742656,9185.0,10.0,925
E_n2,persistence,volume_log,1,0,0.035722597967493996,-5.0,-5.0,5.0,-0.01077219178598109,4.997285094171534,9185.071445195936,10.0,925
E_n2,persistence,volume_log^2,2,0,0.24730697781922595,-5.0,-5.0,5.0,-0.010543451915871112,4.997292059537342,9185.494613955638,10.0,925
E_n2,persistence,volume_log_x_price_displacement,1,1,0.0,-5.0,-5.0,5.0,0.07958609541686368,4.989682191848405,7312.895581053265,10.0,925
E_n2,persistence,volume_log_x_price_displacement^2,2,1,0.0,0.5317377323515367,-5.0,5.0,0.5205714848057532,4.2892600292137475,5369.25773758646,10.0,925
E_n2,persistence,volume_movement_abs,1,0,0.0,-5.0,-5.0,5.0,0.00995416298777541,4.980506683178551,9095.7250077275,10.0,925
E_n2,persistence,volume_movement_abs^2,2,0,0.0,0.5317377323515367,-5.0,5.0,0.5205714848057532,4.2892600292137475,5369.25773758646,10.0,925
E_n2,persistence,volume_movement_signed,1,0,0.0,-5.0,-5.0,5.0,0.07958609541686368,4.989682191848405,7312.895581053265,10.0,925
E_n2,persistence,volume_movement_signed^2,2,0,0.0,0.5317377323515367,-5.0,5.0,0.5205714848057532,4.2892600292137475,5369.25773758646,10.0,925
E_n2,perturbation_state,bias,0,0,0.012,-5.0,-5.0,5.0,-0.010797837837837837,4.9972849163667545,9185.024,10.0,925
E_n2,perturbation_state,directional_volume,1,0,0.0,-5.0,-5.0,5.0,0.08648648648648649,4.996548114511477,7325.0,10.0,925
E_n2,perturbation_state,directional_volume^2,2,0,0.0,-5.0,-5.0,5.0,-0.010810810810810811,4.997284872742656,9185.0,10.0,925
E_n2,perturbation_state,price_acceleration,1,0,0.0,-5.0,-5.0,5.0,-0.12238446677641808,4.98392936575322,2991.946510920373,10.0,925
E_n2,perturbation_state,price_acceleration^2,2,0,0.0,3.465630063180336,-5.0,5.0,-0.3295653255828562,4.259789947956795,4910.4117265684035,10.0,925
E_n2,perturbation_state,price_displacement,1,0,0.0,-5.0,-5.0,5.0,0.08223593244756565,4.990616343200139,7315.632541682354,10.0,925
E_n2,perturbation_state,price_displacement^2,2,0,0.0,-4.894108317511416,-5.0,5.0,0.4147664039528811,4.366562734948909,5843.762905235249,10.0,925
E_n2,perturbation_state,price_velocity,1,0,0.0,-5.0,-5.0,5.0,0.08223593244756565,4.990616343200139,7315.632541682354,10.0,925
E_n2,perturbation_state,price_velocity^2,2,0,0.0,1.8031837678791511,-5.0,5.0,0.535457407171267,4.344858743176964,5771.301130990714,10.0,925
E_n2,perturbation_state,price_velocity_x_acceleration,1,1,0.0,3.442581431921045,-5.0,5.0,0.010066146175195878,4.300206960506546,2291.3149355435744,10.0,925
E_n2,perturbation_state,price_velocity_x_acceleration^2,2,1,0.0,-4.99444914745754,-5.0,5.0,-0.805934543799956,4.609669912038351,3461.5674185468342,10.0,925
E_n2,perturbation_state,relative_volume,1,0,5.0,-5.0,-5.0,5.0,-0.005405405405405406,4.999997078158386,9195.0,10.0,925
E_n2,perturbation_state,relative_volume^2,2,0,5.0,-5.0,-5.0,5.0,-0.005405405405405406,4.999997078158386,9195.0,10.0,925
E_n2,perturbation_state,relative_volume_x_price_velocity,1,1,0.0,-5.0,-5.0,5.0,0.08098458587251786,4.98990505064314,7316.710197727171,10.0,925
E_n2,perturbation_state,relative_volume_x_price_velocity^2,2,1,0.0,2.237941883913369,-5.0,5.0,0.1700158260354974,4.3687678976990085,5795.860637345401,10.0,925
E_n2,perturbation_state,spread,1,0,0.00024000000000012276,-5.0,-5.0,5.0,-0.010810551351351361,4.9972848733101785,9185.00048,10.0,925
E_n2,perturbation_state,spread^2,2,0,4.800000000004911e-06,-5.0,-5.0,5.0,-0.010810805621621622,4.997284872753885,9185.0000096,10.0,925
E_n2,perturbation_state,spread_change,1,0,0.0,-4.986966917822487,-5.0,5.0,-0.5672990444605849,4.7402012221176255,35.05754967982798,9.994078464790922,925
E_n2,perturbation_state,spread_change^2,2,0,0.0,-4.986966917822487,-5.0,5.0,-0.7815897736287976,4.709612856463917,35.068023061807494,9.993329403584227,925
E_n2,perturbation_state,volume_density,1,0,5.0,-5.0,-5.0,5.0,-0.005405405405405406,4.999997078158386,9195.0,10.0,925
E_n2,perturbation_state,volume_density^2,2,0,5.0,-5.0,-5.0,5.0,-0.005405405405405406,4.999997078158386,9195.0,10.0,925
E_n2,perturbation_state,volume_density_x_price_displacement,1,1,0.0,-5.0,-5.0,5.0,0.08648648648648649,4.996548114511477,7325.0,10.0,925
E_n2,perturbation_state,volume_density_x_price_displacement^2,2,1,0.0,-5.0,-5.0,5.0,-0.010810810810810811,4.997284872742656,9185.0,10.0,925
E_n2,perturbation_state,volume_log,1,0,0.08307580922673022,-5.0,-5.0,5.0,-0.010720999125160295,4.997285812751677,9185.166151618454,10.0,925
E_n2,perturbation_state,volume_log^2,2,0,0.5751325065563394,-5.0,-5.0,5.0,-0.010189045938858008,4.997321958159703,9186.150265013113,10.0,925
E_n2,perturbation_state,volume_log_x_price_displacement,1,1,0.0,-5.0,-5.0,5.0,0.07958609546379476,4.989682191833293,7312.895581416834,10.0,925
E_n2,perturbation_state,volume_log_x_price_displacement^2,2,1,0.0,0.5317377566727068,-5.0,5.0,0.5205714872320855,4.289260028628536,5369.257737378882,10.0,925
E_n2,perturbation_state,volume_movement_abs,1,0,0.0,-5.0,-5.0,5.0,0.009954162115171259,4.980506683142975,9095.72500815788,10.0,925
E_n2,perturbation_state,volume_movement_abs^2,2,0,0.0,0.5317377566727068,-5.0,5.0,0.5205714872320855,4.289260028628536,5369.257737378882,10.0,925
E_n2,perturbation_state,volume_movement_signed,1,0,0.0,-5.0,-5.0,5.0,0.07958609546379476,4.989682191833293,7312.895581416834,10.0,925
E_n2,perturbation_state,volume_movement_signed^2,2,0,0.0,0.5317377566727068,-5.0,5.0,0.5205714872320855,4.289260028628536,5369.257737378882,10.0,925
E_n2,reinforcement,bias,0,0,-0.0020999999999999994,5.0,-5.0,5.0,0.010808540540540541,4.997284878130516,9185.0042,10.0,925
E_n2,reinforcement,directional_volume,1,0,0.0,5.0,-5.0,5.0,-0.08648648648648649,4.996548114511477,7325.0,10.0,925
E_n2,reinforcement,directional_volume^2,2,0,0.0,5.0,-5.0,5.0,0.010810810810810811,4.997284872742656,9185.0,10.0,925
E_n2,reinforcement,price_acceleration,1,0,0.0,5.0,-5.0,5.0,0.12238446678460017,4.983929366048459,2991.9465107197716,10.0,925
E_n2,reinforcement,price_acceleration^2,2,0,0.0,-3.4656300476131303,-5.0,5.0,0.3295653290139883,4.25978995138103,4910.411726480148,10.0,925
E_n2,reinforcement,price_displacement,1,0,0.0,5.0,-5.0,5.0,-0.08223593200350146,4.990616343032884,7315.632541993521,10.0,925
E_n2,reinforcement,price_displacement^2,2,0,0.0,4.894108398013142,-5.0,5.0,-0.4147664004466798,4.3665627353908425,5843.76290574579,10.0,925
E_n2,reinforcement,price_velocity,1,0,0.0,5.0,-5.0,5.0,-0.08223593200350146,4.990616343032884,7315.632541993521,10.0,925
E_n2,reinforcement,price_velocity^2,2,0,0.0,-1.8031837488872888,-5.0,5.0,-0.5354574041665513,4.344858743184506,5771.3011314245205,10.0,925
E_n2,reinforcement,price_velocity_x_acceleration,1,1,0.0,-3.4425814269504253,-5.0,5.0,-0.010066144898824073,4.30020696134677,2291.314935733842,10.0,925
E_n2,reinforcement,price_velocity_x_acceleration^2,2,1,0.0,4.9944491474641595,-5.0,5.0,0.8059345439753259,4.609669912127068,3461.5674185468188,10.0,925
E_n2,reinforcement,relative_volume,1,0,-2.130125282584569,5.0,-5.0,5.0,0.008507972667476138,4.997780099316583,9189.260250565168,10.0,925
E_n2,reinforcement,relative_volume^2,2,0,-5.0,5.0,-5.0,5.0,0.005405405405405406,4.999997078158386,9195.0,10.0,925
E_n2,reinforcement,relative_volume_x_price_velocity,1,1,0.0,5.0,-5.0,5.0,-0.08098458543678655,4.9899050505597575,7316.710198069878,10.0,925
E_n2,reinforcement,relative_volume_x_price_velocity^2,2,1,0.0,-2.2379418668727022,-5.0,5.0,-0.1700158218396974,4.368767897325183,5795.860637892967,10.0,925
E_n2,reinforcement,spread,1,0,-4.200000000002147e-05,5.0,-5.0,5.0,0.010810765405405397,4.997284872841075,9185.000084,10.0,925
E_n2,reinforcement,spread^2,2,0,-8.400000000008591e-07,5.0,-5.0,5.0,0.010810809902702704,4.997284872744621,9185.00000168,10.0,925
E_n2,reinforcement,spread_change,1,0,0.0,4.986966917822487,-5.0,5.0,0.5672990444605849,4.7402012221176255,35.05754967982798,9.994078464790922,925
E_n2,reinforcement,spread_change^2,2,0,0.0,4.986966917822487,-5.0,5.0,0.7815897736287976,4.709612856463917,35.068023061807494,9.993329403584227,925
E_n2,reinforcement,volume_density,1,0,-5.0,5.0,-5.0,5.0,0.005405405405405406,4.999997078158386,9195.0,10.0,925
E_n2,reinforcement,volume_density^2,2,0,-5.0,5.0,-5.0,5.0,0.005405405405405406,4.999997078158386,9195.0,10.0,925
E_n2,reinforcement,volume_density_x_price_displacement,1,1,0.0,5.0,-5.0,5.0,-0.08648648648648649,4.996548114511477,7325.0,10.0,925
E_n2,reinforcement,volume_density_x_price_displacement^2,2,1,0.0,5.0,-5.0,5.0,0.010810810810810811,4.997284872742656,9185.0,10.0,925
E_n2,reinforcement,volume_log,1,0,-0.014538266614677782,5.0,-5.0,5.0,0.010795093765821969,4.997284929581476,9185.02907653323,10.0,925
E_n2,reinforcement,volume_log^2,2,0,-0.10064818864735936,5.0,-5.0,5.0,0.010702001958219076,4.997286202684511,9185.201296377294,10.0,925
E_n2,reinforcement,volume_log_x_price_displacement,1,1,0.0,5.0,-5.0,5.0,-0.0795860951607715,4.989682191800485,7312.895581647902,10.0,925
E_n2,reinforcement,volume_log_x_price_displacement^2,2,1,0.0,-0.5317377193739272,-5.0,5.0,-0.5205714836818607,4.289260029644627,5369.257737820626,10.0,925
E_n2,reinforcement,volume_movement_abs,1,0,0.0,5.0,-5.0,5.0,-0.00995416235233755,4.980506683196907,9095.72500803431,10.0,925
E_n2,reinforcement,volume_movement_abs^2,2,0,0.0,-0.5317377193739272,-5.0,5.0,-0.5205714836818607,4.289260029644627,5369.257737820626,10.0,925
E_n2,reinforcement,volume_movement_signed,1,0,0.0,5.0,-5.0,5.0,-0.0795860951607715,4.989682191800485,7312.895581647902,10.0,925
E_n2,reinforcement,volume_movement_signed^2,2,0,0.0,-0.5317377193739272,-5.0,5.0,-0.5205714836818607,4.289260029644627,5369.257737820626,10.0,925
E_n2,reversal_tendency,bias,0,0,0.006,-5.0,-5.0,5.0,-0.010804324324324325,4.9972848906649086,9185.012,10.0,925
E_n2,reversal_tendency,directional_volume,1,0,0.0,-5.0,-5.0,5.0,0.08648648648648649,4.996548114511477,7325.0,10.0,925
E_n2,reversal_tendency,directional_volume^2,2,0,0.0,-5.0,-5.0,5.0,-0.010810810810810811,4.997284872742656,9185.0,10.0,925
E_n2,reversal_tendency,price_acceleration,1,0,0.0,-5.0,-5.0,5.0,-0.1223844667906929,4.98392936575676,2991.946510920373,10.0,925
E_n2,reversal_tendency,price_acceleration^2,2,0,0.0,3.465630057998884,-5.0,5.0,-0.32956532799194976,4.259789949281741,4910.411726532983,10.0,925
E_n2,reversal_tendency,price_displacement,1,0,0.0,-5.0,-5.0,5.0,0.08223593244204372,4.990616343196131,7315.632541682354,10.0,925
E_n2,reversal_tendency,price_displacement^2,2,0,0.0,-4.894108341609186,-5.0,5.0,0.41476640191365355,4.366562735170553,5843.762905365931,10.0,925
E_n2,reversal_tendency,price_velocity,1,0,0.0,-5.0,-5.0,5.0,0.08223593244204372,4.990616343196131,7315.632541682354,10.0,925
E_n2,reversal_tendency,price_velocity^2,2,0,0.0,1.8031837623207143,-5.0,5.0,0.5354574052745457,4.344858743301418,5771.301131104875,10.0,925
E_n2,reversal_tendency,price_velocity_x_acceleration,1,1,0.0,3.442581430811652,-5.0,5.0,0.010066144410029941,4.300206960885194,2291.314935627003,10.0,925
E_n2,reversal_tendency,price_velocity_x_acceleration^2,2,1,0.0,-4.994449147459235,-5.0,5.0,-0.8059345438334798,4.609669912055301,3461.56741854683,10.0,925
E_n2,reversal_tendency,relative_volume,1,0,5.0,-5.0,-5.0,5.0,-0.005405405405405406,4.999997078158386,9195.0,10.0,925
E_n2,reversal_tendency,relative_volume^2,2,0,5.0,-5.0,-5.0,5.0,-0.005405405405405406,4.999997078158386,9195.0,10.0,925
E_n2,reversal_tendency,relative_volume_x_price_velocity,1,1,0.0,-5.0,-5.0,5.0,0.08098458586757507,4.989905050640465,7316.710197727171,10.0,925
E_n2,reversal_tendency,relative_volume_x_price_velocity^2,2,1,0.0,2.2379418788882806,-5.0,5.0,0.17001582379074906,4.368767897650685,5795.8606374897,10.0,925
E_n2,reversal_tendency,spread,1,0,0.00012000000000006138,-5.0,-5.0,5.0,-0.010810681081081085,4.997284873024861,9185.00024,10.0,925
E_n2,reversal_tendency,spread^2,2,0,2.4000000000024554e-06,-5.0,-5.0,5.0,-0.010810808216216217,4.99728487274827,9185.0000048,10.0,925
E_n2,reversal_tendency,spread_change,1,0,0.0,-4.986966917822487,-5.0,5.0,-0.5672990444605849,4.7402012221176255,35.05754967982798,9.994078464790922,925
E_n2,reversal_tendency,spread_change^2,2,0,0.0,-4.986966917822487,-5.0,5.0,-0.7815897736287976,4.709612856463917,35.068023061807494,9.993329403584227,925
E_n2,reversal_tendency,volume_density,1,0,5.0,-5.0,-5.0,5.0,-0.005405405405405406,4.999997078158386,9195.0,10.0,925
E_n2,reversal_tendency,volume_density^2,2,0,5.0,-5.0,-5.0,5.0,-0.005405405405405406,4.999997078158386,9195.0,10.0,925
E_n2,reversal_tendency,volume_density_x_price_displacement,1,1,0.0,-5.0,-5.0,5.0,0.08648648648648649,4.996548114511477,7325.0,10.0,925
E_n2,reversal_tendency,volume_density_x_price_displacement^2,2,1,0.0,-5.0,-5.0,5.0,-0.010810810810810811,4.997284872742656,9185.0,10.0,925
E_n2,reversal_tendency,volume_log,1,0,0.04153790461336511,-5.0,-5.0,5.0,-0.010765904967985553,4.99728515631816,9185.083075809227,10.0,925
E_n2,reversal_tendency,volume_log^2,2,0,0.2875662532781697,-5.0,-5.0,5.0,-0.010499928374834409,4.9972944803938075,9185.575132506556,10.0,925
E_n2,reversal_tendency,volume_log_x_price_displacement,1,1,0.0,-5.0,-5.0,5.0,0.07958609546026485,4.989682191832954,7312.895581416834,10.0,925
E_n2,reversal_tendency,volume_log_x_price_displacement^2,2,1,0.0,0.5317377454903209,-5.0,5.0,0.5205714855908271,4.289260028928758,5369.257737496383,10.0,925
E_n2,reversal_tendency,volume_movement_abs,1,0,0.0,-5.0,-5.0,5.0,0.009954162121083335,4.980506683143216,9095.725008157464,10.0,925
E_n2,reversal_tendency,volume_movement_abs^2,2,0,0.0,0.5317377454903209,-5.0,5.0,0.5205714855908271,4.289260028928758,5369.257737496383,10.0,925
E_n2,reversal_tendency,volume_movement_signed,1,0,0.0,-5.0,-5.0,5.0,0.07958609546026485,4.989682191832954,7312.895581416834,10.0,925
E_n2,reversal_tendency,volume_movement_signed^2,2,0,0.0,0.5317377454903209,-5.0,5.0,0.5205714855908271,4.289260028928758,5369.257737496383,10.0,925
E_n2,strength,bias,0,0,0.012,-5.0,-5.0,5.0,-0.010797837837837837,4.9972849163667545,9185.024,10.0,925
E_n2,strength,directional_volume,1,0,0.0,-5.0,-5.0,5.0,0.08648648648648649,4.996548114511477,7325.0,10.0,925
E_n2,strength,directional_volume^2,2,0,0.0,-5.0,-5.0,5.0,-0.010810810810810811,4.997284872742656,9185.0,10.0,925
E_n2,strength,price_acceleration,1,0,0.0,-5.0,-5.0,5.0,-0.12238446770342476,4.983929365274895,2991.946511322238,10.0,925
E_n2,strength,price_acceleration^2,2,0,0.0,3.465630072409622,-5.0,5.0,-0.3295653156494336,4.259789948530362,4910.411726419028,10.0,925
E_n2,strength,price_displacement,1,0,0.0,-5.0,-5.0,5.0,0.08223593229925329,4.990616342859858,7315.632541057566,10.0,925
E_n2,strength,price_displacement^2,2,0,0.0,-4.894108276066666,-5.0,5.0,0.41476641223789723,4.366562734313131,5843.762904906839,10.0,925
E_n2,strength,price_velocity,1,0,0.0,-5.0,-5.0,5.0,0.08223593229925329,4.990616342859858,7315.632541057566,10.0,925
E_n2,strength,price_velocity^2,2,0,0.0,1.8031837762752012,-5.0,5.0,0.5354574151629555,4.344858742577762,5771.301130687559,10.0,925
E_n2,strength,price_velocity_x_acceleration,1,1,0.0,3.442581433572937,-5.0,5.0,0.010066152281558362,4.300206960286297,2291.314935375911,10.0,925
E_n2,strength,price_velocity_x_acceleration^2,2,1,0.0,-4.994449147457924,-5.0,5.0,-0.8059345438001374,4.609669912038444,3461.567418546833,10.0,925
E_n2,strength,relative_volume,1,0,5.0,-5.0,-5.0,5.0,-0.005405405405405406,4.999997078158386,9195.0,10.0,925
E_n2,strength,relative_volume^2,2,0,5.0,-5.0,-5.0,5.0,-0.005405405405405406,4.999997078158386,9195.0,10.0,925
E_n2,strength,relative_volume_x_price_velocity,1,1,0.0,-5.0,-5.0,5.0,0.08098458580224033,4.989905050369203,7316.710197039059,10.0,925
E_n2,strength,relative_volume_x_price_velocity^2,2,1,0.0,2.2379418915258826,-5.0,5.0,0.17001583466132686,4.368767897121598,5795.860637002982,10.0,925
E_n2,strength,spread,1,0,0.00024000000000012276,-5.0,-5.0,5.0,-0.010810551351351361,4.9972848733101785,9185.00048,10.0,925
E_n2,strength,spread^2,2,0,4.800000000004911e-06,-5.0,-5.0,5.0,-0.010810805621621622,4.997284872753885,9185.0000096,10.0,925
E_n2,strength,spread_change,1,0,0.0,-4.986966917822487,-5.0,5.0,-0.5672990444605849,4.7402012221176255,35.05754967982798,9.994078464790922,925
E_n2,strength,spread_change^2,2,0,0.0,-4.986966917822487,-5.0,5.0,-0.7815897736287976,4.709612856463917,35.068023061807494,9.993329403584227,925
E_n2,strength,volume_density,1,0,5.0,-5.0,-5.0,5.0,-0.005405405405405406,4.999997078158386,9195.0,10.0,925
E_n2,strength,volume_density^2,2,0,5.0,-5.0,-5.0,5.0,-0.005405405405405406,4.999997078158386,9195.0,10.0,925
E_n2,strength,volume_density_x_price_displacement,1,1,0.0,-5.0,-5.0,5.0,0.08648648648648649,4.996548114511477,7325.0,10.0,925
E_n2,strength,volume_density_x_price_displacement^2,2,1,0.0,-5.0,-5.0,5.0,-0.010810810810810811,4.997284872742656,9185.0,10.0,925
E_n2,strength,volume_log,1,0,0.08307580922673022,-5.0,-5.0,5.0,-0.010720999125160295,4.997285812751677,9185.166151618454,10.0,925
E_n2,strength,volume_log^2,2,0,0.5751325065563394,-5.0,-5.0,5.0,-0.010189045938858008,4.997321958159703,9186.150265013113,10.0,925
E_n2,strength,volume_log_x_price_displacement,1,1,0.0,-5.0,-5.0,5.0,0.07958609540030127,4.98968219186945,7312.895580952878,10.0,925
E_n2,strength,volume_log_x_price_displacement^2,2,1,0.0,0.5317377762447844,-5.0,5.0,0.520571491772528,4.2892600282242,5369.257737191289,10.0,925
E_n2,strength,volume_movement_abs,1,0,0.0,-5.0,-5.0,5.0,0.009954163302116284,4.980506683215032,9095.725007485817,10.0,925
E_n2,strength,volume_movement_abs^2,2,0,0.0,0.5317377762447844,-5.0,5.0,0.520571491772528,4.2892600282242,5369.257737191289,10.0,925
E_n2,strength,volume_movement_signed,1,0,0.0,-5.0,-5.0,5.0,0.07958609540030127,4.98968219186945,7312.895580952878,10.0,925
E_n2,strength,volume_movement_signed^2,2,0,0.0,0.5317377762447844,-5.0,5.0,0.520571491772528,4.2892600282242,5369.257737191289,10.0,925
E_n2,uncertainty,bias,0,0,0.020999999999999998,-5.0,-5.0,5.0,-0.010788108108108107,4.99728496950626,9185.042,10.0,925
E_n2,uncertainty,directional_volume,1,0,0.0,-5.0,-5.0,5.0,0.08648648648648649,4.996548114511477,7325.0,10.0,925
E_n2,uncertainty,directional_volume^2,2,0,0.0,-5.0,-5.0,5.0,-0.010810810810810811,4.997284872742656,9185.0,10.0,925
E_n2,uncertainty,price_acceleration,1,0,0.0,-5.0,-5.0,5.0,-0.12238446915610755,4.9839293645892555,2991.9465118558505,10.0,925
E_n2,uncertainty,price_acceleration^2,2,0,0.0,3.4656300932415007,-5.0,5.0,-0.3295652969781318,4.259789945181497,4910.411726434895,10.0,925
E_n2,uncertainty,price_displacement,1,0,0.0,-5.0,-5.0,5.0,0.08223593187810008,4.990616342246309,7315.632540232689,10.0,925
E_n2,uncertainty,price_displacement^2,2,0,0.0,-4.8941081743779815,-5.0,5.0,0.41476642207694137,4.36656273380096,5843.76290441738,10.0,925
E_n2,uncertainty,price_velocity,1,0,0.0,-5.0,-5.0,5.0,0.08223593187810008,4.990616342246309,7315.632540232689,10.0,925
E_n2,uncertainty,price_velocity^2,2,0,0.0,1.8031837982214398,-5.0,5.0,0.5354574243715085,4.344858742420022,5771.301130252639,10.0,925
E_n2,uncertainty,price_velocity_x_acceleration,1,1,0.0,3.4425814372176804,-5.0,5.0,0.010066163785419963,4.3002069587280545,2291.314935008966,10.0,925
E_n2,uncertainty,price_velocity_x_acceleration^2,2,1,0.0,-4.994449147457544,-5.0,5.0,-0.8059345439247416,4.609669912101508,3461.5674185468342,10.0,925
E_n2,uncertainty,relative_volume,1,0,5.0,-5.0,-5.0,5.0,-0.005405405405405406,4.999997078158386,9195.0,10.0,925
E_n2,uncertainty,relative_volume^2,2,0,5.0,-5.0,-5.0,5.0,-0.005405405405405406,4.999997078158386,9195.0,10.0,925
E_n2,uncertainty,relative_volume_x_price_velocity,1,1,0.0,-5.0,-5.0,5.0,0.08098458550787595,4.98990504989784,7316.710196130575,10.0,925
E_n2,uncertainty,relative_volume_x_price_velocity^2,2,1,0.0,2.23794191144297,-5.0,5.0,0.1700158451809975,4.368767895729809,5795.860636505943,10.0,925
E_n2,uncertainty,spread,1,0,0.0004200000000002148,-5.0,-5.0,5.0,-0.010810356756756767,4.997284873743989,9185.00084,10.0,925
E_n2,uncertainty,spread^2,2,0,8.400000000008593e-06,-5.0,-5.0,5.0,-0.010810801729729732,4.997284872762309,9185.0000168,10.0,925
E_n2,uncertainty,spread_change,1,0,0.0,-4.986966917822487,-5.0,5.0,-0.5672990444605849,4.7402012221176255,35.05754967982798,9.994078464790922,925
E_n2,uncertainty,spread_change^2,2,0,0.0,-4.986966917822487,-5.0,5.0,-0.7815897736287976,4.709612856463917,35.068023061807494,9.993329403584227,925
E_n2,uncertainty,volume_density,1,0,5.0,-5.0,-5.0,5.0,-0.005405405405405406,4.999997078158386,9195.0,10.0,925
E_n2,uncertainty,volume_density^2,2,0,5.0,-5.0,-5.0,5.0,-0.005405405405405406,4.999997078158386,9195.0,10.0,925
E_n2,uncertainty,volume_density_x_price_displacement,1,1,0.0,-5.0,-5.0,5.0,0.08648648648648649,4.996548114511477,7325.0,10.0,925
E_n2,uncertainty,volume_density_x_price_displacement^2,2,1,0.0,-5.0,-5.0,5.0,-0.010810810810810811,4.997284872742656,9185.0,10.0,925
E_n2,uncertainty,volume_log,1,0,0.14538266614677786,-5.0,-5.0,5.0,-0.010653640360922392,4.99728749651039,9185.290765332293,10.0,925
E_n2,uncertainty,volume_log^2,2,0,1.0064818864735938,-5.0,-5.0,5.0,-0.009722722284893412,4.997396680576454,9187.012963772948,10.0,925
E_n2,uncertainty,volume_log_x_price_displacement,1,1,0.0,-5.0,-5.0,5.0,0.07958609517248658,4.989682191903035,7312.895580340339,10.0,925
E_n2,uncertainty,volume_log_x_price_displacement^2,2,1,0.0,0.5317378233302295,-5.0,5.0,0.5205714980244839,4.289260028318841,5369.257736888064,10.0,925
E_n2,uncertainty,volume_movement_abs,1,0,0.0,-5.0,-5.0,5.0,0.009954165112405187,4.980506683294003,9095.725006604707,10.0,925
E_n2,uncertainty,volume_movement_abs^2,2,0,0.0,0.5317378233302295,-5.0,5.0,0.5205714980244839,4.289260028318841,5369.257736888064,10.0,925
E_n2,uncertainty,volume_movement_signed,1,0,0.0,-5.0,-5.0,5.0,0.07958609517248658,4.989682191903035,7312.895580340339,10.0,925
E_n2,uncertainty,volume_movement_signed^2,2,0,0.0,0.5317378233302295,-5.0,5.0,0.5205714980244839,4.289260028318841,5369.257736888064,10.0,925
E_n3,direction_state,bias,0,0,0.0,5.0,-5.0,5.0,0.005409974081440832,4.994588741571595,9215.008452050666,10.0,925
E_n3,direction_state,directional_volume,1,0,0.0,5.0,-5.0,5.0,-0.11351039790589627,4.993301647656806,7315.005763874092,10.0,925
E_n3,direction_state,directional_volume^2,2,0,0.0,5.0,-5.0,5.0,0.00540753009333454,4.994588742703443,9215.003930672669,10.0,925
E_n3,direction_state,directional_volume^3,3,0,0.0,5.0,-5.0,5.0,-0.11351206458304768,4.993301609064085,7315.002680521362,10.0,925
E_n3,direction_state,price_acceleration,1,0,0.0,5.0,-5.0,5.0,-0.14594594270651387,4.992458885935212,3025.0,10.0,925
E_n3,direction_state,price_acceleration^2,2,0,0.0,5.0,-5.0,5.0,-0.09321913333316076,4.948512045922852,8712.512768773671,10.0,925
E_n3,direction_state,price_acceleration^3,3,0,0.0,-1.5878959098583538,-5.0,5.0,-0.13766848451301644,4.5739316300857995,1907.6761866328875,10.0,925
E_n3,direction_state,price_displacement,1,0,0.0,5.0,-5.0,5.0,-0.11351351027408144,4.993301576004719,7315.000005992949,10.0,925
E_n3,direction_state,price_displacement^2,2,0,0.0,5.0,-5.0,5.0,-0.05987986037021045,4.947606835894114,8863.295773811167,10.0,925
E_n3,direction_state,price_displacement^3,3,0,0.0,5.0,-5.0,5.0,0.019902105036728467,4.474473468292276,5977.361639532976,10.0,925
E_n3,direction_state,price_velocity,1,0,0.0,5.0,-5.0,5.0,-0.11351351027408144,4.993301576004719,7315.000005992949,10.0,925
E_n3,direction_state,price_velocity^2,2,0,0.0,5.0,-5.0,5.0,-0.05399451627739198,4.9480035527975605,8852.407887239453,10.0,925
E_n3,direction_state,price_velocity^3,3,0,0.0,5.0,-5.0,5.0,0.014311586791875393,4.45759662268371,5879.6657100059065,10.0,925
E_n3,direction_state,price_velocity_x_acceleration,1,1,0.0,5.0,-5.0,5.0,-0.33918634124616837,4.951551126528002,3890.423503790024,10.0,925
E_n3,direction_state,price_velocity_x_acceleration^2,2,1,0.0,-4.997725759613597,-5.0,5.0,-0.1169658554127954,4.151091397164456,3582.716509169684,10.0,925
E_n3,direction_state,price_velocity_x_acceleration^3,3,1,0.0,-4.992045042111118,-5.0,5.0,-1.3880245064934345,4.421708048716999,1478.0919426111332,10.0,925
E_n3,direction_state,relative_volume,1,0,0.0,5.0,-5.0,5.0,0.005409872337546247,4.99458874159667,9215.00826382446,10.0,925
E_n3,direction_state,relative_volume^2,2,0,0.0,5.0,-5.0,5.0,0.005409772859476611,4.994588741623039,9215.008079790032,10.0,925
E_n3,direction_state,relative_volume^3,3,0,0.0,5.0,-5.0,5.0,0.005409675596772236,4.99458874165059,9215.007899854028,10.0,925
E_n3,direction_state,relative_volume_x_price_velocity,1,1,0.0,5.0,-5.0,5.0,-0.11351351034622321,4.99330157600308,7315.000005859487,10.0,925
E_n3,direction_state,relative_volume_x_price_velocity^2,2,1,0.0,5.0,-5.0,5.0,-0.05139566310665965,4.942330838515194,8832.435919055317,10.0,925
E_n3,direction_state,relative_volume_x_price_velocity^3,3,1,0.0,3.7264046064523053,-5.0,5.0,-0.24015744395880118,4.536948479902707,5851.6549457928295,10.0,925
E_n3,direction_state,spread,1,0,0.0,5.0,-5.0,5.0,0.005405496778926105,4.994588744487202,9215.000169041014,10.0,925
E_n3,direction_state,spread^2,2,0,0.0,5.0,-5.0,5.0,0.005405407232875816,4.994588744583341,9215.000003380821,10.0,925
E_n3,direction_state,spread^3,3,0,0.0,5.0,-5.0,5.0,0.005405405441954818,4.994588744585279,9215.000000067617,10.0,925
E_n3,direction_state,spread_change,1,0,0.0,4.986966917822487,-5.0,5.0,0.5672990444605847,4.7402012221176255,55.02637427500906,9.994078464790922,925
E_n3,direction_state,spread_change^2,2,0,0.0,4.986966917822487,-5.0,5.0,2.726237371993737,3.919051622976662,15.09919846662641,9.993329403584227,925
E_n3,direction_state,spread_change^3,3,0,0.0,4.986966917822487,-5.0,5.0,0.5672990444605847,4.7402012221176255,55.02637427500906,9.994078464790922,925
E_n3,direction_state,volume_density,1,0,0.0,5.0,-5.0,5.0,0.010810810810810811,4.997284872742656,9225.0,10.0,925
E_n3,direction_state,volume_density^2,2,0,0.0,5.0,-5.0,5.0,0.010810810810810811,4.997284872742656,9225.0,10.0,925
E_n3,direction_state,volume_density^3,3,0,0.0,5.0,-5.0,5.0,0.010810810810810811,4.997284872742656,9225.0,10.0,925
E_n3,direction_state,volume_density_x_price_displacement,1,1,0.0,5.0,-5.0,5.0,-0.11350701488431243,4.993301727572926,7315.012022464022,10.0,925
E_n3,direction_state,volume_density_x_price_displacement^2,2,1,0.0,5.0,-5.0,5.0,0.0054146492609919656,4.994588742485163,9215.017101132835,10.0,925
E_n3,direction_state,volume_density_x_price_displacement^3,3,1,0.0,5.0,-5.0,5.0,-0.11350036476114417,4.993301890840168,7315.024325191884,10.0,925
E_n3,direction_state,volume_log,1,0,0.0,5.0,-5.0,5.0,0.00540852101302264,4.994588742111344,9215.005763874093,10.0,925
E_n3,direction_state,volume_log^2,2,0,0.0,5.0,-5.0,5.0,0.00540753009333454,4.994588742703443,9215.003930672669,10.0,925
E_n3,direction_state,volume_log^3,3,0,0.0,5.0,-5.0,5.0,0.005406854335871249,4.994588743211405,9215.002680521362,10.0,925
E_n3,direction_state,volume_log_x_price_displacement,1,1,0.0,5.0,-5.0,5.0,-0.11351351130438352,4.993301575981296,7315.000004086891,10.0,925
E_n3,direction_state,volume_log_x_price_displacement^2,2,1,0.0,5.0,-5.0,5.0,-0.01574891646626965,4.915193427561289,8706.032363721903,10.0,925
E_n3,direction_state,volume_log_x_price_displacement^3,3,1,0.0,4.97275494876223,-5.0,5.0,-0.30229004889127176,4.545132594788265,5483.800707762732,10.0,925
E_n3,direction_state,volume_movement_abs,1,0,0.0,5.0,-5.0,5.0,0.005405407614535404,4.994588744582928,9215.00000408689,10.0,925
E_n3,direction_state,volume_movement_abs^2,2,0,0.0,5.0,-5.0,5.0,-0.01574891646626965,4.915193427561289,8706.032363721903,10.0,925
E_n3,direction_state,volume_movement_abs^3,3,0,0.0,4.97275494876223,-5.0,5.0,-0.21611112098295454,4.421765076008585,6115.455527146865,10.0,925
E_n3,direction_state,volume_movement_signed,1,0,0.0,5.0,-5.0,5.0,-0.11351351130438352,4.993301575981296,7315.000004086891,10.0,925
E_n3,direction_state,volume_movement_signed^2,2,0,0.0,5.0,-5.0,5.0,-0.01574891646626965,4.915193427561289,8706.032363721903,10.0,925
E_n3,direction_state,volume_movement_signed^3,3,0,0.0,4.97275494876223,-5.0,5.0,-0.30229004889127176,4.545132594788265,5483.800707762732,10.0,925
E_n3,forward_half_life,bias,0,0,1.6740000000000002,-5.0,-5.0,5.0,-0.009001081081081073,4.9975915640516195,9228.348,10.0,925
E_n3,forward_half_life,directional_volume,1,0,0.0,-5.0,-5.0,5.0,0.10810810810810811,4.9961270610277975,7325.0,10.0,925
E_n3,forward_half_life,directional_volume^2,2,0,0.0,-5.0,-5.0,5.0,-0.010810810810810811,4.997284872742656,9225.0,10.0,925
E_n3,forward_half_life,directional_volume^3,3,0,0.0,-5.0,-5.0,5.0,0.10810810810810811,4.9961270610277975,7325.0,10.0,925
E_n3,forward_half_life,price_acceleration,1,0,0.0,-5.0,-5.0,5.0,0.14054054054054055,4.995319942650075,3025.0,10.0,925
E_n3,forward_half_life,price_acceleration^2,2,0,0.0,-5.0,-5.0,5.0,0.08781372975051298,4.951340934651519,8722.512768054552,10.0,925
E_n3,forward_half_life,price_acceleration^3,3,0,0.0,1.5878959098460828,-5.0,5.0,0.10080186616308996,4.5761797755760805,1907.6768009427683,10.0,925
E_n3,forward_half_life,price_displacement,1,0,0.0,-5.0,-5.0,5.0,0.10810810810810811,4.9961270610277975,7325.0,10.0,925
E_n3,forward_half_life,price_displacement^2,2,0,0.0,-5.0,-5.0,5.0,0.05447445629947519,4.950399838866285,8873.295774253223,10.0,925
E_n3,forward_half_life,price_displacement^3,3,0,0.0,-5.0,-5.0,5.0,-0.056768722711755884,4.474603310049724,5977.362214246055,10.0,925
E_n3,forward_half_life,price_velocity,1,0,0.0,-5.0,-5.0,5.0,0.10810810810810811,4.9961270610277975,7325.0,10.0,925
E_n3,forward_half_life,price_velocity^2,2,0,0.0,-5.0,-5.0,5.0,0.04858911220663958,4.950789906189968,8862.407887681476,10.0,925
E_n3,forward_half_life,price_velocity^3,3,0,0.0,-5.0,-5.0,5.0,-0.05117820446628141,4.457773190889497,5879.6662847190755,10.0,925
E_n3,forward_half_life,price_velocity_x_acceleration,1,1,0.0,-5.0,-5.0,5.0,0.3337809368606096,4.954646631646621,3890.4235025447865,10.0,925
E_n3,forward_half_life,price_velocity_x_acceleration^2,2,1,0.0,4.997725759613619,-5.0,5.0,0.11693971503972034,4.151092133961256,3582.717121320058,10.0,925
E_n3,forward_half_life,price_velocity_x_acceleration^3,3,1,0.0,4.992045042111124,-5.0,5.0,1.3880245064805978,4.421708048721136,1478.0919426114513,10.0,925
E_n3,forward_half_life,relative_volume,1,0,5.0,-5.0,-5.0,5.0,-0.005405405405405406,4.999997078158386,9235.0,10.0,925
E_n3,forward_half_life,relative_volume^2,2,0,5.0,-5.0,-5.0,5.0,-0.005405405405405406,4.999997078158386,9235.0,10.0,925
E_n3,forward_half_life,relative_volume^3,3,0,5.0,-5.0,-5.0,5.0,-0.005405405405405406,4.999997078158386,9235.0,10.0,925
E_n3,forward_half_life,relative_volume_x_price_velocity,1,1,0.0,-5.0,-5.0,5.0,0.10810810810810811,4.9961270610277975,7325.0,10.0,925
E_n3,forward_half_life,relative_volume_x_price_velocity^2,2,1,0.0,-5.0,-5.0,5.0,0.045990259124227995,4.945117547540336,8842.435919694753,10.0,925
E_n3,forward_half_life,relative_volume_x_price_velocity^3,3,1,0.0,-3.7264046062922,-5.0,5.0,0.20569942799262608,4.5383023874538395,5851.655480809213,10.0,925
E_n3,forward_half_life,spread,1,0,0.03348000000001713,-5.0,-5.0,5.0,-0.010774616216216188,4.997285072158021,9225.06696,10.0,925
E_n3,forward_half_life,spread^2,2,0,0.0006696000000006851,-5.0,-5.0,5.0,-0.01081008691891891,4.997284874357124,9225.0013392,10.0,925
E_n3,forward_half_life,spread^3,3,0,1.3392000000020554e-05,-5.0,-5.0,5.0,-0.010810796332972973,4.997284872773996,9225.000026784,10.0,925
E_n3,forward_half_life,spread_change,1,0,0.0,-4.986966917822487,-5.0,5.0,-0.5672990444605847,4.7402012221176255,55.02637427500906,9.994078464790922,925
E_n3,forward_half_life,spread_change^2,2,0,0.0,-4.986966917822487,-5.0,5.0,-2.726237371993737,3.919051622976662,15.09919846662641,9.993329403584227,925
E_n3,forward_half_life,spread_change^3,3,0,0.0,-4.986966917822487,-5.0,5.0,-0.5672990444605847,4.7402012221176255,55.02637427500906,9.994078464790922,925
E_n3,forward_half_life,volume_density,1,0,5.0,-5.0,-5.0,5.0,-0.005405405405405406,4.999997078158386,9235.0,10.0,925
E_n3,forward_half_life,volume_density^2,2,0,5.0,-5.0,-5.0,5.0,-0.005405405405405406,4.999997078158386,9235.0,10.0,925
E_n3,forward_half_life,volume_density^3,3,0,5.0,-5.0,-5.0,5.0,-0.005405405405405406,4.999997078158386,9235.0,10.0,925
E_n3,forward_half_life,volume_density_x_price_displacement,1,1,0.0,-5.0,-5.0,5.0,0.10810810810810811,4.9961270610277975,7325.0,10.0,925
E_n3,forward_half_life,volume_density_x_price_displacement^2,2,1,0.0,-5.0,-5.0,5.0,-0.010810810810810811,4.997284872742656,9225.0,10.0,925
E_n3,forward_half_life,volume_density_x_price_displacement^3,3,1,0.0,-5.0,-5.0,5.0,0.10810810810810811,4.9961270610277975,7325.0,10.0,925
E_n3,forward_half_life,volume_log,1,0,5.0,-5.0,-5.0,5.0,-0.005405405405405406,4.999997078158386,9235.0,10.0,925
E_n3,forward_half_life,volume_log^2,2,0,5.0,-5.0,-5.0,5.0,-0.005405405405405406,4.999997078158386,9235.0,10.0,925
E_n3,forward_half_life,volume_log^3,3,0,5.0,-5.0,-5.0,5.0,-0.005405405405405406,4.999997078158386,9235.0,10.0,925
E_n3,forward_half_life,volume_log_x_price_displacement,1,1,0.0,-5.0,-5.0,5.0,0.10810810810810811,4.9961270610277975,7325.0,10.0,925
E_n3,forward_half_life,volume_log_x_price_displacement^2,2,1,0.0,-5.0,-5.0,5.0,0.010343514478625157,4.9179563333165195,8716.032364110642,10.0,925
E_n3,forward_half_life,volume_log_x_price_displacement^3,3,1,0.0,-4.972754948521896,-5.0,5.0,0.2905980039859741,4.5458832281442705,5483.800889545074,10.0,925
E_n3,forward_half_life,volume_movement_abs,1,0,0.0,-5.0,-5.0,5.0,-0.010810810810810811,4.997284872742656,9225.0,10.0,925
E_n3,forward_half_life,volume_movement_abs^2,2,0,0.0,-5.0,-5.0,5.0,0.010343514478625157,4.9179563333165195,8716.032364110642,10.0,925
E_n3,forward_half_life,volume_movement_abs^3,3,0,0.0,-4.972754948521896,-5.0,5.0,0.20441907618506908,4.4223140625029265,6115.729327353594,10.0,925
E_n3,forward_half_life,volume_movement_signed,1,0,0.0,-5.0,-5.0,5.0,0.10810810810810811,4.9961270610277975,7325.0,10.0,925
E_n3,forward_half_life,volume_movement_signed^2,2,0,0.0,-5.0,-5.0,5.0,0.010343514478625157,4.9179563333165195,8716.032364110642,10.0,925
E_n3,forward_half_life,volume_movement_signed^3,3,0,0.0,-4.972754948521896,-5.0,5.0,0.2905980039859741,4.5458832281442705,5483.800889545074,10.0,925
E_n3,magnitude_state,bias,0,0,0.0,5.0,-5.0,5.0,0.005405428401709225,4.99458874456048,9215.000042543163,10.0,925
E_n3,magnitude_state,directional_volume,1,0,0.0,5.0,-5.0,5.0,-0.11351349783118919,4.993301576287607,7315.0000290123,10.0,925
E_n3,magnitude_state,directional_volume^2,2,0,0.0,5.0,-5.0,5.0,0.0054054160999630245,4.994588744573755,9215.000019784931,10.0,925
E_n3,magnitude_state,directional_volume^3,3,0,0.0,5.0,-5.0,5.0,-0.1135135062203623,4.993301576096877,7315.000013492329,10.0,925
E_n3,magnitude_state,price_acceleration,1,0,0.0,5.0,-5.0,5.0,-0.14594594592964036,4.992458885840989,3025.0,10.0,925
E_n3,magnitude_state,price_acceleration^2,2,0,0.0,5.0,-5.0,5.0,-0.09321913333496877,4.948512045922719,8712.512768769135,10.0,925
E_n3,magnitude_state,price_acceleration^3,3,0,0.0,-1.5878959098586343,-5.0,5.0,-0.1376684868816167,4.573931630043975,1907.6761866329055,10.0,925
E_n3,magnitude_state,price_displacement,1,0,0.0,5.0,-5.0,5.0,-0.11351351349720792,4.993301575931447,7315.000000030165,10.0,925
E_n3,magnitude_state,price_displacement^2,2,0,0.0,5.0,-5.0,5.0,-0.059879860372252444,4.947606835893919,8863.29577380668,10.0,925
E_n3,magnitude_state,price_displacement^3,3,0,0.0,5.0,-5.0,5.0,0.019902105208709813,4.474473468285149,5977.36163952891,10.0,925
E_n3,magnitude_state,price_velocity,1,0,0.0,5.0,-5.0,5.0,-0.11351351349720792,4.993301575931447,7315.000000030165,10.0,925
E_n3,magnitude_state,price_velocity^2,2,0,0.0,5.0,-5.0,5.0,-0.053994516279433954,4.948003552797369,8852.407887234966,10.0,925
E_n3,magnitude_state,price_velocity^3,3,0,0.0,5.0,-5.0,5.0,0.014311586963841714,4.457596622676764,5879.66571000184,10.0,925
E_n3,magnitude_state,price_velocity_x_acceleration,1,1,0.0,5.0,-5.0,5.0,-0.3391863412481623,4.951551126528029,3890.423503790478,10.0,925
E_n3,magnitude_state,price_velocity_x_acceleration^2,2,1,0.0,-4.997725759613598,-5.0,5.0,-0.11696585541263829,4.151091397164453,3582.716509169685,10.0,925
E_n3,magnitude_state,price_velocity_x_acceleration^3,3,1,0.0,-4.992045042111118,-5.0,5.0,-1.388024506493484,4.421708048717002,1478.0919426111348,10.0,925
E_n3,magnitude_state,relative_volume,1,0,0.0,5.0,-5.0,5.0,0.005405427889584158,4.994588744561032,9215.000041595731,10.0,925
E_n3,magnitude_state,relative_volume^2,2,0,0.0,5.0,-5.0,5.0,0.0054054273888640625,4.994588744561572,9215.000040669398,10.0,925
E_n3,magnitude_state,relative_volume^3,3,0,0.0,5.0,-5.0,5.0,0.00540542689929494,4.994588744562099,9215.000039763696,10.0,925
E_n3,magnitude_state,relative_volume_x_price_velocity,1,1,0.0,5.0,-5.0,5.0,-0.11351351349757105,4.993301575931438,7315.000000029494,10.0,925
E_n3,magnitude_state,relative_volume_x_price_velocity^2,2,1,0.0,5.0,-5.0,5.0,-0.051395663108531026,4.942330838514997,8832.435919050884,10.0,925
E_n3,magnitude_state,relative_volume_x_price_velocity^3,3,1,0.0,3.726404606448387,-5.0,5.0,-0.24015744377711631,4.53694847990255,5851.654945788498,10.0,925
E_n3,magnitude_state,spread,1,0,0.0,5.0,-5.0,5.0,0.005405405865331484,4.994588744584821,9215.000000850863,10.0,925
E_n3,magnitude_state,spread^2,2,0,0.0,5.0,-5.0,5.0,0.0054054054146039305,4.994588744585308,9215.000000017017,10.0,925
E_n3,magnitude_state,spread^3,3,0,0.0,5.0,-5.0,5.0,0.005405405405589378,4.994588744585318,9215.00000000034,10.0,925
E_n3,magnitude_state,spread_change,1,0,0.0,4.986966917822487,-5.0,5.0,0.5672990444605847,4.7402012221176255,55.02637427500906,9.994078464790922,925
E_n3,magnitude_state,spread_change^2,2,0,0.0,4.986966917822487,-5.0,5.0,2.726237371993737,3.919051622976662,15.09919846662641,9.993329403584227,925
E_n3,magnitude_state,spread_change^3,3,0,0.0,4.986966917822487,-5.0,5.0,0.5672990444605847,4.7402012221176255,55.02637427500906,9.994078464790922,925
E_n3,magnitude_state,volume_density,1,0,0.0,5.0,-5.0,5.0,0.00545153832243294,4.994588891520847,9215.085345896501,10.0,925
E_n3,magnitude_state,volume_density^2,2,0,0.0,5.0,-5.0,5.0,0.010810810810810811,4.997284872742656,9225.0,10.0,925
E_n3,magnitude_state,volume_density^3,3,0,0.0,5.0,-5.0,5.0,0.010810810810810811,4.997284872742656,9225.0,10.0,925
E_n3,magnitude_state,volume_density_x_price_displacement,1,1,0.0,5.0,-5.0,5.0,-0.11351348080284408,4.993301576674791,7315.000060514739,10.0,925
E_n3,magnitude_state,volume_density_x_price_displacement^2,2,1,0.0,5.0,-5.0,5.0,0.005405451934095509,4.994588744535163,9215.000086078076,10.0,925
E_n3,magnitude_state,volume_density_x_price_displacement^3,3,1,0.0,5.0,-5.0,5.0,-0.113513447329634,4.993301577436049,7315.000122440177,10.0,925
E_n3,magnitude_state,volume_log,1,0,0.0,5.0,-5.0,5.0,0.005405421087729724,4.994588744568368,9215.0000290123,10.0,925
E_n3,magnitude_state,volume_log^2,2,0,0.0,5.0,-5.0,5.0,0.0054054160999630245,4.994588744573755,9215.000019784931,10.0,925
E_n3,magnitude_state,volume_log^3,3,0,0.0,5.0,-5.0,5.0,0.005405412698556617,4.994588744577431,9215.00001349233,10.0,925
E_n3,magnitude_state,volume_log_x_price_displacement,1,1,0.0,5.0,-5.0,5.0,-0.11351351350239393,4.993301575931329,7315.000000020571,10.0,925
E_n3,magnitude_state,volume_log_x_price_displacement^2,2,1,0.0,5.0,-5.0,5.0,-0.01574891646697732,4.91519342756146,8706.032363719705,10.0,925
E_n3,magnitude_state,volume_log_x_price_displacement^3,3,1,0.0,4.972754948757009,-5.0,5.0,-0.3022900488321881,4.5451325947912045,5483.800707761422,10.0,925
E_n3,magnitude_state,volume_movement_abs,1,0,0.0,5.0,-5.0,5.0,0.005405405416524992,4.994588744585306,9215.000000020571,10.0,925
E_n3,magnitude_state,volume_movement_abs^2,2,0,0.0,5.0,-5.0,5.0,-0.01574891646697732,4.91519342756146,8706.032363719705,10.0,925
E_n3,magnitude_state,volume_movement_abs^3,3,0,0.0,4.972754948757009,-5.0,5.0,-0.21611112092269177,4.421765076010424,6115.455527146982,10.0,925
E_n3,magnitude_state,volume_movement_signed,1,0,0.0,5.0,-5.0,5.0,-0.11351351350239393,4.993301575931329,7315.000000020571,10.0,925
E_n3,magnitude_state,volume_movement_signed^2,2,0,0.0,5.0,-5.0,5.0,-0.01574891646697732,4.91519342756146,8706.032363719705,10.0,925
E_n3,magnitude_state,volume_movement_signed^3,3,0,0.0,4.972754948757009,-5.0,5.0,-0.3022900488321881,4.5451325947912045,5483.800707761422,10.0,925
E_n3,observation_half_life,bias,0,0,1.548,-5.0,-5.0,5.0,-0.009137297297297295,4.997547406647585,9228.096,10.0,925
E_n3,observation_half_life,directional_volume,1,0,0.0,-5.0,-5.0,5.0,0.10810810810810811,4.9961270610277975,7325.0,10.0,925
E_n3,observation_half_life,directional_volume^2,2,0,0.0,-5.0,-5.0,5.0,-0.010810810810810811,4.997284872742656,9225.0,10.0,925
E_n3,observation_half_life,directional_volume^3,3,0,0.0,-5.0,-5.0,5.0,0.10810810810810811,4.9961270610277975,7325.0,10.0,925
E_n3,observation_half_life,price_acceleration,1,0,0.0,-5.0,-5.0,5.0,0.14054054054054055,4.995319942650075,3025.0,10.0,925
E_n3,observation_half_life,price_acceleration^2,2,0,0.0,-5.0,-5.0,5.0,0.08781372936129271,4.951340934671023,8722.512768169949,10.0,925
E_n3,observation_half_life,price_acceleration^3,3,0,0.0,1.5878959098460828,-5.0,5.0,0.10080186616253452,4.576179775578609,1907.6768009428015,10.0,925
E_n3,observation_half_life,price_displacement,1,0,0.0,-5.0,-5.0,5.0,0.10810810810810811,4.9961270610277975,7325.0,10.0,925
E_n3,observation_half_life,price_displacement^2,2,0,0.0,-5.0,-5.0,5.0,0.054474456046665516,4.95039983878648,8873.295774176147,10.0,925
E_n3,observation_half_life,price_displacement^3,3,0,0.0,-5.0,-5.0,5.0,-0.056768722781770836,4.474603310048303,5977.362214243004,10.0,925
E_n3,observation_half_life,price_velocity,1,0,0.0,-5.0,-5.0,5.0,0.10810810810810811,4.9961270610277975,7325.0,10.0,925
E_n3,observation_half_life,price_velocity^2,2,0,0.0,-5.0,-5.0,5.0,0.0485891119538299,4.950789906109869,8862.407887604402,10.0,925
E_n3,observation_half_life,price_velocity^3,3,0,0.0,-5.0,-5.0,5.0,-0.05117820453629636,4.457773190888158,5879.666284716024,10.0,925
E_n3,observation_half_life,price_velocity_x_acceleration,1,1,0.0,-5.0,-5.0,5.0,0.3337809366291099,4.954646631706395,3890.4235028376615,10.0,925
E_n3,observation_half_life,price_velocity_x_acceleration^2,2,1,0.0,4.997725759613619,-5.0,5.0,0.11693971503905146,4.151092133961099,3582.717121320067,10.0,925
E_n3,observation_half_life,price_velocity_x_acceleration^3,3,1,0.0,4.992045042111124,-5.0,5.0,1.3880245064805978,4.421708048721136,1478.0919426114513,10.0,925
E_n3,observation_half_life,relative_volume,1,0,5.0,-5.0,-5.0,5.0,-0.005405405405405406,4.999997078158386,9235.0,10.0,925
E_n3,observation_half_life,relative_volume^2,2,0,5.0,-5.0,-5.0,5.0,-0.005405405405405406,4.999997078158386,9235.0,10.0,925
E_n3,observation_half_life,relative_volume^3,3,0,5.0,-5.0,-5.0,5.0,-0.005405405405405406,4.999997078158386,9235.0,10.0,925
E_n3,observation_half_life,relative_volume_x_price_velocity,1,1,0.0,-5.0,-5.0,5.0,0.10810810810810811,4.9961270610277975,7325.0,10.0,925
E_n3,observation_half_life,relative_volume_x_price_velocity^2,2,1,0.0,-5.0,-5.0,5.0,0.04599025884856835,4.94511754744822,8842.435919574951,10.0,925
E_n3,observation_half_life,relative_volume_x_price_velocity^3,3,1,0.0,-3.7264046062922,-5.0,5.0,0.20569942788543652,4.53830238745813,5851.655480806503,10.0,925
E_n3,observation_half_life,spread,1,0,0.03096000000001584,-5.0,-5.0,5.0,-0.010777340540540517,4.997285048718295,9225.06192,10.0,925
E_n3,observation_half_life,spread^2,2,0,0.0006192000000006335,-5.0,-5.0,5.0,-0.010810141405405402,4.997284874232233,9225.0012384,10.0,925
E_n3,observation_half_life,spread^3,3,0,1.2384000000019006e-05,-5.0,-5.0,5.0,-0.010810797422702701,4.997284872771636,9225.000024768,10.0,925
E_n3,observation_half_life,spread_change,1,0,0.0,-4.986966917822487,-5.0,5.0,-0.5672990444605847,4.7402012221176255,55.02637427500906,9.994078464790922,925
E_n3,observation_half_life,spread_change^2,2,0,0.0,-4.986966917822487,-5.0,5.0,-2.726237371993737,3.919051622976662,15.09919846662641,9.993329403584227,925
E_n3,observation_half_life,spread_change^3,3,0,0.0,-4.986966917822487,-5.0,5.0,-0.5672990444605847,4.7402012221176255,55.02637427500906,9.994078464790922,925
E_n3,observation_half_life,volume_density,1,0,5.0,-5.0,-5.0,5.0,-0.005405405405405406,4.999997078158386,9235.0,10.0,925
E_n3,observation_half_life,volume_density^2,2,0,5.0,-5.0,-5.0,5.0,-0.005405405405405406,4.999997078158386,9235.0,10.0,925
E_n3,observation_half_life,volume_density^3,3,0,5.0,-5.0,-5.0,5.0,-0.005405405405405406,4.999997078158386,9235.0,10.0,925
E_n3,observation_half_life,volume_density_x_price_displacement,1,1,0.0,-5.0,-5.0,5.0,0.10810810810810811,4.9961270610277975,7325.0,10.0,925
E_n3,observation_half_life,volume_density_x_price_displacement^2,2,1,0.0,-5.0,-5.0,5.0,-0.010810810810810811,4.997284872742656,9225.0,10.0,925
E_n3,observation_half_life,volume_density_x_price_displacement^3,3,1,0.0,-5.0,-5.0,5.0,0.10810810810810811,4.9961270610277975,7325.0,10.0,925
E_n3,observation_half_life,volume_log,1,0,5.0,-5.0,-5.0,5.0,-0.005405405405405406,4.999997078158386,9235.0,10.0,925
E_n3,observation_half_life,volume_log^2,2,0,5.0,-5.0,-5.0,5.0,-0.005405405405405406,4.999997078158386,9235.0,10.0,925
E_n3,observation_half_life,volume_log^3,3,0,5.0,-5.0,-5.0,5.0,-0.005405405405405406,4.999997078158386,9235.0,10.0,925
E_n3,observation_half_life,volume_log_x_price_displacement,1,1,0.0,-5.0,-5.0,5.0,0.10810810810810811,4.9961270610277975,7325.0,10.0,925
E_n3,observation_half_life,volume_log_x_price_displacement^2,2,1,0.0,-5.0,-5.0,5.0,0.010343513721874175,4.917956333333183,8716.03236402538,10.0,925
E_n3,observation_half_life,volume_log_x_price_displacement^3,3,1,0.0,-4.972754948521896,-5.0,5.0,0.2905980039522621,4.545883228146784,5483.800889544394,10.0,925
E_n3,observation_half_life,volume_movement_abs,1,0,0.0,-5.0,-5.0,5.0,-0.010810810810810811,4.997284872742656,9225.0,10.0,925
E_n3,observation_half_life,volume_movement_abs^2,2,0,0.0,-5.0,-5.0,5.0,0.010343513721874175,4.917956333333183,8716.03236402538,10.0,925
E_n3,observation_half_life,volume_movement_abs^3,3,0,0.0,-4.972754948521896,-5.0,5.0,0.20441907609727678,4.422314062483265,6115.729327357139,10.0,925
E_n3,observation_half_life,volume_movement_signed,1,0,0.0,-5.0,-5.0,5.0,0.10810810810810811,4.9961270610277975,7325.0,10.0,925
E_n3,observation_half_life,volume_movement_signed^2,2,0,0.0,-5.0,-5.0,5.0,0.010343513721874175,4.917956333333183,8716.03236402538,10.0,925
E_n3,observation_half_life,volume_movement_signed^3,3,0,0.0,-4.972754948521896,-5.0,5.0,0.2905980039522621,4.545883228146784,5483.800889544394,10.0,925
E_n3,persistence,bias,0,0,0.0051600000000000005,-5.0,-5.0,5.0,-0.010805232432432428,4.997284887687462,9225.01032,10.0,925
E_n3,persistence,directional_volume,1,0,0.0,-5.0,-5.0,5.0,0.10810810810810811,4.9961270610277975,7325.0,10.0,925
E_n3,persistence,directional_volume^2,2,0,0.0,-5.0,-5.0,5.0,-0.010810810810810811,4.997284872742656,9225.0,10.0,925
E_n3,persistence,directional_volume^3,3,0,0.0,-5.0,-5.0,5.0,0.10810810810810811,4.9961270610277975,7325.0,10.0,925
E_n3,persistence,price_acceleration,1,0,0.0,-5.0,-5.0,5.0,0.14054054054054055,4.995319942650075,3025.0,10.0,925
E_n3,persistence,price_acceleration^2,2,0,0.0,-5.0,-5.0,5.0,0.08781372793435253,4.951340934703954,8722.512768767112,10.0,925
E_n3,persistence,price_acceleration^3,3,0,0.0,1.5878959098585936,-5.0,5.0,0.10080186618044795,4.5761797755782885,1907.6768009398345,10.0,925
E_n3,persistence,price_displacement,1,0,0.0,-5.0,-5.0,5.0,0.10810810810810811,4.9961270610277975,7325.0,10.0,925
E_n3,persistence,price_displacement^2,2,0,0.0,-5.0,-5.0,5.0,0.054474454970460745,4.950399838503444,8873.295773807891,10.0,925
E_n3,persistence,price_displacement^3,3,0,0.0,-5.0,-5.0,5.0,-0.05676872335457101,4.4746033100706235,5977.3622142294125,10.0,925
E_n3,persistence,price_velocity,1,0,0.0,-5.0,-5.0,5.0,0.10810810810810811,4.9961270610277975,7325.0,10.0,925
E_n3,persistence,price_velocity^2,2,0,0.0,-5.0,-5.0,5.0,0.04858911087764222,4.95078990582559,8862.407887236177,10.0,925
E_n3,persistence,price_velocity^3,3,0,0.0,-5.0,-5.0,5.0,-0.051178205109700683,4.457773190911499,5879.666284702343,10.0,925
E_n3,persistence,price_velocity_x_acceleration,1,1,0.0,-5.0,-5.0,5.0,0.3337809358453923,4.954646631859852,3890.4235037872986,10.0,925
E_n3,persistence,price_velocity_x_acceleration^2,2,1,0.0,4.997725759613598,-5.0,5.0,0.11693971503755989,4.151092133961179,3582.717121320057,10.0,925
E_n3,persistence,price_velocity_x_acceleration^3,3,1,0.0,4.992045042111118,-5.0,5.0,1.3880245064803438,4.421708048721127,1478.0919426114426,10.0,925
E_n3,persistence,relative_volume,1,0,5.0,-5.0,-5.0,5.0,-0.005405405405405406,4.999997078158386,9235.0,10.0,925
E_n3,persistence,relative_volume^2,2,0,5.0,-5.0,-5.0,5.0,-0.005405405405405406,4.999997078158386,9235.0,10.0,925
E_n3,persistence,relative_volume^3,3,0,5.0,-5.0,-5.0,5.0,-0.005405405405405406,4.999997078158386,9235.0,10.0,925
E_n3,persistence,relative_volume_x_price_velocity,1,1,0.0,-5.0,-5.0,5.0,0.10810810810810811,4.9961270610277975,7325.0,10.0,925
E_n3,persistence,relative_volume_x_price_velocity^2,2,1,0.0,-5.0,-5.0,5.0,0.04599025770695796,4.945117547112229,8842.435919052612,10.0,925
E_n3,persistence,relative_volume_x_price_velocity^3,3,1,0.0,-3.72640460644784,-5.0,5.0,0.20569942722871892,4.53830238750101,5851.655480789568,10.0,925
E_n3,persistence,spread,1,0,0.0001032000000000528,-5.0,-5.0,5.0,-0.010810699243243245,4.997284872985165,9225.0002064,10.0,925
E_n3,persistence,spread^2,2,0,2.0640000000021117e-06,-5.0,-5.0,5.0,-0.01081080857945946,4.997284872747484,9225.000004128,10.0,925
E_n3,persistence,spread^3,3,0,4.128000000006336e-08,-5.0,-5.0,5.0,-0.01081081076618378,4.997284872742753,9225.00000008256,10.0,925
E_n3,persistence,spread_change,1,0,0.0,-4.986966917822487,-5.0,5.0,-0.5672990444605847,4.7402012221176255,55.02637427500906,9.994078464790922,925
E_n3,persistence,spread_change^2,2,0,0.0,-4.986966917822487,-5.0,5.0,-2.726237371993737,3.919051622976662,15.09919846662641,9.993329403584227,925
E_n3,persistence,spread_change^3,3,0,0.0,-4.986966917822487,-5.0,5.0,-0.5672990444605847,4.7402012221176255,55.02637427500906,9.994078464790922,925
E_n3,persistence,volume_density,1,0,5.0,-5.0,-5.0,5.0,-0.005405405405405406,4.999997078158386,9235.0,10.0,925
E_n3,persistence,volume_density^2,2,0,5.0,-5.0,-5.0,5.0,-0.005405405405405406,4.999997078158386,9235.0,10.0,925
E_n3,persistence,volume_density^3,3,0,5.0,-5.0,-5.0,5.0,-0.005405405405405406,4.999997078158386,9235.0,10.0,925
E_n3,persistence,volume_density_x_price_displacement,1,1,0.0,-5.0,-5.0,5.0,0.10810810810810811,4.9961270610277975,7325.0,10.0,925
E_n3,persistence,volume_density_x_price_displacement^2,2,1,0.0,-5.0,-5.0,5.0,-0.010810810810810811,4.997284872742656,9225.0,10.0,925
E_n3,persistence,volume_density_x_price_displacement^3,3,1,0.0,-5.0,-5.0,5.0,0.10810810810810811,4.9961270610277975,7325.0,10.0,925
E_n3,persistence,volume_log,1,0,0.035722597967493996,-5.0,-5.0,5.0,-0.01077219178598109,4.997285094171534,9225.071445195936,10.0,925
E_n3,persistence,volume_log^2,2,0,0.24730697781922595,-5.0,-5.0,5.0,-0.010543451915871112,4.997292059537342,9225.494613955638,10.0,925
E_n3,persistence,volume_log^3,3,0,1.7121022758124345,-5.0,-5.0,5.0,-0.008959889431554117,4.997605592687375,9228.424204551626,10.0,925
E_n3,persistence,volume_log_x_price_displacement,1,1,0.0,-5.0,-5.0,5.0,0.10810810810810811,4.9961270610277975,7325.0,10.0,925
E_n3,persistence,volume_log_x_price_displacement^2,2,1,0.0,-5.0,-5.0,5.0,0.010343511070456073,4.917956333429165,8716.032363720715,10.0,925
E_n3,persistence,volume_log_x_price_displacement^3,3,1,0.0,-4.972754948756176,-5.0,5.0,0.2905980037481695,4.545883228160203,5483.800889541286,10.0,925
E_n3,persistence,volume_movement_abs,1,0,0.0,-5.0,-5.0,5.0,-0.010810810810810811,4.997284872742656,9225.0,10.0,925
E_n3,persistence,volume_movement_abs^2,2,0,0.0,-5.0,-5.0,5.0,0.010343511070456073,4.917956333429165,8716.032363720715,10.0,925
E_n3,persistence,volume_movement_abs^3,3,0,0.0,-4.972754948756176,-5.0,5.0,0.2044190758388612,4.422314062491592,6115.729327363857,10.0,925
E_n3,persistence,volume_movement_signed,1,0,0.0,-5.0,-5.0,5.0,0.10810810810810811,4.9961270610277975,7325.0,10.0,925
E_n3,persistence,volume_movement_signed^2,2,0,0.0,-5.0,-5.0,5.0,0.010343511070456073,4.917956333429165,8716.032363720715,10.0,925
E_n3,persistence,volume_movement_signed^3,3,0,0.0,-4.972754948756176,-5.0,5.0,0.2905980037481695,4.545883228160203,5483.800889541286,10.0,925
E_n3,perturbation_state,bias,0,0,0.012,-5.0,-5.0,5.0,-0.010797837837837837,4.9972849163667545,9225.024,10.0,925
E_n3,perturbation_state,directional_volume,1,0,0.0,-5.0,-5.0,5.0,0.10810810810810811,4.9961270610277975,7325.0,10.0,925
E_n3,perturbation_state,directional_volume^2,2,0,0.0,-5.0,-5.0,5.0,-0.010810810810810811,4.997284872742656,9225.0,10.0,925
E_n3,perturbation_state,directional_volume^3,3,0,0.0,-5.0,-5.0,5.0,0.10810810810810811,4.9961270610277975,7325.0,10.0,925
E_n3,perturbation_state,price_acceleration,1,0,0.0,-5.0,-5.0,5.0,0.14054054054054055,4.995319942650075,3025.0,10.0,925
E_n3,perturbation_state,price_acceleration^2,2,0,0.0,-5.0,-5.0,5.0,0.08781372792962942,4.951340934704073,8722.512768769126,10.0,925
E_n3,perturbation_state,price_acceleration^3,3,0,0.0,1.5878959098581338,-5.0,5.0,0.10080186617914101,4.576179775578386,1907.6768009398063,10.0,925
E_n3,perturbation_state,price_displacement,1,0,0.0,-5.0,-5.0,5.0,0.10810810810810811,4.9961270610277975,7325.0,10.0,925
E_n3,perturbation_state,price_displacement^2,2,0,0.0,-5.0,-5.0,5.0,0.05447445496686327,4.950399838502498,8873.29577380666,10.0,925
E_n3,perturbation_state,price_displacement^3,3,0,0.0,-5.0,-5.0,5.0,-0.056768723357288595,4.474603310070745,5977.36221422931,10.0,925
E_n3,perturbation_state,price_velocity,1,0,0.0,-5.0,-5.0,5.0,0.10810810810810811,4.9961270610277975,7325.0,10.0,925
E_n3,perturbation_state,price_velocity^2,2,0,0.0,-5.0,-5.0,5.0,0.04858911087404412,4.950789905824639,8862.407887234944,10.0,925
E_n3,perturbation_state,price_velocity^3,3,0,0.0,-5.0,-5.0,5.0,-0.05117820511239835,4.457773190911616,5879.666284702243,10.0,925
E_n3,perturbation_state,price_velocity_x_acceleration,1,1,0.0,-5.0,-5.0,5.0,0.33378093584277463,4.954646631860367,3890.423503790468,10.0,925
E_n3,perturbation_state,price_velocity_x_acceleration^2,2,1,0.0,4.9977257596135995,-5.0,5.0,0.11693971503763965,4.151092133961165,3582.717121320059,10.0,925
E_n3,perturbation_state,price_velocity_x_acceleration^3,3,1,0.0,4.99204504211112,-5.0,5.0,1.3880245064803938,4.421708048721128,1478.0919426114444,10.0,925
E_n3,perturbation_state,relative_volume,1,0,5.0,-5.0,-5.0,5.0,-0.005405405405405406,4.999997078158386,9235.0,10.0,925
E_n3,perturbation_state,relative_volume^2,2,0,5.0,-5.0,-5.0,5.0,-0.005405405405405406,4.999997078158386,9235.0,10.0,925
E_n3,perturbation_state,relative_volume^3,3,0,5.0,-5.0,-5.0,5.0,-0.005405405405405406,4.999997078158386,9235.0,10.0,925
E_n3,perturbation_state,relative_volume_x_price_velocity,1,1,0.0,-5.0,-5.0,5.0,0.10810810810810811,4.9961270610277975,7325.0,10.0,925
E_n3,perturbation_state,relative_volume_x_price_velocity^2,2,1,0.0,-5.0,-5.0,5.0,0.04599025770352513,4.94511754711146,8842.435919051573,10.0,925
E_n3,perturbation_state,relative_volume_x_price_velocity^3,3,1,0.0,-3.726404606442114,-5.0,5.0,0.20569942722602474,4.5383023875013055,5851.6554807895145,10.0,925
E_n3,perturbation_state,spread,1,0,0.00024000000000012276,-5.0,-5.0,5.0,-0.010810551351351361,4.9972848733101785,9225.00048,10.0,925
E_n3,perturbation_state,spread^2,2,0,4.800000000004911e-06,-5.0,-5.0,5.0,-0.010810805621621622,4.997284872753885,9225.0000096,10.0,925
E_n3,perturbation_state,spread^3,3,0,9.600000000014734e-08,-5.0,-5.0,5.0,-0.010810810707027019,4.997284872742881,9225.000000192,10.0,925
E_n3,perturbation_state,spread_change,1,0,0.0,-4.986966917822487,-5.0,5.0,-0.5672990444605847,4.7402012221176255,55.02637427500906,9.994078464790922,925
E_n3,perturbation_state,spread_change^2,2,0,0.0,-4.986966917822487,-5.0,5.0,-2.726237371993737,3.919051622976662,15.09919846662641,9.993329403584227,925
E_n3,perturbation_state,spread_change^3,3,0,0.0,-4.986966917822487,-5.0,5.0,-0.5672990444605847,4.7402012221176255,55.02637427500906,9.994078464790922,925
E_n3,perturbation_state,volume_density,1,0,5.0,-5.0,-5.0,5.0,-0.005405405405405406,4.999997078158386,9235.0,10.0,925
E_n3,perturbation_state,volume_density^2,2,0,5.0,-5.0,-5.0,5.0,-0.005405405405405406,4.999997078158386,9235.0,10.0,925
E_n3,perturbation_state,volume_density^3,3,0,5.0,-5.0,-5.0,5.0,-0.005405405405405406,4.999997078158386,9235.0,10.0,925
E_n3,perturbation_state,volume_density_x_price_displacement,1,1,0.0,-5.0,-5.0,5.0,0.10810810810810811,4.9961270610277975,7325.0,10.0,925
E_n3,perturbation_state,volume_density_x_price_displacement^2,2,1,0.0,-5.0,-5.0,5.0,-0.010810810810810811,4.997284872742656,9225.0,10.0,925
E_n3,perturbation_state,volume_density_x_price_displacement^3,3,1,0.0,-5.0,-5.0,5.0,0.10810810810810811,4.9961270610277975,7325.0,10.0,925
E_n3,perturbation_state,volume_log,1,0,0.08307580922673022,-5.0,-5.0,5.0,-0.010720999125160295,4.997285812751677,9225.166151618454,10.0,925
E_n3,perturbation_state,volume_log^2,2,0,0.5751325065563394,-5.0,-5.0,5.0,-0.010189045938858008,4.997321958159703,9226.150265013113,10.0,925
E_n3,perturbation_state,volume_log^3,3,0,3.981633199563801,-5.0,-5.0,5.0,-0.006506342486958051,4.999006846811188,9232.963266399127,10.0,925
E_n3,perturbation_state,volume_log_x_price_displacement,1,1,0.0,-5.0,-5.0,5.0,0.10810810810810811,4.9961270610277975,7325.0,10.0,925
E_n3,perturbation_state,volume_log_x_price_displacement^2,2,1,0.0,-5.0,-5.0,5.0,0.01034351106294304,4.9179563334289975,8716.032363720697,10.0,925
E_n3,perturbation_state,volume_log_x_price_displacement^3,3,1,0.0,-4.972754948747558,-5.0,5.0,0.2905980037467994,4.545883228160436,5483.80088954112,10.0,925
E_n3,perturbation_state,volume_movement_abs,1,0,0.0,-5.0,-5.0,5.0,-0.010810810810810811,4.997284872742656,9225.0,10.0,925
E_n3,perturbation_state,volume_movement_abs^2,2,0,0.0,-5.0,-5.0,5.0,0.01034351106294304,4.9179563334289975,8716.032363720697,10.0,925
E_n3,perturbation_state,volume_movement_abs^3,3,0,0.0,-4.972754948747558,-5.0,5.0,0.20441907583910968,4.422314062491957,6115.729327363721,10.0,925
E_n3,perturbation_state,volume_movement_signed,1,0,0.0,-5.0,-5.0,5.0,0.10810810810810811,4.9961270610277975,7325.0,10.0,925
E_n3,perturbation_state,volume_movement_signed^2,2,0,0.0,-5.0,-5.0,5.0,0.01034351106294304,4.9179563334289975,8716.032363720697,10.0,925
E_n3,perturbation_state,volume_movement_signed^3,3,0,0.0,-4.972754948747558,-5.0,5.0,0.2905980037467994,4.545883228160436,5483.80088954112,10.0,925
E_n3,reinforcement,bias,0,0,-0.0020999999999999994,5.0,-5.0,5.0,0.010808540540540541,4.997284878130516,9225.0042,10.0,925
E_n3,reinforcement,directional_volume,1,0,0.0,5.0,-5.0,5.0,-0.10810810810810811,4.9961270610277975,7325.0,10.0,925
E_n3,reinforcement,directional_volume^2,2,0,0.0,5.0,-5.0,5.0,0.010810810810810811,4.997284872742656,9225.0,10.0,925
E_n3,reinforcement,directional_volume^3,3,0,0.0,5.0,-5.0,5.0,-0.10810810810810811,4.9961270610277975,7325.0,10.0,925
E_n3,reinforcement,price_acceleration,1,0,0.0,5.0,-5.0,5.0,-0.14054054054054055,4.995319942650075,3025.0,10.0,925
E_n3,reinforcement,price_acceleration^2,2,0,0.0,5.0,-5.0,5.0,-0.08781372792947896,4.9513409347036985,8722.512768768762,10.0,925
E_n3,reinforcement,price_acceleration^3,3,0,0.0,-1.58789590985753,-5.0,5.0,-0.10080186618429977,4.57617977557791,1907.676800939856,10.0,925
E_n3,reinforcement,price_displacement,1,0,0.0,5.0,-5.0,5.0,-0.10810810810810811,4.9961270610277975,7325.0,10.0,925
E_n3,reinforcement,price_displacement^2,2,0,0.0,5.0,-5.0,5.0,-0.05447445496709082,4.950399838502362,8873.295773804492,10.0,925
E_n3,reinforcement,price_displacement^3,3,0,0.0,5.0,-5.0,5.0,0.05676872335305125,4.474603310070521,5977.362214229363,10.0,925
E_n3,reinforcement,price_velocity,1,0,0.0,5.0,-5.0,5.0,-0.10810810810810811,4.9961270610277975,7325.0,10.0,925
E_n3,reinforcement,price_velocity^2,2,0,0.0,5.0,-5.0,5.0,-0.04858911087427198,4.950789905824504,8862.407887232777,10.0,925
E_n3,reinforcement,price_velocity^3,3,0,0.0,5.0,-5.0,5.0,0.051178205108197754,4.457773190911399,5879.666284702295,10.0,925
E_n3,reinforcement,price_velocity_x_acceleration,1,1,0.0,5.0,-5.0,5.0,-0.33378093584358437,4.954646631859874,3890.423503788835,10.0,925
E_n3,reinforcement,price_velocity_x_acceleration^2,2,1,0.0,-4.997725759613597,-5.0,5.0,-0.11693971503754576,4.151092133961179,3582.7171213200572,10.0,925
E_n3,reinforcement,price_velocity_x_acceleration^3,3,1,0.0,-4.992045042111118,-5.0,5.0,-1.3880245064803405,4.421708048721127,1478.0919426114426,10.0,925
E_n3,reinforcement,relative_volume,1,0,-2.130125282584569,5.0,-5.0,5.0,0.008507972667476138,4.997780099316583,9229.260250565168,10.0,925
E_n3,reinforcement,relative_volume^2,2,0,-5.0,5.0,-5.0,5.0,0.005405405405405406,4.999997078158386,9235.0,10.0,925
E_n3,reinforcement,relative_volume^3,3,0,-5.0,5.0,-5.0,5.0,0.005405405405405406,4.999997078158386,9235.0,10.0,925
E_n3,reinforcement,relative_volume_x_price_velocity,1,1,0.0,5.0,-5.0,5.0,-0.10810810810810811,4.9961270610277975,7325.0,10.0,925
E_n3,reinforcement,relative_volume_x_price_velocity^2,2,1,0.0,5.0,-5.0,5.0,-0.04599025770315466,4.945117547110862,8842.435919048114,10.0,925
E_n3,reinforcement,relative_volume_x_price_velocity^3,3,1,0.0,3.7264046064524243,-5.0,5.0,-0.20569942722977222,4.538302387500873,5851.655480789486,10.0,925
E_n3,reinforcement,spread,1,0,-4.200000000002147e-05,5.0,-5.0,5.0,0.010810765405405397,4.997284872841075,9225.000084,10.0,925
E_n3,reinforcement,spread^2,2,0,-8.400000000008591e-07,5.0,-5.0,5.0,0.010810809902702704,4.997284872744621,9225.00000168,10.0,925
E_n3,reinforcement,spread^3,3,0,-1.680000000002578e-08,5.0,-5.0,5.0,0.010810810792648647,4.9972848727426955,9225.0000000336,10.0,925
E_n3,reinforcement,spread_change,1,0,0.0,4.986966917822487,-5.0,5.0,0.5672990444605847,4.7402012221176255,55.02637427500906,9.994078464790922,925
E_n3,reinforcement,spread_change^2,2,0,0.0,4.986966917822487,-5.0,5.0,2.726237371993737,3.919051622976662,15.09919846662641,9.993329403584227,925
E_n3,reinforcement,spread_change^3,3,0,0.0,4.986966917822487,-5.0,5.0,0.5672990444605847,4.7402012221176255,55.02637427500906,9.994078464790922,925
E_n3,reinforcement,volume_density,1,0,-5.0,5.0,-5.0,5.0,0.005405405405405406,4.999997078158386,9235.0,10.0,925
E_n3,reinforcement,volume_density^2,2,0,-5.0,5.0,-5.0,5.0,0.005405405405405406,4.999997078158386,9235.0,10.0,925
E_n3,reinforcement,volume_density^3,3,0,-5.0,5.0,-5.0,5.0,0.005405405405405406,4.999997078158386,9235.0,10.0,925
E_n3,reinforcement,volume_density_x_price_displacement,1,1,0.0,5.0,-5.0,5.0,-0.10810810810810811,4.9961270610277975,7325.0,10.0,925
E_n3,reinforcement,volume_density_x_price_displacement^2,2,1,0.0,5.0,-5.0,5.0,0.010810810810810811,4.997284872742656,9225.0,10.0,925
E_n3,reinforcement,volume_density_x_price_displacement^3,3,1,0.0,5.0,-5.0,5.0,-0.10810810810810811,4.9961270610277975,7325.0,10.0,925
E_n3,reinforcement,volume_log,1,0,-0.014538266614677782,5.0,-5.0,5.0,0.010795093765821969,4.997284929581476,9225.02907653323,10.0,925
E_n3,reinforcement,volume_log^2,2,0,-0.10064818864735936,5.0,-5.0,5.0,0.010702001958219076,4.997286202684511,9225.201296377294,10.0,925
E_n3,reinforcement,volume_log^3,3,0,-0.6967858099236649,5.0,-5.0,5.0,0.010057528854136575,4.997338961413825,9226.393571619847,10.0,925
E_n3,reinforcement,volume_log_x_price_displacement,1,1,0.0,5.0,-5.0,5.0,-0.10810810810810811,4.9961270610277975,7325.0,10.0,925
E_n3,reinforcement,volume_log_x_price_displacement^2,2,1,0.0,5.0,-5.0,5.0,-0.010343511060964835,4.917956333428765,8716.032363717528,10.0,925
E_n3,reinforcement,volume_log_x_price_displacement^3,3,1,0.0,4.972754948761962,-5.0,5.0,-0.290598003748639,4.5458832281601405,5483.800889541271,10.0,925
E_n3,reinforcement,volume_movement_abs,1,0,0.0,5.0,-5.0,5.0,0.010810810810810811,4.997284872742656,9225.0,10.0,925
E_n3,reinforcement,volume_movement_abs^2,2,0,0.0,5.0,-5.0,5.0,-0.010343511060964835,4.917956333428765,8716.032363717528,10.0,925
E_n3,reinforcement,volume_movement_abs^3,3,0,0.0,4.972754948761962,-5.0,5.0,-0.204419075838955,4.422314062491538,6115.72932736385,10.0,925
E_n3,reinforcement,volume_movement_signed,1,0,0.0,5.0,-5.0,5.0,-0.10810810810810811,4.9961270610277975,7325.0,10.0,925
E_n3,reinforcement,volume_movement_signed^2,2,0,0.0,5.0,-5.0,5.0,-0.010343511060964835,4.917956333428765,8716.032363717528,10.0,925
E_n3,reinforcement,volume_movement_signed^3,3,0,0.0,4.972754948761962,-5.0,5.0,-0.290598003748639,4.5458832281601405,5483.800889541271,10.0,925
E_n3,reversal_tendency,bias,0,0,0.006,-5.0,-5.0,5.0,-0.010804324324324325,4.9972848906649086,9225.012,10.0,925
E_n3,reversal_tendency,directional_volume,1,0,0.0,-5.0,-5.0,5.0,0.10810810810810811,4.9961270610277975,7325.0,10.0,925
E_n3,reversal_tendency,directional_volume^2,2,0,0.0,-5.0,-5.0,5.0,-0.010810810810810811,4.997284872742656,9225.0,10.0,925
E_n3,reversal_tendency,directional_volume^3,3,0,0.0,-5.0,-5.0,5.0,0.10810810810810811,4.9961270610277975,7325.0,10.0,925
E_n3,reversal_tendency,price_acceleration,1,0,0.0,-5.0,-5.0,5.0,0.14054054054054055,4.995319942650075,3025.0,10.0,925
E_n3,reversal_tendency,price_acceleration^2,2,0,0.0,-5.0,-5.0,5.0,0.08781372792972003,4.951340934704062,8722.512768768995,10.0,925
E_n3,reversal_tendency,price_acceleration^3,3,0,0.0,1.587895909858349,-5.0,5.0,0.10080186618031345,4.576179775578296,1907.6768009398234,10.0,925
E_n3,reversal_tendency,price_displacement,1,0,0.0,-5.0,-5.0,5.0,0.10810810810810811,4.9961270610277975,7325.0,10.0,925
E_n3,reversal_tendency,price_displacement^2,2,0,0.0,-5.0,-5.0,5.0,0.054474454966947645,4.950399838502508,8873.295773806614,10.0,925
E_n3,reversal_tendency,price_displacement^3,3,0,0.0,-5.0,-5.0,5.0,-0.05676872335634587,4.474603310070695,5977.362214229322,10.0,925
E_n3,reversal_tendency,price_velocity,1,0,0.0,-5.0,-5.0,5.0,0.10810810810810811,4.9961270610277975,7325.0,10.0,925
E_n3,reversal_tendency,price_velocity^2,2,0,0.0,-5.0,-5.0,5.0,0.04858911087412883,4.950789905824651,8862.4078872349,10.0,925
E_n3,reversal_tendency,price_velocity^3,3,0,0.0,-5.0,-5.0,5.0,-0.05117820511146591,4.457773190911568,5879.6662847022535,10.0,925
E_n3,reversal_tendency,price_velocity_x_acceleration,1,1,0.0,-5.0,-5.0,5.0,0.33378093584288326,4.954646631860314,3890.4235037902863,10.0,925
E_n3,reversal_tendency,price_velocity_x_acceleration^2,2,1,0.0,4.997725759613599,-5.0,5.0,0.11693971503760749,4.15109213396117,3582.717121320058,10.0,925
E_n3,reversal_tendency,price_velocity_x_acceleration^3,3,1,0.0,4.992045042111119,-5.0,5.0,1.3880245064803836,4.421708048721128,1478.091942611444,10.0,925
E_n3,reversal_tendency,relative_volume,1,0,5.0,-5.0,-5.0,5.0,-0.005405405405405406,4.999997078158386,9235.0,10.0,925
E_n3,reversal_tendency,relative_volume^2,2,0,5.0,-5.0,-5.0,5.0,-0.005405405405405406,4.999997078158386,9235.0,10.0,925
E_n3,reversal_tendency,relative_volume^3,3,0,5.0,-5.0,-5.0,5.0,-0.005405405405405406,4.999997078158386,9235.0,10.0,925
E_n3,reversal_tendency,relative_volume_x_price_velocity,1,1,0.0,-5.0,-5.0,5.0,0.10810810810810811,4.9961270610277975,7325.0,10.0,925
E_n3,reversal_tendency,relative_volume_x_price_velocity^2,2,1,0.0,-5.0,-5.0,5.0,0.04599025770342035,4.9451175471113,8842.435919051175,10.0,925
E_n3,reversal_tendency,relative_volume_x_price_velocity^3,3,1,0.0,-3.7264046064450556,-5.0,5.0,0.20569942722684978,4.538302387501194,5851.655480789499,10.0,925
E_n3,reversal_tendency,spread,1,0,0.00012000000000006138,-5.0,-5.0,5.0,-0.010810681081081085,4.997284873024861,9225.00024,10.0,925
E_n3,reversal_tendency,spread^2,2,0,2.4000000000024554e-06,-5.0,-5.0,5.0,-0.010810808216216217,4.99728487274827,9225.0000048,10.0,925
E_n3,reversal_tendency,spread^3,3,0,4.800000000007367e-08,-5.0,-5.0,5.0,-0.010810810758918914,4.997284872742768,9225.000000096,10.0,925
E_n3,reversal_tendency,spread_change,1,0,0.0,-4.986966917822487,-5.0,5.0,-0.5672990444605847,4.7402012221176255,55.02637427500906,9.994078464790922,925
E_n3,reversal_tendency,spread_change^2,2,0,0.0,-4.986966917822487,-5.0,5.0,-2.726237371993737,3.919051622976662,15.09919846662641,9.993329403584227,925
E_n3,reversal_tendency,spread_change^3,3,0,0.0,-4.986966917822487,-5.0,5.0,-0.5672990444605847,4.7402012221176255,55.02637427500906,9.994078464790922,925
E_n3,reversal_tendency,volume_density,1,0,5.0,-5.0,-5.0,5.0,-0.005405405405405406,4.999997078158386,9235.0,10.0,925
E_n3,reversal_tendency,volume_density^2,2,0,5.0,-5.0,-5.0,5.0,-0.005405405405405406,4.999997078158386,9235.0,10.0,925
E_n3,reversal_tendency,volume_density^3,3,0,5.0,-5.0,-5.0,5.0,-0.005405405405405406,4.999997078158386,9235.0,10.0,925
E_n3,reversal_tendency,volume_density_x_price_displacement,1,1,0.0,-5.0,-5.0,5.0,0.10810810810810811,4.9961270610277975,7325.0,10.0,925
E_n3,reversal_tendency,volume_density_x_price_displacement^2,2,1,0.0,-5.0,-5.0,5.0,-0.010810810810810811,4.997284872742656,9225.0,10.0,925
E_n3,reversal_tendency,volume_density_x_price_displacement^3,3,1,0.0,-5.0,-5.0,5.0,0.10810810810810811,4.9961270610277975,7325.0,10.0,925
E_n3,reversal_tendency,volume_log,1,0,0.04153790461336511,-5.0,-5.0,5.0,-0.010765904967985553,4.99728515631816,9225.083075809227,10.0,925
E_n3,reversal_tendency,volume_log^2,2,0,0.2875662532781697,-5.0,-5.0,5.0,-0.010499928374834409,4.9972944803938075,9225.575132506556,10.0,925
E_n3,reversal_tendency,volume_log^3,3,0,1.9908165997819005,-5.0,-5.0,5.0,-0.008658576648884423,4.9977177496853065,9228.981633199564,10.0,925
E_n3,reversal_tendency,volume_log_x_price_displacement,1,1,0.0,-5.0,-5.0,5.0,0.10810810810810811,4.9961270610277975,7325.0,10.0,925
E_n3,reversal_tendency,volume_log_x_price_displacement^2,2,1,0.0,-5.0,-5.0,5.0,0.01034351106258269,4.91795633342916,8716.032363720142,10.0,925
E_n3,reversal_tendency,volume_log_x_price_displacement^3,3,1,0.0,-4.972754948751881,-5.0,5.0,0.2905980037472571,4.545883228160349,5483.800889541162,10.0,925
E_n3,reversal_tendency,volume_movement_abs,1,0,0.0,-5.0,-5.0,5.0,-0.010810810810810811,4.997284872742656,9225.0,10.0,925
E_n3,reversal_tendency,volume_movement_abs^2,2,0,0.0,-5.0,-5.0,5.0,0.01034351106258269,4.91795633342916,8716.032363720142,10.0,925
E_n3,reversal_tendency,volume_movement_abs^3,3,0,0.0,-4.972754948751881,-5.0,5.0,0.20441907583887572,4.422314062491802,6115.72932736376,10.0,925
E_n3,reversal_tendency,volume_movement_signed,1,0,0.0,-5.0,-5.0,5.0,0.10810810810810811,4.9961270610277975,7325.0,10.0,925
E_n3,reversal_tendency,volume_movement_signed^2,2,0,0.0,-5.0,-5.0,5.0,0.01034351106258269,4.91795633342916,8716.032363720142,10.0,925
E_n3,reversal_tendency,volume_movement_signed^3,3,0,0.0,-4.972754948751881,-5.0,5.0,0.2905980037472571,4.545883228160349,5483.800889541162,10.0,925
E_n3,strength,bias,0,0,0.012,-5.0,-5.0,5.0,-0.010797837837837837,4.9972849163667545,9225.024,10.0,925
E_n3,strength,directional_volume,1,0,0.0,-5.0,-5.0,5.0,0.10810810810810811,4.9961270610277975,7325.0,10.0,925
E_n3,strength,directional_volume^2,2,0,0.0,-5.0,-5.0,5.0,-0.010810810810810811,4.997284872742656,9225.0,10.0,925
E_n3,strength,directional_volume^3,3,0,0.0,-5.0,-5.0,5.0,0.10810810810810811,4.9961270610277975,7325.0,10.0,925
E_n3,strength,price_acceleration,1,0,0.0,-5.0,-5.0,5.0,0.14054054054054055,4.995319942650075,3025.0,10.0,925
E_n3,strength,price_acceleration^2,2,0,0.0,-5.0,-5.0,5.0,0.08781372793647733,4.95134093470408,8722.51276876628,10.0,925
E_n3,strength,price_acceleration^3,3,0,0.0,1.5878959098579692,-5.0,5.0,0.10080186618036656,4.5761797755782565,1907.6768009398434,10.0,925
E_n3,strength,price_displacement,1,0,0.0,-5.0,-5.0,5.0,0.10810810810810811,4.9961270610277975,7325.0,10.0,925
E_n3,strength,price_displacement^2,2,0,0.0,-5.0,-5.0,5.0,0.05447445497182367,4.950399838503745,8873.295773808308,10.0,925
E_n3,strength,price_displacement^3,3,0,0.0,-5.0,-5.0,5.0,-0.056768723353812965,4.474603310070614,5977.362214229322,10.0,925
E_n3,strength,price_velocity,1,0,0.0,-5.0,-5.0,5.0,0.10810810810810811,4.9961270610277975,7325.0,10.0,925
E_n3,strength,price_velocity^2,2,0,0.0,-5.0,-5.0,5.0,0.04858911087900419,4.950789905825894,8862.407887236592,10.0,925
E_n3,strength,price_velocity^3,3,0,0.0,-5.0,-5.0,5.0,-0.051178205108902704,4.457773190911473,5879.666284702258,10.0,925
E_n3,strength,price_velocity_x_acceleration,1,1,0.0,-5.0,-5.0,5.0,0.3337809358464961,4.954646631859793,3890.4235037863605,10.0,925
E_n3,strength,price_velocity_x_acceleration^2,2,1,0.0,4.9977257596135995,-5.0,5.0,0.11693971503763928,4.151092133961171,3582.7171213200586,10.0,925
E_n3,strength,price_velocity_x_acceleration^3,3,1,0.0,4.99204504211112,-5.0,5.0,1.3880245064803938,4.421708048721128,1478.0919426114444,10.0,925
E_n3,strength,relative_volume,1,0,5.0,-5.0,-5.0,5.0,-0.005405405405405406,4.999997078158386,9235.0,10.0,925
E_n3,strength,relative_volume^2,2,0,5.0,-5.0,-5.0,5.0,-0.005405405405405406,4.999997078158386,9235.0,10.0,925
E_n3,strength,relative_volume^3,3,0,5.0,-5.0,-5.0,5.0,-0.005405405405405406,4.999997078158386,9235.0,10.0,925
E_n3,strength,relative_volume_x_price_velocity,1,1,0.0,-5.0,-5.0,5.0,0.10810810810810811,4.9961270610277975,7325.0,10.0,925
E_n3,strength,relative_volume_x_price_velocity^2,2,1,0.0,-5.0,-5.0,5.0,0.04599025770857501,4.9451175471126785,8842.435919053318,10.0,925
E_n3,strength,relative_volume_x_price_velocity^3,3,1,0.0,-3.726404606437651,-5.0,5.0,0.20569942722996226,4.538302387501104,5851.655480789543,10.0,925
E_n3,strength,spread,1,0,0.00024000000000012276,-5.0,-5.0,5.0,-0.010810551351351361,4.9972848733101785,9225.00048,10.0,925
E_n3,strength,spread^2,2,0,4.800000000004911e-06,-5.0,-5.0,5.0,-0.010810805621621622,4.997284872753885,9225.0000096,10.0,925
E_n3,strength,spread^3,3,0,9.600000000014734e-08,-5.0,-5.0,5.0,-0.010810810707027019,4.997284872742881,9225.000000192,10.0,925
E_n3,strength,spread_change,1,0,0.0,-4.986966917822487,-5.0,5.0,-0.5672990444605847,4.7402012221176255,55.02637427500906,9.994078464790922,925
E_n3,strength,spread_change^2,2,0,0.0,-4.986966917822487,-5.0,5.0,-2.726237371993737,3.919051622976662,15.09919846662641,9.993329403584227,925
E_n3,strength,spread_change^3,3,0,0.0,-4.986966917822487,-5.0,5.0,-0.5672990444605847,4.7402012221176255,55.02637427500906,9.994078464790922,925
E_n3,strength,volume_density,1,0,5.0,-5.0,-5.0,5.0,-0.005405405405405406,4.999997078158386,9235.0,10.0,925
E_n3,strength,volume_density^2,2,0,5.0,-5.0,-5.0,5.0,-0.005405405405405406,4.999997078158386,9235.0,10.0,925
E_n3,strength,volume_density^3,3,0,5.0,-5.0,-5.0,5.0,-0.005405405405405406,4.999997078158386,9235.0,10.0,925
E_n3,strength,volume_density_x_price_displacement,1,1,0.0,-5.0,-5.0,5.0,0.10810810810810811,4.9961270610277975,7325.0,10.0,925
E_n3,strength,volume_density_x_price_displacement^2,2,1,0.0,-5.0,-5.0,5.0,-0.010810810810810811,4.997284872742656,9225.0,10.0,925
E_n3,strength,volume_density_x_price_displacement^3,3,1,0.0,-5.0,-5.0,5.0,0.10810810810810811,4.9961270610277975,7325.0,10.0,925
E_n3,strength,volume_log,1,0,0.08307580922673022,-5.0,-5.0,5.0,-0.010720999125160295,4.997285812751677,9225.166151618454,10.0,925
E_n3,strength,volume_log^2,2,0,0.5751325065563394,-5.0,-5.0,5.0,-0.010189045938858008,4.997321958159703,9226.150265013113,10.0,925
E_n3,strength,volume_log^3,3,0,3.981633199563801,-5.0,-5.0,5.0,-0.006506342486958051,4.999006846811188,9232.963266399127,10.0,925
E_n3,strength,volume_log_x_price_displacement,1,1,0.0,-5.0,-5.0,5.0,0.10810810810810811,4.9961270610277975,7325.0,10.0,925
E_n3,strength,volume_log_x_price_displacement^2,2,1,0.0,-5.0,-5.0,5.0,0.010343511074829767,4.917956333429189,8716.032363720979,10.0,925
E_n3,strength,volume_log_x_price_displacement^3,3,1,0.0,-4.972754948741174,-5.0,5.0,0.29059800374798317,4.545883228160401,5483.800889541092,10.0,925
E_n3,strength,volume_movement_abs,1,0,0.0,-5.0,-5.0,5.0,-0.010810810810810811,4.997284872742656,9225.0,10.0,925
E_n3,strength,volume_movement_abs^2,2,0,0.0,-5.0,-5.0,5.0,0.010343511074829767,4.917956333429189,8716.032363720979,10.0,925
E_n3,strength,volume_movement_abs^3,3,0,0.0,-4.972754948741174,-5.0,5.0,0.20441907584083377,4.422314062491966,6115.729327363634,10.0,925
E_n3,strength,volume_movement_signed,1,0,0.0,-5.0,-5.0,5.0,0.10810810810810811,4.9961270610277975,7325.0,10.0,925
E_n3,strength,volume_movement_signed^2,2,0,0.0,-5.0,-5.0,5.0,0.010343511074829767,4.917956333429189,8716.032363720979,10.0,925
E_n3,strength,volume_movement_signed^3,3,0,0.0,-4.972754948741174,-5.0,5.0,0.29059800374798317,4.545883228160401,5483.800889541092,10.0,925
E_n3,uncertainty,bias,0,0,0.020999999999999998,-5.0,-5.0,5.0,-0.010788108108108107,4.99728496950626,9225.042,10.0,925
E_n3,uncertainty,directional_volume,1,0,0.0,-5.0,-5.0,5.0,0.10810810810810811,4.9961270610277975,7325.0,10.0,925
E_n3,uncertainty,directional_volume^2,2,0,0.0,-5.0,-5.0,5.0,-0.010810810810810811,4.997284872742656,9225.0,10.0,925
E_n3,uncertainty,directional_volume^3,3,0,0.0,-5.0,-5.0,5.0,0.10810810810810811,4.9961270610277975,7325.0,10.0,925
E_n3,uncertainty,price_acceleration,1,0,0.0,-5.0,-5.0,5.0,0.14054054054054055,4.995319942650075,3025.0,10.0,925
E_n3,uncertainty,price_acceleration^2,2,0,0.0,-5.0,-5.0,5.0,0.08781372794487652,4.951340934703926,8722.512768763283,10.0,925
E_n3,uncertainty,price_acceleration^3,3,0,0.0,1.5878959098566647,-5.0,5.0,0.10080186617843333,4.576179775578327,1907.6768009398147,10.0,925
E_n3,uncertainty,price_displacement,1,0,0.0,-5.0,-5.0,5.0,0.10810810810810811,4.9961270610277975,7325.0,10.0,925
E_n3,uncertainty,price_displacement^2,2,0,0.0,-5.0,-5.0,5.0,0.054474454978853205,4.950399838505638,8873.295773810627,10.0,925
E_n3,uncertainty,price_displacement^3,3,0,0.0,-5.0,-5.0,5.0,-0.05676872335195987,4.474603310070588,5977.362214229314,10.0,925
E_n3,uncertainty,price_velocity,1,0,0.0,-5.0,-5.0,5.0,0.10810810810810811,4.9961270610277975,7325.0,10.0,925
E_n3,uncertainty,price_velocity^2,2,0,0.0,-5.0,-5.0,5.0,0.04858911088603212,4.9507899058277935,8862.407887238907,10.0,925
E_n3,uncertainty,price_velocity^3,3,0,0.0,-5.0,-5.0,5.0,-0.0511782051070069,4.457773190911429,5879.666284702258,10.0,925
E_n3,uncertainty,price_velocity_x_acceleration,1,1,0.0,-5.0,-5.0,5.0,0.3337809358512267,4.954646631859182,3890.423503781202,10.0,925
E_n3,uncertainty,price_velocity_x_acceleration^2,2,1,0.0,4.9977257596136,-5.0,5.0,0.11693971503767683,4.151092133961169,3582.717121320059,10.0,925
E_n3,uncertainty,price_velocity_x_acceleration^3,3,1,0.0,4.99204504211112,-5.0,5.0,1.3880245064803556,4.421708048721127,1478.091942611443,10.0,925
E_n3,uncertainty,relative_volume,1,0,5.0,-5.0,-5.0,5.0,-0.005405405405405406,4.999997078158386,9235.0,10.0,925
E_n3,uncertainty,relative_volume^2,2,0,5.0,-5.0,-5.0,5.0,-0.005405405405405406,4.999997078158386,9235.0,10.0,925
E_n3,uncertainty,relative_volume^3,3,0,5.0,-5.0,-5.0,5.0,-0.005405405405405406,4.999997078158386,9235.0,10.0,925
E_n3,uncertainty,relative_volume_x_price_velocity,1,1,0.0,-5.0,-5.0,5.0,0.10810810810810811,4.9961270610277975,7325.0,10.0,925
E_n3,uncertainty,relative_volume_x_price_velocity^2,2,1,0.0,-5.0,-5.0,5.0,0.04599025771624089,4.945117547114966,8842.435919056798,10.0,925
E_n3,uncertainty,relative_volume_x_price_velocity^3,3,1,0.0,-3.726404606426276,-5.0,5.0,0.20569942723243642,4.538302387501032,5851.655480789571,10.0,925
E_n3,uncertainty,spread,1,0,0.0004200000000002148,-5.0,-5.0,5.0,-0.010810356756756767,4.997284873743989,9225.00084,10.0,925
E_n3,uncertainty,spread^2,2,0,8.400000000008593e-06,-5.0,-5.0,5.0,-0.010810801729729732,4.997284872762309,9225.0000168,10.0,925
E_n3,uncertainty,spread^3,3,0,1.6800000000025784e-07,-5.0,-5.0,5.0,-0.01081081062918919,4.997284872743049,9225.000000336,10.0,925
E_n3,uncertainty,spread_change,1,0,0.0,-4.986966917822487,-5.0,5.0,-0.5672990444605847,4.7402012221176255,55.02637427500906,9.994078464790922,925
E_n3,uncertainty,spread_change^2,2,0,0.0,-4.986966917822487,-5.0,5.0,-2.726237371993737,3.919051622976662,15.09919846662641,9.993329403584227,925
E_n3,uncertainty,spread_change^3,3,0,0.0,-4.986966917822487,-5.0,5.0,-0.5672990444605847,4.7402012221176255,55.02637427500906,9.994078464790922,925
E_n3,uncertainty,volume_density,1,0,5.0,-5.0,-5.0,5.0,-0.005405405405405406,4.999997078158386,9235.0,10.0,925
E_n3,uncertainty,volume_density^2,2,0,5.0,-5.0,-5.0,5.0,-0.005405405405405406,4.999997078158386,9235.0,10.0,925
E_n3,uncertainty,volume_density^3,3,0,5.0,-5.0,-5.0,5.0,-0.005405405405405406,4.999997078158386,9235.0,10.0,925
E_n3,uncertainty,volume_density_x_price_displacement,1,1,0.0,-5.0,-5.0,5.0,0.10810810810810811,4.9961270610277975,7325.0,10.0,925
E_n3,uncertainty,volume_density_x_price_displacement^2,2,1,0.0,-5.0,-5.0,5.0,-0.010810810810810811,4.997284872742656,9225.0,10.0,925
E_n3,uncertainty,volume_density_x_price_displacement^3,3,1,0.0,-5.0,-5.0,5.0,0.10810810810810811,4.9961270610277975,7325.0,10.0,925
E_n3,uncertainty,volume_log,1,0,0.14538266614677786,-5.0,-5.0,5.0,-0.010653640360922392,4.99728749651039,9225.290765332293,10.0,925
E_n3,uncertainty,volume_log^2,2,0,1.0064818864735938,-5.0,-5.0,5.0,-0.009722722284893412,4.997396680576454,9227.012963772948,10.0,925
E_n3,uncertainty,volume_log^3,3,0,5.0,-5.0,-5.0,5.0,-0.005405405405405406,4.999997078158386,9235.0,10.0,925
E_n3,uncertainty,volume_log_x_price_displacement,1,1,0.0,-5.0,-5.0,5.0,0.10810810810810811,4.9961270610277975,7325.0,10.0,925
E_n3,uncertainty,volume_log_x_price_displacement^2,2,1,0.0,-5.0,-5.0,5.0,0.010343511091602394,4.917956333428479,8716.032363722752,10.0,925
E_n3,uncertainty,volume_log_x_price_displacement^3,3,1,0.0,-4.972754948723383,-5.0,5.0,0.2905980037486779,4.545883228160393,5483.800889541023,10.0,925
E_n3,uncertainty,volume_movement_abs,1,0,0.0,-5.0,-5.0,5.0,-0.010810810810810811,4.997284872742656,9225.0,10.0,925
E_n3,uncertainty,volume_movement_abs^2,2,0,0.0,-5.0,-5.0,5.0,0.010343511091602394,4.917956333428479,8716.032363722752,10.0,925
E_n3,uncertainty,volume_movement_abs^3,3,0,0.0,-4.972754948723383,-5.0,5.0,0.20441907584274077,4.422314062492166,6115.7293273635105,10.0,925
E_n3,uncertainty,volume_movement_signed,1,0,0.0,-5.0,-5.0,5.0,0.10810810810810811,4.9961270610277975,7325.0,10.0,925
E_n3,uncertainty,volume_movement_signed^2,2,0,0.0,-5.0,-5.0,5.0,0.010343511091602394,4.917956333428479,8716.032363722752,10.0,925
E_n3,uncertainty,volume_movement_signed^3,3,0,0.0,-4.972754948723383,-5.0,5.0,0.2905980037486779,4.545883228160393,5483.800889541023,10.0,925
